SA_TMI_mean,SA_TMI_dissimilarity,SA_TMI_VRTP_1VD_mean,SA_TMI_VRTP_1VD_dissimilarity,SA_TMI_VRTP_1VD_correlation,SA_TMI_VRTP_AS_dissimilarity,SA_TMI_VRTP_BigE_dissimilarity,SA_TMI_VRTP_BigT_mean,SA_TMI_VRTP_BigT_dissimilarity,SA_TMI_VRTP_CAUCHY_3rd_mean,SA_TMI_VRTP_CAUCHY_3rd_std,SA_TMI_VRTP_CAUCHY_3rd_dissimilarity,SA_TMI_VRTP_dissimilarity,SA_TMI_VRTP_PseudoGrav_std,SA_TMI_VRTP_PseudoGrav_dissimilarity,SA_TMI_VRTP_Tilt_std,SA_TMI_VRTP_Tilt_dissimilarity,SA_GRAV_1VD_ONSHORE_mean,SA_GRAV_1VD_ONSHORE_dissimilarity,SA_GRAV_ONSHORE_std,SA_RAD_DOSE_mean,SA_RAD_DOSE_dissimilarity,SA_RAD_K_std,SA_RAD_K_dissimilarity,SA_RAD_U_dissimilarity,AlOH_Group_Composition_std,AlOH_Group_Composition_dissimilarity,AlOH_Group_Composition_correlation,AlOH_Group_Content_mean,AlOH_Group_Content_std,AlOH_Group_Content_dissimilarity,AlOH_Group_Content_correlation,FeOH_Group_Content_mean,Ferric_Oxide_Composition_dissimilarity,Ferric_Oxide_Composition_correlation,Ferric_Oxide_Content_std,Ferric_Oxide_Content_dissimilarity,Ferric_Oxide_Content_correlation,Ferrous_Iron_Index_std,Ferrous_Iron_Index_dissimilarity,Green_Vegetation_correlation,Gypsum_Index_mean,Kaolin_Group_Index_mean,Opaque_Index_correlation,Quartz_Index_dissimilarity,Silica_Index_dissimilarity,DEM_9s_dx,DEM_9s_dy,label
0.06674619495827011,0.2126776555342391,0.4245022162879635,0.305712815234174,0.4886734155193362,0.48453608247422686,0.6122954883490332,0.21211400455238238,0.0891405342624855,0.4122897465173658,0.47320708994519045,0.43597240088878486,0.09488510007412901,0.6722863507331261,0.07639646790356186,0.7006263639995445,0.43524027459954245,0.606096941866268,0.17546094858049477,0.28189469023699876,0.7943831108969713,0.11366666666666667,0.37325554960666757,0.1380121703853955,0.19938039389245416,0.44589546989361484,0.1934972244250594,0.6292490134768445,0.15166341243452622,0.23777131096394044,0.44387493593029215,0.3236965648838587,0.0011547344469819711,0.24344569288389514,0.5939614858940652,0.45060186385685913,0.25854922279792736,0.5020187315533576,0.6739837331589325,0.26357747882411564,0.5305295650822952,0.009540089046391573,0.0002862686459669014,0.9530423980988001,0.2964984083674398,0.151238411512384,0.48443724492863877,0.5667176583959124,1.0
0.6525698678464688,0.2736515145582919,0.6570129151393407,0.519300051466804,0.4054225783325826,0.54553264604811,0.4476945959345563,0.4703508324479183,0.3002322880371661,0.34484103823959367,0.5723137730323075,0.4167933575020466,0.5244625648628615,0.04430739933739117,0.5011409862089494,0.7545433140674369,0.31762013729977107,0.8082085117234666,0.11661338012933006,0.08998502212787834,0.3346279135110809,0.46300000000000013,0.1424647331967438,0.2655578093306289,0.48450984731135227,0.15706671647205264,0.3263283108643931,0.328814592592203,0.3757688091154995,0.33350332463669285,0.2778062532034854,0.6084209889235506,0.17205543179911814,0.18913857677902632,0.6651830107724934,0.17007378501956333,0.35699481865284965,0.4936912150654896,0.21475641487534353,0.42750373692077726,0.3630117010236285,0.0038160357395943577,0.0,0.47770464985078376,0.2628467485220555,0.3428808634288086,0.4559365762092149,0.5237608012553264,1.0
0.45021180913542386,0.2272946765331558,0.3891024260830414,0.5599588265568709,0.4178762472673209,0.456615120274914,0.28061477441745175,0.2101004313996379,0.31823461091753774,0.3568256183617853,0.4887398140936491,0.5126885744357386,0.47368421052631593,0.02942111719809512,0.2508185335846811,0.8283131635844867,0.5052631578947371,0.29493909737395535,0.26402076973004157,0.11455006016406219,0.39897497829692663,0.5770000000000001,0.31818041325367274,0.33707910750507103,0.6099800840894005,0.36427439332230627,0.312747819191118,0.5705278801451681,0.23651103861416467,0.3824294304191198,0.4185674013326499,0.40222102706524465,0.10103926419104202,0.12226903870162296,0.5892260466179962,0.5140946580513484,0.19514248704663212,0.8721884875945113,0.24190368350664204,0.400909317389138,0.3628449868309648,0.034139889538451575,0.008087088920836526,0.3843788237913614,0.43974533879035926,0.37193856371938555,0.45004387969593823,0.5379353328694108,1.0
0.4189651946046126,0.6072589170353548,0.44758841412658945,0.48546062789500766,0.3449280923848421,0.2570160366552119,0.25268550652784666,0.22422946599965443,0.2282229965156794,0.6337499065446117,0.5777432104005593,0.5992281604490703,0.5538052878675562,0.02571942883937122,0.31907927373747397,0.7180998394111919,0.6468344774980932,0.2242053644833339,0.2570975263828457,0.06674226629364041,0.38321793208390975,0.24188888888888885,0.23366368812963995,0.22271805273833672,0.35323080327506096,0.3470444875200567,0.2606397039386728,0.4707814310521166,0.273588210732185,0.31512289426221174,0.32051939176490696,0.364149212735007,0.06581986203582038,0.16625052018310446,0.5572414618056505,0.4814279498835901,0.4407599309153712,0.36356749507277136,0.23811891692914272,0.5738249460222555,0.3266037177039248,0.016695156285076736,0.009876268504343724,0.26173954268297683,0.20190995907230555,0.28407361284073596,0.468606159808233,0.3876117696595397,1.0
0.671501991762585,0.3033162366391292,0.5447172039230539,0.5512094698919198,0.40181898457461146,0.3319372852233677,0.5439390183440753,0.3927401727727614,0.3663980836236933,0.1901715626734396,0.560579482212542,0.4785405215764238,0.380513343217198,0.05121862177987294,0.14489284651255088,0.8796793147108444,0.39147597254004574,0.8995348642450227,0.6736820596648958,0.02308013634577734,0.23742247433194277,0.596,0.16025030004535146,0.39407707910750517,0.6883159991148486,0.05389817433452568,0.37747819191118137,0.48409705882872767,0.680982705938749,0.504519720352513,0.6740133264992311,0.24976038531174832,0.0011547344469819711,0.30181023720349565,0.4542084562088509,0.1645842173706139,0.349740932642487,0.4995150179825123,0.25674078376379184,0.34180368709516695,0.5617873869075397,0.006746206028833085,0.0,0.39015311325150687,0.4879490677580718,0.6720630967206308,0.41546918976188346,0.41968252774242976,1.0
0.8243830684836884,0.4654477115226499,0.597619820304786,0.556699262309144,0.3653327265221999,0.3245990836197023,0.31581556767476443,0.45704921220506045,0.25106465350367785,0.5178780249950825,0.5065191445897881,0.3700152029002455,0.6985421299728194,0.044127537350246535,0.2998313324734597,0.8503046790234488,0.49900839054157115,0.33480518779215424,0.10747854515733554,0.07759366579586227,0.5125829216140863,0.7265555555555556,0.16907425349286181,0.6722109533468562,0.7581323301615402,0.36150787958119757,0.3283108643933385,0.481683186555986,0.25800253693849107,0.5044248392767763,0.5788484537843841,0.24511295334827587,0.16050808380403805,0.12317935913441531,0.5357035828434067,0.36481081197044246,0.37374784110535386,0.5158100681994628,0.3424088678690901,0.6336156784587277,0.3800963109956689,0.012197684792269823,0.002218582016174651,0.5180476371727256,0.25041685614673337,0.34689359346893583,0.37350035471329696,0.43974862009093374,1.0
0.09067861299205865,0.23930151521083742,0.4218337431005098,0.29662034654314634,0.6973778188281232,0.429410080183276,0.20509006775739558,0.27132741606412547,0.2069299264421215,0.7092996399755025,0.6401990117189064,0.41398666822593844,0.3024462564862862,0.02008261582775102,0.2976485762476437,0.7224822076394875,0.2173913043478261,0.6240341848923778,0.3640231736339816,0.051899774810510356,0.43823349333684947,0.09277777777777779,0.17815937662722692,0.25409060175794457,0.1473777384377075,0.10899332835631628,0.1519957705524715,0.4292639716314593,0.2760343768632417,0.1882150390778965,0.46711088330770545,0.3462585783231812,0.0017321015903534027,0.13524760715771952,0.8152925279882497,0.42268542139751625,0.15233160621761654,0.8676562029166077,0.43431965399103495,0.19282511210762332,0.3422844770372901,0.0016354437803281815,0.0015744774932309688,0.4522915202669091,0.1285432772472335,0.10225543102255424,0.41193711189086196,0.45092548820359935,1.0
0.4298521615299414,0.417837985983321,0.44622595601511866,0.4590838908903758,0.5067426961513225,0.33290378006872845,0.799206742687159,0.2161498794846884,0.4378629500580721,0.40886916131388207,0.6024607782481721,0.33680271313296684,0.482209043736101,0.024716143314608446,0.3067764659192381,0.7908485801250962,0.43935926773455375,0.13555178925561118,0.2325777061948605,0.09131115392668426,0.4604343939382406,0.33300000000000013,0.2873591263583741,0.2574442190669372,0.3992033635760125,0.37503290135863077,0.4714512291831878,0.3086275954152204,0.14303187468440717,0.22081846562389285,0.4807790876473603,0.48984118878878197,0.2621247215480158,0.08739076154806491,0.5542803847167803,0.4385936896151043,0.41398963730569954,0.4255592518012586,0.1865082210533983,0.4464374688589935,0.3760217868069399,0.0320955865151344,0.015386939333405522,0.2768436824249696,0.3024101864483856,0.29970942299709424,0.2532314044074629,0.5568401212615226,0.0
0.7099912647194577,0.25919110449864924,0.5567993868266334,0.471650368845428,0.4996704796712253,0.6185924971363115,0.25661047760700706,0.538224762002495,0.2479190863337204,0.4652642748910968,0.49869124659360187,0.23923127899271043,0.3698109710896961,0.07321792389119544,0.2974253398154579,0.8399479599057891,0.31578947368421056,0.9913188044766341,0.5297242722180824,0.0021651219129951403,0.32828308534548495,0.3883333333333333,0.1415793012353695,0.4087897227856659,0.45939367116618735,0.1557831188923249,0.10943695479777944,0.5871225852440464,0.4799762331345651,0.351188862728263,0.4394327695199044,0.41479129034844,0.0392609708769088,0.3160632542655015,0.34793819878334964,0.13706618878987065,0.22141623488773743,0.5930531827380998,0.3711947090990058,0.48712838398937053,0.2879852722415768,0.003066457258324646,0.0,0.18252982187078357,0.23222676974382286,0.38487615884876153,0.4564491943677726,0.4983082234740061,0.0
0.06765479364386066,0.39278023569946363,0.40852792721213144,0.32887287699433876,0.6409713972680502,0.3732817869415807,0.29945463559742186,0.2742272527830555,0.10772357723577235,0.650176370569755,0.535176635829088,0.5622734183136474,0.4855448480355821,0.509013395969305,0.2770116082944737,0.5324880403993788,0.15469107551487415,0.6583458820652732,0.16651842592370014,0.12772810405072046,0.033357373408685616,0.16900000000000004,0.10903043769714542,0.3106693711967547,0.33613631334366034,0.3744232071813005,0.26962727993655816,0.3321802396277044,0.2125034973180045,0.249148824623871,0.39723218862122,0.5129330160157398,0.1911085539399397,0.12765293383270915,0.8710205122424626,0.0063155238006096515,0.2772020725388601,0.8016567537848203,0.4328113545512251,0.49227703039362225,0.9999999999999999,0.0,0.014241864908436555,0.6199829229406397,0.2796725784447476,0.3150684931506849,0.5500097412239617,0.4809442559654826,0.0
0.09730590575965495,0.1381308484397635,0.6352257933060321,0.49671899125064334,0.4387382820892312,0.26503436426116833,0.37735498264749623,0.4400326374187832,0.29932491289198604,0.2728014652504045,0.7049574673517411,0.5947842357618991,0.37986471460341,0.011269668724104221,0.39439676555213815,1.0000000000000002,0.39908466819221966,0.8033429687458885,0.31702685160700983,0.044088805802045314,0.29739115406160016,0.14233333333333334,0.16202395269765196,0.3259229208924949,0.23489710112856835,0.4918145739469648,0.3271213322759713,0.5846188829912438,0.3712259007825928,0.7608605590100456,0.274218349564326,0.8856636034451413,0.22344112422404275,0.2278401997503122,0.4181599566725942,0.393350994756345,0.42849740932642494,0.5631695940257019,0.3381544443571358,0.23467862481315394,0.4689446536504845,0.03502575498880721,0.008659626768915558,0.3932621437195736,0.12625056844020008,0.2213055209630551,0.34719484763740965,0.315115512621836,0.0
0.21874175972680665,0.3013194471633844,0.40384113480091305,0.41019042717447257,0.7367936343691555,0.5454252577319587,0.263262270699058,0.28761879274840335,0.40145905923344943,0.2771248120567126,0.6470074218729461,0.35656648345222774,0.37064492216456646,0.20375529175474924,0.28240648873896224,0.9172666980603443,0.29656750572082385,0.8408880854039402,0.38492511839226906,0.028888301810935026,0.15989405802891968,0.22170833333333337,0.27373566606566624,0.1474239350912779,0.14693516264660328,0.36212039098229676,0.26799167327517825,0.4553876446864088,0.5051369806554766,0.4549575599512582,0.34501537672988214,0.4191903841673368,0.0046189377879278844,0.19709737827715357,0.7073872355552715,0.3982975690140656,0.31981865284974087,0.6237824249320963,0.45550342111240066,0.14237668161434974,0.4066230787309812,0.004906331492281705,0.0,1.0,0.27228285584356515,0.2111353258613532,0.45412156984378227,0.4527565459945362,0.0
0.1592573415596122,0.33921929446771854,0.42375827445147063,0.5151827071538858,0.20471907683499863,0.20317869415807566,0.09519087754090236,0.27868199561490564,0.19570267131242744,0.6348883945983754,0.2592271636276666,0.3817097415506959,0.30105633802816906,0.025866355261089068,0.2808810397856931,0.813718673813802,0.48718535469107543,0.6371069201960998,0.4313324839539413,0.05833047676911119,0.2775371908287398,0.28933333333333344,0.13723797232693058,0.46450304259634906,0.19087464040716978,0.0,0.1074544012688342,0.8371084974741395,0.4014886905385924,0.15206658391086686,0.3264992311635059,0.6409046059883952,0.0,0.2506242197253433,0.406242414647337,0.1502687716990389,0.472020725388601,0.5388576280074281,0.29964922388363296,0.31689088191330356,0.32992875280604106,0.017172159920391648,0.0007872387466154844,1.0,0.24101864483856297,0.228310502283105,0.413047420466721,0.4494588157862416,0.0
0.09929925855699767,0.40906777338397093,0.4178814765537596,0.30571281523417393,0.5258446169295635,0.2323883161512028,0.4695091720376797,0.278661012930489,0.17886178861788615,0.646469456003303,0.12240474387593292,0.1398666822593849,0.4603409933283915,0.02052536675457687,0.2195654330786785,0.43057808400602365,0.31624713958810075,0.6139200263618114,0.09151662299574512,0.051138796894774886,0.1836027152946592,0.21937500000000001,0.08537447119813289,0.18884381338742395,0.16884266430626252,0.18170404263746096,0.08688540840602689,0.49673461288528387,0.20313811370110058,0.1792039487243291,0.42619169656586364,0.5492317229146063,0.020785219725197264,0.16814918851435706,0.45171834527508525,0.20519751193363206,0.2740284974093264,0.47495472659148924,0.4655511840646754,0.361671649227703,0.36293597258935584,0.011311820552291475,0.12123476840887233,0.3853397384684836,0.1750795816280127,0.12660855126608553,0.4213027941175092,0.46312251589657893,0.0
0.23151418854882572,0.2800203594221057,0.4527196533610667,0.5404014410705097,0.14980102800623818,0.5369415807560137,0.43678730788299447,0.20701340704867516,0.5066782810685251,0.32409594275199755,0.774954342011809,0.7161735469535729,0.2820607857672351,0.013759455992356128,0.6017462049806529,0.6853074770194147,0.37940503432494266,0.689980751198363,0.19046130916608575,0.08401892163767835,0.31291987988611725,0.16633333333333336,0.10771851602962522,0.346369168356998,0.3560522239433505,0.451464182210239,0.25574940523394113,0.44287573969028277,0.1796197897410231,0.23823954289925786,0.4541260891850334,0.4465079591640956,0.3983833622560222,0.24001248439450687,0.5877502929482785,0.18947841253633058,0.3435233160621761,0.5205258242744175,0.32047886757700333,0.4090682610861983,0.4152040123034909,0.003339031196496483,0.0001431343229834507,0.4080581288898268,0.29740791268758526,0.22125363221253624,0.37121374171612703,0.5560634377860798,0.0
0.3796317910345083,0.17916291452957991,0.4611586214942473,0.3628409675759137,0.38076292924317034,0.218213058419244,0.15319781854238967,0.2563932028059222,0.101335656213705,0.5022188586447924,0.43365885863908915,0.2572798503099053,0.36730911786508535,0.44885288535769663,0.09246949102093464,0.7626627638788306,0.5505720823798625,0.9025346615146612,0.15815284021250514,0.0903271591818138,0.1115728164061228,0.092,0.4763358351525361,0.1123732251521298,0.08951095375082982,0.5336651842943859,0.12886597938144323,0.6509606777999041,0.6916061309042305,0.8690272647751868,0.2419272168118913,0.9005674476554286,0.0,0.09207240948813983,0.5649713610027879,0.49194619867397543,0.20984455958549225,0.9337699182670454,0.47611982096297584,0.47085201793722,0.3303503601895834,0.0006814349210781724,0.0,1.0,0.18735788994997718,0.24740556247405565,0.34605593064147544,0.5587234815615153,0.0
0.48659478123218086,0.4837189877712959,0.3435527289710064,0.5836335563561506,0.23081115009557118,0.46563573883161513,0.4377788795240456,0.35528391486048555,0.3292682926829268,0.46209894027165943,0.6414745587728047,0.5019295988773242,0.602668643439585,0.050743689980365096,0.26808215100704447,0.6808035303230229,0.6846681922196798,0.9190690271711313,0.3297915815284021,0.012515432617559327,0.1891391669420995,0.47333333333333344,0.13766890334310367,0.27561866125760653,0.26443903518477546,0.09408528447697614,0.21173671689135592,0.44658048032620506,0.7838272733480711,0.42026936158047745,0.2516658124038955,0.7527216412383018,0.0,0.29244694132334587,0.2886176379080395,0.18923256786711917,0.3129533678756477,0.6085775591990105,0.28293625137263356,0.35974090682610865,0.470391040162892,0.009063084805888019,0.0,1.0,0.35470668485675305,0.3179742631797426,0.4194634144017134,0.45949299412921035,0.0
0.3578527283905385,0.2641243490857837,0.3938659473689106,0.25488934637159033,0.8064839404139817,0.29553264604811,0.5052057511155181,0.17561774692723797,0.5226480836236934,0.2503512731029428,0.34917308780451994,0.1375277745292948,0.2767327650111194,0.09813230520874172,0.23534080761980367,0.7288208241554432,0.30417620137299767,0.5778046585709523,0.22060626457366767,0.4219118493544676,0.10908598910575504,0.23366666666666677,0.23883723590815065,0.4103042596348884,0.12233071475990268,0.42120776237647184,0.2890563045202219,0.21973382755561932,0.42259574706267994,0.4604614696404301,0.22091235263967204,0.4697058448311522,0.0046189377879278844,0.2200374531835206,0.5412470201123003,0.5669211730737971,0.3155440414507771,0.5729958395724624,0.38477089114388136,0.27603388141504737,0.43905519967289075,0.0021124483234260566,7.156716149172535e-05,1.0,0.2310140973169623,0.44997924449979243,0.30251192456754,0.30118601201314366,0.0
0.10115298425428935,0.36584315414431695,0.4307590786047752,0.2331446217189913,0.48981604667760853,0.042525773195876276,0.16608824987605353,0.27054105386180227,0.09668989547038326,0.6214974677382682,0.5481399109851701,0.6890422172845282,0.2820607857672351,0.019629570117842297,0.2963587657505706,0.8515642469858125,0.28604118993135014,0.6191409642008157,0.6173946489098296,0.045726528221788396,0.4935223399538947,0.2773333333333333,0.15335823383064523,0.43432048681541585,0.18444346094268652,0.09407596416167383,0.19746233148294995,0.4977065508086113,0.2849105630067238,0.12798773289315096,0.35058944131214775,0.6034898314725172,0.0,0.20505617977528098,0.4091088768900663,0.21941403835958806,0.2689119170984456,0.451177523955688,0.430495567094661,0.3811659192825112,0.37672799963654535,0.007018779967004922,0.003721492516743696,0.4033182454039859,0.43474306502955884,0.6500622665006225,0.41184943118087697,0.4619830796476452,0.0
0.32085229542296456,0.2619578977591585,0.3034204096871829,0.6057642820380855,0.14172436318181997,0.3741408934707904,0.11601388200297474,0.4066420507001864,0.2767131242740999,0.5449037853401122,0.6490434385932573,0.14127002689743892,0.24054855448480367,0.0511417334250184,0.32731421768032554,0.28761448952264196,0.32402745995423343,0.9428096162835955,0.08257410033895046,0.036444942361326484,0.19107375324016815,0.15033333333333335,0.05798977704422255,0.14904665314401627,0.15257800398318214,0.1321264917977528,0.2910388580491671,0.5284784642894598,0.580933768315012,0.3191145477667806,0.5679138903126604,0.26212541098524955,0.013856812722827221,0.39575530586766544,0.3592673371076703,0.17089522784252242,0.3082901554404145,0.6374264729042501,0.222749155377873,0.4230194319880417,0.3358864711881052,0.007223210269336639,0.0,0.3234497560913795,0.3424283765347885,0.30801162308011615,0.45993917136795104,0.46620048515279683,0.0
0.1994462364499215,0.3013194471633844,0.42187770682229675,0.23057128152341744,0.6004987683922453,0.034364261168384896,0.12146752602875563,0.26971506241947757,0.20325203252032517,0.5712568761702046,0.44836059302086806,0.31762366974622835,0.24647887323943674,0.02718356286598251,0.2683797995832921,0.6834216953863697,0.5203661327231122,0.7473139657193484,0.5859515853746484,0.10183683974709606,0.13027463158250613,0.32866666666666683,0.0912563252969567,0.5320081135902638,0.5186988271741536,0.017841466390326743,0.2842981760507532,0.26268581439792227,0.2840019654500138,0.06418139666083195,0.29369554074833426,0.6038593421394267,0.0023094688939639422,0.24313358302122354,0.3946273835309948,0.16268022163486806,0.3088082901554404,0.34008532840733197,0.3209372620174536,0.5226706527154958,0.32143774153978727,0.004361183615938032,0.2776090271429177,0.4033182454039859,0.41336971350613916,0.2349522623495226,0.41695000582839215,0.45625355636024645,0.0
0.13047103326661413,0.3454837320386829,0.4146653436149223,0.3165208440555843,0.2904525434118082,0.3479381443298969,0.5275161130391671,0.27617575412906653,0.3008130081300813,0.6071803093940835,0.28784858541431946,0.7044790083031225,0.4814677538917718,0.02164422562526082,0.2270066474848696,0.5192071430262628,0.3299771167048055,0.7208423872689909,0.3029640135580183,0.13166626525566158,0.11610669209571092,0.3566666666666668,0.06131861120999768,0.17403651115618665,0.22128789555211334,0.08582135765746249,0.1197462331482949,0.5404857271535981,0.2910609564800759,0.02668760572021761,0.28549461814454136,0.2994255257704657,0.0,0.19475655430711616,0.6865867774935657,0.2484307810581357,0.360621761658031,0.5625507051168774,0.3087058217567356,0.26756352765321373,0.3756403933067127,0.8866150321654375,0.9534176925603343,1.0,0.2537517053206003,0.4009962640099626,0.41105754077958434,0.44661740121898896,0.0
0.41748569532268665,0.27375592185114134,0.3595661897621223,0.17241379310344834,0.5772873893385121,0.24183848797250856,0.13832424392662374,0.17787446861630457,0.3257839721254356,0.11871941480009679,0.5655796785366367,0.46544263828791965,0.16530763528539666,0.01805563797241104,0.29070344280186533,0.7719036670095418,0.3180778032036613,0.35416945535321415,0.20055770571407966,0.11883284294802879,0.2640482343901041,0.4233333333333334,0.21399289878939753,0.22758620689655168,0.4845098473113524,0.46835179532456117,0.3802537668517048,0.39949592443441223,0.36961841564214737,0.6059733288251367,0.6130189646335213,0.4806358522460016,0.4070438835076352,0.2596754057428214,0.2901296175874347,0.3724359745650213,0.4590673575129534,0.3772755589437433,0.3434307150435798,0.34379671150971597,0.2682195758203987,0.02398650897987621,0.012810521241630795,0.3820988842872546,0.27830832196452926,0.2698215026982149,0.35521979635304884,0.37075046394040934,0.0
0.06338267356660328,0.2894170157785521,0.25251623657379807,0.3571796191456511,0.48147518336914996,0.309278350515464,0.5374318294496779,0.15085809436544995,0.4285714285714286,0.42249142883931984,0.7920240788389574,0.6759443339960238,0.22498146775389183,0.0,0.6172239309455304,0.72740914217465,0.348741418764302,0.7296520053831089,0.23402004855885966,0.07961522844828556,0.38152070286334294,0.29100000000000004,0.08874749123436458,0.502474645030426,0.21365346315556547,0.35238340828459347,0.19746233148294984,0.391102442934979,0.3212887879530261,0.5439898679547951,0.41209636084059453,0.313046042749166,0.1726328053520539,0.22596754057428217,0.43157814629961344,0.3855074244512124,0.3093264248704663,0.5054413627635569,0.33608004604391845,0.2521175884404584,0.3641076546468012,0.005792196942637335,0.003220522296921135,0.5588605161126605,0.4624829467939974,0.2395184723951847,0.3588281659275469,0.3023086500492461,0.0
0.2681590299555053,0.12340942014799734,0.3322806943475156,0.5959855892949047,0.12655966241080446,0.2534364261168385,0.3009419930589985,0.25940016165055824,0.18379790940766552,0.20475039336020176,0.6879591419435396,0.47152379838615377,0.4785025945144553,0.020301296113512654,0.24456791348348061,0.7151711512898404,0.5697940503432495,0.6097016767528454,0.5017187913170991,0.0566035759583045,0.13422342634613613,0.17766666666666672,0.0856409188138804,0.2853549695740366,0.14096038946669623,0.22664803511378315,0.24147501982553515,0.3868283514343138,0.5220855507842355,0.4468856402858019,0.3926191696565863,0.5812460253018378,0.0,0.3411360799001249,0.14723840790918558,0.53500984823622,0.2585492227979274,0.5541267841600391,0.1572502954388635,0.3432984554060788,0.23823630069510035,0.015264142958377431,0.0,0.3764042416634075,0.2669395179627104,0.34869240348692404,0.3910890873257713,0.45729952373642524,0.0
0.2593123485841966,0.27657491875807527,0.4706837020739854,0.5450334534225425,0.19404873446585735,0.21667382588774342,0.38125929598413494,0.264041476225931,0.23081204026325977,0.43064779876670567,0.7117432502847016,0.49300276770748064,0.6389918458117123,0.021816820200788886,0.4719218176406391,0.7606988112369324,0.6320366132723112,0.7083948560488584,0.17534075338349486,0.0808385027977376,0.3237427747388932,0.29530555555555565,0.10355684327610011,0.5037728194726165,0.3348085859703475,0.3403810490005481,0.21755220724292867,0.44135156290257993,0.3729032627638154,0.4380881985607329,0.3502477362036561,0.6273091199277818,0.2944572918321189,0.1677070328755722,0.5528347084450894,0.28003275163694435,0.2953367875647668,0.60095034236438,0.3149685775733866,0.49078226208271036,0.42136962547860135,0.0017717309007112604,0.0001431343229834507,0.36614637589376375,0.39643019554342895,0.24660993496609934,0.45621190421215146,0.6244001610193519,0.0
0.31648306493937695,0.5218276496613288,0.49249703830040914,0.4549665465774576,0.17688724505833792,0.5519759450171822,0.6286564204263759,0.12616994858345032,0.6332752613240418,0.5266236987942692,0.4932570659058674,0.4322301485206408,0.7435137138621204,0.0807361343126721,0.7955154281178688,0.5333208623013921,0.4901601830663616,0.4507332329291769,0.4171975287867497,0.8650306967975431,0.27070207759785975,0.7813333333333334,0.6119954640177688,0.6807572684246113,0.8054879398096926,0.500558062682548,0.7073750991276763,0.13721726613997065,0.0576412530145064,0.23621911734956025,0.6442849820604819,0.20703557917956877,0.036496607832951125,0.7284644194756554,0.2026436632116818,0.7493192863358062,0.5062176165803108,0.10401469107833539,0.3616369849149964,0.5944195316392628,0.19817394981862438,0.010845657055922452,0.01502585044380974,0.4608462903227951,0.3838108231014098,0.837276878372769,0.6057593376963292,0.06501525150608306,0.0
0.5352906680574196,0.39330227216371066,0.5245407321892546,0.6680391147709729,0.3828854858026627,0.3346219931271478,0.34159643034209225,0.43538110758915505,0.34001161440185823,0.48971718619549165,0.6860059897955775,0.3311893345807507,0.541141586360267,0.03927917614549197,0.1508086119654728,0.8505631507125777,0.5881006864988558,0.3893203201492242,0.19853842640448094,0.06404160169109058,0.08184778979394258,0.1863333333333334,0.3393560836891748,0.1120486815415822,0.26261341004647054,0.4657643161539693,0.31720856463124497,0.4570951727442387,0.5422840494769348,0.5652161607450681,0.45002562788313694,0.34539908564035793,0.19976905468094686,0.2705992509363295,0.5371677952113102,0.5786308046464403,0.19015544041450777,0.8190867843559642,0.1233019456464112,0.3343298455406079,0.633359877114669,0.0022487352925119747,0.000858805898176045,0.7409325733461104,0.3651659845384265,0.3495226234952261,0.3182549761494221,0.47887111122044346,0.0
0.16308420931356202,0.11146783602834658,0.36658535239265655,0.5660705095213587,0.5053963070875263,0.4106529209621993,0.2652454139811602,0.36255114443049075,0.037746806039488955,0.47830821890545977,0.3547386940548136,0.22406736054262663,0.021497405485544855,0.42011263754814154,0.023415021331481295,0.5325352060802013,0.06630434782608693,0.7390065042466977,0.01968797326858819,0.2364610584742179,0.032365080408483564,0.03533333333333335,0.2920997806813973,0.0260446247464503,0.018062624474441256,0.6331968079305225,0.14829500396510698,0.837473682477438,0.1572896302887463,0.24339166129260503,0.4777037416709381,0.5171833135218298,0.049076213596135995,0.05617977528089886,0.9777241101004952,0.6704016855744257,0.19844559585492227,0.7693217610597127,0.45781535963897474,0.10712506228201298,0.3139688540638697,0.0,0.002218582016174651,0.35706903201082985,0.13642564802182808,0.0,0.43236083815684145,0.9053869151652743,0.0
0.3431027772645005,0.20891899299166047,0.43578617955031723,0.24103619831875112,0.37778756874549113,0.10065864833906074,0.16939348867955706,0.3189431372278657,0.15021293070073552,0.4796146863827588,0.447453656159295,0.2808248547928117,0.30294044971583906,0.04269490690795651,0.2615338823295963,0.8751773410807819,0.5380625476735315,0.8370505523944721,0.5249885814562851,0.0705912160434958,0.1393919159339265,0.16055555555555553,0.1461667406910826,0.2843813387423935,0.28081433945563183,0.15875120499410197,0.27967221781654755,0.4259198511890192,0.424098397079299,0.4924837852135584,0.5439945327182639,0.2720103300756047,0.058891456315363196,0.15418227215980027,0.4361837274878544,0.39797526124693455,0.20034542314335058,0.8960902385378131,0.3339183470004746,0.34861318717820955,0.3592251563744187,0.0,0.0,0.7210432797580358,0.29316355919357284,0.3039988930399889,0.384610228757702,0.41074998295561027,0.0
0.3687893787102987,0.19137856779296036,0.41670072751390036,0.2923314462171899,0.5141540467311821,0.07221864261168384,0.04895884977689635,0.324524021581859,0.17788182346109171,0.3902539285344228,0.4448014380730395,0.4335165477721904,0.3246849518161602,0.04331369045503673,0.22901577537454115,0.8043215226209237,0.5556064073226545,0.8643762626314629,0.5383903459217769,0.06203607981282259,0.10278311699623993,0.3188333333333334,0.15573962295271293,0.15261663286004054,0.07922106660765663,0.12299969629153926,0.14413164155432184,0.5839087713350901,0.4169345709254106,0.46074478320291534,0.4634161968221424,0.4757407505017527,0.03175519673116733,0.3273642322097378,0.30689790767864156,0.2779183718861134,0.6308290155440412,0.19180093846967466,0.3491334296777734,0.3215620328849028,0.3796002208363769,0.0,0.0,0.10572376022940777,0.20264893133242382,0.37858032378580314,0.40929896781713154,0.44220381095052264,0.0
0.1921657997334575,0.3789984730433421,0.4266918348419296,0.46817635958140347,0.3856625399030983,0.4474513172966781,0.4625681705503223,0.27127096669653494,0.25783972125435534,0.5632278137919806,0.4209319465777752,0.4794760846684597,0.270323696565357,0.026606078858053467,0.21787875781327515,0.6925133971203754,0.4035087719298246,0.7002619592036038,0.4603716435491239,0.10221699097959511,0.12483057263229105,0.3790000000000001,0.07191929524094368,0.24005409060175803,0.3668953308254041,0.01658655753931279,0.34073486650806223,0.2807191641930884,0.3055633207524564,0.04326717143272324,0.338971467623441,0.44497199374385676,0.0,0.22575946733250105,0.6085797691934416,0.17197138899790193,0.44870466321243513,0.2595494876444181,0.3145156503630357,0.44892874937717997,0.36460486004137516,0.0018398743852542196,0.37336589150301414,1.0,0.2194937092617856,0.2677459526774595,0.41327671054522036,0.4514035916145613,0.0
0.4121100036196674,0.3370267413178811,0.4105988767577632,0.6078229541945447,0.40465358081505953,0.3715635738831615,0.49033217649975225,0.4527409658884999,0.3957607433217189,0.377062758795469,0.541854201111302,0.5702257045959538,0.4636767976278726,0.1125926826253586,0.1406885603730529,0.9336439941927961,0.5427917620137299,0.703095629410272,0.2464241928892522,0.07374167887940444,0.08977947047872342,0.34500000000000014,0.14672737861730567,0.1840162271805274,0.2398760787784909,0.20872471663453604,0.29619349722442495,0.34251803165943917,0.6552627847903343,0.422180232254437,0.4797539723218862,0.2457465832120329,0.0005773672234909856,0.18196004993757808,0.3921210610437697,0.3991942509813982,0.35803108808290157,0.3818396803105306,0.15187257483069594,0.3741903338315896,0.2049380042108252,0.0,0.0,0.310883020178914,0.3219645293315143,0.3682025736820257,0.4158151442030303,0.5919444741050245,0.0
0.08785799872708508,0.2517259830599167,0.4255434986933497,0.40041173443129197,0.5464548429219303,0.25859106529209624,0.29152206246901347,0.26982770630424063,0.17566782810685252,0.6845110913839062,0.5994663365475958,0.2773944567886797,0.33654558932542633,0.01977554833585514,0.27165393392201614,0.7337709657088589,0.3739130434782608,0.6179609833292032,0.5819130267554509,0.04779443718634708,0.4272482161340062,0.1196666666666667,0.16641624305649594,0.2921703853955375,0.12901084310688213,0.07857905008402896,0.16415543219666923,0.5990838285497465,0.2600293625742422,0.12405814623842593,0.4018452075858534,0.1858286320888719,0.0,0.2905742821473159,0.4627990333340397,0.4164234710635792,0.5414507772020725,0.1724218754104962,0.3969198637057807,0.5077229696063776,0.32686623960746897,0.0012947263576133855,0.000930373129185924,0.39565692378152956,0.12414733969986361,0.18804483188044824,0.4149698467770942,0.4551673592113718,0.0
0.1603021415835198,0.30797541208253393,0.43037415369963294,0.281008749356665,0.39816753400752825,0.48797250859106545,0.42240951908775415,0.04669213793946651,0.47212543554006964,0.18352663332074765,0.4805688140138695,0.36814407671617366,0.5102390659747962,0.2913543320483228,0.5823990475245561,0.6242124176902497,0.29897025171624714,0.6364087164323655,0.21728887713646972,0.2561882065826545,0.23425220522147935,0.522,0.4179820617657014,0.5225963488843814,0.4043483071475992,0.9231539299021434,0.7240285487708165,0.1803245360926367,0.21536902380702777,0.5171927548468653,0.6140440799589955,0.3234560873622606,0.01905311829508297,0.560861423220974,0.2908245023045636,0.6323920801909884,0.604145077720207,0.26629136621964034,0.33182518515355625,0.5774788241155954,0.4750124861316529,0.0019080178697971789,0.0,0.45664119222775085,0.4811277853569804,0.7418015774180156,0.23846476578912448,0.19076480181707514,0.0
0.34944133544379835,0.3666262088406875,0.3342664028344535,0.38863870303654147,0.7017137794528983,0.12746993127147765,0.19255081804660384,0.12059193129665975,0.2721399535423925,0.24852408815555094,0.49342255039555205,0.4314700035083615,0.41294477390659756,0.008446655582380367,0.22953666038297454,0.6771636927232938,0.5036041189931351,0.3442978195960632,0.27184547705473694,0.6118242238033939,0.3580479528326939,0.48400000000000004,0.3374641682466154,0.23699797160243413,0.35406063288338135,0.38603585051064115,0.21887390959555897,0.4575010552106913,0.3507478550014637,0.4596518937749846,0.1491542798564839,0.7647241768880448,0.09757506389463914,0.05586766541822723,0.6110218320582383,0.5451286801860722,0.3948186528497408,0.15011464403059216,0.44096513778356117,0.21126058794220232,0.3760454426899646,0.002793883320152809,0.004508731025011225,0.38041349854314316,0.1652455661664393,0.2845060190950601,0.3130946524846759,0.3026680145341378,0.0
0.4966136354213606,0.2988136721349987,0.48015867919134536,0.32527020072053536,0.5855389803646855,0.4875429553264604,0.42984630639563703,0.2412788740147861,0.24774970963995352,0.21657416905395258,0.5989744449586785,0.3230031575254356,0.4944403261675316,0.01899735260988033,0.09566921321559681,0.7732881958394233,0.31945080091533185,0.7773590314659945,0.07723743359215367,0.10301421178699535,0.3516270178709313,0.10095833333333334,0.20051823271122854,0.4352941176470589,0.3202035848639081,0.32478813802297635,0.13084853291038856,0.5726221533639365,0.2904668642948452,0.22315606369853835,0.35776524859046643,0.5588041168722675,0.30831409301773033,0.2890137328339576,0.5249616707059361,0.17533936916958254,0.45492227979274596,0.39623472542770677,0.21106861509088634,0.4389636273044345,0.2798681617422247,0.007427640571668357,0.0015029103416704084,0.3351057132243758,0.26034561164165526,0.31029472810294717,0.3721480001236546,0.5020766001727786,0.0
0.31191144768729673,0.16929642535531106,0.37176225449303435,0.2931677817807514,0.512410553979698,0.26374570446735396,0.5399107585523056,0.3037004487761889,0.4796747967479675,0.8136731559923306,0.5168944317702266,0.19366156005145593,0.5666697553743514,0.026689086459494027,0.49280682607401544,0.6816784443067265,0.4587528604118993,0.23745419975622017,0.28724248179042766,0.1306883920783133,0.20131051454167362,0.10366666666666668,0.3922808410132837,0.12048681541582154,0.18216142951980532,0.409629348315924,0.35210150674068186,0.38825814560703514,0.4603718266270966,0.5908270229661591,0.2639671963095849,0.7607383770203873,0.20785220237962407,0.21910112359550568,0.5402038212395082,0.4659890678509187,0.6196891191709843,0.5320279564518161,0.3213482665074026,0.11310413552566016,0.1009817334000494,0.01778545203776408,0.009303730656264692,0.33486476814644645,0.1718963165075034,0.20838522208385218,0.33168373403893875,0.4853250848513403,0.0
0.14908890353476148,0.35767328347885097,0.45071655263254273,0.6390247040658775,0.1226941793174483,0.2603092783505154,0.3584531482399604,0.10020069098761901,0.26016260162601623,0.2850949971527243,0.6486431155365834,0.733481464156239,0.5400759822090437,0.2080779997872046,0.08175414227601946,0.7757020076043857,0.6401601830663615,0.7553117614270937,0.08084328950215151,0.16657412617625952,0.3211581227974715,0.10133333333333333,0.361948800567678,0.2308316430020284,0.29891845541048917,0.6602231868057297,0.22244250594766046,0.46762987217107926,0.36619373538828187,0.47148339296246444,0.5202460276781138,0.19145571455408922,0.0034642031807068053,0.18851435705368294,0.3945999998544831,0.5231494663851528,0.28860103626943,0.5525351486507268,0.3668172510408957,0.4055804683607375,0.3218132198036433,0.0,0.0,0.07032607656621503,0.2228285584356525,0.24366957243669568,0.3603300206197958,0.2487744510900854,0.0
0.16582417760157397,0.4034297795701029,0.4364851550961943,0.32441242065534415,0.5469174376922652,0.2584478808705613,0.3432490497438439,0.26795852715083707,0.23054587688734024,0.6111775606269634,0.4258078383304643,0.38061825127665383,0.5144551519644182,0.024335137434940257,0.24744518305387442,0.8519489009644725,0.5045003813882531,0.691350936581092,0.13324839539412,0.03888466097794892,0.16307546907900983,0.2361111111111112,0.10135213566409083,0.3598918187964841,0.3005089621597699,0.018196647876997096,0.2529738302934177,0.46995819869706223,0.46868883914307563,0.2364428334395482,0.3225696224158551,0.37961982625073304,0.0,0.29816895547232636,0.38406828602618115,0.22596059189169532,0.2870466321243522,0.45554498342661387,0.35999790933121,0.46454077395781435,0.9999999999999999,0.0007495784056211316,0.28913132916914835,1.0,0.31438532666363495,0.21378165213781652,0.3974846941401768,0.4668699228039539,0.0
0.5562762576667939,0.16036960181668686,0.42558536928304597,0.4057299708354778,0.40512367269713645,0.22093356242840773,0.5260287555775903,0.35451256759529043,0.1655052264808362,0.4637360705431805,0.36296603635547975,0.4938213854130121,0.3261675315048184,0.05013926494653204,0.18910606210933628,0.7540229882897576,0.4724637681159419,0.6641574994674324,0.508257410033895,0.0496396457916967,0.14174663875759747,0.36258333333333337,0.16821559333518632,0.47575388776200145,0.24430183668953317,0.22158994460528117,0.12585910652920956,0.5901370152734958,0.3857981418957504,0.3596635758293546,0.5487784042371433,0.2858405075770978,0.0098152427192272,0.22076570952975452,0.2883580938303923,0.3434941310237511,0.40082037996545755,0.39530764221457504,0.14942220603800618,0.31095333001162595,0.4625862238928816,0.008381649657864107,7.156716149172535e-05,0.3964729252710035,0.27830832196452937,0.35907015359070127,0.27048357015695873,0.3653790015196004,0.0
0.05239123971157615,0.1396969578325046,0.41948214070440165,0.24858466289243436,0.8245973331009164,0.21305841924398633,0.2543381259295984,0.22724895498984293,0.09552845528455285,0.4311117996483595,0.6266784258783009,0.3611273535259034,0.11341734618235731,0.6126258036387889,0.07758706220855244,0.7511443784709526,0.3002288329519451,0.6111587529605841,0.11142094761893315,0.2124074736257654,0.029595528872695544,0.09966666666666668,0.10013312000516265,0.13444219066937124,0.09515379508740876,0.31963585833313246,0.3409992069785882,0.2231529007283738,0.11608891019578588,0.09787619301793049,0.26191696565863654,0.7500349027394628,0.03868360501545023,0.10049937578027467,0.4136631696843881,0.19662398933310882,0.539378238341969,0.5240456299837359,0.42160239566368835,0.23667164922770306,0.9999999999999999,0.0,0.005224402858414104,0.16447250702615696,0.1887221464301955,0.25653798256537974,0.46278914219838707,0.33034518505659627,0.0
0.43483368111231896,0.302259112799029,0.4197963659857004,0.461142563046835,0.32997462393773036,0.486254295532646,0.3862171541893902,0.21628008681075978,0.35423925667828104,0.43690165162214917,0.6417770003857511,0.438779090164893,0.30207561156412166,0.024952424497261566,0.25379501934715754,0.74145859586077,0.3006864988558352,0.019560448084438353,0.21353878699007192,0.0841948316821694,0.4149365913159236,0.18266666666666664,0.5883868646066277,0.4421095334685599,0.517039167957513,0.36957598587190443,0.374306106264869,0.3133215921598195,0.15327089757497173,0.23750243376132707,0.3603280369041518,0.6449417343907562,0.20612010223142263,0.11298377028714111,0.6949122248316014,0.5458720279730502,0.33471502590673574,0.49444325781840287,0.17766425469331976,0.40308918784255104,0.3465476841215713,0.03788778164220581,0.015315372658540874,0.3066131066309001,0.4365620736698501,0.30552096305520965,0.2715533823582088,0.5114421610810841,0.0
0.45734332460473837,0.17070592380877808,0.43035772861621285,0.1991765311374164,0.7167305991065215,0.1670962199312715,0.46802181457610315,0.435169921542759,0.17421602787456442,0.5172618052229999,0.7169954713918265,0.2558765056718513,0.09785025945144553,0.0429415043749103,0.25558091080464335,0.8282382810195155,0.13501144164759726,0.3885002174889488,0.5051804129906969,0.11414069922974443,0.06553724141433737,0.3723333333333334,0.24042282490236955,0.5086409736308317,0.39588404514273084,0.4977154369459481,0.35289452815226,0.4358306072052217,0.46498465152610186,0.6024621591665661,0.5366478728856997,0.39104812702376224,0.2603926213998144,0.39637952559300876,0.44372681340576214,0.5754836120949864,0.3735751295336787,0.5232382203921508,0.18327474809019745,0.11310413552566019,0.48565413343149033,0.0001362869879980635,0.0,0.33783443894067083,0.2132787630741246,0.535076795350768,0.3895071642274409,0.40346025907185845,0.0
0.26218915751890987,0.351956984195346,0.4725257673132714,0.4246011322696862,0.7030532721420711,0.15764604810996563,0.443728309370352,0.28270582886496043,0.38211382113821135,0.6036950572593216,0.4123380280667456,0.17027248275055554,0.4203113417346183,0.03505953635068502,0.3014187915467805,0.7675078631390997,0.2764302059496568,0.7522760544552971,0.36873482535637886,0.0829531076083797,0.14220798655722006,0.3080000000000001,0.1462127650573179,0.3236511156186613,0.3172161982739546,0.2786491027007304,0.15860428231562246,0.339159009862254,0.3486161545165645,0.5890610382592029,0.3147104049205537,0.35398557944158215,0.11893764948129498,0.17821473158551812,0.3910601534543786,0.44852420271241017,0.393782383419689,0.5438057416062477,0.3821329744898634,0.2187344294967613,0.37672799963654535,0.0,0.00035783579752746196,0.6202925992528896,0.22010004547521597,0.278123702781237,0.41956232362631163,0.4448584654112399,0.0
0.14484243190101417,0.17998512196076896,0.3820234090715534,0.5858852290272775,0.07371083524485078,0.4909793814432988,0.3455627169062966,0.3708393472501377,0.3420441347270616,0.37198153519858,0.49069330895999563,0.39901765875336215,0.4881856931060045,0.03217665736823927,0.30231173727552346,0.4845941571680748,0.3782608695652174,0.7680728053694715,0.2862328421356283,0.045574575423032226,0.04702245590901374,0.20966666666666667,0.10876851402044886,0.2629614604462475,0.3860505642841338,0.2431135811537872,0.15939730372720057,0.6353741019567457,0.3127271469063449,0.2907818618535336,0.3024090210148642,0.5122043575928692,0.2869515176863774,0.11423220973782773,0.7645807087649954,0.2853290026230344,0.2932642487046633,0.6231963488680162,0.3535660411531258,0.384653712007972,0.37672799963654535,0.0,0.0031489549864619376,0.7216532513004372,0.3757389722601182,0.3357202158572021,0.39202009925984377,0.44194169555171503,0.0
0.4912950767566898,0.42817430797541206,0.5623535863469773,0.4096757591353578,0.22217481501953773,0.2624570446735396,0.30887456618740705,0.2336807636520568,0.39605110336817656,0.45210154750260634,0.429190695769609,0.37328967372237165,0.5240919199406969,0.09056321430546199,0.4865562059728149,0.5937090941069958,0.33638443935926765,0.37932984344227916,0.2501742830356499,0.8596341949396715,0.28625884694956555,0.46200000000000013,0.760232304476839,0.3839350912778905,0.4277495021022351,0.49822380497505514,0.3493259318001585,0.50287112461695,0.11552977629360447,0.31308660771186536,0.25474115838031786,0.720016199375219,0.06120092488884892,0.4875156054931336,0.30116305610795857,0.5951974918743934,0.6481865284974092,0.3481596988480996,0.20753492558846975,0.2899850523168909,0.25130765962173623,0.009199371472379618,0.010305671095909814,0.235248632574149,0.2291950886766713,0.4080531340805314,0.18826057884116698,0.030826425879571073,0.0
0.38094731219282935,0.18793312712892996,0.44280346534475395,0.6567164179104479,0.20871872927066454,0.35008591065292105,0.23996033713435794,0.21929902362504256,0.4094076655052265,0.6191863659114007,0.5724260923714943,0.38919424628698396,0.49888806523350654,0.023881066116942448,0.2764163111419784,0.7740856904585895,0.7208237986270023,0.21124998484098595,0.2842135628260295,0.06410378566981687,0.3926832580574657,0.327875,0.1856802497127596,0.3243002028397566,0.3905731356494802,0.3544050011074623,0.24197065820777147,0.5507300571540034,0.2519569388636437,0.2915300357014978,0.1754869297796002,0.7191412928374732,0.03983833930219309,0.07966604244694132,0.486347133529947,0.5360084583349722,0.29170984455958543,0.6430564776782548,0.2488389086255136,0.3010712506228201,0.6478863646829516,0.01771730779673532,0.008015522245971875,0.29288394246298355,0.11050477489768082,0.23080116230801156,0.3617070844796241,0.2984553110067584,0.0
0.3368531133938667,0.33859285071062206,0.4115151985528638,0.5217018356493396,0.2550722260771402,0.27280211912943864,0.12155015699884317,0.46455608611814003,0.4272890050329074,0.5346858798862595,0.28165468735655064,0.1685572837484894,0.1798863355572029,0.054898912126641795,0.25766445083837686,0.8309525625997574,0.35499618611746764,0.8329374971541096,0.33171470468040104,0.02168436935469093,0.06236189785543431,0.37638888888888894,0.13111334382766693,0.27981068289384725,0.26377517149811913,0.3560872123736317,0.19779275707110744,0.5873234731149187,0.26963935485918744,0.4086569721444737,0.47104049205535636,0.2713087066977605,0.08949191619596193,0.10515501456512695,0.5781317718872676,0.5377900587161115,0.3854058721934369,0.6902185197755256,0.4370384419126826,0.30078060122903166,0.37222443787959214,0.0,7.156716149172535e-05,0.37244802170392227,0.1843262088828255,0.27079009270790094,0.4111031898035556,0.4400550740029645,0.0
0.33547196373788407,0.2076661054774676,0.3645710315223808,0.48636129696345864,0.467698532522895,0.3371993127147766,0.3559742191373327,0.2819869383108069,0.15011614401858303,0.44276820567405173,0.38501215160403635,0.12536545433282656,0.21275018532246115,0.281464081477635,0.14842742335549167,0.6283891172426079,0.2659038901601831,0.5896451856859093,0.15411428159330756,0.41956434157207956,0.1272672214826288,0.20566666666666664,0.44076040474608513,0.14969574036511157,0.25448107988493046,0.49702418414050686,0.18953211736716885,0.4241341180318595,0.36993292101362657,0.4883924068546116,0.45361353152229633,0.5057842327761838,0.0,0.1744694132334582,0.3793026477868803,0.9105918933952779,0.2316062176165803,0.557794393661763,0.14804931895329715,0.3617339312406577,0.2924150205528983,0.025962670182919187,0.0,0.4033182454039859,0.19599818099135977,0.5350767953507679,0.8512672555024028,0.3899874881289048,0.0
0.4015133435872906,0.23315453584432871,0.4198803217579681,0.41791044776119407,0.6498414628330423,0.28536655211912937,0.3766319616592298,0.31385734228593826,0.18021680216802166,0.36237655077224984,0.5805411957188527,0.40930885276575846,0.2723004694835681,0.04466153729529587,0.22819724178986017,0.7893151317651277,0.3382151029748284,0.9148540776146096,0.47171807014591705,0.030866989873544533,0.14745468819180169,0.2078888888888889,0.2967162435817067,0.1954563894523327,0.24692963044921448,0.1261559729410822,0.16151202749140875,0.7546509993628994,0.850992463669505,0.5521588531451794,0.20741500085426282,0.842981351226143,0.0,0.18039950062421978,0.6832570319198125,0.2997951475749689,0.20967184801381683,0.6266796419410137,0.2823204007053219,0.3878093339976748,0.3552665671481716,0.0029983136224845264,0.0,1.0,0.20372896771259655,0.16175453161754524,0.4074191542889756,0.5300006413130653,0.0
0.4879490978438238,0.27250303433694845,0.42147381634930114,0.5165551552581917,0.2599812429041918,0.45317869415807555,0.4787638406874897,0.29456954057430235,0.2822299651567944,0.39127791357816877,0.5325524483494113,0.2190776907184344,0.32839140103780573,0.036717202838718495,0.19585276317094955,0.8185593571637153,0.5508771929824563,0.17595791239897518,0.3940238948051636,0.04872750389030398,0.5858004003243298,0.551,0.30649745426949615,0.12248816768086546,0.3761894224385927,0.42411847102082134,0.35253106000528656,0.3258807128467597,0.3155227766919303,0.48953568107801615,0.4791132752434649,0.3727864949619773,0.3296766888596891,0.28193924261339987,0.38603434208252807,0.6133737460128437,0.36092400690846277,0.4226385701087039,0.18117321044676687,0.33565852848364064,0.3893286556848613,0.006064770880809172,0.026265148912988916,0.41886229667824376,0.29164771865999684,0.30095475300954744,0.3783681215208401,0.27327404249023113,0.0
0.3806901562153081,0.11829346279837645,0.4196529100810346,0.6263510036026765,0.18750575757174187,0.15120274914089352,0.428854734754586,0.22033584007567103,0.04936120789779326,0.4048319156133549,0.4710553993641139,0.5066074143375043,0.4280948851000742,0.2079628908675879,0.01478321262029963,0.6528245102191683,0.5578947368421054,0.5301239212216358,0.023438063414985937,0.6097649209314473,0.03270281921211402,0.010333333333333347,0.28823896020338846,0.061419878296146035,0.014826289001991608,0.5459653710845387,0.24583663758921476,0.7028830091476649,0.16214704399313215,0.30331105511745204,0.4587391081496669,0.524735138524233,0.0005773672234909856,0.01997503121098627,0.9940835267303008,0.7507579077343698,0.149740932642487,0.8410017896153964,0.15094393299494005,0.4090682610861984,0.6510733195441059,0.0016354437803281815,0.0,0.28543043270427004,0.30786721236925885,0.19468659194686588,0.39902469038653204,1.0,0.0
0.4789204732460795,0.27865001370345716,0.42166790538606047,0.3670226453937211,0.510897780052586,0.26589347079037806,0.5349529003470503,0.43123379931157146,0.2555168408826945,0.4344166836605857,0.5893143595878452,0.4883639340428022,0.3367309117865086,0.045933003209440555,0.4499454310943547,0.8103259392829238,0.37105263157894736,0.7997134145490382,0.09901680328854062,0.0812408919468218,0.2759448865048713,0.6090000000000001,0.11300570970169214,0.5978904665314404,0.26929353839345,0.18019194473320663,0.26090404440919895,0.47211849137758977,0.46987698378821546,0.3355915630873675,0.41927216811891344,0.2074894651966247,0.0392609708769088,0.3127340823970038,0.2609698311361984,0.17499105238959756,0.46165803108808295,0.5971498223960664,0.254888617419653,0.24564025909317394,0.3085991020655274,0.000272573975996127,0.0,0.33189818297695506,0.5679854479308777,0.5201328352013282,0.47927887365695654,0.47813202566340807,0.0
0.37299200936867216,0.13478981506858256,0.3635026405869001,0.3726196603190943,0.428902876139893,0.5969179553264604,0.41769955379276147,0.32435233735025554,0.0818452380952381,0.512193052904508,0.33029191708917394,0.22517834171441933,0.22424017790956274,0.23374481192143537,0.17562506201012007,0.583440693196454,0.26956521739130435,0.5835266751168159,0.16969157912449817,0.3680988874900065,0.11076775665074368,0.24533333333333338,0.3665017010914587,0.28795131845841787,0.3331489267537068,0.4279633710669546,0.1732751784298175,0.6743205092686615,0.4173189928629885,0.4327120316612165,0.3992824192721681,0.5586341830670224,0.0017321015903534027,0.1427512484394507,0.4778120662634369,0.8485238491258302,0.16567357512953362,0.5255110899932972,0.13482167282725543,0.31109865470852016,0.38513319321497275,0.02957427622537047,0.0,1.0,0.11641655297862666,0.39559983395599835,0.7809481354583114,0.38809871641422705,0.0
0.2039556563384135,0.03132218785482166,0.35896721449601077,0.37004632012352046,0.2944103096701768,0.2436103951890034,0.5907907783837382,0.5027354820915363,0.08667247386759581,0.5135818982425994,0.38804898534328947,0.47117296222664007,0.40770941438102315,0.2104924145364569,0.1995857723980554,0.3603305337088048,0.5505720823798628,0.7639789134110253,0.4053703214019568,0.12398237545446217,0.05016041140847429,0.3468333333333334,0.2059136600757953,0.312292089249493,0.32319097145386166,0.5532770058395531,0.4095459952418713,0.35880255886084,0.33079398483946665,0.38992883444439475,0.37910046130189645,0.41157652258476074,0.030023096582965893,0.32818352059925093,0.4360593405586656,0.7094902740061404,0.46852331606217607,0.3552197104737729,0.42172228108530696,0.4309915296462381,0.2987471253641266,0.0,0.0002862686459669014,0.3766559369662446,0.41990677580718505,0.33644665836446647,0.4683100769201385,0.7756714110942792,0.0
0.7999061746001125,0.40526995810657374,0.5622465306168125,0.46354434722937043,0.2482889866934848,0.22794959908361961,0.13427532639233175,0.48894718250040714,0.28890824622531935,0.3920745503516567,0.49846567569568234,0.5541262230538336,0.4264578700271807,0.06320430793325563,0.24203790058537558,0.864194220381362,0.6452326468344773,0.4987503395047109,0.05586672756556649,0.09431479361069561,0.12971439658608985,0.27900000000000014,0.2520837632517136,0.29065584854631504,0.3323744191192744,0.2845017911732647,0.20274914089347068,0.6123156180273435,0.3641319514694814,0.5382893103503951,0.721339484025286,0.1237312887291045,0.16801385794977952,0.12588431127756972,0.4379480545938142,0.5732744439417545,0.38549222797927446,0.36329486764484303,0.2407425094403004,0.43497757847533636,0.16027737489693158,0.0036116051346683194,0.0012166417354281661,0.4557247841255965,0.23196149765044718,0.22312162723121615,0.322163712153379,0.3331760934674225,0.0
0.4644081944134719,0.26216671234485733,0.40426580615271973,0.41121976325270204,0.17625343829185885,0.30498281786941583,0.2330193356470005,0.3247150744452316,0.4114401858304298,0.41992599029903216,0.5236209209296391,0.430359022336569,0.38744749196936007,0.03758595524370361,0.21093362436749682,0.7701509264204105,0.5173150266971775,0.3946509445381443,0.0165148200677901,0.1161575290035742,0.0626211415950905,0.17500000000000002,0.10146825009973194,0.4580121703853956,0.1626466032308033,0.32193583981810303,0.2692307692307691,0.4375942295907481,0.29389154454871064,0.25239866767594543,0.3910814966683751,0.35304136714970646,0.010969977005970064,0.19725343320848943,0.4264032059936994,0.5521363582166603,0.3119170984455959,0.7339171443404555,0.08623939598260552,0.49028400597907307,0.42934390221463015,0.011925111459286626,0.0007156715950549239,0.7098240702462821,0.5457025920873124,0.14113740141137399,0.39680195851807726,0.3463978401177524,0.0
0.1827572110619075,0.3677224854156063,0.4316751697693057,0.34431291816778187,0.2441074096997583,0.10266323024054982,0.14625681705503218,0.2573045054256778,0.2737127371273713,0.4947475407299193,0.5323127934733386,0.5565041125794253,0.33555720286632074,0.02539934881046249,0.21946621688659587,0.7341908530148267,0.48771929824561394,0.6510243571462567,0.35786917954758524,0.07662175358935733,0.16858908074325815,0.2101111111111111,0.13309119345493853,0.34734279918864097,0.3693294976764772,0.06782507308259958,0.21623050489029855,0.4878756379638314,0.42902572734978356,0.21589371989852757,0.3649410558687852,0.29926006476952416,0.0,0.268622555139409,0.3651332756453039,0.2540911582241807,0.21761658031088077,0.5274388375369864,0.3413047060782245,0.2439794054143829,0.4770257718038309,0.0012947263576133855,0.13526193329271494,1.0,0.31953918447779295,0.39753701397537,0.39677095244208577,0.46552722280863035,0.0
0.5925869395650789,0.1938843428213461,0.6429211800960417,0.3926917138445704,0.34155900103727954,0.3642611683848796,0.6113039167079822,0.40522899008242697,0.28426248548199773,0.3905026875291868,0.6774179541956385,0.6184072038358087,0.4355077835433656,0.034719021564378706,0.4005357674372458,0.7982813088983789,0.3597254004576659,0.6758571121060001,0.246712661362052,0.03416196610323451,0.4093035761917187,0.3993333333333335,0.12625874408087634,0.24770791075050713,0.2953086966142954,0.5129119175854993,0.32196669310071346,0.5040600893694881,0.08547665678525776,0.13751326103123096,0.4161968221424911,0.6286421540148232,0.24191687281192858,0.3124219725343321,0.38557474775738865,0.2149418820958069,0.41813471502590654,0.18379850288963623,0.17596674535423149,0.4763328350772297,0.306690980737281,0.013424267816637409,0.007800820314594284,0.27871575350450856,0.31150522964984073,0.4014113740141137,0.40347246047229196,0.346077729650055,0.0
0.3520638823011274,0.3973219529384127,0.33113781584074553,0.3012738033968091,0.058471576259005675,0.1434707903780069,0.2300446207238473,0.28751825425849603,0.26829268292682923,0.5618310324593859,0.5370995379688043,0.5192375160799908,0.34191994069681253,0.03186276969005707,0.3454707808314318,0.7348982442716248,0.6609839816933638,0.3322251522022215,0.47258347556431657,0.038512922177361124,0.12175830691057604,0.4090000000000002,0.13436318464672586,0.3976470588235295,0.35584476654127034,0.3801058292456492,0.3909595559080094,0.33525570390252113,0.3798225001123234,0.4373966304396346,0.3593029215786777,0.5303529115800376,0.01327944557945579,0.1747815230961299,0.5127091717144678,0.6144640846301319,0.3637305699481866,0.6022458053198315,0.2697186758844348,0.7977080219232686,0.17250665255230202,0.007904645417360552,0.0007156715950549239,0.3912277513923836,0.27103228740336505,0.18430884184308832,0.3369303146997902,0.38357887370100086,0.0
0.7161493122961502,0.49301123683489284,0.5513968056880909,0.4796706124549668,0.6097142684067197,0.3140034364261169,0.22359940505701537,0.3879915449338691,0.4761904761904762,0.3578146582655261,0.5286098198314984,0.4022921295754883,0.3802816901408453,0.04842613391706043,0.1603333664053974,0.8311785256722237,0.391304347826087,0.5553312951037872,0.3632539243731821,0.09418499370675346,0.09880333929888868,0.4440000000000002,0.11170978707889777,0.3447464503042597,0.34609426864350534,0.34327152058749066,0.15226011102299758,0.608191488907251,0.2326670377276544,0.2536486000055086,0.3295745771399282,0.6443235402604337,0.20496535512555117,0.24937578027465676,0.5144172177744852,0.2882555435491001,0.37512953367875634,0.20967305918867196,0.1772744630561562,0.41753861484803195,0.25072888539898364,0.0,0.0015744774932309688,0.32098208073591594,0.16280127330604824,0.3071814030718141,0.19256329243486198,0.30314668079489016,0.0
0.31625010597834785,0.15588008822416247,0.3860997335760196,0.35975295934122503,0.20063410701497453,0.1924398625429553,0.047595438770451165,0.30677309531606856,0.23751451800232284,0.4128083284510163,0.49682855013405125,0.3433516547772191,0.30652335063009645,0.039764235018583845,0.25528326222839576,0.6874103899042143,0.5267734553775743,0.8991214521900714,0.5902786124666459,0.058855009139303104,0.08973975869925185,0.2753333333333335,0.17760353118438205,0.23764705882352943,0.08718743084753264,0.08067147260782223,0.26843774781919094,0.6604296785653214,0.39956670002666766,0.22487859686180123,0.4100461301896464,0.3055893825687781,0.0034642031807068053,0.1423220973782772,0.7298952088746757,0.22406077799723184,0.29326424870466317,0.796690499215889,0.26365715787328087,0.25510712506228206,0.9999999999999999,0.0001362869879980635,0.0,0.5040149248059514,0.29831741700773073,0.34039020340390186,0.3937794691864399,0.4273485340553709,0.0
0.46339441248626795,0.417837985983321,0.4346495066380366,0.25544690341396464,0.4787091624421708,0.2667883734249714,0.29420756899686007,0.2176415189813361,0.27789876113046835,0.325013625890851,0.5878540397763778,0.37321171013136856,0.2923152952804547,0.027198824430377293,0.1880394880444489,0.7718005038271851,0.38032036613272296,0.07664363182976508,0.14067645856871563,0.11760536474433697,0.4412505955339422,0.24008333333333334,0.31442079267251605,0.3546991210277215,0.22527107767205143,0.40035716058636794,0.28106000528680924,0.5866162744727874,0.24266145195017763,0.37790909272227,0.39120963608405956,0.5614954698391188,0.05080831374433743,0.05872867249271742,0.5314355699130887,0.5845710591900195,0.23065630397236608,0.5973922423309745,0.23170148223852072,0.40308918784255104,0.36177007762333424,0.025553809578255753,0.013526193075033674,0.6363756054141236,0.29350462331362737,0.2134357271343572,0.42874510314569214,0.44353244949220966,0.0
0.24182533381496235,0.48447594064445393,0.4006426813629072,0.30577714873906336,0.5219383404603335,0.5485395189003437,0.5602379771938523,0.08709034660224953,0.5714285714285714,0.46103579919882737,0.42394900176592776,0.1403344638054029,0.2828947368421053,0.11533891276819513,0.493104474650263,0.6568508809083471,0.30577803203661325,0.3902239689982717,0.48441068294910944,0.9541552785268881,0.10909373483918536,0.6126666666666667,0.45922720658109606,0.6124949290060853,0.4604032971896439,0.43712822257091366,0.46946867565424244,0.374643624657694,0.1788510054538497,0.567254441792502,0.2839569451563301,0.6684460206036383,0.008660508432484336,0.48595505617977536,0.5237996506002185,0.3990256173817179,0.36269430051813467,0.6809508952878538,0.10883696693874384,0.27503736920777283,0.5052405455414151,0.0021124483234260566,0.0013597760385492873,0.26428353885449885,0.1696225557071396,0.3731838937318388,0.9121199835988162,0.04394383830632048,0.0
0.19316537003226586,0.09072993748613338,0.4983287279809998,0.20174987133299027,0.894059956342105,0.041666666666666685,0.16212196331184925,0.325750361793352,0.1289198606271777,0.4665275001454652,0.7110173844318007,0.1974038124196,0.0971089696071164,0.11071670997275321,0.22224427026490734,0.785986287001101,0.41418764302059496,0.5865009451788271,0.33036851847400195,0.6095075127958857,0.08709179035225109,0.41566666666666674,0.37230490268828936,0.42750507099391494,0.3178800619606109,0.4910330291197287,0.40959555908009493,0.2638556537640415,0.2850503166882779,0.6471849573130135,0.4397744746283957,0.46905544696904083,0.10046190089340917,0.3361423220973783,0.556765598184005,0.4566817171021091,0.43108808290155437,0.40503436065062526,0.45765812210131734,0.3069257598405582,0.30026083770731116,0.0002044304725410227,0.0025048506224168926,0.40200209570947093,0.5093224192814916,0.33997509339975085,0.8896495536513827,0.2325067806950659,0.0
0.44674867024572396,0.3771191417720528,0.44432351751157795,0.3741636644364386,0.5622145269801913,0.33983032646048106,0.19471988101140303,0.24930596134364086,0.3270180023228803,0.4700225310880216,0.6941235646127073,0.4220558998947491,0.36805040770941455,0.04476131584662081,0.36757118761781926,0.842712037921959,0.3290617848970252,0.36490532652287455,0.18324959734609003,0.46894970968259375,0.38877996451252506,0.5778333333333333,0.26854984787712693,0.2782150101419879,0.21232573578225275,0.34976099553926654,0.25203211736716874,0.40567355234526964,0.20114620662307714,0.29534940264812226,0.30151204510507434,0.6709675049290875,0.07101616760807612,0.10970661672908864,0.4371656297132179,0.6138340205435842,0.450841968911917,0.30251530981966157,0.2845809910068029,0.46238166417538606,0.21822170743708108,0.011379963582942952,0.015386939333405522,0.26160553242678897,0.45054570259208726,0.3480697384806973,0.6154730207414665,0.2185449011171165,0.0
0.7150077403232922,0.21479190321443953,0.5237261785104614,0.4080030880082347,0.22979805249377602,0.1920103092783505,0.599900842835895,0.4618707272635053,0.5281649245063879,0.3945567740530218,0.6260898701066057,0.8120687638872647,0.33835248332097856,0.0617909812843069,0.2844528227006648,0.861316174295794,0.5688787185354691,0.9342952843224676,0.6269141085122236,0.015151752271366357,0.19191360921341885,0.4506666666666669,0.11195187978989153,0.36064908722109534,0.42738990927196285,0.10389297949128004,0.1946867565424265,0.36418695137257556,0.6275510360145398,0.5192777641117792,0.7457713992824194,0.07305161968502027,0.02655889115891158,0.16916354556803997,0.6062906429187279,0.19894151137387728,0.4352331606217617,0.3790707185182914,0.3288670200292385,0.6073741903338316,0.5347115434878928,0.012538402366281778,0.0,0.3318733911915648,0.5093224192814915,0.6413449564134496,0.42263240507519034,0.4328086425207105,0.0
0.7360189452467504,0.6239379820680475,0.5518118578291183,0.48327328872877007,0.25326218714466886,0.3729059278350515,0.32963559742191373,0.6776911860359895,0.5216318234610917,0.3145117338697214,0.3694552025945185,0.4138697228394339,0.4699777613046702,0.07712891800471997,0.12562010120051595,0.7440525203949291,0.6421052631578947,0.5997981069594862,0.3829058390826703,0.14195601566115668,0.09944439804452207,0.24154166666666668,0.20092701914903355,0.30190669371196754,0.3816109758796195,0.4365261348977596,0.2367168913560665,0.5289870615207217,0.24056472961098863,0.46398916513201194,0.4069707842132242,0.45512745332374355,0.3885681349197494,0.2390761548064919,0.3778045525000623,0.5295920858619731,0.3901554404145078,0.5262529195546065,0.3688926115866106,0.8071748878923768,0.4729410530270679,0.0017717309007112604,0.01438499952935495,0.45255566107748496,0.2993406093678944,0.3255500207555001,0.39201846024164805,0.4648140104381847,0.0
0.29487432694257987,0.10868799185623117,0.3349979624349745,0.25836335563561513,0.7186002369797062,0.2319587628865979,0.710461080813089,0.29592542974828684,0.31097560975609756,0.6357849000623702,0.64391764991285,0.37749970763653384,0.6071163825055598,0.026748287912585884,0.36511558686377626,0.5905585769569155,0.5537757437070938,0.19875089152163777,0.2741171662780356,0.13566977041515638,0.2146247351784634,0.09900000000000003,0.39281293061179706,0.10361054766734282,0.1631998229696836,0.4066709346824203,0.2605075337034098,0.5294719222828362,0.434232604708698,0.5930245788524423,0.4577139928241929,0.542697706239434,0.1478060092136923,0.2709113607990013,0.4988449995744676,0.5519934956388666,0.566839378238342,0.4729515372234032,0.3203676203789417,0.16990533134030894,0.6054280644527286,0.016286294470036017,0.009160596670940845,0.4051462161270895,0.07185084129149616,0.2619344126193441,0.30413022845902643,0.4714831426331104,0.0
0.07079806344787229,0.4362397713480286,0.3265667741450729,0.5157831531995196,0.23320864332887387,0.3457903780068729,0.5200793257312841,0.1148837491588675,0.3850174216027875,0.5416616510881846,0.7151698063762287,0.4275523330604606,0.29867803311094643,0.06698527128200993,0.43119357079075304,0.7835346111537254,0.5921052631578947,0.7034143762826528,0.1844034712372894,0.17613127232042164,0.3668005124438211,0.2725555555555556,0.2007206738194447,0.29281947261663294,0.32263775171498127,0.43730875966077376,0.22706846418186616,0.5261583017684457,0.277781655410563,0.5062430608122162,0.5310097385955919,0.3450996063564923,0.1662817578015781,0.20183104452767375,0.5645280489729672,0.4167040964127247,0.24663212435233156,0.5428941737509293,0.37235590503426785,0.2871616010629463,0.5437146024629739,0.0036116051346683194,0.003220522296921135,0.6310089029936403,0.41928149158708505,0.36446658364466566,0.3417219697407753,0.26483501066599235,0.0
0.723095131064594,0.46482126776555344,0.527550918415722,0.6977183050265914,0.19322288287871564,0.297680412371134,0.41133696909601725,0.4459933338457597,0.33120402632597745,0.28102691057058976,0.4894822336513881,0.2583713405839473,0.5678280207561156,0.06009382135941748,0.12282964579819428,0.8773235674692852,0.5942028985507246,0.9075932531061106,0.5944133272434433,0.017494425621378748,0.21324190329174755,0.47633333333333333,0.12847803571557959,0.33522650439486146,0.5257800398318215,0.0573278390739804,0.35342320909331204,0.4044483066066856,0.7343095010138101,0.4163374480124836,0.372116863147104,0.5477724357330748,0.0011547344469819711,0.3017062005826051,0.370254062385282,0.21682347268191782,0.4317789291882555,0.4404756717249735,0.2691760642315341,0.2732104301611028,0.26301432427996385,0.006269201183140889,0.0,0.34593400656799594,0.28861603759284504,0.4661685346616852,0.42217302288143355,0.4323296965135414,0.0
0.29953986701296814,0.1562977173955601,0.3716030470171763,0.305712815234174,0.49525466843676436,0.21429338487972505,0.33744422409519087,0.3021095875167936,0.2238675958188153,0.7528424597149964,0.5633902576521598,0.1654192492106186,0.6011860637509266,0.027187488988352874,0.42564986605814076,0.6985258939587715,0.48466819221967966,0.2181402143587554,0.31911824803480865,0.1319147744458437,0.20397973400347036,0.17008333333333334,0.38509860232438237,0.20778904665314404,0.24817437486169516,0.4209828540122508,0.3724226804123709,0.4444427570612414,0.4708205396279748,0.6087731278558111,0.42977960020502304,0.47086685558086955,0.20323325497734973,0.17524968789013734,0.5675851376659999,0.46931482162526,0.5591968911917097,0.6157274072935421,0.3224186626851746,0.31371449925261585,0.23310285167980463,0.01792173930944432,0.0089458953751578,0.325294481733228,0.16325602546612092,0.32881901203819003,0.31716478330925957,0.47651242371292835,0.0
0.18433973748658242,0.279080693786461,0.4277077324146203,0.4390118373648998,0.27677617796935283,0.4110824742268042,0.6465047099652952,0.2709292972361148,0.38966318234610914,0.5536734789873727,0.4191736844919055,0.29470237399134613,0.3925129725722759,0.025949973497115163,0.2115289215199921,0.7188625704807481,0.5894736842105264,0.6640717008779872,0.36527320368278093,0.07546733742766615,0.12853400639387455,0.391,0.09293725785596864,0.32527383367139967,0.30493472007081224,0.007726459216559872,0.3481363996827913,0.4897698784726188,0.3385169051702149,0.09227528903586957,0.4807790876473602,0.01854951975913416,0.0,0.19444444444444448,0.6878918769577781,0.16147206048941615,0.4347150259067358,0.5735405729394727,0.2782347396520745,0.6865969108121575,0.37672799963654535,0.0018398743852542196,0.34294985510884995,1.0,0.11323328785811729,0.3354088833540888,0.4054595660027713,0.45050032512352345,0.0
0.2549894491552777,0.3331897733056654,0.4725257673132714,0.39584405558414826,0.7124062686954328,0.2079037800687285,0.5111551809618247,0.2892974924518748,0.3463995354239256,0.6365237626557321,0.33177437075969973,0.17775698748684363,0.3895941438102299,0.0355008187443351,0.2969540629030659,0.7675078631390997,0.255720823798627,0.7454201972868454,0.3205605903988077,0.08237934290926535,0.17878923848909162,0.21100000000000008,0.15208054123621828,0.3616227180527384,0.18767979641513613,0.24929809163257424,0.15543219666930996,0.28749640922951525,0.29137546185155516,0.42693506582315266,0.3065094823167607,0.3957812750150597,0.11951501277892783,0.16167290886392016,0.42002375126735203,0.4213842907806276,0.3,0.8093545916008031,0.3280150724973163,0.26606875934230195,0.9999999999999999,0.0002044304725410227,0.00035783579752746196,0.7327289659613123,0.20964074579354255,0.29348277293482766,0.41553622986144884,0.4313994451236538,0.0
0.42959552129699907,0.2938021220782272,0.3913414540787779,0.786927431806485,0.10497192646306552,0.19673539518900346,0.3515121467526029,0.19519730989243256,0.32229965156794427,0.2792119896850112,0.4898802376276179,0.3484972517834172,0.5515196441808748,0.026338392996680962,0.2043853556900487,0.874585515137553,0.7789473684210528,0.46566533370309887,0.3266184283276041,0.10380028529551266,0.15149349235006293,0.4516666666666667,0.16778331959737708,0.29703853955375253,0.5794423545032089,0.12800383696486586,0.4575733544805709,0.2840849583291256,0.5318353364760566,0.36734647358668504,0.31624807790876486,0.30309706299825145,0.028290993870938735,0.29525593008739076,0.246990105245527,0.3520368167946553,0.3663212435233161,0.6751090855446311,0.3725597671102126,0.47832585949177864,0.6559741032509946,0.005042618461367623,0.0005725372919338028,0.39500746937168485,0.44110959527057736,0.33706932337069323,0.3388331629716328,0.33051958568669443,0.0
0.16291971902693783,0.30006655964919154,0.43758470911815434,0.3355635615028308,0.5227958645898613,0.18513745704467355,0.6152702032721865,0.11558072257707162,0.3278164924506388,0.47407600154522195,0.6560271525173564,0.6544263828791954,0.2012601927353596,0.09539610323388734,0.3582696696100804,0.8108702237231724,0.5482837528604121,0.7019537337738485,0.3220029327628068,0.21578255453416553,0.3670845226695994,0.3773333333333334,0.25457661892683586,0.33533468559837726,0.27439699048462063,0.48395677341061005,0.3076923076923075,0.4975811017271747,0.20733155837947864,0.3717191235230036,0.6360840594566889,0.2786046463386033,0.1807159325401253,0.2627965043695381,0.5142019316436418,0.430518180112992,0.20310880829015543,0.6698175445924832,0.3692361285882132,0.336322869955157,0.3756391871643804,0.0032027442274105643,0.003220522296921135,0.46128924338500776,0.3860845839017736,0.23121627231216269,0.3503293042313201,0.245997289798811,0.0
0.3677829031646288,0.13844407031831177,0.46358394335540165,0.43969806141705275,0.3972322871071098,0.2873711340206184,0.06527846636919515,0.1474749125912178,0.10162601626016259,0.37854208359514424,0.6916032457395352,0.888005301524188,0.1880405238448234,0.22547263979656684,0.07044349637860899,0.7086900042204829,0.4346300533943556,0.7683973369788188,0.20709632443087578,0.046837512428721625,0.1689363279311957,0.4152777777777779,0.35869862923252394,0.41148073022312376,0.46957291436158466,0.5196522663139002,0.14806370605339675,0.4919846654649933,0.24426893709062314,0.17077097759799864,0.2749017597813087,0.5624282154544167,0.0034642031807068053,0.1006034124011652,0.3654902494587805,0.3891285590146711,0.4101899827288427,0.4419394073470156,0.558131858956234,0.2208520179372197,0.335108279914882,6.814349399903175e-05,0.0,1.0,0.13794148855540392,0.13408053134080528,0.3637274550905408,0.3720150072628436,0.0
0.11984677328845363,0.12059042324106338,0.39633972634498915,0.17344312918167787,0.557550701605771,0.19931271477663237,0.15369360436291518,0.3558138338296802,0.13763066202090593,0.311586940827307,0.5177966612426714,0.489767278680856,0.2509266123054114,0.029636568000943123,0.33802956642524074,0.6474105101673049,0.21235697940503434,0.7474273437037007,0.330080050001202,0.046184450757722935,0.05609737705682676,0.46600000000000025,0.14319271555334018,0.473265720081136,0.22593494135870776,0.33434829297544855,0.3310864393338618,0.42059079012982004,0.30958205346623097,0.3797635001334413,0.5181957970271656,0.4684058102038185,0.7696305367149688,0.6882022471910112,0.18474927678251468,0.3366239777735475,0.31554404145077714,0.6472009482392472,0.41597827792940306,0.5729945191828599,0.9999999999999999,0.0,0.012094850679417011,0.3337598871149563,0.38562983174170096,0.5296803652968036,0.3748384067837732,0.44993888637400586,0.0
0.1155066125331606,0.11902431384832231,0.3999761808721185,0.24961399897066405,0.5499403206335356,0.1348797250859107,0.285572632622707,0.350557161682473,0.13037166085946575,0.2984514557412925,0.5347807574680894,0.35785288270377735,0.15863602668643445,0.028704804127071895,0.30945530310546693,0.6677216307825407,0.2489702517162472,0.7388869911519409,0.325176085963605,0.04777556707658547,0.05883503702477958,0.4573333333333333,0.1317713187438812,0.3554563894523327,0.17216198273954422,0.33101598679407573,0.3271213322759713,0.3371175136561031,0.3052138570979278,0.38257507619453746,0.4751409533572527,0.30764609585966024,0.8296767298809007,0.6819600499375782,0.21285647923811507,0.3446881997040684,0.33212435233160637,0.6495116868392694,0.41188515957430016,0.571001494768311,0.37672799963654535,0.0,0.012810521241630795,0.43248779000207427,0.4197362437471577,0.5064342050643419,0.36814449414875466,0.4573327755145024,0.0
0.35688940347463427,0.2446262871461572,0.32013742627633396,0.3175501801338137,0.5224779605130858,0.3108891752577319,0.27020327218641543,0.2856109962051339,0.24292247386759577,0.3507448526272437,0.5591674844992157,0.4707636533738744,0.30355819125277994,0.029518522014974888,0.18942851473360456,0.6027029881243957,0.23661327231121282,0.13889495249451012,0.42430106492944547,0.12325872681968941,0.2598254988541553,0.13595833333333335,0.38348655138530374,0.5037728194726168,0.18344766541270202,0.41519721546541744,0.3748513084853289,0.35026408796389763,0.3833519757646936,0.6187330764547718,0.18894156842644796,0.8806407504773167,0.053695150743107455,0.14985174781523097,0.49302185952538735,0.556874622380582,0.2105569948186528,0.29793024765304765,0.256635856683725,0.2435226706527155,0.25566360276251454,0.01233397206395006,0.0007156715950549239,0.47927625751667036,0.28183265120509315,0.2053237858032378,0.2916464558664118,0.4496128240215464,0.0
0.6352672675797771,0.23554285266825886,0.4741030045073496,0.22285126093669588,0.8598371246435503,0.17683276059564723,0.2994133201123781,0.3461484193510747,0.31753290747193186,0.30943670257279776,0.6344896827466104,0.4498889018828207,0.26488757104027677,0.0425954164729501,0.1965472765155274,0.852700733191448,0.2234935163996949,0.9397513853050692,0.5824899637010506,0.02597260297887402,0.23706769987997936,0.32991666666666664,0.16545568065526634,0.30125760649087224,0.34720070812126586,0.08572674589255522,0.3374966957441183,0.5669957373502129,0.4921722246827645,0.4415199207519823,0.25546728173586186,0.7004936607750407,0.025404156872168716,0.18307844361215153,0.5554299364516417,0.147728422115467,0.35850604490500854,0.4521377714935071,0.25421778828646224,0.3132785251619333,0.29718205432468353,0.0026575963510668908,0.0,0.3424526944072857,0.18182507200242534,0.38826622388266213,0.39278336320509755,0.4576535428267862,0.0
0.6536176889158782,0.42723464233976743,0.4839189004430033,0.5079773546062791,0.5304950340688978,0.4597293814432989,0.24504214179474465,0.3180551534213586,0.4911440185830429,0.21500556332056184,0.4643069913687382,0.3856274119985966,0.7057079318013345,0.028722202912516044,0.39569897807322163,0.821360735529062,0.6411899313501144,0.32715463361292274,0.22817856198466313,0.04655716258524712,0.6108286922363357,0.7516666666666667,0.29051276633651846,0.35156186612576074,0.7387696393007305,0.41014330383883946,0.204996034892942,0.473783161181718,0.18447722330806976,0.39055206729623115,0.3936442849820605,0.5141973634723779,0.3192840674598747,0.23283395755305872,0.2873859943840634,0.3087170549528963,0.22953367875647662,0.7809913491989218,0.3306172772043253,0.33831589436970605,0.4638040729041211,0.019420895666795102,0.00679888051054371,0.4206138495769415,0.418713051386994,0.3095682855956828,0.3271119869936174,0.34122454558260623,0.0
0.1893886656017305,0.03664695979014135,0.3676925925864025,0.5141533710756564,0.11577531218880677,0.31276847079037795,0.22291769955379276,0.4046995383389987,0.042211091753774674,0.4672574438890664,0.31864585670420476,0.14577242427786222,0.4896219421793923,0.3811588296560763,0.20088798491913884,0.4820417609823691,0.4361556064073227,0.7548846204537545,0.5421764946272747,0.1679315459868454,0.042978209876496316,0.32962500000000006,0.2657955952853346,0.3720081135902637,0.25049789776499237,0.6793619964800901,0.38778747026169696,0.2825047921008792,0.3024531855953918,0.42546550137382855,0.5540748334187595,0.42851698005211186,0.030023096582965893,0.19943820224719105,0.6412935910399841,0.7753022561781688,0.48549222797927466,0.450838466614683,0.4984520125700915,0.5714997508719483,0.3520699251294976,0.0,0.0,1.0,0.41035698044565705,0.19442714819427143,0.5839302846518748,0.8398422849680156,0.0
0.45970466115910674,0.4206569828902549,0.4287571118690234,0.21307256819351522,0.5549203357826589,0.23883161512027495,0.4675260287555777,0.2220918231684058,0.3080720092915215,0.35587571612732916,0.5372508706707426,0.29049234007718405,0.25277983691623435,0.027729878708587966,0.22016073023117377,0.7384192281139028,0.31624713958810075,0.11889414935278442,0.1246904973677252,0.11620804138249552,0.4412505955339422,0.22700000000000006,0.31442079267251605,0.42328600405679523,0.17838570480194738,0.40035716058636794,0.3394131641554321,0.5115308640031422,0.24266145195017763,0.37790909272227,0.406458226550487,0.4933902661059503,0.05080831374433743,0.05867665418227215,0.4679770348527644,0.5845710591900195,0.22849740932642487,0.6186282650995546,0.23170148223852072,0.4115595416043847,0.2896645559058474,0.0304601416757261,0.013526193075033674,0.3750058812588087,0.22328331059572534,0.20381901203819008,0.42874510314569214,0.44353244949220966,0.0
0.589247608026785,0.3777455855291493,0.4417414145500891,0.3552925030022302,0.19967002937019995,0.1553550973654066,0.32341761692282256,0.42619400487009595,0.21312427409988377,0.4848251999106181,0.36150269254578304,0.3834249405527619,0.4082036076105758,0.06499769010804579,0.248635777358865,0.715820947800933,0.632646834477498,0.5061940446469002,0.07517007620375492,0.14329428667950886,0.15492824846588923,0.3072222222222223,0.22136264339047007,0.29433400946585536,0.24208895773401204,0.3139799998945888,0.19376156489558544,0.4438442802625935,0.4976936074131582,0.378514565052422,0.21288228259012473,0.8600052497846723,0.05773672459244606,0.2280482729920932,0.5853888804501085,0.5856297110099482,0.37547495682210696,0.5540136747938074,0.17463534361151634,0.5635276532137519,0.4856931299459081,0.023850222918573253,0.0,0.378240343725137,0.24586933454600565,0.462570914625709,0.38916855704607567,0.43857747983090994,0.0
0.19528393415236822,0.41219999216945313,0.3882377598585738,0.40401441070509536,0.2966099419647946,0.24699312714776633,0.38423401090728804,0.2994102968393074,0.13675958188153306,0.5764815930835672,0.9547107566333831,0.6291661793942229,0.16123054114158644,0.032266631364247185,0.35082845520388933,0.3570618204900496,0.42013729977116704,0.880272819922125,0.3372917618211977,0.0702482760061662,0.19465806159376442,0.1276666666666667,0.048767376115505384,0.19610547667342804,0.6398539499889362,0.10558502756377605,0.27160983346550344,0.3693727825192801,0.6038929385102472,0.23318876395316912,0.27114300358790366,0.6707627189625173,0.0,0.2240948813982522,0.5269679880933622,0.13200743578978202,0.45233160621761653,0.3815104695031901,0.2897684520075129,0.3393124065769806,0.35160925878305593,0.03407174771817738,0.0,1.0,0.22373806275579813,0.22208385222083854,0.41546981637071395,0.43654957441752407,0.0
0.5376952411989835,0.2392754133876251,0.5426507267654368,0.34945959855892955,0.3853631289182917,0.47164948453608246,0.6152702032721864,0.5439407595531064,0.48403019744483156,0.18863799760603944,0.4364907647030102,0.3821775230967138,0.47034840622683477,0.0517544192267304,0.10943545986705033,0.7816011940621603,0.5644736842105262,0.5366654290618779,0.34709968989639167,0.15192413815328823,0.14860828609069007,0.5470000000000002,0.2593475567870677,0.5021501014198783,0.5382413144500997,0.48525936377391343,0.5467882632831085,0.2830864406781965,0.25779286669083823,0.4405371085680745,0.5269092772936956,0.4373317010141554,0.24422632600245997,0.20162297128589268,0.4927773271707499,0.525744859879588,0.5523316062176166,0.42009253377470934,0.3127731566546899,0.6676631788739413,0.2656735026629016,0.002793883320152809,0.005796940070898589,0.2646997517368218,0.21646202819463387,0.13200498132004976,0.34250961379987854,0.5057845068861124,0.0
0.16394279510124024,0.249220208031531,0.4296133024377821,0.39938239835306233,0.06932752748842591,0.13487972508591067,0.45413981160138817,0.2742578773082871,0.3368176538908246,0.6472259048101779,0.3914790059659513,0.7952286282306165,0.3276501111934767,0.0244148381490831,0.22760194463736488,0.8411629929424358,0.5647597254004577,0.7367292699624766,0.14949878602851033,0.05450280135576802,0.13207970524544893,0.5333333333333334,0.11949059041592873,0.4638539553752535,0.2631113078114628,0.006661431247573152,0.15979381443298962,0.4264236737033887,0.3659491068575797,0.04202754400477915,0.13275243464889802,0.41243516085137943,0.0,0.29307116104868913,0.6342069422332988,0.2300458768387904,0.7082901554404142,0.13601465734637225,0.2648342743825922,0.41205779770802203,0.9999999999999999,0.1552308768523033,0.6948455458469703,1.0,0.48158253751705327,0.37982565379825656,0.4070825085186562,0.455988758473049,0.0
0.3235074058199541,0.17738799055113996,0.39233448317570063,0.339166237776634,0.105098688622839,0.17557989690721648,0.13051561725334654,0.29623898071258586,0.1885525551684088,0.4944411975110162,0.496131957904116,0.40077183955092965,0.3250555967383248,0.03800685018263527,0.23292241293779148,0.7123851816329698,0.4700228832951944,0.9166263665708159,0.5709512247890576,0.05415442464851713,0.08578535324409861,0.2546666666666667,0.1692733894401275,0.24478701825557814,0.24419119274175713,0.06616807596916222,0.3394131641554321,0.3377148482260767,0.37975258354622465,0.1846415651293526,0.3854433623782676,0.3695168065880166,0.0017321015903534027,0.2094257178526841,0.6755803391918505,0.2623360492975849,0.23886010362694304,0.7970056239688137,0.2916370637797906,0.3044344793223717,0.36256272690101227,0.0,0.0,0.3546006054373113,0.3681787175989085,0.2634391863843918,0.3879634097371623,0.4176936515699924,0.0
0.12780714088554548,0.3476762851885204,0.41540920767569056,0.21255790015440051,0.7482543621368565,0.10609965635738833,0.24045612295488344,0.27106353969380476,0.1434378629500581,0.8835094938810251,0.5766383236764892,0.18524149222313172,0.11415863602668648,0.023874211528707653,0.34308959222145063,0.6978915061561548,0.13318077803203665,0.6630647419180717,0.30527176134041695,0.0692011006384744,0.23721149246981396,0.014666666666666682,0.1889158576824756,0.1039350912778905,0.050674928081433986,0.14572516049987924,0.2902458366375891,0.5138502148365656,0.3272295111787254,0.2521994079192931,0.35417734495130704,0.605562484487859,0.010969977005970064,0.2262796504369539,0.756815357056506,0.4104321164594518,0.2735751295336788,0.8299483244597219,0.2671087514485255,0.40159441953163927,0.3143282417421832,0.005724053306797216,0.0004294029490880225,0.3554950209361939,0.15552523874488408,0.20921544209215437,0.4025863547059383,0.4222189705990723,0.0
0.15790455069234843,0.14282917661798677,0.3811307481278963,0.2048378795676789,0.6413944772031875,0.09922680412371135,0.10262766484878527,0.36836228613716143,0.14140534262485482,0.5811824079352726,0.5554684271102468,0.3078002572798503,0.2605633802816901,0.03403238447416371,0.32701656910407784,0.7804146295539782,0.3459954233409611,0.8038825152385274,0.36238851895478263,0.0580683215846609,0.07970062283492166,0.20700000000000005,0.18834672962406102,0.1584584178498986,0.3421110865235673,0.11884710845610727,0.244052339413164,0.19033034203953036,0.5771945826896674,0.718225524434014,0.17862634546386466,1.0,0.07736721003090045,0.11708021223470662,0.6572490800313993,0.460671533672611,0.32389896373056987,0.592687909827327,0.3621354213486943,0.27098903836571997,0.3589202281975895,0.0,0.0007156715950549239,0.36622190317655545,0.1450659390632106,0.21295143212951428,0.4203805820428211,0.45369073677346405,0.0
0.20392602251448577,0.3401589601033631,0.41180135077154245,0.3731343283582089,0.7764099777280382,0.18084192439862545,0.060981655924640554,0.2709452253872408,0.2195121951219512,0.5221795537035863,0.709823743573238,0.5150274821658284,0.17963923894242656,0.02933599817706655,0.2648080166683203,0.7443060124404652,0.30678871090770404,0.7011518076294803,0.44835212384913103,0.07978774706879443,0.4866850420289702,0.1956666666666667,0.21117297678097063,0.1490872210953347,0.2332374419119275,0.19257427707308902,0.22204599524187135,0.2973053771081681,0.3545568777422638,0.20545874857654634,0.21168631471040497,0.7122146816162848,0.0034642031807068053,0.21941323345817734,0.40936607529630864,0.2551279488738284,0.25906735751295334,0.6464182724006214,0.3524387420444797,0.21425012456402598,0.2705236465861307,0.006337344818981009,0.0011450745838676056,0.3803916015982524,0.19781718963165076,0.2565379825653797,0.45163809430348884,0.4184824961816628,0.0
0.34771870557164886,0.3066050663638855,0.44925526371570473,0.42511580030880086,0.378706664755704,0.2164948453608248,0.01933564700049578,0.2783572312322139,0.3281068524970964,0.33977256721141724,0.6516757961239678,0.6427318442287452,0.4058098591549296,0.021963652017148415,0.17938287528524657,0.8253278202728245,0.7302631578947367,0.6744001377925776,0.1852688766556889,0.06306482907333541,0.21255771669959125,0.6466666666666668,0.1582610682700567,0.3746044624746451,0.2117863465368445,0.18275409236674275,0.24623314829500387,0.44603711448850214,0.7086594964314943,0.42476904198606313,0.407483341875961,0.49974975771782165,0.005196304931299316,0.42790262172284654,0.2430861717768545,0.311698673788535,0.45077720207253874,0.25607869471000005,0.35221113032098345,0.5640259093173892,0.2990493058166951,0.0,0.0,0.503468609357749,0.44201909959072305,0.28019925280199254,0.41342757489938914,0.4214422804097156,0.0
0.08575000378929004,0.4460279550526604,0.4190064030608093,0.3638703036541431,0.53784935281758,0.43628293241695315,0.24442240951908784,0.2573908360047807,0.3391405342624855,0.6161431391301357,0.1085230257581492,0.15296456554788915,0.37262169508277737,0.45136955989880806,0.21906935211826575,0.44137024007143627,0.3107551487414187,0.6188059911054914,0.3690232938291786,0.18521841811371545,0.16998883407839097,0.23255555555555554,0.18512126436701176,0.2802704530087897,0.28855941579995587,0.27443801051836314,0.09014010044937874,0.5628841336565692,0.16406905436771768,0.055687854557473326,0.45002562788313694,0.3476425561662062,0.0011547344469819711,0.19600499375780275,0.45842893596515255,0.2509120408844002,0.3008635578583765,0.6293910328603664,0.5272510188900865,0.5645241654210265,0.378498658728487,0.013969415692981083,0.11822894518315333,0.4013508387421788,0.24465666211914508,0.30344541303445405,0.4230105127077973,0.509504306179114,0.0
0.35085921757478733,0.4351434947731099,0.42528987319100703,0.4566392177045806,0.32618697596725177,0.35609965635738833,0.3529995042141796,0.39616625436735964,0.27177700348432055,0.4768404305819363,0.4865536638300988,0.059408256344287175,0.5520756115641215,0.044664796879914426,0.46214902272050806,0.867976024801256,0.5917048054919909,0.7839567349154082,0.22651986826606413,0.06665177478855583,0.2236822979390505,0.45666666666666683,0.18563112675813326,0.4268559837728195,0.26842221730471355,0.11757752656463002,0.3346550356859635,0.41389994971959665,0.5913125647497914,0.40465596349880373,0.5304971809328549,0.27193689729606996,0.0,0.23127340823970036,0.49802895283023824,0.26795165016306965,0.5310880829015543,0.30650849040092065,0.33821978869128333,0.5052316890881914,0.9999999999999999,0.0,0.0,1.0,0.44065484311050473,0.6039850560398504,0.419693414928093,0.5218183316564662,0.0
0.19694102864740512,0.39058768254962606,0.42888049645643805,0.35203293875450353,0.42655861131036305,0.36426116838487976,0.451165096678235,0.16668058875564806,0.43089430894308933,0.49783341415661553,0.3749320352706229,0.41539001286399246,0.6556708673091179,0.8030604728061246,0.45262426828058355,0.5988027057692085,0.3734553775743707,0.7227882898389758,0.2247890574292652,0.2785477987691637,0.056874820293398555,0.40575000000000006,0.2985369741202954,0.4583367139959432,0.45198052666519156,0.567857359640835,0.5101605868358443,0.43265536123529236,0.21187448657504604,0.2612939347343567,0.5925807278318811,0.49331912042280013,0.0005773672234909856,0.47428995006242197,0.3820539434763043,0.49751913115889596,0.7124352331606215,0.3220634041537353,0.808015984431297,0.7169905331340308,0.9999999999999999,0.004633757554109868,0.13189827542148358,1.0,0.5093224192814915,0.5483603154836031,0.34139382792731177,0.49888610347992723,0.0
0.39988510929931315,0.3777455855291492,0.460457777060157,0.5126093669583119,0.327484487562969,0.2813573883161512,0.44323252354982656,0.3102906257356649,0.25871080139372826,0.2575167021301485,0.6334783287452459,0.6235528008420066,0.4592290585618978,0.02965406569198916,0.29219168568310355,0.8811782813878211,0.4755148741418765,0.6937658926531295,0.20632707517007626,0.06676937879177097,0.1670663291334229,0.522,0.14624449460244238,0.3620689655172414,0.15855277716308927,0.15730930291542397,0.15781126090404435,0.49315765644355297,0.7027187334804734,0.41120788643143624,0.38493080471553054,0.4474485224074145,0.005196304931299316,0.20599250936329594,0.4819679204568558,0.3340146448081709,0.3326424870466321,0.6015808796492839,0.37208836066212586,0.7703039362232188,0.340366071625564,0.0,0.0,0.4130118834728308,0.3997271487039563,0.23536737235367367,0.3824001896986584,0.4191345537474418,0.0
0.29711576720859867,0.19560706315336124,0.3802691656825218,0.27695573854863614,0.643731837032091,0.4149484536082475,0.48438274665344594,0.356395360008523,0.3870499419279907,0.6038155287912359,0.6523235269208755,0.31201029119401247,0.33283914010378063,0.03240068715698966,0.3463637265601748,0.7340549933047285,0.27814645308924485,0.3521954371024477,0.16457126373230127,0.1372065578222597,0.15929988083139465,0.5350000000000001,0.3019118326523058,0.4719675456389454,0.46853562735118404,0.4498099553668412,0.3489294210943694,0.3075859818056015,0.4582750844252467,0.5668556373510418,0.6376217324449002,0.197249462303129,0.18475750638946392,0.15917602996254682,0.4433968515011277,0.5279512401386317,0.5347150259067357,0.36440170577449754,0.2993485262281685,0.39960139511709014,0.21689533869572256,0.004293039980097912,0.005510671464656346,0.2592503708512762,0.4029104138244658,0.5085097550850975,0.27806164180150567,0.47300420670576415,0.0
0.33461539794980644,0.27448677290108714,0.41942788163396727,0.3602676273803398,0.17422019115372156,0.15490764604810997,0.3777887952404561,0.3587437216604012,0.4202598722415795,0.27417013772358556,0.5550361503402946,0.6590457256461232,0.24759080800593042,0.027323725004580322,0.14905992658001788,0.9589964871902898,0.3615560640732265,0.6866692574279741,0.5046034760450973,0.04110078650676529,0.09092318760227441,0.37629166666666675,0.029101792403759943,0.28113590263691685,0.2880061960610757,0.19378192699537886,0.13164155432196661,0.8127363507193059,0.6654668692605104,0.36450858915924345,0.29209379805228086,0.7130195350336638,0.0005773672234909856,0.34156523096129837,0.44503377254583054,0.3231696344196952,0.32571243523316057,0.4566682324339371,0.12261578640002183,0.3342052815146985,0.4213817144251923,0.0,0.0,0.49097505687125015,0.49312187357889936,0.2590805313408052,0.37940267792216614,0.41951693352953,0.0
0.27648178646587085,0.35519361027367763,0.4772645684082664,0.26556870818322187,0.3874432788204411,0.2560137457044674,0.6078334159643034,0.2953506146304517,0.210801393728223,0.5087390209665031,0.5515182865603853,0.3101391650099402,0.5370644922164568,0.28515878194057376,0.15944042067665445,0.6160001398058428,0.4054919908466819,0.8358605125874732,0.13017139835092192,0.012432975669847596,0.12047045956265634,0.33300000000000013,0.38344114673674673,0.3246247464503043,0.32119938039389256,0.546010164942465,0.3647898493259315,0.4089813562625217,0.39733016441794206,0.625821899008165,0.5879036391594055,0.5786783188927488,0.02309468829868299,0.21254681647940074,0.43179628657330077,0.5395078775180167,0.42176165803108806,0.2687723997845817,0.48138200806468384,0.5166915794718486,0.37551241130356816,0.0018398743852542196,0.0,0.4017561550645545,0.31150522964984084,0.2685761726857616,0.4520142230527103,0.4259487266265378,0.0
0.18702104341030718,0.3718335225715516,0.40992948437251575,0.39044004117344316,0.28495488519185996,0.15506872852233672,0.4343083787803669,0.28471014245251697,0.15272938443670148,0.4982343213435003,0.9999999999999999,0.7072856975792307,0.13922349888806526,0.030813299549458863,0.35231669808512767,0.5707659030085692,0.3189931350114416,0.870973079421564,0.33815716723959716,0.0716739966395688,0.19306680989520822,0.17100000000000004,0.06365415155250563,0.16949290060851932,0.5838404514273071,0.15789756271524544,0.2605075337034099,0.5151905083237872,0.6194786123039411,0.2782239383339491,0.3331624807790877,0.5509064487790185,0.0,0.16448189762796506,0.6656978546781942,0.13758895294887974,0.4222797927461139,0.3845701325175531,0.3064043584430318,0.33233682112605883,0.35160925878305593,0.035162043470864726,0.0,1.0,0.2005457025920873,0.23578248235782479,0.42106623216392,0.4456658661622243,0.0
0.19291319958567374,0.5483340511334716,0.3711763410069989,0.7817807514153372,0.2355257628454297,0.3041237113402062,0.1968269707486366,0.17365996477850415,0.497677119628339,0.33925540823596295,0.6210384658734472,0.3606595719798855,0.7599610822831728,0.012009243962665797,0.41065581902966575,0.8739646569326223,0.7350686498855834,0.6789333158118013,0.11686579004302988,0.012927067884255107,0.3636385451707266,0.2810000000000001,0.10718148934694209,0.5063691683569981,0.42264605001106453,0.23878073795087187,0.23830293417922271,0.41397822192796513,0.6197232408346434,0.43444805142383347,0.4777037416709381,0.34559782695050695,0.0005773672234909856,0.10736579275905118,0.47875755657983854,0.32285769625899613,0.23626943005181344,0.4040507365025868,0.35399725252552205,0.5789735924265073,0.26181605415073894,0.0,0.0,0.32993221480610296,0.3645975443383356,0.31828559568285586,0.39965775383752106,0.44705188600916285,0.0
0.3303428265960425,0.1454393589392219,0.20974700912486147,0.34071024189397847,0.32329128314386074,0.2276632302405498,0.2835894893406049,0.28060756042329527,0.10975609756097564,0.4580461830468588,0.5662648422507671,0.2680388258683195,0.4766493699036326,0.03056754493024285,0.26004563944835807,0.490111884135532,0.3263157894736842,0.6271717548969907,0.5749897834082551,0.05672654105653326,0.14715423317812523,0.5206666666666668,0.1445627667390767,0.2152535496957404,0.2890019915910601,0.2019936177908432,0.23473433782712116,0.2948996133704135,0.42518170660061244,0.4502023939663613,0.26550486929779604,0.5321477322651107,0.006351039218042179,0.2175405742821474,0.3788227595682165,0.4979831455476938,0.3471502590673576,0.42541079010352306,0.09373357977237487,0.4260089686098655,0.4249896432326676,0.02166963141319856,0.0007156715950549239,0.38217093770616456,0.20782173715325145,0.21876297218762963,0.3990525638410889,0.5143762399703972,0.0
0.6469605151967436,0.19834775459065815,0.39663733600653533,0.43232115285640765,0.4962054411509777,0.247852233676976,0.46901338621715427,0.4213491709984025,0.14576074332171893,0.5540751407851913,0.39218408451815767,0.6202783300198809,0.20603224610822835,0.05605802127704825,0.23266197043357484,0.7902202054770067,0.4179061784897025,0.5539443740265338,0.034688333854179194,0.0788535750818127,0.11735088528445156,0.29133333333333333,0.2639405530446288,0.28762677484787025,0.195231245850852,0.23743598313849315,0.23195876288659778,0.45220854409187117,0.35693320675786516,0.4084369126324797,0.32444900051255776,0.41613319905162094,0.04445727644916454,0.3639200998751561,0.2948701868454855,0.6403621256958814,0.610880829015544,0.2144300088583303,0.2270640245858057,0.44444444444444453,0.1917183589727037,0.007700214509840193,0.0005009701403732422,0.8445375795829524,0.3287858117326057,0.46782897467828966,0.3912540239587577,0.4619945604405874,0.0
0.5368788175306282,0.24901139344583217,0.5364503233798815,0.42923314462171913,0.6672133570963565,0.4682130584192441,0.5523054040654438,0.45033228963769123,0.29036004645760743,0.6016585457607279,0.640789945370771,0.18570927376914984,0.36508524833209793,0.047865730476552105,0.28623871415815066,0.8859674771020956,0.12082379862700227,0.4094827956059224,0.30094473424841955,0.07539854536794949,0.07839914101007908,0.3135833333333334,0.22891262254962275,0.31322515212981744,0.2969683558309363,0.48673361697220485,0.3189928628072956,0.5514409526327878,0.5363782448089631,0.6038886044883782,0.2705663762173245,0.7750071079034947,0.21593535007830128,0.2506242197253433,0.59273376249028,0.5783444675140799,0.4871113989637305,0.4096556210905927,0.2099964256616418,0.33202541106128547,0.6179906919583795,0.0010221524194415487,0.0011450745838676056,0.2867059539203697,0.21782628467485224,0.27646326276463257,0.32933841848911366,0.4742326157430433,0.0
0.38361313861606877,0.2427469558748679,0.4092323005068334,0.3058843712472123,0.46618595032387006,0.13817296678121416,0.202776400594943,0.3190149625706766,0.2826171118854045,0.44137545609171147,0.47851580818147077,0.23030444782286671,0.2552508030639981,0.04406841330153875,0.20795713860502038,0.7634146900613457,0.5145690312738367,0.9245223251662287,0.48114137359071124,0.03750578261701336,0.11145305545077713,0.10588888888888887,0.3453496625567524,0.14504394861392836,0.15335251161761457,0.1414410787450315,0.10415014538725868,0.8361110846909514,0.6834987489105828,0.6364416462389008,0.2057064753118059,0.9150377269008224,0.0,0.12421972534332083,0.8108911387476206,0.328197363597262,0.23488773747841107,0.8478227262546114,0.24704541659480106,0.5572164092343466,0.31920731301803346,0.0006814349210781724,0.0,0.3848924659355729,0.4474761255115961,0.29154559291545573,0.40170365435496924,0.5239455592167572,0.0
0.1621786191380149,0.2897302376571004,0.43882863248376414,0.2012352032938755,0.7309135250048537,0.15420962199312716,0.21219633118492814,0.2643094514404748,0.16492450638792103,0.6788007438212558,0.44341006210569567,0.16793357502046544,0.4010378057820609,0.023832972192966324,0.23147137612858426,0.7922782076139316,0.33135011441647605,0.6585826969693641,0.11920959638452852,0.047207210706802026,0.1698198182027705,0.18600000000000005,0.11309565139405674,0.42231237322515214,0.4101571144058422,0.03881219929731161,0.28469468675654225,0.2895998086056148,0.5041235877002619,0.27234710517742944,0.4008200922603793,0.3177626985799932,0.0,0.3074282147315856,0.3627514513273502,0.21083395400810956,0.3870466321243524,0.5851387148242633,0.37700204464838066,0.4299950174389636,0.3527559996225663,0.0006132914365352131,0.12903558808787208,1.0,0.398362892223738,0.30469074304690735,0.3886879549774733,0.47026861125607194,0.0
0.6225953086669702,0.22833874946164992,0.6043865127147254,0.2928461142563048,0.7173508275260467,0.31872852233676985,0.6098165592464054,0.4469200973908749,0.21167247386759586,0.3744544823272396,0.6375552726812893,0.5730323938720618,0.2613046701260194,0.05041059311419995,0.39160631014981656,0.7890373052348645,0.2141876430205949,0.980553959568793,0.0756508569917546,0.03894129964782412,0.4296346964647415,0.23600000000000002,0.10104780264094858,0.12146044624746452,0.23423323744191202,0.10309786503622345,0.36478984932593167,0.3498953161312278,0.5364481613750618,0.3686435615259612,0.49103024090210157,0.205003421066766,0.008083141289112904,0.17322097378277151,0.5091282794393316,0.2176013291591531,0.4088082901554404,0.3583444076989014,0.3158746069454516,0.3542600896860986,0.5678030289422722,0.0025213092306838117,0.0,0.2703909502797129,0.35334242837653485,0.28019925280199254,0.4729117591561103,0.44857895008296245,0.0
0.06043579500035487,0.14001017971105284,0.4280309463272382,0.2523588951792761,0.8119838649854119,0.12242268041237117,0.14493472153363085,0.18292498801287166,0.06736353077816493,0.46198948765311704,0.6292214770227101,0.7570264686391456,0.07783543365455893,0.7679168871199966,0.050004960809604135,0.7236115532241221,0.3211289092295957,0.6087283214658274,0.06843914517175893,0.2694325013227587,0.023171927591156,0.05700000000000003,0.1434279603839897,0.11194050033806627,0.08209780924983406,0.5107462707205781,0.0972772931535817,0.8222623744448427,0.10993849685977292,0.16497620375022437,0.4097044250811549,0.4599924578523157,0.04214780787567882,0.08239700374531835,0.8381992535066947,0.27935903320725364,0.3758203799654576,0.5892125223684199,0.5874728645993585,0.13469523334994182,0.9999999999999999,0.0,0.0002862686459669014,0.599435893931115,0.2388964680915567,0.18666113186661126,0.42836983786822996,0.27900043821269094,0.0
0.12349322714190658,0.271354554115605,0.41864974289003165,0.18836850231600621,0.2015719995487269,0.12714776632302408,0.25235498264749634,0.27327305034293387,0.20412311265969801,0.7321766298997371,0.36154105664632696,0.46076482282773956,0.2705707931801335,0.021026620344916064,0.2603432880246057,0.6143467102219493,0.4077803203661328,0.6350681351471723,0.3522921224067887,0.050484167044441815,0.17495712624829013,0.4493333333333334,0.035886461544831924,0.37947261663286,0.4058420004425759,0.039600435030999026,0.2517842981760506,0.3553660074501598,0.49601620570661403,0.38203755922944027,0.36494105586878534,0.6646648132893854,0.007505774145741473,0.19818976279650438,0.354442503017821,0.1194079219917287,0.42331606217616563,0.38981359987566244,0.40189246256358613,0.47782760338814156,0.9999999999999999,0.0020443048388830974,0.13082477148494656,0.4008640557569531,0.32241928149158716,0.266085512660855,0.4183827517365567,0.4842832689119857,0.0
0.6201177290150193,0.44540151129556405,0.6010501998179852,0.42717447246525997,0.3247110571431615,0.37929553264604815,0.405552801189886,0.3752631257561989,0.5734610917537748,0.3098796379667932,0.6035137619906125,0.5159630452578645,0.5244625648628615,0.031157288932561734,0.14366504613552938,0.7418537728598527,0.5089244851258581,0.8078161506767099,0.12353662347652591,0.09757358362990157,0.34719117536137406,0.33066666666666683,0.1485486875590607,0.36162271805273843,0.22693073688869222,0.2094914710369852,0.11379857256145907,0.4350189413066605,0.3086035790687439,0.2523511321620253,0.4197847257816504,0.3620076917723259,0.22344112422404275,0.25249687890137335,0.60077278650283,0.18700160654102532,0.23989637305699485,0.3124409013328005,0.21778267981777888,0.4608868958644744,0.27122359873537294,0.005042618461367623,0.0015029103416704084,0.2738999570013883,0.4392905866302864,0.3096720630967207,0.4286441276760095,0.5278067490626839,0.0
0.20829113420456155,0.4100074390196156,0.43722508325113557,0.43935494939097613,0.4292355332678307,0.37643184421534936,0.30424723186250197,0.25945051584565126,0.33507549361207895,0.3967189306344358,0.5194913271662951,0.3085798931898802,0.26809982703236973,0.02793044636847447,0.2573668022621292,0.7151051005455811,0.429443173150267,0.6815373269555642,0.5501814947474699,0.0759567132954912,0.3068220015909637,0.44900000000000007,0.21403301518043383,0.5602434077079108,0.4195618499668068,0.0721322091186232,0.24530795664816268,0.3088184041209579,0.37604835620392935,0.09945229685334839,0.4650606526567572,0.1260586815729201,0.0,0.18622555139409072,0.4368534430244825,0.26409694446456977,0.4093264248704663,0.5509529650789875,0.35541173429682693,0.47749543265238337,0.35324688864985054,0.0038160357395943577,0.0,1.0,0.2401091405184174,0.3507679535076793,0.41883917744133636,0.48562332586316403,0.0
0.20267943921487402,0.5002153400415018,0.3826952868737503,0.2955910104649168,0.5635038934226974,0.16852806414662092,0.20343744835564354,0.35751372859291664,0.29907084785133564,0.5165815708120784,0.16647485380855798,0.35379877597162135,0.33185075364467503,0.4225760234710562,0.2905050104177002,0.6194413553950961,0.4111365369946605,0.7786404257840985,0.31786821798600934,0.029776970618345187,0.03125259944455445,0.3243333333333334,0.1044305935592401,0.3517511832319134,0.3339234343881391,0.5279237292069957,0.34512952683055753,0.3801771828112752,0.21669696185904336,0.26266078258367154,0.5033316248077907,0.2524959662465376,0.12471132347883503,0.3401997503121099,0.4391959635480469,0.40276547543914515,0.5208117443868737,0.5587087634018414,0.5219388831741908,0.4809832253778442,0.359807391140108,0.0,0.0025048506224168926,0.42441014200721616,0.45960284978020316,0.458419814584198,0.47540430227712344,0.3778195126607946,0.0
0.12169592354338761,0.5447711522649856,0.41444874560223127,0.5713244124206553,0.37231573696648834,0.38588201603665523,0.38092877210378445,0.2778738649393769,0.30429732868757253,0.8158802478912306,0.1333572852762394,0.35223950415156124,0.489591055102545,0.022170592637990982,0.23415021331481303,0.4063692178351667,0.47063310450038126,0.6263174657998342,0.47856919637491285,0.05299392943018937,0.16976426739147665,0.31988888888888894,0.094950204161083,0.2707505070993915,0.45488493029431304,0.14803627001873723,0.26460481099656347,0.5507940063171486,0.2521316905535688,0.16134147024827689,0.3868101828122331,0.5354390232429844,0.021939954011940127,0.1695796920516022,0.5777287875411772,0.22657899442084573,0.4594127806563039,0.34935591150311984,0.4328267502711849,0.30476665005812986,0.35979126049623406,0.016763299315728213,0.0813718597459851,0.3861111382918521,0.33560709413369716,0.4686591946865918,0.44479102702873125,0.4468238915605492,0.0
0.5001282055065648,0.5522101718805057,0.5149152176023528,0.8250128667009781,0.03565421091278054,0.33247422680412375,0.38423401090728804,0.4551570752765006,0.25813008130081294,0.4295906894246553,0.546082284555195,0.5047362881534323,0.5681986656782804,0.0563824961548754,0.2886199027681319,0.7316660797577301,0.7826086956521741,0.956635094730681,0.4538330248323278,0.031137812555219496,0.17573074627028412,0.29200000000000004,0.18260688383119966,0.646896551724138,0.5369550785572033,0.1888678905289292,0.3877874702616969,0.19381238288378166,0.7964076471085271,0.5657193438674437,0.5802152742183495,0.25231280792830035,0.0011547344469819711,0.2880774032459426,0.46124496354044614,0.529933024921972,0.3823834196891192,0.5162807435874069,0.35815825200953855,0.4160438465371202,0.36815086201686475,0.0,0.0002862686459669014,0.4033182454039859,0.3551614370168259,0.3574097135740971,0.40905673693472094,0.43732393655720087,0.0
0.550066864852027,0.32585516098299455,0.5101812215710992,0.3051981471950593,0.46872469552982476,0.24441580756013748,0.33415964303420936,0.3176686302873677,0.31329849012775846,0.23916438128352396,0.605811276538105,0.3770319260905157,0.31022979985174215,0.029648939801665525,0.2829645798194267,0.7743217067737811,0.4791762013729978,0.8584778616614691,0.11257482151013248,0.08972391082184039,0.37535768096395494,0.5156666666666667,0.12417788704685785,0.4774847870182557,0.3673379066165083,0.16692601363505785,0.11260904044409194,0.6159176261179762,0.38548363652427114,0.24573215613683008,0.23475140953357257,0.6565042575051929,0.08891455289832909,0.3361423220973783,0.17796308687430884,0.15695330899411042,0.37409326424870465,0.5936398989990442,0.2640869696347717,0.35276532137518685,0.47043672696391786,0.004088609677766195,0.0,0.3965460311496374,0.14643019554342887,0.2528019925280199,0.4210426667683655,0.5186684407154948,0.0
0.12279237771488305,0.1051642457225637,0.22858861780134238,0.30172413793103453,0.4814431377365335,0.3088487972508592,0.21665840356965793,0.2021245690048044,0.16376306620209055,0.14178014974869357,0.5872015715580267,0.5674190153198457,0.231977390659748,0.006671474188458329,0.4960809604127396,0.6522134233903443,0.29376430205949655,0.7646142620122888,0.20950022837087431,0.09899110438582079,0.1734667081103127,0.10266666666666671,0.26652620111343545,0.1798782961460447,0.2562237220624033,0.2434611796131461,0.3628072957969864,0.3158423465092894,0.6572896501514072,0.5591697953361059,0.45822655048692995,0.42266564353880154,0.02309468829868299,0.2409488139825219,0.5779844981004185,0.45081156789775195,0.4549222797927461,0.40880353758734694,0.36527024361198246,0.8470353761833583,0.5759649623383167,0.0012265828730704262,0.000930373129185924,0.3355688816007293,0.15848112778535697,0.08437110834371103,0.38018493824612304,0.35818791174644193,0.0
0.10767484844344132,0.39726974929198805,0.4209312795770294,0.6525990735975298,0.18492995391455191,0.31572164948453596,0.593455627169063,0.22280319563522788,0.08042973286875726,0.6302373104730238,0.15699521250978676,0.3349315869488949,0.12083024462564866,0.703660652532009,0.07609881932731424,0.5976447977005697,0.557437070938215,0.6517705694449307,0.4446020337027334,0.4059354272330597,0.09412489644612296,0.15600000000000003,0.25133944100566835,0.10620689655172416,0.3255144943571588,0.43256070462804475,0.2993655828707374,0.374772321814209,0.19485601974284927,0.13969571572527983,0.34700153767298836,0.4990487301949374,0.0,0.13857677902621726,0.5090462184106482,0.4484174467642255,0.47823834196891196,0.16951138444042463,0.6336242031870918,0.4319880418535127,0.29695264359246815,0.45996858209162184,0.856873626556454,0.4033182454039859,0.38108231014097316,0.278123702781237,0.4571604831748087,0.4980613483802351,0.0
0.16851094898521093,0.462628714615716,0.24233954756755138,0.3129181677817808,0.3152660688555188,0.4540914948453608,0.48710956866633615,0.061264665360668005,0.462434668989547,0.47469429844855615,0.5088117930940045,0.2521927259969594,0.5122312824314308,0.12819652060606673,0.4733108443297947,0.664165789435113,0.3144164759725401,0.4933814600567416,0.48588908387220847,0.7966829419631435,0.08615933314279822,0.43929166666666675,0.386539363297203,0.41062880324543605,0.5064173489710116,0.47825875052299116,0.5146708961141948,0.5380196646531276,0.32736930458560115,0.6702253876684994,0.8253459764223475,0.13201380077355768,0.04849884517085171,0.6318664169787767,0.19712614635591796,0.3688490087047236,0.5700777202072537,0.19240204227183638,0.25851842082721627,0.08395615346287989,0.08102095256063924,0.0002044304725410227,0.0019323134099324085,0.6329807332137659,0.43184402000909494,0.5474782067247819,0.9265180212282571,0.13470589368497482,0.0
0.7348703820696011,0.4789162523002233,0.6515006259481144,0.5002573340195574,0.40063439153947267,0.463917525773196,0.6058502726822014,0.3750699066642731,0.29036004645760743,0.1294756104773891,0.5500471121068224,0.4364401824348031,0.4722016308376576,0.030879798515872206,0.22313721599365027,0.7657768262795901,0.3775743707093822,0.38389759759945286,0.13420995697011953,0.09546830287349461,0.4346441204652411,0.13366666666666666,0.3103976268200715,0.18969574036511158,0.060300951537950905,0.5082538258984587,0.2549563838223631,0.5823199993189031,0.15704502162070494,0.3563020884284027,0.5269092772936955,0.5474920864865405,0.4924942258542585,0.30305867665418235,0.30658747004764664,0.35696112189757945,0.23886010362694304,0.6045693189541361,0.31519953524170374,0.5685102142501246,0.5629472887212246,0.010630385404267563,0.007586119018811239,0.5665656261971868,0.3333333333333335,0.4454130344541303,0.288131544146502,0.36349822383852687,0.0
0.1139629012603852,0.316745624681884,0.42402481696885463,0.3746783324755533,0.2338465794195722,0.20990836197021767,0.3526276648487854,0.1350254909086706,0.23606271777003485,0.18604099023926485,0.7363900314155523,0.6665497212801621,0.3901346676550531,0.20305287277066866,0.1543555908324239,0.7194305317169474,0.5456521739130435,0.6512326899075518,0.27781917834563336,0.14308159054870406,0.2587838565946174,0.19877777777777783,0.3805593769040342,0.24846517917511834,0.27992918787342336,0.7609001527651327,0.3777425323817074,0.34462276427163613,0.13419066668663526,0.234875396168856,0.18349564325986675,0.38749271215811965,0.3637413592919936,0.06408655846858093,0.47918085792892184,0.40861644937128055,0.21312607944732298,0.4506467228492431,0.4701683254903412,0.3117422355090516,0.6592309902547586,0.002589452715226771,0.0,0.46948939471213363,0.40306199787782326,0.35121765601217647,0.2508927711821662,0.24286287666758402,0.0
0.5226314308442249,0.14106730355115304,0.36138099602921886,0.5232887287699435,0.15297915866901185,0.3655498281786942,0.6157659890927121,0.41835905351889036,0.35017421602787446,0.5668815188830869,0.12694852809637108,0.3854519939188399,0.307218309859155,0.05319764546915249,0.20914773291001096,0.369997337300011,0.31418764302059493,0.5623692106009216,0.14603716435491235,0.0751514909947402,0.13712360769014093,0.1706666666666667,0.07507254273122523,0.1837728194726167,0.12813952201814563,0.25667245657017723,0.2141157811260903,0.44717172607278916,0.49318565736330094,0.3226551600014056,0.354689902614044,0.4412860259131262,0.012124711292712927,0.186641697877653,0.6963962397159189,0.5345596373235251,0.2963730569948186,0.4151889462034661,0.18554340802330505,0.16143497757847536,0.35791416786201047,0.023645792616241536,0.0,0.4004007046894557,0.14779445202364713,0.38646741386467404,0.36199002816820736,0.46392127248328663,0.0
0.11360058173982823,0.25809482792373045,0.4389653190618641,0.5367987647967061,0.497835097371471,0.429553264604811,0.21913733267228558,0.3227568463082663,0.19918699186991867,0.5507645242679379,0.5862095221365217,0.5931470003508361,0.25203854707190515,0.027019091450539462,0.3255283262228396,0.7815066747894364,0.5135011441647599,0.7036487260593405,0.3075795091228155,0.06359667803927718,0.0560611210661164,0.46845833333333337,0.017189362291969226,0.34162271805273836,0.2651028988714319,0.3266796220614492,0.4466693100713717,0.2035539386182374,0.24073944157559207,0.3779087603060888,0.38986417221937464,0.5725793701805219,0.6535796832112323,0.5482990012484396,0.33515451391992285,0.1433627328108389,0.6217616580310878,0.3019113804905919,0.27942714253674367,0.44014698555057297,0.3796002208363769,0.0,0.025549477079586037,0.2859700953271819,0.21464301955434298,0.3607305936073059,0.39410540835784397,0.43849421848528153,0.0
0.5470542861569256,0.3763882907221069,0.4169546839888518,0.5769428718476584,0.34808763808765886,0.21864261168384885,0.210213187902826,0.2778265052366956,0.3405923344947735,0.15569652460499459,0.48615777514064906,0.3045257864577243,0.3747220163083767,0.03102207207405803,0.21539835301121152,0.8592119460334415,0.7345537757437071,0.3823960829565317,0.22392365201086573,0.05146321163285916,0.38791800340771554,0.3263333333333334,0.3129483434690828,0.06953346855983775,0.3736446116397435,0.25531122099875014,0.2458366375892148,0.46731437296265105,0.27264469461774726,0.3825268283602289,0.36852895950794473,0.34290446006936876,0.2015011548291483,0.2724719101123596,0.3538049998690782,0.2935415949223063,0.3088082901554404,0.5392688270287131,0.36587435066904067,0.29397110114598907,0.31972173611760696,0.012061398730966866,0.0001431343229834507,0.3742106421234031,0.3792633015006822,0.27355749273557484,0.3346737631450161,0.3317555277354831,0.0
0.4357749436212381,0.1994440311655769,0.42197349926505234,0.4458311888831704,0.4399011686408213,0.12421248568155785,0.4182779705833747,0.2482660866879962,0.19930797522260932,0.3515502946667929,0.4424759901751545,0.47690328616536093,0.16160118606375096,0.06061698039045182,0.18873400138902674,0.759415566478618,0.43272311212814646,0.18175251702557488,0.25695329214644586,0.6300667217441636,0.38345733482947136,0.14188888888888881,0.4818782182358631,0.3296010818120351,0.14494357158663423,0.48729842338414986,0.24768702088289712,0.7005372489900632,0.16060945555612452,0.3868311430272856,0.28053989407141644,0.3926358870278543,0.07390300460684615,0.08905534748231375,0.42354765382677384,0.525176061467763,0.28981001727115707,0.7414775714481158,0.21610437139079952,0.3462879920279022,0.2713525731130412,0.007086923602845041,0.0013597760385492873,0.772581020469323,0.2789146581779598,0.20883492458834918,0.733575811233296,0.1555294291798089,0.0
0.1857495467822882,0.15340041501898907,0.41273071504471454,0.35512094698919205,0.32316953316411695,0.10781786941580757,0.08329201784828955,0.2907854366174613,0.07549361207897795,0.3252090269371118,0.8394240400263436,0.4294234592445326,0.12676056338028174,0.00028350323224743054,0.24516321063597585,0.698101966564606,0.4320366132723113,0.4806788069203817,0.25652058943724615,0.17786941962217764,0.14941922465913424,0.16400000000000003,0.1853360171997684,0.21070993914807307,0.12465423766319986,0.4357914968462764,0.30848532910388565,0.5311403209433271,0.432345532754501,0.6903815852832708,0.671450538185546,0.3782249200755805,0.12413394992589928,0.27777777777777773,0.4115032833808281,0.4334110283178311,0.43264248704663216,0.5974967097178553,0.4375197331127889,0.21973094170403595,0.0,0.0012947263576133855,0.006011641366681634,0.2698959477902893,0.4124602091859937,0.3383146533831465,0.4113059935058267,0.5665787519911678,0.0
0.6108082241891256,0.4485337300810462,0.5396906440013476,0.43952650540401456,0.29330269162261075,0.34536082474226804,0.4040654437283093,0.33721039044055656,0.28803716608594654,0.2549081686244716,0.5910414383212832,0.4270845515144428,0.40659747961452947,0.016527028243981425,0.16807222938783617,0.7198098302298566,0.5395881006864989,0.2953151553301267,0.3883506815067671,0.33160758110367566,0.6661623052204372,0.3896666666666667,0.1464257826805755,0.3100202839756593,0.31290108431068836,0.30460395051541755,0.4008723235527356,0.3933452118065704,0.18405788281276414,0.25440793353955793,0.23526396719630957,0.6395896828059181,0.03348729944319448,0.1676029962546817,0.7620714430081816,0.40149337972026605,0.42901554404145087,0.6194487158468268,0.24969627964969437,0.3826606875934231,0.33637915830505694,0.01260654660731054,7.156716149172535e-05,0.4033182454039859,0.2610277398817644,0.6097965960979659,0.1891457298286955,0.22884196835773507,0.0
0.4443200003713361,0.20108844602795511,0.39101088113496735,0.48944930519814733,0.2189409872035606,0.15941795532646047,0.3105478433316807,0.4796623021709693,0.25994483159117304,0.41932581111018313,0.42846801330729767,0.307040112267571,0.2790956263899185,0.060467426519918745,0.235005952971525,0.8318376237817255,0.5725400457665903,0.9324239755423895,0.6811461813985915,0.034827814103926484,0.138881750152838,0.2590416666666667,0.1643148836959566,0.4031643002028398,0.25082982960832056,0.18475044756001482,0.3394627279936556,0.39405838892532746,0.8911098742411521,0.47179192266669956,0.5145438236801639,0.26155962157328994,0.0011547344469819711,0.15941011235955058,0.34832315888587007,0.5310729336578759,0.7845207253886008,0.3434677615634873,0.33533291624746114,0.473716990533134,0.3796002208363769,0.0006814349210781724,0.0,0.3519825388864452,0.2945657116871304,0.3571502698215026,0.40797305789555155,0.46261434198379076,0.0
0.13745637051571907,0.21612309619826947,0.4064540131056706,0.40950420312231955,0.28207894193610894,0.21520618556701032,0.3736572467360767,0.3175088815503413,0.1393728222996516,0.636325679598734,0.6715391987047319,0.4208474642342026,0.28712626637015076,0.029017410332673174,0.3159043555908325,0.7751495490322016,0.4294431731502671,0.7788808105644942,0.29748311257482163,0.07188950793568472,0.11452889612638306,0.3485555555555556,0.16755187570182062,0.5680324543610547,0.2624197831378625,0.33367093847393403,0.2786148559344435,0.4574803068098092,0.5639851981862531,0.8202384468756202,0.42747309072270634,0.791376154505733,0.12066974962949642,0.22076570952975452,0.683186933101126,0.41374831659639183,0.34645941278065623,0.4917333892303058,0.6426859402564878,0.33499418701212424,0.4324487833949484,0.001158439388527467,0.0015744774932309688,0.34880182911741514,0.39866606033045315,0.3228172132281721,0.40171473407288244,0.4584243863160335,0.0
0.1602995109280116,0.300849614345562,0.35294780941413173,0.8736489963973237,0.18047065225897785,0.8861683848797252,0.5969261279127417,0.10085038965328115,0.5638792102206736,0.28904677362476244,0.48076611759935906,0.5384165594667293,0.673044848035582,0.2632334225172671,0.5621589443397164,0.5418072084944827,0.5768878718535468,0.7432924509025276,0.3394913339262963,0.2953443220012723,0.18914115302759446,0.5633333333333335,0.5502776978155485,0.5792832995267072,0.4848002876742644,0.756201962593114,0.5479777954004755,0.3705299418076642,0.1695205602573343,0.41152543886059123,0.41568426447975393,0.46326659261919717,0.028290993870938735,0.5343320848938828,0.2621536484656947,0.6454194337508115,0.5481865284974093,0.4650306959382653,0.6212460443394275,0.8654708520179373,0.15659346227239526,0.0012265828730704262,0.0001431343229834507,0.34333270387843684,0.5270577535243293,0.6708177667081775,0.3025695133994405,0.24800215403845685,0.0
0.49344510129610336,0.38334442660819856,0.5356971455341719,0.43592382913021105,0.4282073597508833,0.5184707903780069,0.24442240951908778,0.44975870629687653,0.4065040650406504,0.4775300464026099,0.6052499805359122,0.17120804584259156,0.5092661230541142,0.04577555839197471,0.46542315705923215,0.839759860915736,0.4171052631578947,0.41670273367934785,0.38171590663237104,0.04243344608822217,0.3745556201976732,0.2793333333333335,0.2410568993734608,0.10847870182555783,0.22282308032750617,0.28637308510806003,0.3604282315622521,0.20784470442928032,0.3709113954111136,0.4033853263899507,0.442337262942081,0.6227598398327667,0.11951501277892783,0.16604244694132342,0.509792454700554,0.6327664739812464,0.3891191709844559,0.3699444635542502,0.28126585949483807,0.32735426008968616,0.4168462925097249,0.0001362869879980635,0.012953655862549191,0.38082946612364055,0.45748067303319695,0.23868825238688246,0.3695545863669975,0.3987521716378634,0.0
0.32404378018198166,0.07955835715124703,0.3426054047502297,0.47092125579001554,0.3556899101381864,0.2943513745704467,0.39644273673772923,0.5615841814175637,0.11512775842044135,0.5609016088691616,0.3099158407852716,0.5317506724359724,0.3832468495181617,0.16301091404718218,0.275114098620895,0.6110163621692906,0.4773455377574371,0.7352979015119429,0.16406644390490158,0.1948326611006306,0.058325953660285805,0.22375000000000003,0.1308501910442419,0.24348884381338748,0.25448107988493046,0.3801379455966152,0.2169904837430609,0.5505093970539626,0.1392927089217233,0.24353972895734333,0.45175550999487435,0.18189718715400433,0.5842956362619635,0.19218164794007492,0.40666743825922474,0.36650676960206646,0.5378886010362692,0.12301768354847492,0.3563384516675879,0.31763826606875933,0.3606698204790607,0.0,0.03127484920443088,0.1603168346331097,0.3431105047748977,0.34988584474885837,0.14310889656731968,0.4656993429459394,0.0
0.46472852910190504,0.324693629850045,0.6133274555928544,0.4557385486361297,0.5597908015631019,0.32603092783505155,0.5974219137332671,0.26277043100361097,0.36875725900116135,0.07581842232499947,0.5358362472942707,0.4602970412817212,0.3270014825796887,0.013302015433528984,0.19456295267387647,0.7594522091390179,0.39908466819221966,0.9073962431272462,0.5247602105819851,0.05558655025534571,0.3751051303324167,0.167,0.12682805805459435,0.1256795131845842,0.16444456738216423,0.24797056883891558,0.2846946867565423,0.17187648994962346,0.25548645424133554,0.24216238625430597,0.33162480779087644,0.47480223356297313,0.13048498722107216,0.22097378277153565,0.6207731880285471,0.139424390286691,0.3673575129533678,0.5586956759604762,0.2932802944584525,0.30692575984055803,0.22618285507237043,0.0009540089348985894,0.0011450745838676056,0.6883948865779326,0.4000113688040018,0.24019302615193017,0.3638420420765325,0.36758686766299,0.0
0.2112099476699763,0.22562415984756534,0.41172875820294325,0.29490478641276385,0.560791809953488,0.47025343642611683,0.5079325731284084,0.26139400513344135,0.1136033681765389,0.4508490857543176,0.7236016235690972,0.28370950765992275,0.2197924388435879,0.028321338508087324,0.2305784303998413,0.7126018431070271,0.16659038901601836,0.8266740213626547,0.6274910454578235,0.08728678064580603,0.1436265878437,0.30279166666666674,0.13722638360634798,0.25679513184584185,0.3683337021464928,0.1170736426166886,0.34536082474226787,0.4167802177632267,0.3373637188081244,0.15435431955832335,0.3503972321886212,0.27928347201347514,0.017898384008340103,0.20802122347066168,0.3536084610679008,0.1791203656656415,0.254080310880829,0.7510051810786603,0.3341268452875436,0.40396113602391626,0.3589202281975895,0.002793883320152809,0.06920544620527072,0.4060679309090367,0.32202137335152337,0.38875051888750506,0.3545188015722599,0.5283176958219545,0.0
0.6220665558637193,0.351434947731099,0.4794165557172302,0.30674215131240357,0.609139139836828,0.429553264604811,0.23401090728805157,0.3077658651194499,0.39343786295005795,0.3815096669195821,0.5258927417711007,0.2507309086656532,0.22609340252038548,0.03962806780625336,0.204087707113801,0.8538042410027238,0.33318077803203655,0.8924426194135601,0.6396067213154162,0.043069772640601245,0.32849329263427074,0.5856666666666669,0.07968819999855296,0.2181744421906694,0.39654790882938723,0.0840939769035309,0.2601110229976208,0.6892768307003627,0.30315207317912735,0.23786509981508164,0.32803690415171705,0.40143473930950013,0.005196304931299316,0.2556179775280899,0.39564412789592196,0.12625925695616147,0.21606217616580303,0.44380053082744597,0.22521986226653234,0.42750373692077726,0.2160709312198785,0.0022487352925119747,0.0011450745838676056,0.3498468601041656,0.3851750795816279,0.4591116645911164,0.34274170959797157,0.47324528769175206,0.0
0.39186172819074483,0.30727066285580057,0.18155358374552122,0.3299022130725683,0.4309380525929208,0.16204896907216493,0.1751983143282102,0.2875628106065792,0.17635743321718927,0.5700766705492587,0.49782508235020584,0.3082680388258683,0.44996293550778366,0.032478508664696745,0.1972417898601052,0.5932122572141882,0.25034324942791764,0.6450209031363028,0.5863482295247482,0.0518687843749294,0.13659183329886732,0.11058333333333334,0.2085245513113611,0.21914807302231243,0.36103120159327307,0.13066066679390345,0.10249801744647098,0.6780627495931614,0.41665502383698066,0.2882704101160892,0.49077396207073287,0.37904760164445145,0.006351039218042179,0.28339575530586764,0.42418736024550885,0.39981513541635033,0.4490284974093263,0.18280434977943089,0.052345751294527336,0.31589436970602885,0.18577001606881635,0.018943890821102906,0.0,0.35880101103495365,0.20503638017280582,0.3393524283935242,0.36906472057657086,0.48220400107737726,0.0
0.46416063701561305,0.5350873758532032,0.4222527175224198,0.32829387545033456,0.5065425055811958,0.4325601374570447,0.5627169062964801,0.4147637937217992,0.28455284552845533,0.6867718073292246,0.45229297322886053,0.20769500643199632,0.4145663454410675,0.04407445514374069,0.29308463141184643,0.8172476438769365,0.5656750572082379,0.6942732727190146,0.1298829298781221,0.051947977431315656,0.08522141419823426,0.23200000000000007,0.03586964653849642,0.2632860040567952,0.21410986944014168,0.20222326848174213,0.282315622521808,0.515712908722936,0.4484554218926486,0.44870424172544887,0.37057919015889285,0.27359323731073315,0.01674364972159724,0.2759051186017479,0.33839191820103387,0.30131709981079374,0.5518134715025905,0.2605040623544709,0.13058519276448727,0.32087693074240164,0.5955111086387321,0.0,0.0052959698510760276,0.40485916893554796,0.32833105957253306,0.3997509339975093,0.43231852353164807,0.45990783344752356,0.0
0.6429261891859421,0.24493950902470535,0.6224402907701211,0.47915594441585196,0.3086034303578937,0.3060030068728522,0.24374070401586512,0.43689415452091607,0.2695993031358885,0.31946542896000046,0.5889837260388555,0.5121038475032159,0.3050407709414382,0.04172013199799719,0.3141804742533982,0.7052593116516519,0.7080091533180779,0.8162723206471263,0.09162479867304503,0.0931707878925375,0.3349350020503105,0.3672500000000001,0.15120273180228605,0.19394185260311023,0.27107767205133904,0.14313763437555785,0.20970459952418702,0.6878309362212147,0.38202403771267796,0.3241792881924822,0.27146335212711425,0.681910578281964,0.18764435364353682,0.2880383895131086,0.3570738834250058,0.15986388752601283,0.35608808290155436,0.35546095245758697,0.22663849913271278,0.35120827105132035,0.35164108727894783,0.004974475128121825,0.0,0.1832247935283689,0.5241587085038653,0.15193026151930256,0.43370139384452044,0.5188120289562695,0.0
0.3589701033469044,0.22959163697584276,0.45668595643912696,0.3072568193515183,0.509310917709418,0.4282646048109966,0.15270203272186417,0.16349623278253805,0.20441347270615565,0.46519104946202683,0.6049398291813074,0.7016723190270143,0.3806523350630097,0.01844233522443102,0.33594602639150717,0.711577163993381,0.4402745995423342,0.23898194235364456,0.1887304983292868,0.5427169789342537,0.42317388090624025,0.20733333333333337,0.6358471167023051,0.2814604462474646,0.3105775614073912,0.41516096718625695,0.15701823949246624,0.7590494542334691,0.15246715500474897,0.29180831553323827,0.3111225012813942,0.5945299540924666,0.20265590193501978,0.1083021223470662,0.5013794211706271,0.5106292375779169,0.4932642487046632,0.3414746753138376,0.35043987898231505,0.3846537120079721,0.31352097040553095,0.014037559934009843,0.020110371654199793,0.31659627587072947,0.35334242837653485,0.28767123287671226,0.13252095625669202,0.21998615465606533,0.0
0.28119149432894425,0.4065619983555852,0.4145685383846295,0.5301080802882142,0.4177818701676321,0.46649484536082464,0.5146256817055033,0.4018683200951195,0.3437862950058072,0.606688850201172,0.1537517594798914,0.14127002689743892,0.23721275018532256,0.27109739832243696,0.3130270860204386,0.7585811473324333,0.37162471395881,0.8143893422864186,0.3078679775956153,0.018962931099392278,0.049759152625501506,0.24300000000000008,0.13069571608431946,0.2172008113590264,0.3172161982739546,0.46676471231432337,0.1744647105471847,0.68363630046719,0.23249232576305096,0.31942331491114506,0.5002562788313686,0.2145480719923326,0.06581986203582038,0.1532459425717853,0.48811955348115593,0.5999232445131777,0.28497409326424866,0.8639465208851813,0.5174913570951273,0.29347284504235166,0.9999999999999999,0.0,0.0,0.3746140578088393,0.13915416098226466,0.3752594437525944,0.4969805722731905,0.4328573933692597,0.0
0.2401341643621241,0.2637328217375984,0.39003167454418564,0.5239320638188368,0.2500467188864274,0.25257731958762886,0.4809122459097671,0.058687140089156334,0.2343205574912892,0.09884213090781657,0.6106842916130673,0.5650801075897556,0.44477390659747973,0.2241849920659055,0.07669411647980953,0.6626790369782696,0.6169336384439361,0.8401856081121433,0.12382509194932573,0.06744162231902545,0.25895521605112193,0.10766666666666666,0.40743409505191536,0.13866125760649087,0.15324186766983855,0.7648617328290299,0.2668517049960348,0.3842445473662388,0.18800671882310083,0.2912531330225083,0.3818554587391082,0.4630105328700366,0.14491917221492226,0.09051186017478151,0.5506071426475551,0.45140246547082546,0.2119170984455958,0.7048213575930238,0.5604615987840116,0.26606875934230195,0.3957893786118821,0.004633757554109868,0.0,0.21772158505097705,0.09458844929513419,0.22872561228725607,0.3232468890036858,0.29424467536489135,0.0
0.07936316618691439,0.5362358560745468,0.41999632112875,0.32269686052496144,0.48207000939499084,0.23811569301260016,0.3389522392992893,0.27764522163934685,0.14982578397212543,0.6301602791876886,0.25499072410101337,0.25494094257981526,0.4277242401779097,0.018178999059419554,0.20894930052584584,0.5191271868621594,0.20823798627002282,0.6233861540239918,0.1551719993269069,0.10193466201822571,0.28436930507052244,0.18522222222222218,0.07198659658079758,0.28,0.12923213100243414,0.12815634267822498,0.21200105736188202,0.5737413986257243,0.16749371475892233,0.10569851561928656,0.330770545019648,0.37813976408747696,0.005196304931299316,0.3193924261339991,0.31965019121782956,0.16479959919601211,0.35889464594127796,0.49695144969760885,0.3797547731344851,0.3705364557382495,0.3430498026805611,0.01962532596912682,0.07800820695951012,1.0,0.43534940124298904,0.15649647156496468,0.40278925704238555,0.4610409116198981,0.0
0.5573266861115744,0.36177126972319024,0.5129091625317079,0.3015954709212559,0.4696300236645767,0.07431271477663234,0.26524541398116014,0.3979367426963865,0.24506387921022066,0.3866222108664112,0.6167490517118234,0.4177289205940826,0.522238695329874,0.04650072566448818,0.4270264907232862,0.7894874462245471,0.39816933638443947,0.948876625532539,0.056611937786966035,0.055613695817498386,0.3087457637230849,0.2176666666666667,0.08807885717408502,0.17371196754563897,0.2568046027882276,0.12163768598357574,0.16970658207771594,0.7104376724039798,0.5136287448613808,0.3317389070345912,0.41670937980522815,0.23214665865998194,0.05831408789007891,0.20880149812734092,0.39971292588807295,0.16334224450845192,0.3673575129533678,0.505312899839332,0.294613423845879,0.40109616342800203,0.3373653690274911,0.0022487352925119747,0.0,0.4033182454039859,0.3383356070941337,0.20672478206724781,0.4454116580645341,0.44718881124978416,0.0
0.21224958129419627,0.29474178771387183,0.41764886355428366,0.4698919197117859,0.48348157269621933,0.49355670103092775,0.38964633944802507,0.2543185292654584,0.1537456445993031,0.4942146381469023,0.6832750223072286,0.2526020348497251,0.33951074870274284,0.22395840363223685,0.22154975692032944,0.7947103407090939,0.2872616323417238,0.8192608630638781,0.5590278612466646,0.10251673051032154,0.13691846491936724,0.2173333333333334,0.23377277909826133,0.19423935091277894,0.3593715423766321,0.28459884453210493,0.288230240549828,0.41404896537688773,0.3355814819777538,0.21016210512519262,0.3373910814966684,0.489895207393228,0.013856812722827221,0.21366521015397424,0.6337633158898759,0.28194215316751864,0.4246977547495681,0.454644709942532,0.47171861325731407,0.3626889221059624,0.3589202281975895,0.0022487352925119747,0.09353828345621223,0.4104306967582133,0.2091859936334697,0.25695309256953086,0.3425667562416789,0.5524344687976307,0.0
0.14568391036938,0.0792451352726988,0.3804665865859043,0.19437296277234523,0.9240367168960538,0.04624856815578465,0.1089076185754421,0.25336602582812356,0.00600077429345722,0.49002551327691546,0.3484075061517432,0.36097142634389723,0.0210032122559921,0.4655028435892697,0.01805734695902371,0.5767641186049632,0.10083905415713193,0.7176563772427618,0.0036298949493978223,0.2645348505367627,0.014285868278271774,0.02655555555555556,0.3165150665942678,0.0,0.0,0.5819812762378174,0.04229447528416598,0.9720233783473013,0.0804445112536076,0.20935480868499,0.26652998462327016,0.7461319177512686,0.08718245275012766,0.026009155222638376,0.9921231829284451,0.5621914085872783,0.10500863557858371,0.9153570700908065,0.5049898575364217,0.05630293971101143,0.638085170770388,0.0,0.0011450745838676056,0.3706451693634768,0.0,0.002352290023522899,0.4345901993691814,0.9520443921845314,0.0
0.4419657696311656,0.35822142176631044,0.4431819424578266,0.5481214616572312,0.2912484459804688,0.2762027491408935,0.226078334159643,0.42603875849045447,0.2444831591173054,0.3978240244593611,0.614585614645878,0.2942345924453279,0.7016308376575241,0.052525728112643714,0.44042067665443013,0.9216264230036235,0.6723112128146453,0.8141503446988184,0.08632419048534823,0.07228100485119937,0.23457971071959707,0.40966666666666685,0.10673779214659777,0.4417849898580123,0.5064173489710115,0.14668078627917178,0.3310864393338618,0.44117138275746864,0.48036065507214304,0.336899715736677,0.5463864684777038,0.030419349332512946,0.007505774145741473,0.18539325842696633,0.507821413037052,0.1906879166308122,0.3103626943005181,0.3107306095840069,0.2623369530178092,0.3268560039860489,0.9999999999999999,0.0001362869879980635,0.0,1.0,0.4379263301500682,0.3154836031548361,0.44781993941791964,0.4651072227284215,0.0
0.08402355955619262,0.4772457356146327,0.4146436629220717,0.24704065877509013,0.5808706721191346,0.015839776632302405,0.13658899355478432,0.27932621499658045,0.12376596980255515,0.9177694799426523,0.6174188841042242,0.24441585779440997,0.09488510007412901,0.02045755191363413,0.3053254291100308,0.6942364477590288,0.20640732265446227,0.6408301867742836,0.3194067165076085,0.0598068184203649,0.201614544509241,0.011125000000000003,0.2024308054097284,0.10912778904665318,0.0636202699712326,0.13717998084076546,0.2079698651863599,0.49735406860565023,0.23221275881196024,0.2078670563217484,0.3831368528959508,0.5582306389822872,0.006928406361413611,0.132373595505618,0.7707461862118967,0.43040499840869034,0.2205310880829015,0.902508402268229,0.34545184066670903,0.17812655705032387,0.2652036311255235,0.0,0.003005820683340817,0.674416282758303,0.2643246930422919,0.3480697384806973,0.40743844037034477,0.4354731600008422,0.0
0.6944692439588473,0.35519361027367763,0.4403029837483843,0.38857436953165225,0.6475849070312496,0.3496563573883162,0.42389687654933084,0.41081046908739555,0.3237514518002323,0.3509963513424047,0.4924110721470174,0.35317506724359726,0.29355077835433663,0.05058013451680036,0.30052584581803765,0.7981033571065903,0.32036613272311215,0.33113430383057413,0.4500829346859301,0.06855103834662432,0.16707886133289604,0.2830000000000001,0.1662934150126742,0.47261663286004074,0.35638415578667865,0.298067897463995,0.2323552735923869,0.3546541584841265,0.3219177986959846,0.3768499197927242,0.46847770374167097,0.29314177891725623,0.13452656107041078,0.07709113607990012,0.9137751490416239,0.5999254204305928,0.3647668393782383,0.5333229798271064,0.2742049318215221,0.312406576980568,0.4498466420469011,0.004088609677766195,0.0036499252062844986,0.3657788632505349,0.49931787175989095,0.36861768368617687,0.42163982315205595,0.3790342700729378,0.0
0.3909389751817119,0.20891899299166047,0.5058910808134331,0.6671813347057816,0.0296259504242119,0.1808419243986255,0.2715253677078169,0.29071378117492913,0.16298877274487028,0.22162151037222316,0.6451189436580832,0.6101430631894904,0.4655300222386954,0.031075270387139996,0.19545589840261932,0.9103851124816928,0.6881769641495041,0.69423632262226,0.26055914805644365,0.060988040057124195,0.12448790337141935,0.3307777777777778,0.1403857869588998,0.5483434753211631,0.2513830493472008,0.1786241831826508,0.2675125561723499,0.5423990574086927,0.6529214537831041,0.3590634696461287,0.4264479753972322,0.5274861177418074,0.0005773672234909856,0.12317935913441529,0.5214600079689325,0.25359209116577186,0.324006908462867,0.514453704266909,0.28938307789226964,0.2991197475502407,0.5143817822028343,0.0,0.0,0.4099822493841394,0.23919963619827192,0.37207693372076917,0.3431697931949516,0.4050868546827563,0.0
0.15430740058801187,0.3028855565561255,0.3804167056642854,0.42563046834791585,0.39065838926607815,0.23684493127147765,0.16305156172533464,0.36888349771707385,0.08667247386759581,0.5009301981325538,0.5514498252384628,0.3811250146181733,0.5859896219421793,0.03373538815268558,0.29725171147931345,0.6927019658881262,0.5034324942791761,0.791092769276145,0.32813288780980315,0.0481215915148348,0.053319260527341754,0.23308333333333334,0.06294502927058285,0.22628803245436108,0.17183005089621606,0.17659951489050077,0.1256938937351308,0.5897261380665683,0.389467450680318,0.41982867270017865,0.5294720656073809,0.347850777371044,0.15531178335943377,0.49375780274656694,0.30262799693048303,0.3134079589143273,0.4730569948186529,0.337679548297698,0.3035624922373875,0.5271549576482312,0.9999999999999999,0.0,0.002934253690678893,0.2568902034470181,0.2277171441564347,0.280873806558738,0.41200023832722354,0.4465120246602598,0.0
0.40967766622827423,0.9999999999999998,0.4479174962743952,0.28055841482243954,0.5921243630317411,0.6187177835051546,0.4979548834903321,0.16522906696230305,0.5373838559814169,0.3388587288677952,0.4445264116583061,0.5149690094725763,0.5102390659747962,0.38746917906590567,0.5670701458478024,0.6151814112347525,0.2661327231121281,0.7471210243626522,0.603512103656338,0.0657511438902893,0.07301201320057682,0.43933333333333346,0.4543514744614784,0.34961460446247467,0.4731826731577784,0.738054346148129,0.6134020618556697,0.28589510287618447,0.18706318284600232,0.2576249623657394,0.583803177857509,0.22182836660534988,0.0034642031807068053,0.5861423220973783,0.2770526488469977,0.3578330528043138,0.8222797927461137,0.1560465617616409,0.6376993015517872,0.7404085700049825,0.9999999999999999,0.0009540089348985894,0.0,1.0,0.6164733969986356,0.7003943545039434,0.27708445329152553,0.45293346658035616,0.0
0.222566564502441,0.3493598527857171,0.36068529274083305,0.21976325270200725,0.40801229648231796,0.156786941580756,0.3406048587010412,0.4004440035838977,0.1718931475029036,0.6491378459949503,0.49358576955703404,0.33727049467898484,0.35456819866567835,0.04205062291656492,0.31630122035916264,0.5929723887218776,0.3922768878718535,0.842437050621039,0.38248515589317045,0.05305302900799593,0.08299082171799782,0.13233333333333333,0.24173594469073434,0.17360378634212303,0.1987165302057978,0.16360910827695532,0.22601110229976196,0.42291069201442233,0.4873497295361064,0.6469895915744844,0.2781479583119768,0.772302652633617,0.0017321015903534027,0.18560133166874743,0.5437660700646774,0.3104470112941333,0.3934369602763385,0.46367874086539745,0.38595881089986905,0.2127553562531142,0.9999999999999999,6.814349399903175e-05,0.0,1.0,0.32378353797180537,0.3194963331949631,0.4158826209701841,0.43574778342143416,0.0
0.10882033327013553,0.23021808073293917,0.3875825408217869,0.5030236747297994,0.16649641128172676,0.2646585051546391,0.3578334159643034,0.09993456343860578,0.2906867015098722,0.17551638851450696,0.7192238977193505,0.7887966319728686,0.44245737583395117,0.23490255789463324,0.34361047722988397,0.6527271722802597,0.6369565217391304,0.6456250810149194,0.30693045505901584,0.16283422629475613,0.23905390454006184,0.34666666666666673,0.4337814334556376,0.39602434077079113,0.47355609648152264,0.8310556920415693,0.5364789849325928,0.27833750615683994,0.12126082927165094,0.26176772276870386,0.1952844695028191,0.32834760059952706,0.32909931530675335,0.22097378277153565,0.4590627150167346,0.4674525763049188,0.39896373056994816,0.4285056791103666,0.5216485076491538,0.5052316890881913,0.4751748304930826,0.001976161354340138,0.0,0.42085023371535796,0.6351750795816279,0.4810087173100871,0.23881212041285477,0.240359929527894,0.0
0.5221561722147938,0.1862887122665518,0.44097112377415465,0.31163149768399384,0.7601806218568394,0.350085910652921,0.18641546851760038,0.4338412588884326,0.15301974448315908,0.44623774559820145,0.5390062463047048,0.24043971465325695,0.26538176426982957,0.04684263802995152,0.27849985117571197,0.8253978171497423,0.25171624713958807,0.7517630791401212,0.2510396884540495,0.06859394127702848,0.11757873894286003,0.24200000000000008,0.18623904914320394,0.04649087221095337,0.47347311352069055,0.1297299030143719,0.1375892149088025,0.6508925285124532,0.6263628516440782,0.3841044755564884,0.5325474115838033,0.1000934978125988,0.0,0.24625468164794015,0.6647130387390826,0.39434426705768805,0.11139896373056991,0.898882029785839,0.4307223915370231,0.2167414050822123,0.30495339549308353,0.0,0.0,0.4387312934864625,0.3406093678944976,0.18638439186384392,0.3441384416761485,0.44186371525894147,0.0
0.3288819227714326,0.22614619631181238,0.46733455902122467,0.28975810602161617,0.5092254299832715,0.27963917525773196,0.284581060981656,0.13159560779533697,0.1771196283391405,0.4878750406260867,0.5402175866328354,0.6520874751491055,0.295774647887324,0.022768218986755517,0.22254191884115487,0.5880989148886835,0.43020594965675046,0.35071059737498506,0.1985384264044809,0.828044714852986,0.35503263811254665,0.24000000000000002,0.8750805329578231,0.29411764705882365,0.30676034520911716,0.48901974710697815,0.3191911181601902,0.5203433424154301,0.10410260875790003,0.23976604549162928,0.21834956432598676,0.5653424301052169,0.18013857949779535,0.10174781523096128,0.5904761566214594,0.5869815677015795,0.2481865284974093,0.7548331341541719,0.36791909472619916,0.7154957648231192,0.4988923540310656,0.011788824187606389,0.016388880408645192,0.47374475533260124,0.17235106866757618,0.2096305520963055,0.04428204221504867,0.2567938543373567,0.0
0.6602045494574267,0.19533299400963156,0.39839228335103005,0.4016984045290788,0.5500596927016141,0.3725300687285223,0.6016360932077343,0.774110188836355,0.3005952380952381,0.5102939225539719,0.4456958197919668,0.3410127470471289,0.3140289103039289,0.18013536115317635,0.2662590534775276,0.7798094619241418,0.31859267734553776,0.7236378381690016,0.2842135628260295,0.46714150444141744,0.048992632859151945,0.29766666666666675,0.35677262931766285,0.3531845841784991,0.40219075016596606,0.5253007999706445,0.3366375892149086,0.6535300620869886,0.056087506302918866,0.20538765900178269,0.12301383905689389,0.520777984702236,0.5311778436888374,0.49126092384519343,0.3328145028387731,0.5446091799031858,0.527979274611399,0.2911293438336269,0.568744058743966,0.48629795714997515,0.6420395606288891,0.0,0.025907311725098383,0.6448826615056071,0.11948613005911776,0.3495226234952261,0.8094105453898652,0.18720698241326927,0.0
0.36841990502448974,0.34853764535452797,0.47162077579489015,0.29361811631497686,0.4517836162932767,0.40378006872852246,0.37828458106098173,0.44979332347865697,0.30749128919860624,0.50795391333758,0.4275204528922626,0.09121740147351187,0.3237583395107488,0.05437984262723312,0.3862486357773589,0.9146337819772983,0.6085240274599542,0.8430054278422923,0.3980504339046612,0.015525975597044162,0.08193317160937061,0.1683333333333334,0.20610721856395708,0.19610547667342806,0.333771298959947,0.34522592262347007,0.23473433782712122,0.516482832261221,0.3642367865933078,0.543944564378092,0.4561763198359815,0.20894419523288205,0.07159353603336041,0.30555555555555564,0.31984592643659787,0.5519951955743472,0.19274611398963726,0.7175571218352489,0.45265923680119424,0.5470852017937221,0.28711201608085524,0.0,7.156716149172535e-05,0.5389404937393506,0.28876762164620273,0.4533001245330013,0.41849104121221303,0.44961744487285776,0.0
0.24084516124281494,0.21671038722054733,0.4006174366116718,0.26434637159032426,0.7768060024015955,0.28049828178694153,0.5374318294496778,0.2799543363268506,0.15360046457607435,0.3531166384699181,0.6136677461560174,0.4476669395392352,0.1736008154188288,0.030696053408792806,0.2686774481595397,0.4495238427214335,0.2861556064073226,0.8319343422486641,0.5979590855549413,0.08069479711078215,0.14500101858877218,0.3130000000000001,0.1357224114303497,0.40219066937119685,0.4026056649701263,0.09782803668462017,0.3687549563838224,0.4709750873965145,0.29277327674434783,0.1575364921734984,0.39108149666837533,0.48639109950970943,0.0196304854384544,0.18227215980024974,0.5372253762420397,0.21131000394011046,0.3419689119170985,0.28334721143928066,0.36653689148140084,0.5620328849028402,0.35466527395996283,0.0018398743852542196,0.0,1.0,0.34515688949522516,0.240763802407638,0.3655790180997749,0.4027767199633273,0.0
0.19682027278475742,0.31384832230531307,0.41757345743465624,0.3520329387545034,0.6109786582057457,0.5558419243986255,0.5800694100148737,0.1897890442215755,0.227061556329849,0.5166394046203905,0.6058328111374675,0.26523213659221145,0.3762045959970349,0.6704464657244771,0.23415021331481303,0.7035520455436324,0.2961098398169337,0.7894772760086922,0.2594052741652444,0.15166843045314948,0.09917128149768364,0.29833333333333334,0.37202350954786895,0.27529411764705886,0.2488382385483515,0.5332027370127128,0.3168120539254559,0.3708445620359876,0.26348896138583533,0.28424598987365335,0.4905176832393644,0.1900306424517746,0.016166282578225808,0.2606117353308364,0.48393454029645344,0.4076414683757092,0.4668393782383418,0.20542072518989635,0.6905121757196184,0.5251619332336821,0.37672799963654535,0.002180591807969016,0.06920544620527072,0.4033182454039859,0.17280582082764886,0.27936903279369024,0.326050994378587,0.5476642866110089,0.0
0.4910734785026342,0.4369445205747622,0.45699315579073946,0.5409161091096244,0.37859289874577107,0.5491838487972508,0.4198686167575607,0.4455760587613281,0.16289198606271774,0.4927872823720908,0.5604153993997182,0.3618874985381826,0.4629355077835435,0.05435993679979343,0.24594453814862588,0.7143571204957244,0.47643020594965685,0.9467062837488276,0.4541214933051277,0.030791533051656758,0.16181452325911924,0.057500000000000016,0.18064058160999874,0.31038539553752537,0.2949767647709672,0.1775609394553844,0.19582672482157004,0.566085164055339,0.8719248479543109,0.5568601677087122,0.3750640697078421,0.7588213225819324,0.0011547344469819711,0.07857365792759051,0.5723220828398925,0.6077744305292636,0.21871761658031086,0.9014814705094789,0.3548538143996481,0.3634155455904335,0.33600768513870616,0.0,0.0002862686459669014,0.987285967626798,0.1646202819463393,0.15400581154005813,0.40165315365677906,0.44562147935777596,0.0
0.5682804992648205,0.38902157315688496,0.5631282643550235,0.4065877509006692,0.2784319395714574,0.31529209621993126,0.34754586018839867,0.35899925167953195,0.38734030197444835,0.3148094130799103,0.6214518188004577,0.31622032510817444,0.4381022979985176,0.036811980206783036,0.44518305387439244,0.77398854043076,0.5244851258581236,0.9255224196669501,0.14113320031731535,0.0665809611000587,0.3776759193970836,0.3783333333333336,0.12838259919313483,0.4543610547667343,0.14726709448993142,0.19853242362204096,0.1574147501982553,0.4830045997266703,0.34718338134072246,0.23942997273237554,0.5084572014351615,0.2979305871826158,0.06408776188761894,0.22440699126092392,0.5233965662282785,0.15094551601388517,0.23678756476683938,0.3540088071444844,0.255776211291823,0.3168908819133034,0.28290761227307637,0.004974475128121825,0.0,0.3947282353090749,0.26011823556161895,0.3038605230386051,0.42515457170285725,0.40238782768465786,0.0
0.9216670515171816,0.2919227908069379,0.5717542893505109,0.44827586206896564,0.20740293645255048,0.2710481099656358,0.3024293505205752,0.8529532626579676,0.19396051103368175,0.39440474228752026,0.4599962648100836,0.6179394222897907,0.40770941438102304,0.09208178511530057,0.15318980057545395,0.6899428675155488,0.6013729977116704,0.646761078400533,0.5611432967138632,0.13649430210481986,0.08647117835678825,0.4263333333333335,0.14886775953431647,0.43732251521298177,0.4725603009515382,0.451874557805916,0.32117367168913546,0.47897217393772584,0.17958485132063456,0.45197906347914363,0.2813941568426449,0.5078345299405806,0.5236720695430959,0.15730337078651685,0.4424991671822708,0.5310541663701696,0.549740932642487,0.40159522457808244,0.38827853476210467,0.30792227204783257,0.3080047398239261,0.0025213092306838117,0.02762492463374093,0.3202883256967924,0.1796271032287404,0.23121627231216269,0.42495873890053276,0.47347662455055267,0.0
0.47080208052509215,0.3594743092805032,0.51855392251614,0.373134328358209,0.44443900548422544,0.5214776632302406,0.4734754586018841,0.22518322245154454,0.3789198606271777,0.08405174567767293,0.591107216723478,0.6001637235411064,0.43624907338769475,0.018248392089748842,0.23117372755233662,0.8319547863394661,0.37208237986270015,0.49128984503941,0.24469338205245317,0.12449180701341309,0.21174928059887074,0.14066666666666675,0.2684891155446621,0.23407707910750514,0.11706129674706797,0.5601076935434783,0.39135606661379846,0.5261463981657107,0.20296338187383628,0.3665674325218896,0.40492055356227585,0.38284351811275225,0.4376443536435368,0.23470661672908869,0.5805916275743335,0.36019317522822736,0.5528497409326424,0.15899819311588725,0.38019250144515976,0.3916292974588938,0.4186647388092731,0.022896213227188864,0.012667387891901496,0.4459649596280843,0.1846293769895407,0.15649647156496468,0.3105823329295322,0.4188579516804443,0.0
0.05103830558192937,0.2728945616851337,0.4271510543692781,0.4435795162120433,0.44416954796764196,0.3865979381443299,0.5632126921170054,0.26646041020606476,0.26974448315911737,0.6539174919105805,0.6778394496738378,0.17682142439480755,0.31694773906597484,0.015254248605429132,0.2898104970731224,0.7510072973388411,0.3858695652173913,0.5964622479341982,0.45332820500492804,0.03857063778967078,0.49132831130762034,0.07500000000000004,0.3549806123648313,0.08089249492900606,0.05959559637087853,0.2205034353050562,0.20697858842188727,0.5927678584923213,0.15141878390382407,0.12869924598512483,0.2532034853921067,0.4905560272998636,0.015011548291482947,0.2050561797752809,0.7543624310581452,0.4455164728677888,0.1808290155440414,0.9296469184874778,0.4898601948621952,0.23069257598405585,0.33511992331800405,0.0008177218901640908,0.00429402972922818,0.37890430607609626,0.08412914961346071,0.21959319219593193,0.40592723966718747,0.45172092587881907,0.0
0.08575000378929004,0.4460279550526604,0.41843676343550323,0.48996397323726215,0.3919422067038249,0.5335051546391752,0.2984630639563709,0.2696857970964754,0.41811846689895465,0.6206018891760522,0.11506884173081888,0.09449187229563796,0.35656041512231296,0.30201019798245027,0.2424843734497471,0.45664858523627755,0.39633867276887874,0.6170325258956003,0.3684463568835789,0.13546978031570547,0.17472971945911803,0.23966666666666667,0.12659165641761216,0.29801217038539557,0.24585085195839798,0.23955415978290753,0.11102299762093572,0.5969156965225975,0.16731898293165803,0.05497850217067762,0.48898001025115323,0.34173290291536906,0.010392609862598632,0.2322097378277154,0.4273013989932766,0.19680397850179993,0.32383419689119164,0.6639946849786493,0.4504165352765983,0.6432486297957152,0.37672799963654535,0.013287981755334452,0.11858678999817844,0.4033182454039859,0.27467030468394726,0.336239103362391,0.418115924097374,0.49546076750313794,0.0
0.6224239668568781,0.3140049332445871,0.46789935838501606,0.27470406587750906,0.6880651058808961,0.3762886597938145,0.24938026772434313,0.3060921349991298,0.318815331010453,0.3853509093109775,0.5237529194165582,0.25961875803999535,0.20473498888065236,0.03970894248688811,0.20795713860502038,0.8405217463854366,0.2757437070938215,0.8934399681306041,0.681723118344191,0.041232395485060074,0.31979757479000903,0.5703333333333335,0.06446332725357584,0.26458417849898574,0.3837270413808366,0.08491961128275113,0.2172878667724028,0.28847656973521774,0.3011252475433762,0.2359216998433844,0.3024090210148642,0.42943930459516805,0.005196304931299316,0.27933832709113615,0.38082064427786944,0.11545608197986451,0.21036269430051802,0.3947319520501013,0.21155390830342544,0.46337817638266077,0.37285674497590277,0.002316878777054934,0.0011450745838676056,0.37461550351061607,0.3924511141427922,0.4881693648816935,0.3541667440710107,0.46109960913204023,0.0
0.7199419260143199,0.10586899494929723,0.5447485867117624,0.24858466289243442,0.7048346973269577,0.21649484536082475,0.5255329697570651,0.45173834186895523,0.2569686411149825,0.42923404001636606,0.5946210996173374,0.3952754063852181,0.36150234741784065,0.059128648893327855,0.13414029169560476,0.8110102174770082,0.4221205186880243,0.6640081080989864,0.39815860958196125,0.0402472198822571,0.2923937856000549,0.24966666666666673,0.15754457134776323,0.39569979716024345,0.32108873644611646,0.5336162585082652,0.34853291038858036,0.4735931562604303,0.0977774635946228,0.295180630204094,0.40235776524859057,0.32824390831389116,0.3019630659778604,0.30461922596754054,0.35546103618453945,0.25398742816115155,0.5253886010362693,0.31599568420113877,0.32519065769014915,0.2685600398604882,0.19395446513911632,0.0064736320906612485,0.013096790483467586,0.4235070533135604,0.32696680309231463,0.29016189290161887,0.44188868877786835,0.4152245313670123,0.0
0.46006688576833493,0.34223405504874516,0.43912723960478506,0.5286927431806485,0.30163992279858237,0.27706185567010305,0.15071888943976197,0.42402977264523434,0.30052264808362367,0.4229606370738602,0.48291918397297784,0.2582154134019412,0.40743143068939963,0.26341706011825755,0.17253695803155084,0.8371348370980067,0.5672768878718535,0.7709409194302408,0.16824923676049908,0.08902996312578626,0.09901591002941348,0.2926666666666667,0.3651505512949076,0.2431643002028398,0.2617420889577341,0.4230030851769646,0.2248215701823948,0.3627502192343721,0.5826111302962345,0.4945905439943318,0.4951307022039979,0.2500463530885629,0.0,0.18570536828963796,0.3988747489161167,0.5358498203559181,0.4072538860103627,0.49512099988209196,0.39521072010104097,0.3956153462879921,0.3715354776981315,0.0012265828730704262,0.0,0.4033182454039859,0.31650750341064116,0.20963055209630543,0.5462098702965319,0.5423957977272094,0.0
0.28488454069091496,0.11777142633412944,0.37980972801413565,0.24549665465774584,0.6679821679584659,0.33075601374570446,0.5002478929102628,0.3245081783808723,0.3231707317073171,0.6317615298084183,0.691279535070423,0.38779090164892993,0.39140103780578217,0.026748653433288493,0.3874392300823496,0.7364599732489789,0.29519450800915326,0.2957048850008592,0.18296112887329025,0.14262798050593908,0.17240355654486447,0.36900000000000005,0.31423318347406515,0.4137525354969574,0.3763000663863688,0.4083901924411515,0.31344171292624884,0.5274301322572901,0.4831912431407777,0.570735314090552,0.4876345463864684,0.43966381740511673,0.15531178335943377,0.268375468164794,0.4963237777585611,0.5858313233579533,0.629922279792746,0.38307377171415896,0.29467638446770317,0.27098903836571997,0.4430020226620044,0.006269201183140889,0.005725372760439391,0.2686727472849413,0.2096407457935425,0.4138646741386468,0.27274883308217057,0.45356593854000765,0.0
0.07650080526352873,0.2904349868838338,0.419150894461253,0.3203379653456855,0.3679931161536413,0.3629725085910653,0.48768798545694925,0.2671340010984159,0.33120402632597745,0.5857151774570074,0.325695958567284,0.3478735430553931,0.2550037064492217,0.2965691170068332,0.22403016172239315,0.5386456985462824,0.44607170099160937,0.6214956685548506,0.24399624990985364,0.10003623923100519,0.3747413589131612,0.11388888888888885,0.1170327281323696,0.17565922920892496,0.18322637751714987,0.1690195160946292,0.19376156489558538,0.6404918668139011,0.15246715500474897,0.11975535118819786,0.35127285152913035,0.4048342920235241,0.005196304931299316,0.21847690387016233,0.6452181889248216,0.19784977880949506,0.1706390328151986,0.5553376917369082,0.3978027120222244,0.4070752366716492,0.34257854429511375,0.014650850841004995,0.049023504062638994,1.0,0.30559345156889484,0.16950325169503244,0.4187241268747167,0.4753839154780174,0.0
0.5957288268870944,0.3357738538036882,0.4645669989929894,0.27997941327843545,0.5465166391196444,0.2813573883161512,0.16013882002974722,0.40843016618312605,0.31358885017421606,0.40784955077598994,0.5654679718230933,0.35785288270377735,0.47664936990363244,0.048407982588993266,0.3752356384561961,0.7761256531319329,0.4535469107551487,0.9181467870784336,0.03122671218058127,0.0689521096582558,0.28530489036462986,0.25900000000000006,0.1248866374981737,0.31315753887762005,0.38592608984288584,0.112063515342853,0.2505947660586835,0.4821023423526142,0.4828068212031998,0.3094895322144521,0.3900563813429011,0.6364227166620476,0.07909931017910189,0.2534332084893882,0.4012852725498383,0.1494087403406691,0.3207253886010363,0.6693262494415191,0.2729177490358506,0.29895366218236175,0.9999999999999999,0.0,0.0,1.0,0.3838108231014097,0.07264425072644248,0.4283682067407683,0.4735132265717165,0.0
0.3660281825186828,0.2739908382600524,0.7924434822771083,0.4669969119917654,0.11865004504617144,0.14819587628865982,0.6197322756569164,0.5125039835642293,0.3580139372822299,0.24783589806731562,0.7000604068105842,0.41024441585779436,0.454132690882135,0.01670654836176303,0.6591923801964481,0.7994267208802659,0.7138443935926773,0.7435434040898905,0.2922906800644247,0.020910508278911714,0.38398801687372275,0.4083333333333335,0.08319017295499274,0.30709939148073034,0.1403380172604559,0.502643512577513,0.2184773988897699,0.5025610768391603,0.11374755932589467,0.34961330500514287,0.335725269092773,0.6360550965972476,0.4116628309099095,0.20287141073657936,0.518230757107165,0.2704827180989172,0.30932642487046635,0.5691657090794666,0.22755303551481237,0.3044344793223718,0.18235164698082393,0.03475318286620129,0.02197111791257164,0.611161789734072,0.2478399272396544,0.4176006641760066,0.30488100249945993,0.3358845669425208,0.0
0.08849710654397638,0.2542578599115148,0.4018879717646098,0.35666495110653634,0.4903222933071721,0.23067010309278346,0.11915385886630309,0.3286606686169555,0.13453348819202476,0.6366386001580366,0.5523148188180599,0.17697735157681357,0.4606189770200149,0.024717579595957523,0.2684790157753746,0.5428339546299974,0.40335621662852794,0.6863048011228883,0.21185605423207293,0.056385750180640855,0.052906403005078435,0.41811111111111127,0.06066967384325732,0.5027991886409737,0.23531201593272852,0.2490690982938881,0.1358710018503832,0.6764643396484128,0.22819402609818568,0.2742678058727491,0.34375533914232015,0.47842035508895364,0.6039261319557208,0.3668331252600916,0.507450435613419,0.08160638871112286,0.39689119170984427,0.45303526614752787,0.24614822226657668,0.44959309084869614,0.9999999999999999,0.0,0.012953655862549191,0.5076011107407796,0.31021676519630137,0.3725266362252663,0.3904311308632168,0.43921576687932584,0.0
0.7619357406895855,0.5311198987249257,0.4350889241536766,0.5630468347915597,0.13353368567578716,0.4732603092783505,0.3279003470500743,0.43486329401481616,0.39409117305458763,0.46751828704914483,0.5342335885411764,0.39217635364284875,0.6123054114158637,0.050549791998240313,0.3058463141184642,0.8743471499338742,0.509382151029748,0.35458363965982487,0.1506887184788096,0.0832572399306151,0.24981783251449266,0.5819166666666666,0.1865283540126495,0.3109939148073023,0.7029210002212881,0.398378765194623,0.2010309278350514,0.5861327397294194,0.3487559479234403,0.5072335660563189,0.44547667862634543,0.3854314208239429,0.15877598365583662,0.1793461298377029,0.4721539035293386,0.4120719082227952,0.5392487046632123,0.38860550548038325,0.27034655445796507,0.31022670652715495,0.5653724781481895,0.004838188159035906,0.00171761179635209,0.22830950445817774,0.17121418826739424,0.4530406807804067,0.36430205383814507,0.33449083896281595,0.0
0.29654190108093476,0.09271367605027213,0.32991961864107494,0.27328872876994337,0.66521696753143,0.12800687285223372,0.5671789786812098,0.2048790985103956,0.2427409988385598,0.30544327154270046,0.6736689924278916,0.4369079639808209,0.32073140597973815,0.020527445922338176,0.19307470979263822,0.6948099523720579,0.18230358504958039,0.25904584131612735,0.19074977763888565,0.16288361449692568,0.22115851951804918,0.14800000000000005,0.2118226474802969,0.1172819472616633,0.24341668510732475,0.4325703301425887,0.233148295003965,0.5689426902276923,0.473825839661213,0.6582732214072221,0.38851870835469005,0.5637876111666267,0.04272517373713739,0.21535580524344572,0.41806424785120705,0.5154389670294452,0.5072538860103626,0.5155860560820091,0.2147104026668274,0.11509715994020926,0.4218099787026879,0.004156753011011993,0.0013597760385492873,0.2994507966926778,0.17644383810823108,0.3823163138231631,0.3937567664172089,0.3651771678368929,0.0
0.49088778180176346,0.27947222113464626,0.41558492517798173,0.4995711099674045,0.3571405711397371,0.3689862542955327,0.41960006610477596,0.2970322875888,0.37088656600851716,0.47094861630934365,0.5214311721129938,0.38311308618874995,0.23122065727699537,0.03812999625746578,0.18553427919436458,0.84016941311236,0.4492753623188405,0.20499131417096667,0.2395971056996563,0.051094108507176744,0.5478383621738021,0.613888888888889,0.28058102622469117,0.14774847870182561,0.38556649701261353,0.4677926703138836,0.3061062648691512,0.4235376688868778,0.328103150452386,0.4767040840652029,0.6253203485392106,0.24092495399900068,0.318129340864609,0.35434873075322515,0.3715810518249934,0.6239102861090009,0.2051813471502591,0.8306426978672058,0.17200306913896088,0.40375352931406744,0.28454394493761015,0.0035434618014225207,0.024332834708563324,0.5197069358716065,0.34015461573442474,0.34689359346893583,0.40187984993825754,0.2738229004838959,0.0
0.33095862562321643,0.11307309815590617,0.35722273565049917,0.42871847658260437,0.38016235221527866,0.2512886597938145,0.16013882002974722,0.26998044665477156,0.5418118466898955,0.7566869063898607,0.5138357929387714,0.30125131563559826,0.6356560415122313,0.026652611793617283,0.38386744716737775,0.6598746520356595,0.365675057208238,0.17582454167722078,0.22507752590206503,0.12809816603304408,0.24808477431159684,0.09566666666666668,0.3669564499237311,0.09809330628803245,0.0639522018145608,0.39607155283531204,0.2640761300555114,0.5294328265835812,0.3901663382640535,0.5359566035424167,0.3982573039466941,0.6210610857103365,0.18648960653766536,0.20099875156054936,0.42735533749383187,0.4698486013661837,0.5212435233160622,0.371753931852221,0.3438649443269909,0.21823617339312412,0.25756193284398876,0.024531658066597167,0.008874328064698603,0.2905439128610876,0.21828103683492497,0.09422997094229968,0.34083178221040045,0.4909994745959459,0.0
0.5422944794385101,0.5136838808190752,0.7165791376013296,0.7097272259392694,0.16944095329099323,0.6473367697594503,0.5076846802181457,0.5169319246271181,0.7113821138211384,0.3038556487904846,0.6357019257850374,0.7362881534323471,0.6742031134173462,0.03668705383111865,0.44131362238317307,0.8106356167410733,0.6562929061784899,0.7313470334209925,0.4907569893507056,0.05295250965734843,0.2781249331092612,0.6053333333333335,0.3197843252339108,0.4375659229208926,0.6883159991148488,0.5827182150220451,0.31443298969072153,0.6458366638169238,0.1030542376569751,0.28704711856905274,0.47821629933367493,0.4247562942902578,0.3452656107041078,0.16198501872659182,0.40160904521542895,0.3832290349252084,0.3569948186528497,0.4600634259227258,0.2848966251348988,0.4180368709516691,0.4899298798467791,0.03938694042031116,0.01796335742518025,0.14542351979970458,0.3601637107776262,0.4503943545039435,0.47180770116890003,0.3962915758676937,0.0
0.29210022281025383,0.10214948514153711,0.41763080369041977,0.2497855549837023,0.2933238524234755,0.15821878579610538,0.19120806478268043,0.22208649254716234,0.12020905923344948,0.4613201942324689,0.42106421564248875,0.4255252796943827,0.15857425253274035,0.5419255680711241,0.10953467605913286,0.6480472468584086,0.3595728451563692,0.8878279581185615,0.15574893627250655,0.07677261055195211,0.0575809431998466,0.13277777777777774,0.22759128117339372,0.25279242731575396,0.22272626687320204,0.5124151940813039,0.16917790113666392,0.41646823266887395,0.3172001783984745,0.3102425498410575,0.2678968050572357,0.29760566025565255,0.0,0.09425717852684144,0.48499079676289414,0.409184771801171,0.20034542314335052,0.7909018558108778,0.6004111302362414,0.2519515030725793,0.3843288776897582,0.0,0.0,0.410594852167352,0.3316659087463999,0.36571191365711897,0.33382372817869344,0.476680866863336,0.0
0.22146063621047846,0.5318507497748718,0.40982778324551844,0.19557385486361295,0.9590406089647445,0.19072164948453607,0.41893901834407543,0.27139403821090186,0.23983739837398374,0.2154391963218985,0.8740504497711822,0.6909133434686002,0.14343958487768724,0.028509805282595717,0.24427026490723291,0.5358450718252517,0.3876430205949657,0.7656342777456292,0.610182937089834,0.0830590447352216,0.2743712712455103,0.201,0.21390555991128146,0.4784989858012171,0.18842664306262458,0.1369558706899455,0.29222839016653435,0.3528868506552696,0.3732177681352946,0.16075375843980938,0.32906201947719105,0.33381335244093835,0.014434181148111515,0.18601747815230965,0.6324842751815017,0.25116679321553026,0.2217616580310881,0.8099946514113819,0.39882674608875385,0.33183856502242154,0.37672799963654535,0.01274283387899078,0.0,0.4033182454039859,0.3829013187812643,0.4176006641760066,0.400217332009157,0.4297248198504691,0.0
0.4503866178951851,0.22458008691907133,0.41001579385393655,0.20741121976325277,0.7764970499715055,0.3329037800687285,0.24392662369856222,0.22499822228559974,0.22880371660859464,0.30908541959919766,0.5973133410189655,0.2830078353408959,0.16864343958487774,0.024277720582925835,0.2657009623970633,0.776023053682813,0.19450800915331806,0.13929063136321063,0.19911536335008057,0.034591798390670364,0.5653336701337116,0.10166666666666668,0.6885668301039493,0.3918052738336715,0.12237220624031872,0.32691101004033896,0.4706582077716096,0.3894425671474331,0.19541515364503065,0.28527591017924825,0.5038441824705281,0.453900264702877,0.29503464487444886,0.13233458177278407,0.46146596963885445,0.5165673162040807,0.30621761658031094,0.5704236313878486,0.17132679464459116,0.336322869955157,0.3729058133955244,0.029846850768730948,0.022042685858625385,0.21952647885641344,0.1336971350613916,0.3134080531340805,0.3248585736965166,0.536472254634015,0.0
0.14350987326379244,0.5024078931913393,0.4349359614440232,0.44158517756047366,0.41357966313795425,0.2993986254295533,0.38324243926623713,0.2686495965343571,0.38501742160278746,0.6897832436766542,0.500639348284839,0.21985732662846455,0.56004447739066,0.024773078539344143,0.2856434170056554,0.6546024308928822,0.42242562929061783,0.6379435979444527,0.39527392485396284,0.05684359714166772,0.45334112931472664,0.16900000000000007,0.11684991141729688,0.23505070993914817,0.3344766541270195,0.05059181008869196,0.22561459159397296,0.675162894964155,0.4468828553099308,0.2310039823458514,0.2849820604818043,0.47611132377131626,0.0,0.2606117353308365,0.48860292585331694,0.21628513711390596,0.3683937823834197,0.47668252562000113,0.4084431227172691,0.3537618335824614,0.46482298202007244,0.011243676311262715,0.0007872387466154844,1.0,0.3897226011823557,0.1477791614777916,0.4189750630686086,0.4498796025133743,0.0
0.6667969685794363,0.28722446262871465,0.8859667359516286,0.19162806656373305,0.8478403311594838,0.11297250859106528,0.09419930589985129,0.5985231354563367,0.17044134727061555,0.2903211517854817,0.3539833100035178,0.15249678400187108,0.17272053372868792,0.3939326171464745,0.03948804444885407,0.4578960799118171,0.25247902364607167,0.651987590037393,0.22536599437486482,0.24362984859839032,0.0752648200470743,0.014666666666666682,0.6855998697477385,0.0591480730223124,0.22018145607435277,0.7551813763290824,0.04758128469468671,0.9891246005912875,0.36011321875570684,0.8671240396733962,0.2450025627883137,0.9143224331578979,0.0098152427192272,0.0015605493133583094,0.9999999999999999,0.6555232382710146,0.277720207253886,0.8904733308213586,0.1825172524254717,0.1619332336821126,0.30296799959353293,0.0008858654503556302,0.0,0.371968885057004,0.30695770804911326,0.13574097135740967,0.591928278619855,0.7004009871709457,0.0
0.723171174737501,0.48361458047844647,0.609544244518267,0.7059529936524277,0.4407496248807526,0.5585624284077891,0.44967773921665855,0.40558450641555926,0.4539295392953929,0.2944108370259697,0.5528408163036471,0.2505749814836471,0.5772176921176179,0.027927173883125232,0.25875582895128496,0.8835185259653651,0.5826086956521737,0.3066174587909353,0.4053703214019568,0.0693107928935417,0.8064966435477874,0.579888888888889,0.18585211808218388,0.21260311020960104,0.5370657225049791,0.38422888318523674,0.2910388580491671,0.505625954025259,0.09707855614822647,0.18549554229900928,0.34307192892533744,0.6341180543671145,0.24249422585425853,0.322929671244278,0.3241911937640056,0.31707747364156535,0.31018998272884274,0.46879780060872844,0.2590975535771806,0.4967613353263576,0.44185854306775696,0.0266441053309431,0.0007872387466154844,0.3442698964348241,0.2582992269213278,0.31313131313131304,0.260579472425699,0.39967751459712325,0.0
0.10307590747335958,0.3238714224188559,0.41701466553595373,0.23932063818836857,0.49803803832417215,0.3479381443298969,0.34209221616261776,0.2782058925589821,0.27758420441347276,0.6612373207649821,0.19865990934448707,0.40369547421354246,0.3687916975537436,0.02051365504124094,0.25974799087211037,0.4716172059651997,0.3080091533180778,0.6126363456782623,0.1192095963845285,0.05329775945279402,0.1840488695402454,0.2856666666666667,0.08999579888221627,0.37557809330628816,0.20967028103562743,0.16120505385058673,0.05987311657414747,0.6545165009953857,0.2610777138125063,0.2626669560270377,0.5330599692465402,0.11851473103454657,0.02309468829868299,0.23533083645443206,0.31072601966308555,0.20703674012756518,0.46735751295336786,0.1642971024515707,0.4282570644027815,0.32635774788241156,0.3527559996225663,0.007359497541016878,0.11336238586857524,0.40071599044551176,0.3287858117326057,0.1905354919053548,0.42525658142232986,0.46341033915184393,0.0
0.38540179812055225,0.36145804784464197,0.33936033356479994,0.6754160233316178,0.14728574079863627,0.3833046964490264,0.19182779705833747,0.4987014972998306,0.1532375145180023,0.506653656688512,0.23801819974187777,0.4324250574981483,0.29873980726464056,0.23505814070663758,0.17484373449747,0.599615327230232,0.5478260869565217,0.6775464126107438,0.30844491454121503,0.3773733645857147,0.052125384814615726,0.1302222222222222,0.2589872942434668,0.12930358350236648,0.12436379730028771,0.4457910447992458,0.32824477927570694,0.5018978467835788,0.09798713384227561,0.21926252045546712,0.41572697761831534,0.41073306286377265,0.5190531221408216,0.2848522679983354,0.35468489729941943,0.3526147268606567,0.40082037996545766,0.2806106624322534,0.47177997744794925,0.5452167414050823,0.3435092273594076,0.0,0.033421864704639516,0.38444056773018964,0.2301045929968167,0.24643697246436963,0.08970287517428605,0.5520567708515728,0.0
0.05322394514976177,0.2652989311303395,0.4114130409902275,0.40950420312231944,0.41447034304920405,0.25902061855670094,0.3201123781193191,0.2738538119705227,0.19183120402632592,0.6609440094939507,0.6324034704783501,0.352239504151561,0.5255744996293551,0.3920794185837634,0.2732413929953369,0.5952204629151849,0.18596491228070172,0.6306013768038654,0.19498064857328307,0.1263041972151022,0.036132282410096285,0.38786111111111127,0.04109359802150174,0.4403515889114266,0.21487054658110208,0.2465455701028513,0.2299431667988368,0.4560998555598161,0.13219877947127268,0.09468281322864436,0.2970271655561251,0.6223913129222697,0.08487297904899048,0.13137224302954642,0.4025024721558108,0.22617192787064955,0.2128238341968911,0.8705891377520301,0.30622157800635025,0.34641255605381166,0.9999999999999999,0.0,0.01359776102108742,0.21250059194323345,0.22525390328937392,0.4894146948941469,0.45982024673270405,0.4276212800977603,0.0
0.6368354749292692,0.24838494968873576,0.9197741471075442,0.11168296448790536,0.5838526315169705,0.0768900343642612,0.09122459097669808,0.6509432754629799,0.19105691056910568,0.29174094241816784,0.40772313723429965,0.2989124079055082,0.14269829503335812,0.3848144495055409,0.43238416509574373,0.478089427258306,0.2892448512585813,0.6516606451416104,0.5351811341618788,0.24951397865434677,0.07720614910539833,0.42933333333333346,0.6677721620970123,0.4077079107505071,0.3450984731135208,0.7521609368189324,0.5249801744647103,0.49302150681932866,0.3606024758171112,0.8364054603631693,0.5909789851358279,0.4411285357674547,0.0098152427192272,0.44194756554307113,0.5156995270639421,0.6425924410464925,0.749222797927461,0.43373972721374493,0.18278715864101663,0.5386148480318884,0.3118811176322777,0.0008858654503556302,0.0,0.37118798328981784,0.40609367894497495,0.4545454545454545,0.5962107919342738,0.7145659850271482,0.0
0.34316579838679107,0.3019458909204808,0.4206228165118195,0.4029850746268657,0.5912497517676937,0.2207903780068729,0.42141794744670313,0.14949630115678142,0.30168408826945414,0.40390280462612654,0.7769700097840982,0.33727049467898473,0.44180874722016317,0.12852241886451227,0.21480305585871617,0.7783060793368093,0.44851258581235703,0.8078920172517589,0.43017861006274194,0.06380531674222584,0.30174699704742075,0.538,0.332091505178095,0.5838539553752535,0.18477539278601468,0.2959785973632123,0.31656423473433765,0.3556442879907953,0.29280823502739717,0.15423460224504387,0.3651973347001538,0.349367783345813,0.0034642031807068053,0.1605024968789014,0.6188579114017644,0.2572112198053635,0.2880829015544041,0.19186782703119415,0.3830871154868027,0.25660189337319383,0.9999999999999999,0.0003407174605390862,0.0,0.4060679309090367,0.3192360163710777,0.7276878372768785,0.3116591881745834,0.41365064445696753,0.0
0.2158527591632984,0.2432950941623272,0.413673211493509,0.4944673185795163,0.16411851778487335,0.2573024054982818,0.1849281110560238,0.2621509958250882,0.3060394889663182,0.36776111217796964,0.698812053423554,0.3611273535259034,0.2919755374351372,0.02845045332097925,0.2639150709395774,0.6401332778118733,0.4491418764302059,0.8104477555163366,0.7307267001610616,0.08363926164207924,0.13896758876792983,0.52,0.14718927486013345,0.3054766734279919,0.34393671166187223,0.09593096515233887,0.18001586042823148,0.30571718958484606,0.3237000355263552,0.12607629236288065,0.4264479753972321,0.2057500541436288,0.012702078436084358,0.19662921348314613,0.3899942502569583,0.21284535166752278,0.33678756476683935,0.20891548394660203,0.3294551627744066,0.48579970104633785,0.3656332687606021,0.002862026653398608,0.01223798402914631,1.0,0.39165529786266484,0.5758094645080944,0.40011172355131447,0.48490586806109826,0.0
0.37503281066727123,0.1600563799381387,0.5237403484526859,0.3566649511065364,0.5124004181895566,0.23410652920962205,0.1690629647992068,0.28231425119767883,0.1382113821138211,0.4158919859616094,0.6828629232035671,0.5103496667056485,0.19273535952557452,0.01433813761811666,0.2889175513443795,0.8241450139862216,0.4068649885583524,0.4556758151602497,0.2925791485372245,0.08554865223777697,0.26408767804803385,0.3123333333333334,0.5144480592174946,0.4933874239350914,0.2587961938481967,0.3810972102899426,0.2208564631245043,0.5225957678173917,0.37859939718413416,0.5136901330329556,0.3264992311635059,0.31442400368813483,0.1530023096582966,0.168227215980025,0.575592291045924,0.5270733934564247,0.7046632124352331,0.18002816130964466,0.29418890436312434,0.30194319880418535,0.2729677306173183,0.017444734463752127,0.005725372760439391,0.16220984010083922,0.18326512050932245,0.38729763387297617,0.3557805840614963,0.4610771108062218,0.0
0.23256328465344417,0.11098495229891807,0.3651250444718187,0.25733401955738555,0.39757872331395383,0.10454252577319587,0.04895884977689635,0.3675144837465615,0.0782883275261324,0.8365313923764641,0.5770296026683808,0.28493743421822004,0.34803558191252787,0.03977715295023838,0.30037702152991375,0.49035569876050095,0.27917620137299776,0.8868874414032601,0.39628356450876223,0.05903551508286751,0.16930659385001975,0.3949583333333334,0.15467344000186,0.1896146044624746,0.4025226820092943,0.0915622493000989,0.3219666931007136,0.34391633187727955,0.6903480299676703,0.3829424910508815,0.4243977447462839,0.44082213709939855,0.0,0.19194756554307124,0.5325935183200199,0.21681337506516274,0.36891191709844556,0.3303930162025714,0.27165403160176543,0.3617339312406577,0.3202055362037941,0.01233397206395006,0.0,1.0,0.16882673942701223,0.26598173515981727,0.41841556267706587,0.45121135659090433,0.0
0.6411602797478823,0.12106025605888569,0.5705095416757621,0.3401955738548637,0.25375251995236714,0.20189003436426117,0.23004462072384735,0.4238585556393972,0.21051103368176538,0.33900876415270387,0.5573805169535883,0.4631037305578295,0.4607116382505561,0.049090035619573195,0.35201904950888,0.7761154119781288,0.5391304347826087,0.8929571392320547,0.049400225966970385,0.07752722600514719,0.32128634447702564,0.3390000000000002,0.1568915954874865,0.31131845841784994,0.12378291657446341,0.11353877804632831,0.2739888977002378,0.4343787470526274,0.434686903487053,0.3022515972597509,0.3218862121988725,0.45852245922807316,0.08660507919719192,0.31835205992509363,0.5745043223444339,0.1466007019169594,0.49274611398963725,0.44446150177527305,0.2600715296849204,0.3811659192825114,0.3442613923974623,0.0004088609450820454,0.0,0.359138232505934,0.11914506593906318,0.0792860107928601,0.41646123363558696,0.488381683719292,0.0
0.5035201716443802,0.1096276574918758,0.35606450183133787,0.11785898095728257,0.9386999100512166,0.09106529209621994,0.1517104610808131,0.4478201016420984,0.10714285714285714,0.4694377432826653,0.4704380079364777,0.2689743889603555,0.14862861378799117,0.048017976299553795,0.2802857426331977,0.7460754771156253,0.2329519450800916,0.7707159653820747,0.258539868746845,0.06847312061680516,0.13901618827999132,0.21533333333333335,0.23804755032806024,0.007951318458417851,0.30991369772073485,0.09227510082110216,0.1296590007930214,0.6555500913990993,0.5707995606856131,0.36682353544553736,0.5263967196309584,0.07507643274398185,0.0,0.17322097378277157,0.5516343691350349,0.3563439093232655,0.1305699481865285,0.7665960432405128,0.4739711995339296,0.30144494270054806,0.3334524456042561,0.0,0.0,0.4033182454039859,0.32332878581173274,0.25321710253217106,0.35350706066493764,0.46461689887499147,0.0
0.10863762000839117,0.4651344896441016,0.42026542059404176,0.3566649511065363,0.6492426155711024,0.2229381443298969,0.334407535944472,0.2781708081514352,0.21878629500580718,0.6150117263131855,0.21661217235939773,0.13390246754765525,0.38435878428465536,0.021139334028869777,0.21443099513840663,0.517807487354524,0.3688787185354692,0.6229061933610611,0.1578643717397053,0.04740263324776998,0.18457969061048143,0.15520833333333334,0.08393906045460083,0.2395943204868154,0.23722062403186553,0.19499631477784937,0.2600118953211735,0.6124466740174473,0.17028934454450767,0.11887824734993069,0.273257303946694,0.3164400591616159,0.014434181148111515,0.14329744069912612,0.4899367615828423,0.21891327136569855,0.4889248704663211,0.34441250116179745,0.5919694645357938,0.4711011459890383,0.2914974438519572,0.03502575498880721,0.08051305456285292,0.37731665968799805,0.3709640745793542,0.2848692403486923,0.41999157561556116,0.4517808520372235,0.0
0.7103398507498224,0.4551113895305588,0.5543796602759985,0.5282209641447932,0.2769652722571365,0.4838201603665523,0.4278631631135349,0.36201731775488655,0.3118466898954703,0.23934194804941383,0.4786501726682625,0.3628425525279694,0.6901408450704225,0.0282424333390031,0.27145550153785103,0.8308666872366661,0.6292906178489703,0.3339359756467293,0.26094377268684354,0.05573672232033964,0.7149795716955984,0.535888888888889,0.3254901485262383,0.192210953346856,0.49419119274175705,0.4033300829222818,0.21993127147766312,0.6059947744873397,0.1158442816650837,0.2033516573795917,0.42815650093968893,0.32830090095089076,0.24191687281192858,0.28672492717436543,0.4752404174118288,0.30098343647465203,0.2162348877374784,0.6927737800713614,0.2824117034479811,0.32502906493937883,0.3896389466688926,0.0249405186712606,0.0005725372919338028,0.4720663594558234,0.2877065332726997,0.220423412204234,0.2942636906220456,0.35488529268976865,0.0
0.24614484508852286,0.41501898907638707,0.39879609037124086,0.41945445187853836,0.3748063789785854,0.4491695303550973,0.2751611303916707,0.2685252295303653,0.25319396051103366,0.36231176221689243,0.5757936249376308,0.5072311230655283,0.29948109710896964,0.20747433159623813,0.23752356384561965,0.7157595008781086,0.4282227307398931,0.8852835033087838,0.6736460011057959,0.08184816467062925,0.12316495196237637,0.45708333333333345,0.22142145459813245,0.34342123056119,0.29143615844213333,0.14787714382952102,0.16610494316679875,0.6281590337491401,0.3302697694950129,0.18759688744483077,0.2291559883820263,0.5360281816678997,0.013856812722827221,0.22549937578027465,0.5617383857547652,0.2140834146780793,0.36666666666666664,0.3716078922411434,0.3940443631005652,0.3036870951669159,0.3756486251292689,0.0015673002957852223,0.0,1.0,0.2425344853721388,0.5281582952815828,0.32266075625733415,0.4730770034373091,0.0
0.264241634701725,0.17571747386554953,0.3216097196066366,0.3088008234688627,0.4636853295409426,0.5480562714776632,0.30620971740208225,0.35265725655213387,0.21827816492450636,0.3818323586757014,0.5993588447763679,0.19366156005145593,0.32060785767235,0.16394024828344195,0.235005952971525,0.763447762411245,0.33592677345537764,0.8267172817565327,0.2683477968220391,0.0481850649904234,0.18408340756700262,0.31270833333333337,0.2746744557191346,0.44730223123732266,0.44700154901526906,0.30926237087856445,0.29123711340206165,0.45205410604167295,0.45596871170106573,0.31872343638551537,0.2656330087134803,0.6216352341461062,0.0,0.22413389513108614,0.5916652429558458,0.3826270537728011,0.31664507772020717,0.2906610066798213,0.39696552601157054,0.2914798206278027,0.3796002208363769,0.004633757554109868,0.0,1.0,0.1389836289222374,0.40291614777916135,0.49658773094916175,0.5203265894842274,0.0
0.34701720698695226,0.39156650092008927,0.5237404937854266,0.5629181677817808,0.2861264200814627,0.4286941580756015,0.443728309370352,0.16993494364357314,0.30632984901277577,0.15367930112126066,0.6806320196002392,0.5543211320313413,0.33121756856931067,0.0030258072527135985,0.42375235638456216,0.832942822792712,0.5232265446224256,0.8669320151969974,0.14690256977331187,0.0845086470394514,0.3761129495559756,0.4330000000000001,0.09968171764835258,0.2188235294117647,0.3157639964593938,0.31108328346162517,0.2957969865186359,0.315139988192611,0.23710511093673464,0.18176255607148656,0.5668887749871862,0.06919076568215005,0.08198614717787191,0.23813982521847696,0.6828282278165227,0.17207488106996383,0.3082901554404144,0.48333534085053864,0.279436458696833,0.48530144494270033,0.33054812086540936,0.0031346005915704445,0.0,0.4228344224226106,0.4320145520691223,0.44582814445828134,0.36344977339434925,0.3937439006329269,0.0
0.4175714521851625,0.24556595278180182,0.42668095333681794,0.5723108594956254,0.4752511252717826,0.6456185567010312,0.3520079325731285,0.2558933349485186,0.18931475029036007,0.3972474972821111,0.5212367732372735,0.5678867968658637,0.44885100074129003,0.028762560698327562,0.23861494195852767,0.736571686385429,0.4530892448512586,0.09738659741800226,0.1852688766556889,0.04225234026882804,0.4480069803358023,0.32866666666666683,0.15594398518573155,0.24154158215010146,0.28933392343438824,0.43325040796041314,0.29262490087232346,0.6233675300435727,0.17535644835920716,0.3186105098599388,0.24654023577652492,0.6674051047281329,0.07448037303213044,0.07771535580524346,0.4585905597241378,0.5010216102258054,0.5020725388601036,0.3272815971540123,0.2618698110092,0.2924763328350772,0.5481937128237021,0.014718995082033757,0.005582238775115544,0.2591295752743909,0.20827648931332418,0.2498962224989622,0.3382960249205074,0.3814024331510801,0.0
0.1940671565915438,0.45699072080184805,0.42703122057012,0.3108594956253218,0.6475455162005668,0.25472508591065296,0.11799702528507686,0.15439875246048124,0.5031939605110336,0.5426311413885064,0.40473919780159273,0.40790550812770443,0.8587842846553003,0.8126204990733453,0.5267387637662466,0.5505463890443332,0.41739130434782606,0.7124859235683656,0.2504627515084498,0.25276643927503445,0.05771911516773046,0.342,0.35916147570912504,0.25809330628803245,0.489820756804603,0.5962026218234759,0.5380650277557493,0.3148318811651247,0.2260274070555588,0.3041129379227028,0.547924141465915,0.37060687868484765,0.0005773672234909856,0.5227840199750312,0.2460830265366481,0.4816549252689663,0.6347150259067357,0.3319943441275286,0.7955929505589773,0.6467364225211758,0.37672799963654535,0.002862026653398608,0.1029851404706662,0.4033182454039859,0.4042746703046839,0.5417185554171856,0.3508497184351609,0.5340443690528597,0.0
0.2290506844260065,0.533730081046161,0.45741565169308285,0.4400411734431292,0.47478037216946073,0.907216494845361,0.6846802181457612,0.029372896425492984,0.6803135888501742,0.40073712936663125,0.4053218763396095,0.4776049584843878,0.6882876204595999,0.02983429750007996,0.8467109832324635,0.4615421185771524,0.45903890160183064,0.5230861201321546,0.22796221063006328,0.9602496390822862,0.18283974069091813,0.7480000000000002,0.8840121520232949,0.7322515212981745,0.753042708563842,0.5175254032295314,0.7720063441712924,0.08620380691012164,0.028201005837199047,0.18494259172549637,0.47206560738083037,0.2576890321837576,0.05138568216962173,0.8810861423220975,0.06734787359444122,0.5909615926437128,0.8041450777202072,0.08688757401393093,0.3992844625926718,0.7249626307922272,0.2686259462989224,0.003407174832336602,0.005868507381357786,0.14383650326282055,0.5907230559345159,0.6986301369863013,0.08854031303002063,0.23130094383665914,0.0
0.928068014790523,0.0848831290865667,0.0,0.18785383427689145,0.937188353240489,0.08161512027491408,0.4427367377293009,0.89268231907318,0.13327526132404185,0.5998474982632309,0.03676595031673241,0.35270728569757936,0.46775389177168286,0.10156737416649603,0.13920031749181472,0.12814135648498048,0.7061784897025172,0.7352837435648555,0.49191086324190497,0.10527090687094126,0.06375389552670935,0.41900000000000015,0.05872616690398669,0.3634888438133874,0.279044036291215,0.5577887897055263,0.28984932593179996,0.6290735959915247,0.21561365233772994,0.491591010326746,0.3413634033828806,0.5971741173092036,0.579676688859689,0.16354556803995007,0.5507938288293069,0.6844137777594788,0.30362694300518134,0.7705288367638375,0.3406426026442723,0.4369706028898853,0.33602286547791843,0.0,0.028412161870819363,0.6383079514270615,0.3124147339699862,0.2552926525529265,0.47804835200169804,0.42740213234982904,0.0
0.5258225144685695,0.2054735523276301,0.38234464892841813,0.43952650540401456,0.3178440491106664,0.30412371134020616,0.5287555775904809,0.4088559787565611,0.23987369337979092,0.6255385300484123,0.1365040866194972,0.36557127821307445,0.5200148257968866,0.05311671488535146,0.2279740053576744,0.5171841863055668,0.47368421052631576,0.5638881938623955,0.14589293011851248,0.07187700028846353,0.12615926382841447,0.15841666666666668,0.05072745017404022,0.13898580121703852,0.261451648594822,0.2988379855812374,0.2110923869944487,0.5741740851420651,0.4629577861650291,0.3583996820201786,0.41184008200922595,0.3657211520111079,0.01674364972159724,0.18753901373283396,0.3952911386040147,0.5674133383941544,0.4862046632124351,0.400454208079327,0.2031365171046189,0.39088191330343797,0.3502562390130659,0.020988196265174647,0.0,0.37483320437284523,0.17439745338790355,0.419261104192611,0.3816969336589282,0.484586281278693,0.0
0.10552954619032803,0.3617712697231902,0.4327696327456174,0.21307256819351522,0.7295820616911731,0.2512886597938145,0.2954883490332177,0.2710133341614556,0.2264808362369337,0.6189429590842286,0.5764290173696014,0.29704128172143607,0.23647146034099348,0.020690126286338442,0.2984423057843041,0.8318527506235831,0.1615560640732266,0.621844334816171,0.6009519459602395,0.04750703525929959,0.538381417481035,0.24200000000000002,0.1542293503136528,0.37342799188640974,0.14826289001991597,0.08653712030969365,0.10319191118160183,0.7868807760089502,0.3067514653975963,0.1554074140205547,0.2997180932854946,0.5084968890996505,0.0,0.21566791510611738,0.5847100801456637,0.20826232561169372,0.3107512953367875,0.6124653627636489,0.46898670398342795,0.5029272546088689,0.3427726735664251,0.004565614220864069,0.003721492516743696,1.0,0.3242382901318782,0.37442922374429227,0.41433060769943025,0.4590347907593483,0.0
0.10169106343867484,0.5233937590540698,0.42357667437941465,0.16707411219763252,0.4366852570061629,0.20876288659793818,0.1487357461576599,0.08899359076152792,0.5862369337979093,0.5373710456601384,0.18648044095049704,0.10337972166998016,0.4755374351371387,0.9866202565890613,0.5972814763369382,0.49999074537936056,0.2769450800915332,0.6269822556017991,0.3475684511646915,0.5196546534686725,0.03815045808143377,0.3613333333333333,0.3714938575055565,0.3035294117647059,0.47957236114184565,0.5602979500553413,0.5483743061062647,0.45882074889498536,0.06751467383862328,0.1827061906340316,0.3147104049205536,0.4723194525212291,0.0034642031807068053,0.519350811485643,0.47964181607809986,0.5362088467294313,0.6202072538860103,0.5113289035154204,0.8854597799048979,0.501245640259093,0.9999999999999999,0.0035434618014225207,0.1405579002836155,1.0,0.47294224647567074,0.5093399750933996,0.46968746091832136,0.535636363388966,0.0
0.11099942574706391,0.572882815864688,0.42353672661000336,0.34122490993309323,0.5799075953803626,0.4914089347079039,0.675260287555776,0.08569313980424419,0.5043554006968642,0.5224275171638418,0.13712323117108483,0.36814407671617366,0.6363973313565604,1.0000000000000002,0.5225716836987797,0.4228028872913107,0.31807780320366136,0.6587639472939959,0.6130676218178324,0.5538061985006526,0.026386118982340327,0.49600000000000016,0.29624637363808587,0.49273833671399603,0.5223500774507636,0.5387564241359025,0.5785091197462328,0.41017994355748255,0.07139362307685249,0.18689563176645008,0.6258329062019478,0.34180330637962947,0.0,0.5433832709113608,0.41600830383138854,0.4963723546836503,0.7160621761658031,0.3282537294898209,0.6998842327694538,0.7598405580468361,0.2897651968110467,0.1561848865436877,0.5404036369106452,1.0,0.18826739427012276,0.41843088418430874,0.4691480322998137,0.5215827986014147,0.0
0.6406311831149122,0.2153400415018989,0.9845380860433771,0.0,0.47291825020197736,0.0150343642611684,0.13287059990084288,0.5591552870335924,0.23548199767711958,0.3035475429960865,0.33338582158938124,0.13612442989124082,0.06787435137138621,0.3791958200738145,0.6737771604325827,0.4047673698424516,0.12316933638443933,0.6480046520511462,0.6427798745162145,0.24259237515947207,0.05814093986600349,0.7113333333333335,0.6870241462303186,0.4369168356997973,0.5620574242088959,0.7409075364738624,0.7902458366375886,0.19889134523074142,0.26827649824944416,0.8065304583449283,0.8323936442849823,0.18664765129116928,0.0057736720746707475,0.7187890137328341,0.22153787269604674,0.5846227372286312,0.882383419689119,0.17019674788511907,0.17987927016469252,0.6292974588938716,0.3327969335316322,0.0008858654503556302,0.0,0.3812918649407537,0.4138244656662119,0.7941054379410541,0.5789578416203597,0.6849639622161688,0.0
0.8040463428594891,0.3454837320386829,0.6156393724997319,0.5599588265568709,0.30945826486442596,0.4390571305841924,0.18951412989588495,0.46755971066980706,0.2507984901277584,0.3940635802756017,0.5489596795916708,0.48918255174833347,0.5374351371386213,0.04709426248162706,0.27589542613354506,0.8736888974242278,0.4576659038901602,0.39423767549275945,0.09642058703334215,0.08989557922463784,0.31841291570463787,0.33225000000000005,0.23043293461506997,0.33371196754563903,0.4483292763885817,0.33576554434614825,0.17917327517842968,0.5188882078370011,0.327124676054899,0.5887044981607887,0.2934392619169657,0.5499185805342918,0.12240184977769784,0.17388420724094883,0.44764945793864214,0.3585710627938827,0.3288860103626942,0.4160853886790965,0.2691705313946736,0.595789735924265,0.5405096347451874,0.0019080178697971789,0.002218582016174651,0.2259123661645758,0.24124602091859934,0.27615193026151924,0.3092125375630506,0.30270350875949137,0.0
0.12739582786847034,0.6035785599624134,0.4132621139926072,0.6495110653628411,0.16231617261512815,0.5115979381443296,0.315319781854239,0.2792026125438427,0.3908246225319396,0.8278128915956781,0.10318998690624631,0.3349315869488949,0.5248332097850261,0.02336761273562326,0.2773092568707214,0.4129250125806468,0.37025171624713965,0.6301170440703429,0.669895910959398,0.05354018486290784,0.1631767197175425,0.38399999999999995,0.10554450509994341,0.36908722109533487,0.41513609205576474,0.09105594723508911,0.2807295796986517,0.5931049508546835,0.3066815885568192,0.1105852709239365,0.2942080984110713,0.6159418410468471,0.007505774145741473,0.11891385767790265,0.7041913074888693,0.13730137486361843,0.5953367875647667,0.2742024234496991,0.37215204295832316,0.6452416542102641,0.37672799963654535,0.015604860532389386,0.06899074236710949,1.0,0.37016825829922706,0.16728933167289328,0.4419803858715063,0.44482562709836665,0.0
0.35380527954545254,0.15567127363846364,0.43567734065554803,0.40967575913535775,0.2351871281756989,0.14003436426116841,0.19335647000495787,0.1384790751108797,0.409698025551684,0.26833932470790584,0.6102435340326443,0.48696058940474796,0.21608598962194223,0.1001775182468983,0.19962297847008637,0.7385509537802637,0.38123569794050344,0.7677239621338126,0.009880045193394076,0.10168551988819174,0.30591531384080783,0.5020000000000001,0.28133381794567197,0.6047058823529411,0.27970789997787127,0.4042159119826986,0.16494845360824734,0.47132214167466036,0.27886496493187646,0.20212931559307318,0.5879036391594054,0.19623058112500574,0.1622401839522395,0.24968789013732837,0.43458844577580863,0.2707204030778215,0.5036269430051812,0.4441298060326126,0.2970809816100011,0.37867463876432483,0.4368951902549624,0.002589452715226771,0.0,0.304006807104651,0.4511141427921783,0.3926940639269406,0.263577771021105,0.3975135753550729,0.0
0.1208475854930448,0.4594964958302338,0.24660762499851036,0.3223537484988849,0.6250351018598206,0.5969358533791523,0.5769294331515452,0.061033367368783634,0.7175764614789005,0.4780417092687803,0.5275221170518983,0.22001325381047046,0.3301210773412404,0.13752276843238634,0.7857922412937791,0.6439423293382185,0.39069412662090003,0.5540943553094418,0.47191038246111683,0.7789795954137702,0.05175453300057067,0.695888888888889,0.40224817357709636,0.7235970250169032,0.6160655012170837,0.448821814129882,0.580227332804652,0.243607909080286,0.2386776576567916,0.6521538194144346,0.9612164701862295,0.02123184004792167,0.05196305059490602,0.5746982937994174,0.27676394715224395,0.36588588516711434,0.49499136442141606,0.35585230099223475,0.22286722567909867,0.08088357415711674,0.09841066411693994,0.0002044304725410227,0.0019323134099324085,0.47195406698900255,0.5547976352887676,0.7548083575480834,0.9335749527214268,0.14542532877947345,0.0
0.23849178291382336,0.40593555459848873,0.46445901449577826,0.45651055069480195,0.23156861592771577,0.625,0.3187902825979177,0.22040569032774227,0.37485481997677117,0.3178337031507756,0.777015097567595,0.5739679569640979,0.41141586360266885,0.014486870142129748,0.552336541323544,0.7016392047152151,0.4901601830663616,0.6960258442312344,0.20805788600687516,0.08645203689674213,0.3040832691368436,0.3073333333333334,0.10513379753733594,0.11330628803245438,0.4705687098915692,0.46225612130195504,0.22878667724028534,0.4464026434908249,0.18199609889396362,0.26490535161559003,0.5028831368528959,0.41565920081148666,0.4832563720709214,0.17770755305867666,0.3923515846136736,0.1920401133095394,0.21826424870466316,0.6943262404532987,0.31818258719743375,0.5827105132037868,0.5821896349986507,0.0029983136224845264,0.0001431343229834507,0.3875104166934301,0.2546612096407459,0.20257368202573678,0.40422535261120535,0.57467003887768,0.0
0.6406746202694439,0.3295094162327239,0.5189294259850872,0.2705438325613313,0.3353780458863126,0.2384020618556701,0.22392992893736569,0.2817642839956003,0.18660472319008903,0.3875553485764898,0.6434289010892392,0.3781234163645577,0.2041018038052879,0.03678779133675749,0.15676158349042568,0.8185258150361185,0.5054157131960335,0.3148888174985133,0.19498064857328307,0.072642177335007,0.44321256995098623,0.1874444444444444,0.4339904435712428,0.3828262339418526,0.26067714096038963,0.2772166852754079,0.24583663758921476,0.4950187017184795,0.3528096389202642,0.40437782613114104,0.46574406287373993,0.3923693743490542,0.047344113447934565,0.19870994590095717,0.5066194408569706,0.5922005736194287,0.33367875647668394,0.31767036311995406,0.25116025078785864,0.3682112605879421,0.6109500576194684,0.0249405186712606,0.007299850412568997,0.34607376328059974,0.3462179778687281,0.2561228725612287,0.30093607733446065,0.48438882506791436,0.0
0.6034571447915944,0.15911671430249402,0.38012877879659257,0.3829130211013896,0.6014669716265307,0.2968213058419245,0.34060485870104107,0.4010572161647139,0.274390243902439,0.5510083757607557,0.36563537939135227,0.5164308268038826,0.15270570793180135,0.05414083939040646,0.2270066474848696,0.743747352802675,0.4045766590389015,0.567187846440675,0.09757446092454147,0.07417763273436248,0.11673374893860489,0.3180000000000001,0.21796086845396934,0.40219066937119674,0.3261783580438151,0.24790286156100186,0.25257731958762875,0.2656657631042348,0.34983925744475375,0.34835387507040094,0.46386468477703724,0.41446498264684223,0.043879908023880254,0.28870162297128593,0.29622559062322273,0.6692542971224069,0.3766839378238341,0.49335066273780426,0.20808626294060903,0.44992526158445445,0.22316484056699792,0.008517936929544345,7.156716149172535e-05,0.3461499381833778,0.33424283765347884,0.5512660855126609,0.4089880340038516,0.48988056054414286,0.0
0.1331779532732618,0.6107826631690223,0.41833899878203895,0.15903242408646423,0.9432058892488889,0.48067010309278335,0.29102627664848785,0.2737243479581706,0.15040650406504066,0.8306951459023999,0.2042133786446791,0.19787159396561807,0.6719792438843587,0.022949297942827664,0.25677150510963404,0.5524225872123505,0.28558352402746,0.6314922477481427,0.3664270775739802,0.05730362160472214,0.1693899895799528,0.2136666666666667,0.04993457304790701,0.26523326572008116,0.2312458508519585,0.07324181965375356,0.2731958762886597,0.20305353315858743,0.3940802358540017,0.20137857739171067,0.3936442849820605,0.3282957240617303,0.007505774145741473,0.22315855181023722,0.49285441731417645,0.11309760849336722,0.3549222797927461,0.5245273284028822,0.36460809644018943,0.4329845540607874,0.37672799963654535,0.00885865389836766,0.11278984230014527,0.38628139962867986,0.33560709413369727,0.19800747198007473,0.411809898603075,0.46413330460136215,0.0
0.6723834565528315,0.1706667710739595,0.4217545515171503,0.30937982501286676,0.6281149927307867,0.22465635738831619,0.33068914229053054,0.43726632108135877,0.318815331010453,0.3730831689964218,0.4880500360859156,0.12021985732662852,0.18430318754633065,0.06491168523684385,0.20289711280881045,0.845688643368449,0.3570366132723112,0.9032365524672354,0.45527536719632694,0.01633499789862198,0.21524602244299448,0.2520000000000001,0.12857801683433118,0.21070993914807304,0.4031865456959506,0.058881772751203626,0.3029341792228389,0.41749985619189117,0.7503145153028097,0.4001570903896582,0.5253716043054845,0.17461825196621383,0.0,0.2381398252184769,0.5338796576173074,0.16411727909278928,0.33678756476683935,0.3600488056516884,0.24548174504854497,0.5869456900847034,0.3496994372433241,0.007700214509840193,0.0,0.4033182454039859,0.30695770804911315,0.26151930261519307,0.4206068770241086,0.44662388965737837,0.0
0.567950565996725,0.2150659723581692,0.7755351078848535,0.1553654143077715,0.7974531232615484,0.23067010309278352,0.11353495290034704,0.44063986101477604,0.2282229965156794,0.34005089452491344,0.6517949826305325,0.6623786691615013,0.19987027427724244,0.028060361026668576,0.5341799781724378,0.718069585727477,0.3121853546910755,0.7657204410094691,0.17401860621649565,0.097115609136218,0.34072753956147,0.4466666666666668,0.1530161703295278,0.19156186612576068,0.21875691524673604,0.30319285008328,0.2807295796986517,0.45892327746370243,0.2849804398475009,0.2965459109485543,0.47001537672988214,0.22254191129611706,0.2488452734047343,0.2737203495630463,0.4655616559353315,0.177824062865518,0.4751295336787564,0.21369921719043372,0.23340581468077304,0.552566018933732,0.3380049937693073,0.005519623004465499,0.0015029103416704084,0.19444431086866218,0.3542519326966804,0.16977999169779995,0.4382130901489046,0.48482964275747,0.0
0.5447075337131486,0.3924670138209155,0.5022022633539716,0.4580545548121463,0.5393706606396145,0.4918384879725086,0.32721864154685176,0.24857445569379555,0.2653890824622532,0.23046741378816404,0.5361537660429047,0.39293649865512814,0.5700518902891032,0.03241500266780123,0.37374739557495795,0.5619048621240041,0.30938215102974825,0.47385533426827264,0.1973845525132816,0.6128836328592665,0.40953312795322533,0.16033333333333338,0.2447727265720238,0.2288843813387424,0.2760566497012614,0.44966843682618096,0.21609833465503558,0.38816946383127526,0.10798154806479884,0.09670789260487966,0.49564325986673496,0.3178949264988538,0.04849884517085171,0.13576779026217228,0.5249528207014774,0.5715720605540138,0.36373056994818653,0.23448850278295108,0.35236657460716825,0.2411559541604385,0.2939156359518905,0.003339031196496483,7.156716149172535e-05,1.0,0.2992269213278763,0.2611041926110419,0.2590357923337704,0.295655895328541,0.0
0.28177444329169166,0.6991112329196194,0.4687110644504199,0.3458569222851262,0.22955195677668863,0.5240012886597938,0.5816807139315815,0.12616994858345032,0.6003919860627177,0.5266236987942692,0.4932570659058674,0.37375745526838966,0.636026686434396,0.0807361343126721,0.7597975989681517,0.48948139548780406,0.3807780320366134,0.4741001666461877,0.39047813649366575,0.8665127963120758,0.27070207759785975,0.7522500000000001,0.6119954640177688,0.8124137931034484,0.8698827174153577,0.500558062682548,0.7073750991276763,0.13721726613997065,0.0576412530145064,0.23621911734956025,0.6442849820604819,0.20703557917956877,0.036496607832951125,0.7284644194756554,0.2026436632116818,0.7493192863358062,0.5062176165803108,0.10401469107833539,0.3616369849149964,0.5944195316392628,0.19817394981862438,0.010845657055922452,0.01502585044380974,0.4608462903227951,0.3634038199181445,0.7897467828974676,0.6057593376963292,0.06501525150608306,0.0
0.23501353700583397,0.17070592380877805,0.27475563389636204,0.5074626865671643,0.48387619000626175,0.2349656357388316,0.24194348041646013,0.11889539206392717,0.1655052264808362,0.3467205740224376,0.7959493041635491,0.7171091100456087,0.477020014825797,0.05020799573935308,0.24427026490723297,0.5885855106276869,0.44622425629290613,0.28585204070075143,0.04968869443977021,0.4278733492221625,0.04689109621437756,0.38100000000000006,0.11849777170954819,0.22531440162271815,0.415675481301173,0.5610094868719191,0.3984932593180015,0.40093092274218545,0.47386079794426234,0.6453962733296799,0.34495130702204013,0.7727113878412988,0.10161662748867487,0.3230337078651686,0.5370931885054759,0.5286214227025228,0.2243523316062176,0.3968983776789412,0.08130849022153777,0.0,0.09427269501167052,6.814349399903175e-05,0.0025764177739774534,0.32359635611030346,0.3028649386084584,0.278123702781237,0.44140374229652435,0.5496495372698855,0.0
0.21011508639710208,0.2552758310167965,0.41935689340257665,0.5187853834276894,0.39485095378072943,0.42697594501718206,0.5761031234506694,0.26156605040313696,0.6585365853658537,0.44985138798099444,0.5249543368857157,0.25587650567185116,0.4336545589325427,0.02791586854280574,0.2615338823295963,0.6924080729606106,0.33135011441647594,0.7416200827304622,0.5568162696218659,0.08107261496800652,0.21946639453720432,0.5090000000000001,0.14638700901117535,0.2876267748478702,0.499778712104448,0.08828844746566131,0.20340999206978577,0.619554115862333,0.4368185642466305,0.17072420189249277,0.14454126089185035,0.7359018594712707,0.0023094688939639422,0.16697877652933837,0.631813638054465,0.262799961690254,0.29585492227979265,0.24900176531770396,0.40359285860016686,0.32286995515695077,0.9999999999999999,0.0010221524194415487,0.08945895629395618,0.4033182454039859,0.3587994542974079,0.44043171440431705,0.4690241342475932,0.5027864667760802,0.0
0.04979480958667169,0.34607102306096077,0.42485784465305226,0.2724523932063819,0.7936769066288951,0.23697021764032072,0.4886795570980005,0.24684359660477018,0.21293070073557877,0.5861713936785744,0.6345453511641796,0.10150859548590807,0.41326908821349156,0.3831530762075586,0.2446671296755631,0.7122667036976766,0.2713386727688787,0.5930354848779396,0.5376811942594775,0.1504034198609306,0.6910181651897713,0.7147777777777777,0.2834535622639983,0.40164976335361724,0.4113188758574907,0.2799164308131924,0.23024054982817854,0.3845995359292426,0.23437937785458712,0.33489529365170567,0.2699470357081838,0.5173917129294233,0.0057736720746707475,0.22679983354140656,0.4374394323437416,0.3491392427691799,0.27737478411053534,0.25017094238781235,0.5104435726429702,0.4519182859990035,0.29075812864444095,0.0025213092306838117,0.0,0.24082455961961294,0.2425344853721388,0.40473225404732244,0.44400767327447865,0.49303695950575277,0.0
0.23433537586333136,0.4707724834579695,0.3577585774656935,0.40485074626865675,0.5049744433378263,0.6430412371134021,0.5984134853743184,0.1073007599209405,0.3536585365853658,0.42627620487514645,0.5298804921979662,0.20582388024792433,0.3850537435137139,0.11064462068971173,0.26480801666832027,0.7204270241687472,0.42110983981693356,0.39970135598238765,0.2870982475540278,0.806724050922368,0.12193580337125998,0.3336666666666667,0.3873152498303252,0.3262474645030427,0.41102843549457857,0.4521594730364158,0.39849325931800145,0.312256042807991,0.33725888368429796,0.6921772974944367,0.39774474628395706,0.7418798964924969,0.011547344149341495,0.5617977528089889,0.2893659256262299,0.3999058779723074,0.366839378238342,0.6237114247708261,0.14439362274398337,0.227204783258595,0.4101809210359837,0.002180591807969016,0.0013597760385492873,0.6426861492978715,0.14779445202364708,0.2606890826068908,0.869506304092335,0.0,0.0
0.49250019992265553,0.20081437688422535,0.5095445279171115,0.40124806999485335,0.2948646652559497,0.29596219931271484,0.44967773921665843,0.37412619556635984,0.2531939605110337,0.47016240258873776,0.5646455912033245,0.5692901415039175,0.3850537435137139,0.032071077788351755,0.45262426828058355,0.7725861600483759,0.4843821510297483,0.31520581250370394,0.14715497968701172,0.07034590934002663,0.5492587310763726,0.5553333333333335,0.283871458551673,0.20713995943204866,0.49961274618278395,0.2824882274381373,0.3453608247422679,0.2129546578161845,0.37971766498849696,0.40657490713716526,0.2588416196822143,0.6890836760201433,0.10046190089340917,0.21878901373283396,0.35982933756033597,0.6265181231311545,0.6248704663212435,0.1833578903855645,0.29639530347986054,0.48530144494270067,0.2634727426883747,0.011788824187606389,0.01603104449194375,0.4036843997260721,0.1664392905866303,0.3429846409298463,0.3659324643702244,0.39788922331938914,0.0
0.40921931256003946,0.2364825183039035,0.39278309582572396,0.3494595985589296,0.6577853319574659,0.3333333333333334,0.17104610808130893,0.39116706609248797,0.15679442508710803,0.3782123196135007,0.44353423834016137,0.35832066424979525,0.2753891771682729,0.326442840214933,0.18384760392896127,0.7705850949683803,0.3803203661327231,0.7018833945185463,0.30469482439481727,0.16006023041459705,0.06829445439398799,0.1373333333333334,0.28199877501439413,0.15196754563894527,0.13199822969683567,0.5196025423143782,0.28548770816812047,0.520463925470718,0.5026209376836428,0.6355810682336448,0.3987698616094312,0.30900839343426934,0.0005773672234909856,0.13639200998751566,0.4473282869083745,0.6250673301945497,0.3031088082901554,0.5323850975345605,0.18018816866530604,0.24613851519681118,0.4080128594282812,0.0,0.0,0.47346200828859286,0.2605729877216918,0.37816521378165213,0.43726468703689286,0.7440003569295721,0.0
0.055947298582902955,0.18323479895070666,0.4244330123565893,0.48944930519814733,0.3319659818947466,0.40292096219931267,0.4749628160634606,0.272277519660024,0.1565040650406504,0.6338924846191104,0.6758034827411591,0.7180446731376445,0.20496664195700526,0.016775433963352238,0.30856235737672394,0.6871540791924935,0.5107551487414188,0.6094219411025968,0.36296545590038226,0.045027824029982094,0.170606228615352,0.22033333333333335,0.17456776150863368,0.21395537525354974,0.19705687098915695,0.18780985866563535,0.22204599524187152,0.3990484000418476,0.1648378585175519,0.1747968699692372,0.3675038441824705,0.5151166659750945,0.030023096582965893,0.06179775280898876,0.3383421910165251,0.4270869283427216,0.2875647668393782,0.6749809294599031,0.32554091031923416,0.37070254110612855,0.4254218090915005,0.000545147951992254,0.002218582016174651,0.40141279245152905,0.14097316962255577,0.23246160232461605,0.40378679688283725,0.4508423688292774,0.0
0.6009510272729458,0.21205121177714267,0.42294497824150873,0.3494595985589296,0.4321275973481742,0.22809278350515466,0.358948934060486,0.299398148969382,0.21225319396051104,0.30431203296039466,0.5528822827892798,0.24277862238334705,0.3046701260192736,0.04081066918722863,0.22045837880742145,0.8607484009706736,0.45446224256292905,0.8886124227948554,0.7573018582177458,0.034092286038352605,0.29669034393385113,0.47366666666666674,0.12014143857884359,0.3869371196754565,0.4330604115954859,0.055098992489175797,0.2252180808881839,0.56810848031362,0.3915292345991185,0.4040071820890362,0.5038441824705279,0.4450126902848719,0.0057736720746707475,0.20880149812734092,0.468480472733647,0.09603663102570603,0.29637305699481864,0.6136671808794533,0.2451845682892645,0.4753363228699553,0.2804885096842049,0.002862026653398608,0.0,0.31127611039083447,0.2987721691678036,0.24034869240348683,0.3709495193578014,0.419113635429385,0.0
0.6016414660016733,0.22395364316197483,0.5471832371182145,0.26042202779207413,0.6876589735278074,0.20747422680412375,0.3222607833415965,0.3617802219159923,0.31678281068524966,0.2681448266033032,0.6015679377586021,0.3952754063852181,0.251297257227576,0.036550968323415804,0.30677646591923813,0.8709576098913387,0.32128146453089246,0.9304276191973296,0.22796221063006328,0.05709298489015165,0.3657552753695374,0.178,0.1075815997372521,0.2811359026369169,0.09515379508740873,0.1708467439543053,0.08524980174464707,0.7790802174577871,0.2918996374706872,0.19201408114943813,0.3654536135315223,0.6111403158999442,0.035796768016680205,0.27808988764044945,0.5981375483012281,0.16171343432831348,0.305181347150259,0.4357701912540414,0.2551409410231984,0.20627802690582958,0.29211919766143124,0.0027257396843126894,0.0,0.4033182454039859,0.14643019554342881,0.2474055624740556,0.42702068578938135,0.3756052951547598,0.0
0.2065317360418099,0.16527674458060895,0.4247897860685706,0.5162120432321154,0.16851568498259173,0.3785438144329897,0.3717154189390183,0.017621626844333216,0.2868757259001161,0.22410338159827123,0.48327352803706547,0.36311542509647987,0.5296515937731654,0.29231197908818224,0.5100332374243477,0.5768530005453181,0.6393592677345539,0.780355110486903,0.3569076179715859,0.045362979851820535,0.1884726565108483,0.4845000000000001,0.5069615391485909,0.4670993914807302,0.5897322416463823,0.9382561274528936,0.5767743854084058,0.3894362442122873,0.1330724187449333,0.28739040950824246,0.5598411071245515,0.4170593213940151,0.12933026062580646,0.4737437578027465,0.41414260156854676,0.5660653575554193,0.5274611398963729,0.5079433743089287,0.6783577359276197,0.6908320876930742,0.3185025064886967,0.004565614220864069,0.0,0.5420915031511889,0.3657912687585265,0.515151515151515,0.3225564542796078,0.30787313302165015,0.0
0.28640850861653033,0.3047648878274148,0.43674732116788084,0.5717961914565107,0.4087633777527075,0.5575601374570447,0.2374814080317303,0.10219047810134867,0.3719512195121952,0.36460309359239823,0.5807381476190038,0.5042685066074144,0.4280948851000742,0.016276756218905536,0.2064688957237822,0.6455889001677295,0.4691075514874143,0.28170873893706594,0.3061371667588164,0.9999999999999999,0.26846751294663346,0.48700000000000004,0.6434076723764992,0.5988640973630831,0.2601239212215093,0.5374671216780427,0.3929421094369546,0.436116652394986,0.14415012262610913,0.29907236890218125,0.5627883136852896,0.39052290563792524,0.0005773672234909856,0.48252184769038703,0.37972203787556524,0.616406090923225,0.5922279792746112,0.2677114900185987,0.31951011814123853,0.6108619830592926,0.39381979785330207,0.026235244726279666,0.002791119387557772,0.4622300034055325,0.07776261937244205,0.5724366957243668,0.7298584909114435,0.054816368543819716,0.0
0.5294949596998619,0.16710387220547357,0.8668210366816931,0.4809572825527535,0.34992342248403363,0.4634879725085912,0.5339613287059991,0.6007343451082526,0.2813588850174217,0.2843187704326497,0.6729105848372686,0.2628932288621214,0.24981467753891778,0.021535192949794543,0.329397757714059,0.8114416613143329,0.4227116704805492,0.7509602162830922,0.16363374119570184,0.018735582883360823,0.38239573241070923,0.28500000000000014,0.0758857879117157,0.27659229208924957,0.09154403629121488,0.48931410003710396,0.23552735923869939,0.6806791365814162,0.07485323181977607,0.2757036063356624,0.5310097385955921,0.45047394544813746,0.4336027797941982,0.28620474406991264,0.43452447499412405,0.23566616952620179,0.4683937823834196,0.4166820744210532,0.23231702674094684,0.5166915794718486,0.5940291255132475,0.04252154161707025,0.0232593282296481,0.379072263185736,0.3792633015006822,0.24782067247820672,0.3148209557264347,0.36580085464007367,0.0
0.49612946587170564,0.3068791355076152,0.5181335384801857,0.4566392177045806,0.32915227129879954,0.5429553264604812,0.25731284085275163,0.405579664257617,0.31620209059233445,0.45885517835691114,0.6031706527298902,0.5702257045959537,0.49078020756115653,0.03621901532203765,0.5201904950887986,0.8437348379248153,0.5100114416475972,0.3430966536447876,0.4432318084569341,0.06261069472964836,0.5323155946057699,0.3920000000000001,0.27222626103135555,0.1782555780933063,0.3509072803717638,0.2749046366819602,0.33901665344964305,0.2038830794706522,0.35721275384629503,0.3761206936670918,0.4725781650435673,0.45011443372726717,0.11836027592835924,0.21910112359550568,0.3699320908297916,0.6373089055777976,0.4642487046632125,0.3035528835188518,0.2747181953832495,0.3358246138515197,0.2338235490855237,0.006405488454821129,0.015100671362757829,0.4300375025908627,0.2778535698044565,0.309931506849315,0.35687066417688607,0.42342899470184453,0.0
0.25332085785400343,0.3039296294846193,0.45323004150921076,0.4112197632527021,0.26443565330974766,0.25515463917525777,0.26772434308378784,0.29060670152429274,0.29065040650406504,0.1831192830877531,0.749349312727707,0.4747982692082797,0.26204595997034846,0.013104384839994026,0.2338525647385654,0.7365119306623154,0.27643020594965684,0.4240819558079846,0.3295031130556024,0.16363832441875537,0.172303001036255,0.22500000000000012,0.26262514030085465,0.23602434077079115,0.2475105111750389,0.45245701882014644,0.381046788263283,0.37538195444227357,0.4140341060159988,0.625962938445071,0.5258841619682215,0.4820586432649901,0.13163972407164076,0.13139825218476905,0.4054536388896597,0.5570789546253561,0.5067357512953368,0.4768143713481851,0.29921280770818215,0.34877927254608865,0.1298304331519578,0.0031346005915704445,0.000930373129185924,0.35478395227515996,0.14688494770350166,0.18887505188875048,0.34543146245440826,0.5139740854736038,0.0
0.521643550755871,0.24219881758740847,0.37987831598447963,0.7090410018871162,0.25864096699057815,0.3306128293241695,0.5015699884316642,0.32713156610885946,0.1871854432830042,0.5410444651220596,0.37475922473948553,0.24184305929131092,0.4573758339510751,0.04608535653853125,0.19783708701260047,0.7080572136620376,0.625019069412662,0.6555698858291706,0.5874900838962474,0.05169865108744422,0.14846894233236418,0.3990000000000001,0.18005362633970762,0.6115212981744423,0.2628070369550786,0.14940421997348027,0.1361353423209093,0.5765815297331959,0.40204782444077375,0.28633983191138346,0.6837519220912354,0.1073005467925997,0.006351039218042179,0.28984602580108193,0.3093925789493365,0.3583117206369549,0.35613126079447316,0.4962783572439319,0.052646766049337566,0.3416376017272878,0.3460003897957075,0.012879119940293735,0.0,0.4064556197353463,0.30256177050174315,0.4567593745675935,0.2733374547915045,0.39139661335138604,0.0
0.39007235237434623,0.23303707763987316,0.37141634894507325,0.5409161091096243,0.3330664691601708,0.23067010309278352,0.22905304908279622,0.2043820340075902,0.35162601626016254,0.46947562097395446,0.6208916076266384,0.592679218804818,0.36137879911045223,0.026271119986426797,0.29516817144557994,0.7725809924937042,0.5359267734553776,0.25385739703826044,0.34825356378759104,0.11578809051423897,0.3194748756187891,0.19900000000000004,0.3448644236147119,0.44113590263691693,0.1535737995131667,0.4005202308888607,0.3818398096748611,0.3337249254342178,0.28340787326478306,0.433388261149951,0.28549461814454125,0.7974863168287121,0.11143187533555352,0.18570536828963802,0.6610859968327587,0.47140485830000806,0.36424870466321246,0.45828845649366,0.3215489794588101,0.44992526158445456,0.3701299292543196,0.033799173174816906,0.0075145517083520415,0.2941895635597223,0.2824010914051842,0.22332918223329185,0.3170187190577263,0.46047716664092103,0.0
0.7388668295063319,0.5309110841392272,0.5337084395594558,0.38548636129696356,0.28524063092409724,0.3874570446735397,0.26474962816063463,0.6776911860359895,0.4860627177700349,0.3145117338697214,0.3694552025945185,0.39340428020114626,0.36026686434395866,0.07712891800471997,0.11896021430697495,0.7524135298983439,0.5377574370709381,0.6113346028864594,0.41402437558595173,0.1392835924569209,0.09944439804452207,0.21266666666666675,0.20092701914903355,0.30190669371196754,0.3225271077672053,0.4365261348977596,0.2367168913560665,0.5289870615207217,0.24056472961098863,0.46398916513201194,0.4069707842132242,0.45512745332374355,0.3885681349197494,0.2390761548064919,0.3778045525000623,0.5295920858619731,0.3901554404145078,0.5262529195546065,0.3688926115866106,0.8071748878923768,0.4729410530270679,0.0017717309007112604,0.01438499952935495,0.45255566107748496,0.2905866302864939,0.33208800332088,0.39201846024164805,0.4648140104381847,0.0
0.20805754488904715,0.34704984143142403,0.39149633790559824,0.6181163149768402,0.28213893346729746,0.5158934707903778,0.43116840191703854,0.20541052534456344,0.2711962833914053,0.2717300411433392,0.6056309437566719,0.5087903948855884,0.5458364220410183,0.01580946380208221,0.05814068856037306,0.8592694468236075,0.6241037376048817,0.7592034092565402,0.4101781292819539,0.030921918661133453,0.4350478519246551,0.2550000000000001,0.14621412843620996,0.2954158215010142,0.3438813896879842,0.18798811849961564,0.1519957705524715,0.48480412092280484,0.35682837163403874,0.3760097616386028,0.39945327182641366,0.4627552522104616,0.03868360501545023,0.20620058260507698,0.6269694236848901,0.2606344478801651,0.21243523316062174,0.679576589081167,0.393674734608008,0.4044178707855838,0.39080620945801847,0.0008858654503556302,0.00021470147454401124,0.6005463352120058,0.21828103683492497,0.24754393247543927,0.36034758764838054,0.3963931931940749,0.0
0.4984404886771573,0.565678712658079,0.3761083483558943,0.40144107050952144,0.05083274804286897,0.2525773195876289,0.3515121467526029,0.5228373185133851,0.3275261324041812,0.6649201087702442,0.3513763172860046,0.5608700736755934,0.5144551519644184,0.06741760916905501,0.37047326123623386,0.7951444153015241,0.5899313501144166,0.984158687304892,0.4446020337027333,0.023791499334620207,0.2696822425570565,0.2266666666666667,0.11985577971507148,0.21860716700473293,0.22560300951537962,0.07888377978837038,0.30095162569389355,0.4222636861580066,0.6628809097225778,0.3403057943939435,0.5699641209636085,0.016360486920318273,0.0,0.12890137328339582,0.4233247005217788,0.2805313427134186,0.27409326424870467,0.47305056798506867,0.3289311615727641,0.38714499252615847,0.3425104684491902,0.005247049066293662,0.0,1.0,0.33424283765347895,0.3192195931921959,0.40532051774109373,0.4598328860255269,0.0
0.1985765621537975,0.19451078657844245,0.4378375165561242,0.18064848172928466,0.7054316935967189,0.25945017182130586,0.3589489340604859,0.2603080237896706,0.0978513356562137,0.5344388973388068,0.5434618706632135,0.23435855455502272,0.1312083024462565,0.02652194889304372,0.2782022025994643,0.7016776325308653,0.1752860411899314,0.666729800027435,0.6422029375706149,0.07286198695399729,0.2883666199027941,0.46933333333333344,0.2117964747370204,0.6514401622718053,0.48417791546802424,0.036384104561448,0.21371927042030125,0.5378129490409262,0.4049832476332349,0.1134401085766224,0.35520246027678115,0.2253209700150765,0.0,0.26061173533083654,0.23924411772767867,0.22154191559813535,0.44507772020725384,0.4529680453889933,0.39925520197718006,0.49975087194818146,0.9999999999999999,0.004906331492281705,0.0,1.0,0.627557980900409,0.5699460356994602,0.40452421529219584,0.4679080707082925,0.0
0.07084424407703883,0.4377797789175574,0.4213102278860975,0.38239835306227493,0.5526758974674837,0.5081615120274915,0.25731284085275163,0.26597729876364573,0.21951219512195122,0.5152015703079893,0.4377279621310306,0.25119869021167107,0.29503335804299485,0.2541549891268288,0.2201607302311738,0.6965448414086868,0.3162471395881007,0.6131980389898994,0.3436380682227939,0.11656564295191524,0.6959783739917059,0.060000000000000005,0.14166620631111088,0.21590263691683576,0.042376631998229726,0.17459776001833824,0.24266455194290232,0.35607933294172156,0.1506849380370392,0.12559557107675295,0.31266017426960524,0.5772203561020347,0.0057736720746707475,0.22066167290886393,0.4824045004098776,0.1559096336057661,0.46373056994818646,0.4159472012456584,0.3976143331419211,0.21873442949676125,0.3366981126420077,0.016627012044047974,0.000930373129185924,1.0,0.43838108231014095,0.3134080531340804,0.43449733331965007,0.4871370583417284,0.0
0.10629027302572475,0.21111154614149802,0.4319463168082801,0.5110653628409677,0.2981469786799543,0.31743986254295525,0.31730292513634123,0.2736588938758101,0.3092334494773519,0.59970981739276,0.3445167419912146,0.3021868787276343,0.3057820607857673,0.020371865260455632,0.25379501934715754,0.8168504938115246,0.41510297482837527,0.6226658050054263,0.38661987066996806,0.044358442902356035,0.21693266582787327,0.2076666666666667,0.11981507459224087,0.35707910750507105,0.2953086966142954,0.2136645306984716,0.20737509912767638,0.7136028491487394,0.2110008473013854,0.15031940446216485,0.32188621219887237,0.6292100279519961,0.010392609862598632,0.15636704119850192,0.6420596960440095,0.22585808578221217,0.30051813471502586,0.41042157158567194,0.5955834348449893,0.40408570004982564,0.34857859000050045,0.035979764680191595,0.003721492516743696,1.0,0.15597999090495676,0.25197177251971764,0.4051771780473177,0.45847554522173783,0.0
0.12530260014850006,0.2258329744332642,0.41260680525826937,0.6088522902727741,0.09589851867187871,0.22164948453608246,0.33118492811105604,0.32298489495732097,0.35336817653890823,0.5543883324058719,0.639969678865276,0.4691848906560636,0.42179392142327654,0.028053656946958383,0.3070741144954857,0.9050043726908079,0.5258581235697941,0.7522765120859101,0.33267626625640045,0.06627112759572515,0.08107877749029688,0.5650000000000001,0.10955932542098805,0.468843813387424,0.18178800619606114,0.3120582307005997,0.21134020618556687,0.6783054753940123,0.44964356653778853,0.8031312654514163,0.726294208098411,0.3584954948308788,0.2655889218444187,0.3364544319600499,0.12492513657724436,0.5546389352338521,0.9233160621761656,0.04268545084915665,0.4565340158550493,0.4000996512207273,0.37672799963654535,0.0,0.005653805449980193,0.11041317175813975,0.27512505684402,0.4894146948941468,0.414195652756063,0.4456273825666616,0.0
0.44510533610257613,0.4187776516189656,0.485122973116931,0.1966031909418426,0.6684927303730642,0.14438359106529208,0.2103371343579573,0.19673227396014298,0.24088995354239254,0.17593075111008488,0.6235561763263662,0.3230031575254356,0.20385470719051155,0.031079794243365218,0.11233753348546485,0.7470229247758129,0.334096109839817,0.2669681708756098,0.22893579172576267,0.5949412806643519,0.4568304431990993,0.3249583333333334,0.4865472125380289,0.2749695740365111,0.10743527329055105,0.372286624674929,0.3905630452022203,0.3010256979852691,0.29825970119169215,0.37971776916450517,0.43106099436186573,0.5449741490539952,0.09699769034170341,0.20942571785268416,0.5611049529009845,0.48290696174917375,0.3487046632124352,0.6003236641580666,0.25159259934411554,0.6188340807174889,0.5166144636345412,0.023645792616241536,0.017748656129397206,0.3455597787439185,0.3025238744884038,0.39855749273557484,0.2289808789567162,0.2357856414480598,0.0
0.29765573745644003,0.1844876864648996,0.34980755946797754,0.5898095728255276,0.1499777131014149,0.27405498281786944,0.16212196331184925,0.4792572599066025,0.28397212543554007,0.5560587100660144,0.30563529630175545,0.31668810665419245,0.38621200889547824,0.2731939906706496,0.30856235737672394,0.6836304645951099,0.44164759725400465,0.719065822326745,0.2074809490612755,0.3192764012919006,0.0466696576121178,0.2810000000000001,0.2395454079563002,0.27496957403651123,0.15523345872980754,0.4487077635209691,0.36637589214908794,0.3934415504857944,0.10923958941337658,0.24413584614639416,0.3013839056893902,0.6032256444498897,0.5415704445780459,0.15605493133583026,0.3982360425822131,0.3189282273980573,0.21088082901554406,0.6929034398916193,0.4529810160959218,0.3811659192825112,0.3205473292068318,0.0,0.03306402751674899,0.3491128304144254,0.3337880854934061,0.37775010377750096,0.0,0.47694201797624514,0.0
0.4880278921544849,0.3533142790023883,0.6768036737791541,0.6037056098816264,0.18647938229798694,0.6757230813287515,0.5417699553792763,0.5169319246271181,0.634775454897406,0.3038556487904846,0.6357019257850374,0.5254746033602308,0.64393377810724,0.03668705383111865,0.3644458775672191,0.8297333955193731,0.5926773455377574,0.736544480151073,0.4731844515493162,0.05788566647965931,0.2781249331092612,0.5616944444444444,0.3197843252339108,0.4375659229208926,0.5403850409382608,0.5827182150220451,0.36796193497224405,0.48802038471748105,0.1030542376569751,0.28704711856905274,0.4384076541944302,0.5043114694398897,0.3452656107041078,0.1410736579275905,0.4075359419128346,0.3832290349252084,0.3360967184801381,0.4856983773218701,0.2848966251348988,0.34927752864972594,0.5256802040680544,0.03938694042031116,0.01796335742518025,0.1736761823483069,0.3574351978171896,0.39407776394077754,0.47180770116890003,0.3962915758676937,0.0
0.6172248603671695,0.38588935437140287,0.48258457330016646,0.3830845771144279,0.3673055195430086,0.2810710194730812,0.3653941497273178,0.3902330393104593,0.25609756097560965,0.5331024631431931,0.5178986252207257,0.6079600826414064,0.407709414381023,0.044981260403989115,0.31590435559083263,0.7314780747232166,0.441342486651411,0.3641329604559099,0.31344503473641194,0.04324178585391499,0.14995248861452906,0.30211111111111116,0.19722451588055212,0.4559567275185936,0.2938703252932065,0.2804247049348405,0.247687020882897,0.3106655376338578,0.3461699883855077,0.4116679504263,0.509824021869127,0.32117865977979987,0.06062355646356463,0.0538909696213067,0.5809981698843538,0.6856098523636633,0.39136442141623484,0.330372279898484,0.2606746745094812,0.48513535957482146,0.6051891590751839,0.004770044523195786,0.001860746258371848,0.4460171053118648,0.33136274063968474,0.38093261380932597,0.39196754471629414,0.29103674935129265,0.0
0.5889107408593515,0.2778278062722681,0.6940049663104173,0.3669583118888319,0.4830042948264591,0.37065077319587625,0.5274541398116014,0.46312000401261977,0.31558507549361203,0.383134902501789,0.6255330432666547,0.45357268155771246,0.4792438843587844,0.04134483254153325,0.5142003174918147,0.740158251194269,0.4732265446224256,0.7882036042071813,0.12180581263972695,0.0898297440331842,0.33184596383659065,0.32291666666666674,0.13881670311217725,0.39569979716024345,0.6511396326620936,0.19406219380665987,0.3162172878667722,0.4446167787585629,0.4129857547777347,0.34798736248654893,0.2952332137365453,0.33150205213174516,0.1258660500741007,0.25472066167290885,0.3980145761971342,0.17643820746427386,0.66800518134715,0.19965074111639408,0.23816335457539023,0.42750373692077726,0.5130174213977876,0.0020443048388830974,0.0,0.2752687703417788,0.23766484765802634,0.3931091739310916,0.48434700649356016,0.5112008674878195,0.0
0.45909828879673553,0.22551975255471593,0.3604223449379589,0.31549150797735476,0.18369374089408141,0.25902061855670105,0.479920674268716,0.39504537975385556,0.15011614401858303,0.626407384725246,0.09665649817130334,0.3494328148754533,0.4770200148257971,0.049181772715440754,0.22551840460363134,0.3186819691427459,0.16979405034324946,0.5721109436183067,0.09411283925094353,0.0689990227821988,0.12027835544315704,0.14233333333333334,0.03817503245164533,0.11188640973630831,0.2896658552777164,0.2977730280428449,0.27716098334655026,0.46848483858307466,0.46676684863115087,0.3461405056714949,0.21219887237314197,0.7439343328026997,0.012124711292712927,0.2253433208489389,0.5719290075938687,0.5584019124138162,0.3145077720207254,0.4907858307503476,0.13641055923872977,0.3223716990533135,0.4687281684012579,0.028960985318375317,0.0,0.4655130052147506,0.2992269213278763,0.4487339144873391,0.3464311823919649,0.4580525272371853,0.0
0.7277285803611857,0.3518264750792843,0.45763813114012664,0.24948533196088524,0.38261711024071055,0.47594501718213056,0.375805651958354,0.5098978407145279,0.4340882694541231,0.30874218721399854,0.47690990125938604,0.7573383230031577,0.2945700518902892,0.06137642060413926,0.18474054965770417,0.7689458526709494,0.46275743707093814,0.6853285212902346,0.3159450948340105,0.03205635943003818,0.22220602072979714,0.7596666666666667,0.23719872302421235,0.4083569979716025,0.6059139190086305,0.5811307563819714,0.25773195876288646,0.6798106110727922,0.14016634819538393,0.37427212728310555,0.3229113275243467,0.636331433016226,0.24826789985179856,0.41885143570536837,0.10956015448749762,0.31942909638807565,0.36424870466321246,0.36506827226503924,0.3436424061930268,0.57847533632287,0.24522888201528725,0.017989882340095797,0.01875059593344778,0.1488611709432221,0.25875397908140063,0.33125778331257777,0.41269955040896733,0.42111679433487453,0.0
0.29814904714613166,0.21455698680552837,0.4117724636184917,0.4067593069137073,0.2476690984541113,0.15163230240549824,0.18988596926127904,0.24485990466353807,0.19686411149825783,0.4776326440746743,0.4375139608747469,0.43051494951857494,0.3051643192488263,0.4595660993399416,0.22145054072824688,0.6854212571777334,0.39588100686498845,0.9038906782245855,0.540373566672276,0.06987057151130335,0.06749981165702992,0.19633333333333342,0.21086105221627027,0.35480730223123735,0.16840008851515828,0.41470795760420986,0.31165741475019815,0.48279898200188276,0.32967571703510384,0.2708120072523713,0.28122330428839903,0.28231822559467334,0.0,0.22305451518934674,0.4560720982031898,0.37417667449849606,0.2632124352331607,0.8663644285492332,0.5557211603851451,0.5263245308088357,0.9999999999999999,0.0,0.0,0.38986279510398164,0.4356525693497043,0.49273557492735565,0.33795944678505163,0.4706165352315054,0.0
0.3613361532336741,0.4141837307335917,0.3095807648193616,0.4662892434379826,0.1205214141312787,0.2319587628865979,0.20029747149231536,0.30101695882461965,0.24854819976771197,0.4890431216709063,0.5396628840139958,0.6329084317623668,0.4162342475908082,0.03203111992519133,0.2612362337533486,0.7939850039442538,0.5794050343249428,0.35754348005657227,0.41488978100435114,0.040043913933731676,0.12133367190132766,0.3970000000000001,0.1252589535506159,0.4677484787018257,0.27904403629121494,0.3817491628238071,0.3770816812053925,0.41276187427193767,0.39911240124831265,0.44707032121850465,0.3562275756022554,0.6578404561197054,0.012124711292712927,0.23720349563046197,0.4198520077606111,0.6161002385315466,0.48756476683937827,0.3609857094842821,0.27461788264538656,0.8111609367214747,0.43043849719269317,0.004770044523195786,0.0012166417354281661,0.30797356962780065,0.20691223283310597,0.2615193026151929,0.32212784763968216,0.4076474900095169,0.0
0.6856847957667227,0.5136838808190751,0.4632076837020377,0.698919197117859,0.11668024049805548,0.34584407216494845,0.2866881507188894,0.4537449066352043,0.47437572590011606,0.48802628467357956,0.45169601102380375,0.7941176470588235,0.4184581171237955,0.05487935031868691,0.23109931540827466,0.8156577282377362,0.671395881006865,0.4528768033220322,0.13781581288011732,0.09679810950218654,0.12655898339512867,0.45154166666666673,0.3363158313888874,0.4476267748478702,0.38592608984288573,0.26411072553360593,0.28186954797779523,0.42075609451322354,0.5198839734585592,0.4984036425215381,0.5620835468990261,0.3405121489202972,0.09064665304653052,0.1422050561797753,0.3475044204838126,0.6583927293623497,0.43542746113989633,0.3634675574929289,0.1716565560952638,0.40657698056801195,0.4141662412915497,0.012265829033298583,0.0019323134099324085,0.48914156076963133,0.15848112778535697,0.42216687422166865,0.3452051652186253,0.33452832050671394,0.0
0.3521881337659208,0.255902274773893,0.39877149734651485,0.31240349974266607,0.15139142757229107,0.13649054982817868,0.13745661874070397,0.14000603262795747,0.36766840882694535,0.222939191262358,0.6511346980049669,0.5247924219389545,0.40177909562639,0.012426139675086562,0.31235737672388136,0.7085092337625098,0.536842105263158,0.8030760556908998,0.006310247842496217,0.10354006199463997,0.3721310467471447,0.3237916666666667,0.16833980541515609,0.5738742393509129,0.32086744855056437,0.2976121176119084,0.16182593180015847,0.7118032705714291,0.25786274353161526,0.16698570705396631,0.3701307022039979,0.42249050432914986,0.1403002350679508,0.2511704119850187,0.42926805062848794,0.195682701058764,0.38011658031088075,0.6294717897525504,0.21789287730766144,0.2927877428998505,0.4080287339299849,0.0031346005915704445,0.0,0.595072062897626,0.2615393360618462,0.2496367787463677,0.3277001127139512,0.46953233882900314,0.0
0.2540448916115491,0.4491601738381426,0.41328683418348144,0.3124034997426661,0.5123773483017683,0.3737113402061857,0.3807635101636093,0.2921310892996555,0.3536585365853658,0.6158577414602124,0.4599680114002863,0.1768214243948076,0.37027427724240186,0.035283699446985776,0.3032046830042664,0.7130025634829393,0.30205949656750575,0.7385368322282698,0.39758167263636157,0.081230774356056,0.30828932155463484,0.16633333333333336,0.21541170109915353,0.15476673427991888,0.14992254923655685,0.23602802860623098,0.1475019825535288,0.81059176229975,0.23839811056836174,0.2019947345276888,0.3582778062532035,0.5592950250737538,0.14549653551255512,0.07116104868913857,0.6391130260253526,0.37305451308901016,0.36528497409326427,0.7886726120326666,0.29093728019599363,0.1624314897857499,0.3703377547412889,0.002862026653398608,0.0004294029490880225,0.6188262618159504,0.26011823556161895,0.6587795765877956,0.42279583626883677,0.3959427477518414,0.0
0.38989857510374276,0.35780379259491274,0.5089028747833452,0.6680391147709728,0.2372711425468674,0.40807560137457055,0.7203767972235995,0.23515169655224072,0.15824622531939608,0.20350749893468015,0.6299030019749896,0.6637820137995556,0.4473684210526317,0.016814404920615617,0.12967556305189012,0.7998372126322848,0.6773455377574371,0.6335462767230536,0.6182600543282291,0.10539080646197721,0.20091029845358568,0.6973333333333332,0.29248423287170444,0.41574036511156187,0.5196946227041384,0.5490580723843623,0.38421887390959525,0.5510812029883125,0.20481549554498396,0.4191379118755205,0.4407995899538699,0.6712816891899211,0.2511547471058715,0.3401997503121099,0.13376007327554668,0.3960619498647548,0.2839378238341969,0.6270229612751388,0.41591853203887735,0.41554559043348294,0.23242457869309607,0.010902958737250758,0.0025764177739774534,0.4048063198392816,0.6107321509777174,0.5574927355749273,0.365442436256125,0.4474538894428912,0.0
0.3257068558815096,0.24024118084648216,0.3256969576916045,0.44467318579516224,0.3175934613328112,0.3311855670103093,0.21021318790282595,0.4186082547526404,0.343205574912892,0.5132888761414341,0.4412334633302557,0.08794293065138581,0.6148999258710157,0.04510217895265549,0.3555908324238517,0.6556901541735238,0.39816933638443947,0.7974847534640921,0.2513281569268492,0.06272548829098412,0.19055461035264246,0.40066666666666684,0.1696177458966543,0.3711561866125761,0.2724053994246516,0.09671490461977864,0.36637589214908794,0.3927616008027981,0.5023063925868418,0.4242323323174061,0.6104561763198362,0.1707498674060121,0.029445728157681598,0.35330836454431963,0.32203830889925267,0.22494685236716522,0.4715025906735751,0.2470327338917896,0.3333599897248878,0.3906327852516194,0.9999999999999999,0.0026575963510668908,0.0,0.4033182454039859,0.5216007276034561,0.42631797426317963,0.4451406722198437,0.482760830724933,0.0
0.14144591001941864,0.16026519452383747,0.41614148939826723,0.37519300051466814,0.6546012688258953,0.22444158075601373,0.337010411502231,0.3040889682384543,0.15933507549361206,0.6248193619377604,0.5687107320960118,0.20839667875102322,0.30022238695329884,0.02879402988070035,0.3008979065383471,0.7181114898980883,0.3469107551487414,0.7491426576485978,0.2655352292122407,0.07544208596163723,0.08716032023225442,0.24795833333333336,0.20009263126708804,0.23991886409736313,0.197056870989157,0.35523476741487703,0.3172581284694685,0.4558229749742161,0.2811713773813791,0.4398813464185005,0.3723731419784726,0.3444177524194435,0.1495381093618937,0.217852684144819,0.3982836982083967,0.5291962048872396,0.34430051813471496,0.7269640236997198,0.5284542468903524,0.6441828599900349,0.554216052720178,0.0,0.00214701486461409,0.7252929851166456,0.06696225557071397,0.2093192195931921,0.39348184196895875,0.4493587068525393,0.0
0.06604895126634922,0.32230531302611476,0.28666901282154506,0.47538171212901015,0.24090831741528496,0.4334192439862543,0.4047264914890101,0.05764467445426184,0.5652342237708091,0.4893768201958137,0.49117060584645744,0.3756285814524616,0.6367679762787251,0.1954017762226979,0.39111022918940375,0.6337118864656295,0.6427154843630818,0.6711351400075097,0.17998028798769203,0.44196361058512124,0.18819309511657872,0.2576666666666667,0.5056919855130044,0.40878972278566605,0.390351847753928,0.7502672929089034,0.37827121332275937,0.4536445236811702,0.33750351221500013,0.7860370957463075,0.8214590808132582,0.2215155982737258,0.09411085334293338,0.3907615480649189,0.38490313249085456,0.7374307535531797,0.49084628670120883,0.35706368085317364,0.4909912991629903,0.3303437967115097,0.35869838484073735,0.0017717309007112604,0.0026479849255380138,0.7286501740225659,0.5775352432924056,0.409160094091601,0.3157751934726838,0.31361528406229966,0.0
0.409029833732257,0.1976430053639247,0.4935028226161579,0.3474009264024704,0.3788677144568532,0.418384879725086,0.3083787803668816,0.19978276975119014,0.3420441347270616,0.14186439684355218,0.6779415134321696,0.26429657350017544,0.43291326908821354,0.015612785712495813,0.1269967258656613,0.8475827870445083,0.26727688787185355,0.8486266762723332,0.6222986129474266,0.0601128542855875,0.36472278896413124,0.2216666666666667,0.21284280606491457,0.24413793103448278,0.4177915468023901,0.1107117644247814,0.44210943695479765,0.2068503994085058,0.29022227548946467,0.14972266992877742,0.21681189133777548,0.5974625027729923,0.03060046244442446,0.24687890137328347,0.6739026027994705,0.13844080761758765,0.28134715025906737,0.6023508375208014,0.26874535584430703,0.3921275535625312,0.3196087327568756,0.0003407174605390862,0.0011450745838676056,0.3844639892178665,0.2737608003638017,0.5811540058115401,0.291412899155264,0.44952282232588026,0.0
0.17242604845930332,0.5816530284640383,0.4036135641662944,0.20689655172413796,0.5884782823335267,0.22293814432989695,0.5185919682697075,0.10933546442084548,0.30052264808362367,0.29509470922204595,0.6185987545532293,0.7044790083031225,0.3732394366197184,0.22748998725645397,0.30022819724178995,0.6374226604976712,0.2961098398169337,0.6287777362406491,0.38719680761556785,0.18611930880072716,0.3204313743931584,0.34133333333333343,0.32635403496966675,0.32231237322515216,0.2963044921442798,0.7180038828621363,0.4438937351308483,0.28433590281068183,0.25978473404354,0.4433672999353212,0.3988339313172732,0.6040485635980616,0.03175519673116733,0.25663233458177276,0.46388044483960333,0.48107708320038417,0.39190414507772015,0.528744288597897,0.3319736313852139,0.465869456900847,0.26868246457640477,0.004565614220864069,0.0,0.4790618291252529,0.16962255570713966,0.5570776255707762,0.28188315588530266,0.20829757055141965,0.0
0.5172839618306606,0.253083277866959,0.3293376155140957,0.337107565620175,0.6344214749571501,0.3644043528064147,0.3300280945298298,0.36760843860067005,0.24370886566008512,0.5120809774123254,0.23188844360337452,0.05441858652009507,0.20088954781319496,0.05196875626649634,0.213513245361643,0.7183308760827907,0.26590389016018307,0.6050260290281962,0.3526767470371885,0.06432894693695732,0.13120918411215615,0.5572222222222222,0.21874270427680237,0.2934685598377282,0.4560743527329058,0.17536815333482228,0.18794607454401263,0.5597241645404581,0.38464495553365985,0.388433531485036,0.4876131898171878,0.27488405164543694,0.024826791010710145,0.19309196837286724,0.5077950614962424,0.6098414160788941,0.3246977547495681,0.3569499406651121,0.10176900840752012,0.38714499252615847,0.25934228596413994,0.006269201183140889,0.0007872387466154844,0.4046090395689791,0.20797332120660902,0.426594714265947,0.40141386263644163,0.451436371180687,0.0
0.10464004438039406,0.2279472221134646,0.43029666161520336,0.409354091610911,0.29428997279523583,0.1898625429553265,0.35250371839365396,0.2713149283936427,0.20557491289198604,0.5624164438520219,0.4918316754606218,0.7910185943164542,0.303975166790215,0.020087223538725663,0.30469292588550456,0.8262545037587854,0.3842677345537757,0.6203514883406016,0.3972932041635617,0.04155408007960437,0.35066746052489983,0.41733333333333356,0.12771057734288105,0.5290872210953347,0.31256915246736017,0.12067748221565869,0.2141157811260903,0.5113466778772785,0.25531170255141045,0.09381430472306407,0.4269605330599693,0.6331954455445649,0.0,0.21691635455680405,0.28010384192349774,0.249369655424098,0.46373056994818646,0.26477196248142837,0.4682586438855572,0.39013452914798213,0.3571532425330078,0.03632048104382627,0.0035067909031633775,0.4033182454039859,0.2964984083674397,0.3682025736820257,0.4119562937018163,0.4678794582447902,0.0
0.35269140019123235,0.3257507536901453,0.40485895221343215,0.36644364384971695,0.11262471714019678,0.20602448453608246,0.2498140803173029,0.14792257858799773,0.39383710801393723,0.22497050763388773,0.671328503384006,0.5076014501227926,0.4640474425500372,0.010136705054543154,0.351944637364818,0.7251647322473826,0.5743707093821511,0.8192897795982323,0.0073198874972956116,0.10027677526842699,0.3875601108015251,0.31825000000000003,0.1616801126725237,0.532657200811359,0.32451869882717427,0.26941213026828625,0.061558287073750925,0.7335194375408115,0.2586315476814495,0.15414390011558582,0.3831368528959508,0.3452464626897686,0.08949191619596193,0.19190855181023722,0.5140165217938747,0.18724857316765398,0.2305051813471502,0.47452500564930794,0.21793193519949122,0.2535500747384155,0.41137341956270135,0.0029301702892387273,0.0,0.6319114364735292,0.3112778535698044,0.2630759651307596,0.33355823879392216,0.4705983181448485,0.0
0.1788209302444856,0.2449395090247054,0.36897609868645365,0.2702007205352548,0.672167587669883,0.3539518900343643,0.31036192364898363,0.39815748563345804,0.1823461091753774,0.5841929491639094,0.36010968525137255,0.35832066424979536,0.41229614529280956,0.037214409899867636,0.2898104970731224,0.5371900453730092,0.23369565217391303,0.7961039817982,0.39238924012596466,0.04351488995311558,0.04734864066027731,0.4510000000000001,0.04263652978220368,0.25452332657200816,0.3038559415799957,0.20697432855315803,0.13996827914353682,0.617246040230927,0.31388033326843545,0.23273677292270745,0.35058944131214764,0.3850356971961385,0.2188221768217684,0.22471910112359553,0.6109971227304893,0.15110095811423574,0.5730569948186528,0.339922974978163,0.2808806384620376,0.12057797708021921,0.9999999999999999,0.0,0.003005820683340817,0.2164307818216405,0.1932696680309232,0.2976338729763387,0.40975743130399045,0.44547730420901893,0.0
0.4458243700029544,0.35112172585255086,0.4384683582964721,0.39097615371418787,0.36148499413978263,0.24412943871706755,0.15485043794414144,0.2123422018641809,0.32365466511807983,0.3605620215987604,0.558528896295449,0.389038319104978,0.31999011613540895,0.02472547484313386,0.19783708701260047,0.7210711833474706,0.5832189168573607,0.0,0.2726748239140364,0.11155551780956294,0.4599824800447191,0.2070277777777778,0.4450022896244269,0.3748478701825558,0.1529099358265103,0.40421182700823355,0.4357983082209883,0.4026774412476912,0.20233437113087782,0.3042127577531325,0.1807192892533743,0.46449940693493663,0.09411085334293338,0.1512172284644195,0.46951603710090645,0.58231687674526,0.2696459412780655,0.6445849592209935,0.1978573815896029,0.42721308752698894,0.26950376787547564,0.03018756713236562,0.019752537008687447,0.4640468656436151,0.31741700773078674,0.3287671232876712,0.3663367359862096,0.4269943795677442,0.0
0.3058292002374603,0.1988958928781176,0.4286678048998243,0.32218219248584673,0.28511851951758627,0.33075601374570446,0.43877045116509683,0.27400999280169686,0.18495934959349594,0.3659484196798518,0.853258196957042,0.6156005145597007,0.26797627872498153,0.03417352706829323,0.3136223831729339,0.755330567532799,0.42654462242562935,0.8736573403835906,0.37133104161157726,0.05961133447478446,0.15252105326344162,0.28833333333333344,0.1994520084458637,0.28113590263691685,0.38061518034963504,0.1698928319861389,0.21927042030134797,0.6191469689080871,0.6096240312136154,0.5275364066950518,0.30138390568939,0.7443442263882463,0.032332565156451616,0.19257178526841454,0.6398965165915421,0.4137226815693437,0.2808290155440413,0.7021220739378625,0.28994504353972206,0.2506228201295466,0.5089493955455411,0.0004770044674492947,0.0,0.4033182454039859,0.045929968167348845,0.15317559153175592,0.44454272591730826,0.44846700284039737,0.0
0.4887219984002176,0.1775968051368388,0.361705056249584,0.23983530622748328,0.8747869491514401,0.3928264604810996,0.43461824491819534,0.22411127911829953,0.21751596980255514,0.25032207447257093,0.4642939049422956,0.3340544965501111,0.22905856189770205,0.030127427902597564,0.19333515229685488,0.9616584355350375,0.20549199084668196,0.36785198143758707,0.28042741412053174,0.07177939529519348,0.22682805875450626,0.28266666666666673,0.28123237016174857,0.23342799188640984,0.20834255366231474,0.24014662194151767,0.31443298969072153,0.36112708556662554,0.4264048095288017,0.4406701225286044,0.46437724243977463,0.3974347168864907,0.1322170976245765,0.320848938826467,0.34884003790656504,0.3224241787127211,0.5569948186528496,0.16035899956261285,0.412885662682482,0.4524165421026408,0.3682275854269824,0.0036116051346683194,0.00901746205002245,0.3870121893365789,0.2687016825829922,0.3073889580738895,0.330802541945429,0.32462823357316506,0.0
0.44722877114370113,0.3172937629693435,0.4158177516349207,0.535254760679362,0.4447042368801084,0.5201890034364262,0.4526524541398116,0.3112079598153135,0.35423925667828104,0.49915387214402046,0.5346496737704436,0.4018243480294702,0.43068939955522617,0.035909991219321924,0.34725667228891766,0.7209942337606305,0.5235697940503432,0.33004857520140896,0.6101829370898342,0.07066407970136376,0.16009663874940488,0.513,0.18858216037001402,0.20356997971602442,0.5177030316441693,0.27406144160791357,0.4012688342585247,0.33928000205508413,0.3302348509372852,0.33146186189152405,0.3962070732957458,0.6207086796097503,0.036951502303423076,0.13108614232209745,0.45896384714162375,0.5691869830772442,0.38549222797927457,0.49114054488673736,0.12502016485311582,0.38814150473343306,0.2681953464698481,0.019966043543138776,0.0006441044434943634,0.4110650440965341,0.32241928149158716,0.378165213781652,0.3309859226057322,0.18015640590827292,0.0
0.09323008021805224,0.3068791355076152,0.4297393191764113,0.3407531308972381,0.5738600486861534,0.21520618556701027,0.16542720211535278,0.269276464850072,0.14479287650019357,0.6416906203924735,0.629106125228826,0.38467235800880994,0.3239745490486781,0.020550295266494753,0.26609782716539343,0.8011698780043695,0.35903890160183066,0.6200989155698977,0.5161422149570902,0.04792130383918488,0.47903563374515956,0.19611111111111107,0.16100885514073965,0.3490736984448952,0.17780482407612314,0.11035242753305188,0.16256938937351295,0.5372397467934423,0.278690252967273,0.17683434372023094,0.46164360157184336,0.20826938937462824,0.0,0.29671244277985853,0.43861000471725,0.33800922119801863,0.3481865284974092,0.35408320194078047,0.4287890914982098,0.3127387477163262,0.34078148666471075,0.001703587416168301,0.004508731025011225,0.39491477883523496,0.3589510383507655,0.4193994741939946,0.4140200540504464,0.4539325551710064,0.0
0.6738096622282739,0.3868290200070475,0.5868360582737784,0.353062274832733,0.6031631562003769,0.36640893470790376,0.27466534457114533,0.41577618700736785,0.44221835075493604,0.3371132848768269,0.6055103491597211,0.4836861185826218,0.4699777613046703,0.045321646182988624,0.32969540629030664,0.8645505937426363,0.37116704805491996,0.9650568136965181,0.32488761749080514,0.044976480327076296,0.31798404040285777,0.23900000000000007,0.135167536878534,0.2710750507099392,0.3879176809028548,0.12688274624287701,0.2842981760507532,0.2803360065158622,0.42207157144354795,0.32834204105434805,0.36032803690415194,0.7517096771535215,0.020207852581825832,0.17571785268414486,0.6949298492493707,0.147678699002658,0.38756476683937824,0.4721043752027029,0.2666720072392687,0.35077229696063783,0.3336614218372656,0.003952322708680276,0.0,0.381146193550897,0.24829467939972713,0.23246160232461593,0.4468301866047692,0.4095692024242565,0.0
0.5320470930959365,0.3639638228730277,0.5239246485345663,0.37622233659289755,0.06703167941174687,0.12800687285223367,0.0163609320773426,0.41694726715322106,0.25406504065040647,0.6153434044757383,0.666476711644607,0.4429891240790551,0.38843587842846555,0.043882780387536464,0.13979561464431,0.8519822551809904,0.4864988558352403,0.33948214405433724,0.3557537440803866,0.08201135923690295,0.05643618338141076,0.32,0.16210804838658543,0.2168762677484788,0.2780482407612305,0.5176153665752199,0.4151467089611417,0.3886977480803844,0.53291864599737,0.622907843787189,0.4941055868785239,0.39184917482957377,0.24364897296013,0.30992509363295884,0.6574215607165789,0.5019152323092728,0.1927461139896373,0.5564873054768565,0.11299341768731766,0.18485301444942698,0.520867273316381,0.000272573975996127,0.000858805898176045,0.610580991370372,0.3110504774897681,0.4304690743046907,0.3826498570343271,0.3441706020944977,0.0
0.6584943977388382,0.6151677694686973,0.6126974199950529,0.644192828958655,0.15739805442523297,0.474942726231386,0.5818872913568004,0.3366216859749396,0.3670150987224158,0.11933979323915561,0.5925552723146494,0.5122207928897203,0.5843834939461329,0.028702331487024835,0.23811886099811494,0.8355918052730105,0.6372234935163996,0.3338902983911767,0.24825115988365104,0.07729788450092565,0.5753036207098251,0.23700000000000007,0.27472021154104265,0.36945233265720084,0.121044478867006,0.46031636882957416,0.254559873116574,0.6745645395167746,0.15120911365617123,0.2939437095936259,0.33418759610456183,0.7641298874232019,0.41570440475924814,0.2280482729920932,0.4167529952120643,0.3203536232985813,0.24525043177892913,0.6412667856146366,0.3071098935528933,0.4688589935226706,0.5945684655660797,0.017172159920391648,0.007586119018811239,0.47449099977828924,0.27467030468394715,0.40362529403625286,0.3394016745815089,0.3366508841347455,0.0
0.5817016058309166,0.16412826435926547,0.39469998925991046,0.4297478126608339,0.5002227083424224,0.3943298969072165,0.6410510659395142,0.6007441143742765,0.30807200929152145,0.456581919723973,0.474721726608473,0.43550461934276696,0.38658265381764284,0.1705697961722502,0.4785196944141285,0.745848386576685,0.4604118993135012,0.7021871110854838,0.30469482439481727,0.5526350141563197,0.04171631073556816,0.42587500000000006,0.38974132059699207,0.47338742393509126,0.5429298517371102,0.4875927293605461,0.48067010309278324,0.5009249505124826,0.06566257009880602,0.24894719046592395,0.2961301896463352,0.33607225165700305,0.30023094531905314,0.6507100499375781,0.2407375791741428,0.43699575026329446,0.5401554404145076,0.29078826814073444,0.5316618926585639,0.41137269556552064,0.5696649765139665,0.0,0.01581634319616071,0.48079777626569886,0.2928603910868577,0.4881693648816935,0.8140146940438648,0.15191771942628585,0.0
0.3759235015549842,0.26696944781592996,0.4798432299358705,0.3993823983530624,0.4327231343575543,0.3737113402061857,0.5126425384234011,0.3679985296405132,0.2415795586527294,0.5400224839040397,0.5413828330637193,0.4542158811834872,0.3569310600444775,0.03754896024835609,0.4118464133346564,0.7875548747328376,0.31441647597254,0.7628955730416213,0.18901896680208663,0.07516989348476052,0.2591604978478802,0.32000000000000006,0.12939639534292285,0.36093306288032456,0.26211551228147834,0.23695179628006965,0.28950237906423454,0.2800324445166057,0.5074433931049793,0.48656981642078945,0.406009738595592,0.3378209159289991,0.20612010223142263,0.2899500624219725,0.36239737904442837,0.270842118458236,0.40641191709844554,0.3837627460415707,0.31370580050287855,0.30630293971101147,0.3614244460561926,0.0,0.0,0.36881981112845685,0.5193269668030923,0.3918638439186384,0.4225477053718206,0.5474923567012632,0.0
0.39071233409177397,0.18010258016522457,0.4445117960772368,0.42391490821753314,0.12693480052131156,0.3500859106529209,0.34126590646174176,0.18563600180958661,0.1536972512582269,0.4500967273926796,0.6361310148302027,0.37749970763653373,0.6619718309859156,0.020084948709882373,0.29248933425935114,0.7928862878654919,0.675667429443173,0.10558299051080045,0.2705593884468377,0.12618199258938198,0.46190425609134533,0.4312222222222223,0.2857001834483107,0.2374306964164976,0.3722062403186546,0.3687596013773923,0.3021411578112606,0.613190843870932,0.1696603338015492,0.3125000831040453,0.39125234922262087,0.4409697889971039,0.16685913135451383,0.1606325426550146,0.45813463295287743,0.4751254050903751,0.378929188255613,0.5113263100850016,0.23378200384944936,0.5864474339810664,0.1972968981719761,0.01696772961805993,0.018392760016746338,0.4147769016475263,0.27163862361679547,0.2887781928877818,0.3553412460232053,0.4002343263409083,0.0
0.18260612655277442,0.3226185349046631,0.41444638053895777,0.5265054040144107,0.43317365802109714,0.5338989117983964,0.5385886630309039,0.16807111634894795,0.45269550909794815,0.33670531662140557,0.6366448937175689,0.6040619030912563,0.5226093402520385,0.011331983553533594,0.29933525151304696,0.8933393226857906,0.4358504958047293,0.7511588851729283,0.12435395081612541,0.009573073555955904,0.37774952372552656,0.21247222222222223,0.09968804909729832,0.2713995943204868,0.320203584863908,0.2293114384649483,0.1415873645255088,0.38198342002194086,0.5254403144720023,0.38237823832720574,0.56910985819238,0.2861398369417171,0.004041570644556452,0.03942987931751975,0.5083240653281521,0.30213983458471816,0.24637305699481865,0.4114835954893585,0.35729219902396003,0.5652715495764823,0.5657405148892338,0.0,0.0,0.31584098171999775,0.17360163710777624,0.29697661546976606,0.39292623960005757,0.41200906115204744,0.0
0.34813781967317436,0.5075238505409603,0.25965797828786985,0.5326814204837881,0.3910369034450275,0.1921176975945017,0.4359196826970748,0.21149042805456691,0.39104239256678275,0.3821900629470757,0.6298021376794419,0.27756987486843643,0.5159377316530764,0.026674882755015027,0.1727601944637365,0.7134947965543121,0.5739130434782609,0.23861749677427618,0.33191903651530086,0.047849621039249425,0.07648351189805977,0.4168333333333334,0.12339247751874709,0.4541176470588236,0.35206904182341253,0.47797637079388344,0.3779738302934177,0.4196309917251129,0.5191152090340467,0.5562454827015367,0.5584956432598667,0.10828902512254035,0.055427250891308885,0.13182740324594258,0.614068035786143,0.49363416660884046,0.28445595854922273,0.5471294141727564,0.15915910228683164,0.22477578475336324,0.5916814024292723,0.0006814349210781724,0.0035067909031633775,0.3866076676495615,0.1954865848112778,0.2772415940224159,0.3459895718222553,0.25812249315879016,0.0
0.21172374388043985,0.2725030343369485,0.43101324825333664,0.362497855549837,0.49715584157367776,0.2953894616265749,0.26623698562221126,0.2574820936919653,0.2934572202864885,0.1841492948185075,0.6097648001303709,0.47916423030444777,0.31578947368421056,0.02674601738398616,0.2607401527929358,0.6779205985494017,0.38184591914569027,0.7017487295602147,0.6697997548017982,0.07884768023901359,0.2650762918248565,0.31233333333333335,0.1897490267863206,0.25679513184584185,0.34277495021022364,0.04726173420946958,0.19006079830822087,0.5442305778007696,0.42605534587427313,0.1380314978578151,0.362890825217837,0.36387444678303643,0.0,0.3075322513524761,0.22345768437634606,0.2790022167498654,0.40483592400690843,0.5504219123997214,0.27778039096189777,0.30675967447267893,0.9999999999999999,0.0038160357395943577,0.0,1.0,0.09322419281491592,0.2361975923619759,0.47316445653367034,0.5135084844894979,0.0
0.06760169344159424,0.4046826670842959,0.42772298653341373,0.36953165208440564,0.5054507788860948,0.19974226804123718,0.2047595438770451,0.26837620574843046,0.42131242740998837,0.5567853082495702,0.5071479838994144,0.4584259150976493,0.23276501111934775,0.016286956396630088,0.22819724178986014,0.863586985729657,0.359725400457666,0.6028787403866109,0.41027428543955385,0.03281011049522665,0.9999999999999999,0.19733333333333333,0.11373843289852685,0.36292089249492904,0.20162093383491927,0.19520133823763472,0.34853291038858036,0.3502341995476439,0.1370561931756585,0.10744802198125741,0.42593541773449517,0.11907342714563085,0.009237875575855769,0.2762172284644195,0.37509909520279505,0.1470270287361513,0.3455958549222799,0.5647883795874228,0.368038717720773,0.4539113104135527,0.2784290001961955,0.007495784207508476,0.002361716319295772,0.33711068967449176,0.2460209185993634,0.3478621834786218,0.3972632034887037,0.44522429371683636,0.0
0.3271446944624533,0.25151716847421796,0.3703603476257426,0.2786069651741294,0.624914854212816,0.2710481099656358,0.31734424062138483,0.38683596818844523,0.308894696089818,0.49907881377844554,0.5812767237839533,0.36857287646669,0.21565357054608358,0.037389090093522356,0.22137612858418496,0.7279950489188913,0.2704042715484364,0.3959505296731122,0.14858530253131086,0.1347409831403469,0.16086201651659482,0.5185555555555555,0.33519835647153434,0.4976064908722111,0.45496791325514496,0.45430220648134956,0.41765794343113904,0.32943882376542516,0.4222812416912007,0.5656699563205138,0.6314710404920554,0.22008835216638534,0.14087759836558367,0.1450270495214316,0.417023073919647,0.5249525539507673,0.4103626943005181,0.29663710830253653,0.30478804840537915,0.4974256767978742,0.33742403120944203,0.002589452715226771,0.000930373129185924,0.3425033007165208,0.28422010004547527,0.3894769613947695,0.3149119291270316,0.5110091404836553,0.0
0.10690312442936803,0.5471986218237342,0.4196107806173938,0.5134671470235033,0.24482625096882424,0.422537227949599,0.48603536605519737,0.24224327047162836,0.5077429345722029,0.6417327683345597,0.19641157524186376,0.23404670019101084,0.4855448480355821,0.5743306554523366,0.22839567417402523,0.6136737066926035,0.46666666666666673,0.6628791190759431,0.3465227529507922,0.32511781263129036,0.10532172154546113,0.3036666666666667,0.22307888952851218,0.1397160243407708,0.35959283027218425,0.34671191425413217,0.21930346286016383,0.3650116806434238,0.2328417695549187,0.15265667012062906,0.333205193917649,0.4213053964266641,0.0,0.1146223470661673,0.485201082477537,0.3993000889644234,0.43436960276338504,0.2760820074112489,0.5766445124024184,0.4164590599568178,0.2945757551413106,0.4135628719925126,0.8573746174330994,0.41238635717596184,0.4423222676974382,0.2586135325861353,0.45056162683165585,0.5005524924591108,0.0
0.6986284947676423,0.3531968207979327,0.5391930337802703,0.49356664951106544,0.3934971373043577,0.6194158075601375,0.7734258800198316,0.48030448274929993,0.40534262485482,0.45699470288313215,0.6095843171643749,0.196468249327564,0.36786508524833217,0.062404617439845676,0.3163012203591627,0.7953054550962049,0.6081235697940504,0.9690073957683355,0.6214332075290272,0.010791519377321899,0.22821043384155823,0.377,0.13502702622362728,0.3275456389452332,0.2957236114184555,0.1653513733631328,0.18437747819191108,0.35258108516138376,0.49052978125926966,0.3884210421342258,0.46386468477703735,0.5947678618706568,0.047344113447934565,0.3286516853932585,0.3059910451798817,0.1468576641642143,0.4735751295336787,0.2774986250712052,0.3182213607932984,0.4314897857498754,0.3093219891220598,0.007291353905176759,0.0,0.36196543579494245,0.3383356070941338,0.27729348277293475,0.4015261939997307,0.48412925172479554,0.0
0.48664392022955677,0.4437309946099735,0.38582585856769935,0.26074369531652086,0.6385400305883564,0.3277491408934708,0.3034209221616262,0.1825839769160314,0.2889082462253194,0.3256026504598239,0.6412864586703428,0.43924687171091104,0.1966271312083025,0.021286462562034952,0.16807222938783614,0.7639735376102146,0.24250572082379862,0.21775774957400307,0.20495684992427704,0.12666474620592147,0.47571831486464977,0.41333333333333344,0.219439390890649,0.29054766734279924,0.6157888913476435,0.34097430937255946,0.3735130848532909,0.36785150371091374,0.2901873172064153,0.3741167939504053,0.4705279343926193,0.33464038762150494,0.03175519673116733,0.13888888888888892,0.5765582295032741,0.5163027382458725,0.4756476683937823,0.44655130253130754,0.24778548272997003,0.6831091180866965,0.3528454280919856,0.007768358145680313,0.014814402120921038,0.26628141474890743,0.27103228740336505,0.26733084267330837,0.39009569350246115,0.3447617846020267,0.0
0.709676545916439,0.41251321404800123,0.4971488759166499,0.6690684508492024,0.2532551788739873,0.8470790378006872,0.6108081308874567,0.4298104597269521,0.3861788617886179,0.3114891388346534,0.6246668266818338,0.32136592211437254,0.7116382505559676,0.0497281659624303,0.1871217382676853,0.9108063151652135,0.6402745995423342,0.9730806514463302,0.5977787927594413,0.022365948744759882,0.26228729154685915,0.42133333333333345,0.13341470674022143,0.3081135902636917,0.28900199159106016,0.10467741197287936,0.22164948453608235,0.6438579563923754,0.43524603738923445,0.3160989631464426,0.3900563813429011,0.4490532914995423,0.015588915434854378,0.3495630461922598,0.20572899385077403,0.15806438682426244,0.32383419689119164,0.7703740500657842,0.29018385215046183,0.5401096163428002,0.335632174718542,0.001976161354340138,0.0,0.4033182454039859,0.45748067303319684,0.30552096305520954,0.39593765485002036,0.49272868343046844,0.0
0.23612180047463974,0.16736489043759706,0.3280438907057096,0.5558414822439529,0.14974678193136587,0.3724226804123712,0.41993058998512633,0.36095361458515735,0.2935540069686411,0.34763928743859607,0.6332873048144555,0.5257864577242428,0.287249814677539,0.03919105985470202,0.3410060521877171,0.655133655513142,0.3652173913043478,0.8326078315013236,0.27584797711483455,0.04440182762279667,0.18772171758520664,0.21766666666666665,0.17899826779096745,0.33281947261663286,0.363022792653242,0.10359759357910567,0.3842188739095954,0.04726749920824491,0.5618535374266755,0.38883656236080066,0.3254741158380319,0.6055032235489237,0.0,0.2559300873907615,0.2680358063210938,0.2528248422859358,0.3398963730569947,0.45747454978046836,0.3978026245465428,0.3248629795714998,0.3677211788220445,0.0004088609450820454,0.0,1.0,0.5329695316052752,0.3262764632627646,0.42902400565117244,0.48139874318394493,0.0
0.3604427833393986,0.15107735275308978,0.4571659132738496,0.37776634071024195,0.24222213385404523,0.23539518900343648,0.24293505205751115,0.16109016874851406,0.2299651567944251,0.27282401542920637,0.5975081553363332,0.30686469418781426,0.28428465530022246,0.1255024610181013,0.2281972417898602,0.7613182601087705,0.46956521739130447,0.7341953478072744,0.039303829418976435,0.10269173365592041,0.28746561235715384,0.4420000000000001,0.341095176752287,0.37784989858012175,0.18875857490595271,0.5038108292461774,0.1427438540840602,0.7178030594296856,0.2444087304974989,0.21468875872948634,0.29830855971296777,0.6482347167247338,0.229214777710977,0.23845193508114862,0.520206666878334,0.30756041885186286,0.6202072538860103,0.2731857366297108,0.3428221904646013,0.3273542600896861,0.42710041526549664,0.003066457258324646,0.0015029103416704084,0.1249400686787911,0.22874033651659845,0.24408468244084675,0.27889018691715206,0.3748200492009941,0.0
0.6598415225788535,0.3124910274982708,0.5524955575414467,0.43232115285640765,0.5301614135277984,0.29209621993127144,0.40257808626673286,0.3671967702254349,0.4218931475029036,0.31916432479588264,0.678201607385265,0.7082212606712663,0.3183839881393626,0.04149176326349466,0.25111618216092874,0.8624501237018634,0.3414187643020595,0.9320601020012873,0.7359551912305586,0.022683153164308217,0.23246405300695358,0.2873333333333334,0.16124019575001647,0.11010141987829619,0.25248948882496136,0.09409404134752461,0.30848532910388554,0.6075849652091093,0.5371470489587973,0.513070604247139,0.2521783700666326,0.8046680467041782,0.025404156872168716,0.1922596754057428,0.5067398453254934,0.14291024398459978,0.34196891191709844,0.5019224179814007,0.27421886232381526,0.2575984055804684,0.3021102579879571,0.003407174832336602,0.0,0.326650394056038,0.35698044565711695,0.4051473640514735,0.40247720556298383,0.44715395148930365,0.0
0.3796945113057945,0.12560197329783487,0.46864792191620636,0.415851775604735,0.4560208498688428,0.34471649484536077,0.13658899355478432,0.18416383713238232,0.13672328687572588,0.4045529477142841,0.7311357260947551,0.8665653139983627,0.1845811712379541,0.1420659929546035,0.2620919734100606,0.7239504508550518,0.32631578947368417,0.779755442772491,0.5126445347243924,0.05044175535093757,0.20269491543593046,0.6624166666666667,0.3526066391976462,0.6715618661257607,0.6501438371321092,0.3011079636330688,0.35725614591593957,0.4348448853489066,0.2776419017290089,0.1222650933567101,0.30548436699128645,0.6590536726585304,0.0046189377879278844,0.33302122347066176,0.3429114521472616,0.30381158513509776,0.5715025906735749,0.37739717456211286,0.38501932207959605,0.436472346786248,0.32247673315951875,6.814349399903175e-05,0.0,1.0,0.17917235106866755,0.2492735574927355,0.3614230405972588,0.37833146650716554,0.0
0.09133257711806915,0.3605183822089973,0.42097134486158655,0.1893978383942358,0.6732284220375014,0.23711340206185566,0.37431829449677734,0.1768930821315946,0.3580139372822299,0.564653378315238,0.1300753464445923,0.5749035200561338,0.45811712379540404,0.8729829147205874,0.37583093560869135,0.5113893844521622,0.13867276887871854,0.6211239223371103,0.4812375297483112,0.4259119914305707,0.11726471896525303,0.2556666666666667,0.40187097208362427,0.4151724137931035,0.2262668732020359,0.5442580865268256,0.3021411578112608,0.5079917597856644,0.134015934859371,0.15720189154304737,0.5366478728856998,0.2045968843637873,0.0011547344469819711,0.38888888888888895,0.3492803983255491,0.4846682988993835,0.6124352331606215,0.32484453376815925,0.9065876938035686,0.5236671649227704,0.37672799963654535,0.014855281143336714,0.10584782780427772,0.4033182454039859,0.1919054115507048,0.386052303860523,0.4629489678901772,0.5421431665711679,0.0
0.36508848156973855,0.3432911788888454,0.5008482163748724,0.7162463544347231,0.19166686401479271,0.29309851088201594,0.30755247066600555,0.3432277061354022,0.27700348432055744,0.2716207913233426,0.7619373110926163,0.3385179121350329,0.5238448233259205,0.035980218496901875,0.2724476634586765,0.8429806568093527,0.6854309687261633,0.8822394016754315,0.41267818937955253,0.02781009822020844,0.17085846147321102,0.39455555555555555,0.11888850370566124,0.14980392156862748,0.22175813233016164,0.14155515283080924,0.31667988369019273,0.3747482663233923,0.93625945020711,0.372527844603983,0.4271313856142148,0.5008256594738941,0.0005773672234909856,0.26383687057844357,0.41387287264749417,0.2792894378486759,0.37892918825561306,0.1431149606294197,0.41439177523025206,0.2164092343464541,0.2868311683313052,0.0,0.0,0.3535407674530812,0.20251629528573592,0.3255846132558461,0.418294205582129,0.43345284648558646,0.0
0.08304050382858691,0.5349829685603539,0.4095197482306466,0.6623777663407104,0.27137252050810734,0.7147766323024054,0.5880019831432821,0.20778020948141568,0.5037746806039489,0.6487431958684091,0.46523330010279684,0.4022921295754882,0.6408450704225354,0.7276256690787926,0.5163210635975791,0.5147020688633974,0.5546910755148742,0.6623380584695184,0.3675809514651795,0.15984227238084497,0.01937783399194163,0.5426666666666666,0.1796379197211626,0.535578093306288,0.47919893781810163,0.5468603561222046,0.5146708961141949,0.2788880314633397,0.1503005359621221,0.2728148147444621,0.5771399282419273,0.16844098013486142,0.1333718242198422,0.5970661672908866,0.3453025769435517,0.010466987235966452,0.3678756476683938,0.27501147241386414,0.6005013176639604,0.6268061783756852,0.9999999999999999,0.0,0.011450745520878783,0.23099543772132422,0.5397908140063665,0.4790369447903694,0.6018808299674319,0.4968117905138518,0.0
0.27799584063458127,0.16130926745233154,0.29854622206087056,0.3098301595470922,0.6048408357749661,0.2989690721649485,0.3381259295984135,0.14142196031291954,0.29965156794425085,0.31264168641952983,0.7744409355749166,0.3297859899426968,0.3228317272053374,0.02291619896814559,0.14634388332175813,0.7075467532160042,0.282837528604119,0.28935800603019857,0.3851775283059689,0.16618272372937948,0.06629160633745781,0.24679166666666666,0.1310596762767337,0.41119675456389454,0.39522018145607457,0.5344607682867374,0.2482157018239491,0.7103516096093627,0.5121610531278109,0.5646206609003539,0.5540107637109174,0.3265183251479762,0.020207852581825832,0.22549937578027465,0.660794161144376,0.5242876751855758,0.3275259067357512,0.6369628424767397,0.15301373883487396,0.10139511709018433,0.7572318781846152,6.814349399903175e-05,0.0015744774932309688,0.6582649543988551,0.1682582992269214,0.1913657119136571,0.4808785554159853,0.3056397271493996,0.0
0.43205327343514,0.13437218589718491,0.40742787417658105,0.30983015954709225,0.15478817028798408,0.08875644329896906,0.13702280614774415,0.47456028175242815,0.1771196283391405,0.5032121848159401,0.38621090101878974,0.16910302888551046,0.17642698295033363,0.05923809009193234,0.2657381684690942,0.869720027525215,0.48512585812356995,0.9114841429848545,0.5964446260727421,0.03830520454359982,0.1256093664069994,0.3862083333333334,0.25622205199151415,0.5826369168357,0.2611197167514938,0.2240836102243671,0.3703409992069784,0.286511570653361,0.8378180374491402,0.6266421121914109,0.3508457201435161,0.5438890712889652,0.0011547344469819711,0.1684222846441948,0.39116847919795017,0.4905653070843348,0.2826424870466321,0.601254266753717,0.4064439534902189,0.4305555555555556,0.4783865373786161,0.002180591807969016,0.0,0.3606127362571517,0.22970668485675302,0.36041926110419253,0.42820002927056544,0.4661295616032583,0.0
0.5192776871101992,0.2995445231849445,0.4588463775887031,0.43489449305198163,0.40372175591887993,0.7195017182130586,0.8790282597917701,0.3447347640823399,0.2288037166085947,0.4076920800560708,0.5283935283521192,0.15577125482399726,0.5092661230541142,0.04122439992038916,0.31362238317293395,0.7484501094206213,0.5482837528604119,0.3720957903246363,0.26171302194764307,0.08732098773839514,0.15077691270348398,0.555,0.20200937673128788,0.5974847870182556,0.6597698605886262,0.296116171790596,0.3497224425059475,0.343708912418268,0.3163614974078632,0.31039303939511653,0.4233726294208098,0.4997139519104523,0.01732101686496867,0.06523096129837704,0.38546602340078073,0.6017903176502839,0.327461139896373,0.479171216820724,0.10480987085432072,0.22272047832585956,0.1272546288732111,0.01778545203776408,0.0006441044434943634,0.5392796918273346,0.32241928149158716,0.6131174761311747,0.2928764364427612,0.2286456714161073,0.0
0.23999332311337696,0.30194589092048085,0.3462610227617232,0.4153371075656202,0.46955230948654064,0.37013172966781205,0.22062469013386216,0.34374517990918374,0.24758033294618653,0.338249225427698,0.8104311130481199,0.5540092776673293,0.19248826291079815,0.03996238164134601,0.308760789760889,0.30801157945650853,0.25308924485125855,0.9236991621012293,0.2088271352676747,0.05212085975606774,0.1892329300383162,0.5892222222222223,0.06259850380218228,0.3860716700473292,0.2287287010400532,0.12460145234224043,0.29923341263547437,0.39409845770912777,0.5637405696555509,0.27776149993779065,0.2685802152742184,0.5253549293469646,0.011547344149341495,0.23886808156471082,0.4232254327945741,0.1826852323646908,0.4279792746113989,0.39315931865395803,0.23226270434267965,0.3326689918618169,0.5558446011322306,0.009471945410551453,0.0,0.410594852167352,0.32590571471881147,0.4091600940916008,0.4027909794769131,0.4454642680259997,0.0
0.11942096883364106,0.19487621210341544,0.4176313180320726,0.2601932864413565,0.3836355159266144,0.21959717449408162,0.33614278631631134,0.23013258746969412,0.004129565105174863,0.5802917357248843,0.29700157763291346,0.3515638196962019,0.005930318754633065,0.6539013302299249,0.0,0.6125824131014612,0.31009407576913295,0.6021273788497317,0.35645888923611946,0.42338302829484037,0.09194968595991329,0.052703703703703704,0.20995634703510357,0.03881000676132522,0.04588035701113816,0.4569939698851221,0.08260639703938664,0.9286511804969877,0.22316122509872838,0.12382863660927895,0.24540121874822027,0.8012795667370203,0.0,0.025835760854487456,0.9910821932604787,0.3297139780356776,0.25906735751295334,0.8668760331654245,0.5953171151323895,0.21203565299230465,0.29191951143588873,0.8381239485210468,1.0,0.7056859911154276,0.1848314890606841,0.09930353765970196,0.40159144924342566,0.5366670834664479,0.0
0.2833397137623318,0.12779452644767236,0.3366477342916381,0.43077714873906336,0.42377515428678836,0.31276847079037795,0.5313584531482399,0.35630395365859463,0.2353005226480836,0.2788895517465727,0.6743728319610829,0.5546719681908548,0.25203854707190515,0.02899360418432447,0.13395426133544996,0.6333636872362904,0.382608695652174,0.3920403335028855,0.14690256977331187,0.1520705267494664,0.18442314735176926,0.5553750000000001,0.26989060707393997,0.6264503042596349,0.3374640407169729,0.4561166394497417,0.4960348929421091,0.2523403666444549,0.41281100308780955,0.5758038060702994,0.35058944131214753,0.6491211617561609,0.12759816047760505,0.16541822721598007,0.39992077493166067,0.5082249168315065,0.5575129533678755,0.3633328958680643,0.30523968534942664,0.8430493273542603,0.310208741729735,0.002793883320152809,0.000930373129185924,0.5609241321282626,0.2734765802637562,0.299761311747613,0.2986811670523778,0.5565859503812035,0.0
0.3484182414616981,0.26373282173759843,0.34770920902365177,0.2192485846628925,0.6103209672339969,0.2188036941580756,0.7239712444224095,0.45407927038364126,0.16060540069686408,0.5909936345372467,0.36704031753850774,0.378259852648813,0.37101556708673106,0.05112935302380888,0.2925637464034131,0.6856076649680758,0.3249427917620138,0.8709180350394031,0.531827688165581,0.04079614877733479,0.08243238412895446,0.3774583333333334,0.2680008606432543,0.39440162271805285,0.21863244080548797,0.28098275000973993,0.2835051546391751,0.3793242146144601,0.485916996085586,0.7076793836434142,0.41773449513070227,0.3264147719564311,0.007505774145741473,0.12047440699126093,0.3493281498185797,0.36844296211581584,0.3492227979274611,0.5806735422594015,0.41034939277047117,0.17488789237668162,0.35339010496034495,6.814349399903175e-05,0.0,0.4033182454039859,0.43383356070941326,0.39710460772104594,0.4281722786860108,0.4510553274674851,0.0
0.37665711956595394,0.5991934536627384,0.28582081461326525,0.6057642820380855,0.33304228830407107,0.26073883161512024,0.3872087258304412,0.2551361318815234,0.3164924506387921,0.42188513871837824,0.5559589455136295,0.3952754063852181,0.6330615270570794,0.029442859229534976,0.24903264212719523,0.778402101898165,0.702517162471396,0.27787817049348823,0.5464314046010723,0.03443314776572096,0.11586602818586,0.35033333333333344,0.2006172635962069,0.528762677484787,0.18909050674928088,0.39747969518249215,0.3283108643933385,0.45589143021862394,0.5054165674692281,0.5102195181484988,0.5017939518195795,0.19401797272320093,0.11200923863318636,0.15761548064918854,0.6713267277361085,0.5267809365563338,0.25181347150259076,0.7425970457144642,0.19818782097680787,0.4394618834080718,0.312564931298868,0.0016354437803281815,0.004079328115647862,0.4521321129923292,0.22373806275579813,0.3013698630136986,0.386865477214103,0.42795304480117824,0.0
0.2418111293496859,0.27720136251517163,0.45401987045548153,0.5079773546062791,0.2368463492449157,0.2358247422680413,0.2627664848785325,0.46927353725589505,0.24535423925667826,0.22082000196776158,0.62308888780693,0.6099871360074847,0.2613046701260194,0.021614854961745353,0.2716539339220162,0.8838545109745708,0.3995423340961099,0.6711286151960364,0.7336474434481599,0.0421137453350045,0.09796319534324124,0.43200000000000005,0.11609166618074777,0.19091277890466526,0.30161540163753053,0.15589477486103429,0.3132434575733544,0.4243469378701199,0.6261183025640193,0.36919166832083283,0.6324961558175295,0.09435355101725812,0.0005773672234909856,0.30930087390761557,0.3576359089518367,0.27874263660197035,0.4227979274611399,0.37061959138084555,0.11780269944759517,0.40508221225710034,0.21456597073670247,0.001158439388527467,0.0,0.33607658993012157,0.2569349704411096,0.2108758821087588,0.4255151235793568,0.47233265640966804,0.0
0.365331655138677,0.5202615402685877,0.5131545477811905,0.17601646937725174,0.47883049142674594,0.2972508591065292,0.43430837878036677,0.12429119130183629,0.3850174216027875,0.16383426210316,0.4423035757610062,0.1197520757806105,0.5396590066716086,0.034329170083707394,0.3049905744617522,0.3664407443082674,0.16933638443935928,0.5848094316010413,0.10738238899973562,0.7675193408381114,0.2189175199498192,0.6513333333333333,0.26721162952279454,0.46028397565922924,0.6448329276388584,0.5080312182669822,0.4167327517842979,0.5175502506955393,0.047316185077254436,0.10798173990428311,0.4054331112250129,0.4980966591045233,0.0028868360373353738,0.5074906367041199,0.48104046420437374,0.686589899166967,0.4274611398963731,0.6130704707049046,0.4406770366262456,0.7154957648231192,0.3527559996225663,0.0,7.156716149172535e-05,1.0,0.29149613460663926,0.4740556247405562,0.3100933328653602,0.3201129294658037,0.0
0.457332064181433,0.17655273220834478,0.4932363005361906,0.602676273803397,0.37490826000312655,0.3646907216494846,0.32424392662369855,0.22310160423718978,0.14605110336817653,0.32515934346987363,0.556356218277311,0.4565547889135775,0.44255003706449236,0.32990656599577184,0.09485067963091579,0.6537674480134605,0.6192219679633868,0.7783189545794752,0.6638380730306019,0.0656420940219373,0.14767931446128085,0.5373333333333336,0.5196592238590728,0.6846653144016227,0.5731356494799736,0.5848423078363744,0.3302934179222837,0.45007261424637385,0.2603438679457214,0.26239969341730474,0.41107124551512053,0.3201758382461876,0.0034642031807068053,0.3149188514357054,0.24786591044280226,0.34229339859634966,0.4,0.3887311940532902,0.5362106718390673,0.32934728450423517,0.29682662900235046,0.006541775121312726,0.0,1.0,0.7044110959527058,0.846409298464093,0.2593271993982914,0.4404246472366878,0.0
0.5912786388308621,0.19012568027876753,0.3765639210817058,0.4729799279464746,0.6816193171420515,0.19115120274914094,0.30490827962320277,0.39340320861029976,0.22880371660859466,0.5435288206357495,0.3460049242013443,0.3662729505321016,0.10044477390659749,0.05316233186903697,0.19962297847008637,0.7531608522594242,0.37345537757437075,0.5744062042583902,0.1619029303589029,0.07298999195388203,0.1169380079013333,0.4110000000000002,0.21733472636915918,0.4563894523326572,0.407833591502545,0.24549779762944937,0.37946074544012665,0.20359637475638742,0.3430248949453938,0.36016182019703724,0.42644797539723234,0.4963066654005283,0.04965358202142029,0.2790262172284645,0.32654796309575485,0.6574474972376898,0.361139896373057,0.4439521193032573,0.1758512993234535,0.6841056302939713,0.38674778346936595,0.00892679753420778,7.156716149172535e-05,0.46455292428811645,0.3178717598908596,0.638854296388543,0.39402392187412133,0.5049810393697471,0.0
0.17520922468203415,0.27751458439371995,0.424802672995193,0.47967061245496667,0.5321752189367813,0.33983032646048106,0.21814576103123445,0.26623463397323743,0.31507694541231124,0.5435080663591159,0.6421879482612972,0.2276341948310139,0.4510748702742774,0.02679034429460364,0.2284948903661078,0.7708639550095779,0.3643020594965676,0.6689507832862774,0.4177744657323495,0.0722941265445455,0.4479956199267711,0.228125,0.23420232607828645,0.19545638945233268,0.28236335472449675,0.09817340484182865,0.2169904837430609,0.40657575134865065,0.41787812676516983,0.20016193416829942,0.27729369554074834,0.32926012572619706,0.0,0.17552278401997506,0.6634096917882808,0.1761267112867998,0.31664507772020717,0.40841172775762613,0.37582965182587513,0.2980194319880418,0.49163589120371326,0.007427640571668357,0.0013597760385492873,0.4060679309090367,0.08685766257389724,0.22820672478206716,0.3972608633224215,0.4326584282063093,0.0
0.2778906430667296,0.3075838847343487,0.3870937686480073,0.47915594441585185,0.3256450034579677,0.3470790378006874,0.4402578086266733,0.2162506940625486,0.47009291521486646,0.3632074411822975,0.6375292405693443,0.07811951818500762,0.5081541882876204,0.01850872883487714,0.09842246254588753,0.8196623012417541,0.4864988558352404,0.23714115181506595,0.6038366306882377,0.07824298650893075,0.05171415588245828,0.46866666666666684,0.05940840376730301,0.24900608519269785,0.5233458729807483,0.6733483506228899,0.5364789849325929,0.3473163598283306,0.40669556789750677,0.5054302557610098,0.36596617119425934,0.5377252159967846,0.0046189377879278844,0.1988139825218477,0.4622098862862746,0.6931750412344848,0.4808290155440414,0.5015876035504514,0.07269214651941575,0.23218734429496762,0.07321321883414944,0.001431013326699304,0.0004294029490880225,0.3805462673301147,0.2824010914051842,0.37691988376919877,0.12448986629543363,0.395755116235218,0.0
0.45021180913542386,0.2070396617203712,0.3891024260830414,0.5599588265568709,0.4178762472673209,0.456615120274914,0.28061477441745175,0.2101004313996379,0.31823461091753774,0.3568256183617853,0.4887398140936491,0.5126885744357386,0.47368421052631593,0.02942111719809512,0.2508185335846811,0.8283131635844867,0.5052631578947371,0.29493909737395535,0.26402076973004157,0.11455006016406219,0.39897497829692663,0.5770000000000001,0.3003557215623139,0.33707910750507103,0.6099800840894005,0.36427439332230627,0.3183980967486121,0.562904567004744,0.23651103861416467,0.3824294304191198,0.477703741670938,0.3808389239491089,0.10103926419104202,0.14169787765293387,0.5058809479136189,0.5140946580513484,0.15647668393782388,0.9302667003368223,0.24190368350664204,0.41454907822620823,0.26520914395208095,0.034139889538451575,0.008087088920836526,0.35006778725083776,0.43974533879035926,0.37193856371938555,0.44079779028062843,0.5351611883634944,0.0
0.2998505458167857,0.20108844602795503,0.3616206179272005,0.3151483959512781,0.4084768585150875,0.12671821305841924,0.4139811601388199,0.18035140230407182,0.32830042586140146,0.15189298873033702,0.4531441512583,0.18477371067711376,0.47788485297751426,0.056806517370875255,0.2736382577636671,0.8517620233964327,0.3583524027459954,0.6062836801830156,0.2538282170244477,0.22846066095965034,0.1239561885627106,0.21544444444444447,0.15805385533571836,0.32040567951318466,0.17393228590396106,0.25691638119483884,0.24398625429553245,0.5291423263877646,0.5523832988232844,0.41446352302266976,0.2019477191184008,0.6983627115746327,0.0046189377879278844,0.18976279650436959,0.6885020213167045,0.44928801772257526,0.350949913644214,0.4773892421227954,0.37450540122013,0.4681946520511542,0.3067083636192555,0.001158439388527467,7.156716149172535e-05,0.4073490502521663,0.32529937850538126,0.5392278953922787,0.329448473939241,0.3226379877622714,0.0
0.6201260955381876,0.256946347702387,0.5673652042462739,0.6037056098816265,0.27320034062522114,0.31099656357388317,0.13782845810609817,0.30155694438532593,0.2929732868757259,0.29585806720861696,0.5644187988112523,0.5992281604490703,0.3884358784284656,0.05421072264850161,0.1853358468101995,0.8025982840711914,0.5977116704805492,0.33590290062299544,0.09295896535974423,0.6155043817203754,0.39378644910649213,0.2946666666666668,0.5821799375996974,0.23569979716024347,0.17577174153573805,0.4169093362572672,0.226407613005551,0.432089049432766,0.2671233118873536,0.3927367539274972,0.42644797539723234,0.44750554563047185,0.09237875319473196,0.1267166042446942,0.5196707985387569,0.593296692017351,0.34041450777202065,0.5640884970789848,0.24623891267946474,0.5465869456900847,0.37826039100016134,0.0342761780205091,0.010305671095909814,0.45088443353278423,0.17007730786721234,0.29929431299294307,0.1696944480506352,0.22937080993579062,0.0
0.6072808177944029,0.17321169883716375,0.45432050939634305,0.3288728769943388,0.6462695683006618,0.37972508591065296,0.2746653445711453,0.3016606685054584,0.19570267131242738,0.3309662795557487,0.5275378492849718,0.37937083382060577,0.2920681986656784,0.04082206483266289,0.21182657009623973,0.8432866700014621,0.34004576659038904,0.8951590575280579,0.6984542897665811,0.036621787645300094,0.30494094029698404,0.4576666666666668,0.08103536294470755,0.27886409736308315,0.3875857490595267,0.05127742844659536,0.26804123711340194,0.34543529679673063,0.3431996069099973,0.28367922028460524,0.32342388518708365,0.37543289956817744,0.0057736720746707475,0.305243445692884,0.2903785799302884,0.10206064139041665,0.3663212435233161,0.30386972678020985,0.20974972237063855,0.3846537120079722,0.30330227271698185,0.0024531657461408524,0.0,0.343862566722153,0.3233287858117325,0.5147364051473639,0.369226394954634,0.44067330249896713,0.0
0.844492694578324,0.2668650405230805,0.10801481725425177,0.29696345856922296,0.5797684024051417,0.16194158075601378,0.24690133862171548,0.7942844027769203,0.15911730545876887,0.4544348117145912,0.22515256586281762,0.6399251549526371,0.21423276501111943,0.2361956927360773,0.06984819922611372,0.5802831293809119,0.23066361556064074,0.7341507145215574,0.1428640111541143,0.345258412165923,0.044918665057202566,0.13133333333333333,0.29149059820371426,0.13703853955375256,0.2178855941579996,0.7723679438390197,0.3536875495638381,0.6152401528724878,0.09526140076012815,0.31491560902918325,0.4761660686827268,0.23279576610537794,0.6397228820256209,0.24719101123595513,0.37798758423482354,0.7539311432973872,0.31968911917098447,0.8649448620370705,0.6013566548785442,0.25809666168410555,0.36896805207388494,0.0,0.01674671632534663,0.6195439504875111,0.2664847658026376,0.27604815276048145,0.7739984458049414,0.22053025024673184,0.0
0.3510100012329161,0.4987275361183979,0.40888141958332525,0.672349459598559,0.16308276565325064,0.5078393470790378,0.3860312345066931,0.0964451515151306,0.5094367015098722,0.3192120483539003,0.36477295125382714,0.5190620980002338,0.6383432171979244,0.008069332861321398,0.38449995039190404,0.5978672844180752,0.6501716247139588,0.4444742762400245,0.25417678309574754,0.819723161768228,0.2568203926134521,0.539,0.46038963168737546,0.3129411764705882,0.5993582651028991,0.48068250203887763,0.38263283108643914,0.49782676514164986,0.26977914826606325,0.5063049851979823,0.41414659149154276,0.43974127893651654,0.11085450178261777,0.30430711610486894,0.37319612574514177,0.605204536067038,0.4668393782383418,0.3957610238404733,0.45162658638002817,0.4215246636771301,0.44926596103833655,0.005247049066293662,0.008444924837537966,0.3840883056883506,0.12346521145975445,0.3611457036114569,0.277227307141531,0.32667023918506616,0.0
0.09060115102155965,0.48694256293802113,0.4205397083246376,0.15176273803396811,0.9071603255482752,0.18771477663230246,0.4179474467030244,0.27839928155118654,0.13327526132404183,0.6424809212472319,0.07615832088485947,0.10571862940007015,0.5721830985915494,0.01943729547766144,0.25200912788967167,0.500087566562802,0.1491990846681922,0.6232976239518256,0.32488761749080514,0.042160795438467666,0.19792560917177063,0.37966666666666676,0.08149406764149257,0.4109533468559839,0.23618333702146496,0.14006477102644058,0.1744647105471847,0.5844832619766123,0.16710931268400525,0.07300583532862187,0.28446950281906724,0.5829162930591738,0.005196304931299316,0.3270911360799002,0.42814854765209565,0.18082662490627827,0.21658031088082902,0.5321588267322048,0.5315930930349936,0.3203786746387643,0.9999999999999999,0.029983136830033903,0.08337574189646443,0.37685970498377525,0.30195543428831284,0.16023246160232457,0.39114749003053095,0.4472470214436684,0.0
0.4205941165520286,0.29724756274225755,0.23103994513979703,0.46749013552925034,0.3053530775245047,0.40650057273768614,0.23153197818542387,0.29250784316762246,0.11246612466124663,0.6033499020061254,0.4012897560444628,0.2381008069231668,0.38868297504324195,0.03785767903377905,0.2339517809306479,0.5934527833952752,0.33729977116704807,0.6435735962695783,0.5028726652082984,0.05357005112173704,0.14537035104741358,0.15144444444444444,0.2050378130811774,0.3508045977011495,0.4534188979862801,0.14645881252304324,0.16970658207771594,0.5586247808828294,0.39456949291540605,0.2685311573686695,0.5542456859730052,0.3698640063364122,0.006351039218042179,0.23033707865168543,0.49778928831938096,0.39981020560345654,0.4386873920552677,0.26080219145078454,0.032044570062560555,0.4967613353263577,0.23994674672217886,0.019216465364463385,0.0007156715950549239,0.38168378696087274,0.20342579960588145,0.3452331534523314,0.33558750113491304,0.4638118692546352,0.0
0.5036853818244791,0.04792294741787713,0.2617138007389298,0.5645908389089038,0.42089306763717194,0.37156357388316164,0.39861179970252836,0.6929619929837875,0.1251451800232288,0.6295777203766584,0.21903482408137137,0.6890422172845281,0.5290338522362243,0.07871865784547816,0.17432284948903665,0.1901081353095065,0.4569031273836765,0.7428975657369215,0.24498185052525306,0.08745602120469423,0.06248913642266846,0.29033333333333344,0.028053173284770333,0.40835699797160246,0.15932728479752162,0.4518507992187979,0.2479513613534231,0.6143132227661157,0.4382163791394233,0.5884693374565603,0.3191525713309413,0.6356877432890384,0.2344110986661871,0.2053682896379526,0.49629418308259726,0.5248525977445051,0.27392055267702936,0.6642640314293402,0.489117482587658,0.2695565520677628,0.4897352558972895,0.0,0.0004294029490880225,0.316254603423904,0.3087767166894042,0.3034454130344541,0.510163887751521,0.45504585079577603,0.0
0.5791911044833475,0.47954269605731964,0.4885901853966174,0.5110653628409677,0.29290652319264276,0.2204324169530355,0.41249380267724345,0.3931852690278264,0.2795925280681378,0.5368189396457994,0.5350759414032932,0.5759560285346743,0.4526809982703237,0.04440657585461769,0.32034428018652644,0.7595651436974813,0.5319603356216631,0.36640017691999494,0.2631794033510422,0.03976204786867182,0.14995248861452906,0.34741666666666676,0.19722451588055212,0.3746044624746451,0.2991812347864573,0.2804247049348405,0.27250198255352875,0.32004763805145886,0.3461699883855077,0.4116679504263,0.30420297283444375,0.39581802232887253,0.06062355646356463,0.1342852684144819,0.497718388778394,0.6856098523636633,0.49874784110535414,0.2711818135328863,0.2606746745094812,0.5181863477827603,0.5456707721027344,0.0018398743852542196,0.001860746258371848,0.27926137076570834,0.23487949067758065,0.40812231908122315,0.39196754471629414,0.29103674935129265,0.0
0.13727617777652598,0.3172937629693433,0.405642620413989,0.19229284611425634,0.7890623570744816,0.238831615120275,0.1824491819533962,0.29751731040935414,0.14953542392566785,0.8506502588097882,0.3774921476554788,0.24090749619927496,0.5018068939955522,0.02772544945772107,0.3463637265601748,0.5721560691708198,0.22048054919908466,0.6985864805734661,0.29719464410202173,0.07257100466569841,0.05916308869640841,0.41533333333333333,0.07335951912510985,0.1772819472616633,0.39360201371984965,0.1986610064102288,0.09080095162569381,0.5686855221999623,0.226341912427038,0.14252035099349697,0.27729369554074834,0.8128242993458631,0.04330253959859596,0.11922596754057428,0.7499289169926215,0.3181097084641249,0.3554404145077721,0.6939171175286873,0.34959503884952203,0.17140009965122077,0.3735428570292868,0.0,0.0010019402807464844,0.6501326706088918,0.23192360163710782,0.278123702781237,0.3964682796637765,0.433482065998813,0.0
0.1498210011736914,0.2482283387494617,0.4059515455918981,0.31883685023160063,0.3880616470008377,0.4506013745704467,0.375805651958354,0.0947748831129885,0.4506387921022067,0.3121886842494796,0.5457636683686181,0.47105601684013565,0.5585618977020015,0.25604078353572546,0.29219168568310355,0.6924754390824228,0.39828375286041184,0.7998688087440396,0.348542032260391,0.1963869913331794,0.26987888488191175,0.3363333333333334,0.4709237167251695,0.31748478701825567,0.3183779597256031,0.7632046418081336,0.3469468675654241,0.410608185891411,0.2968968445819488,0.4588208058338089,0.485904664274731,0.25146644422714215,0.01674364972159724,0.30711610486891383,0.4240714937282272,0.6435667760665811,0.49792746113989644,0.30394226623763054,0.448846521743427,0.4808171400099652,0.7017248117242021,0.0,7.156716149172535e-05,0.5777214044882604,0.40836743974533884,0.3192195931921959,0.2686037898826108,0.28464433335990247,0.0
0.36175813258286005,0.14909361418895115,0.32988836301851454,0.3010808028821411,0.5769103283646975,0.2757731958762887,0.42092216162617746,0.4161113153070589,0.19221835075493612,0.4593967560674358,0.5614886397121956,0.3433516547772191,0.4140103780578207,0.0821073701776546,0.28415517412441715,0.7025952023294961,0.3295194508009154,0.8180832650891682,0.2386355441236569,0.05661744395386397,0.17869287362087652,0.3333333333333334,0.1813831066747772,0.16343475321162945,0.17216198273954425,0.10945624517528421,0.2509912767644725,0.46947051947742574,0.5131744460830256,0.3080545865360049,0.40953357252690936,0.34653947308140065,0.0,0.25842696629213485,0.3577518074294326,0.2317309208846287,0.2512953367875647,0.4936763125671646,0.3773591641184705,0.41056302939711015,0.37672799963654535,0.0017717309007112604,0.0,1.0,0.3083219645293316,0.195101701951017,0.4028521337933755,0.5124708356527667,0.0
0.16055692298704247,0.32011275987627735,0.3509534627124147,0.750900669068451,0.1618259809638461,0.7762027491408936,0.47050074367873074,0.10193702936063175,0.4988385598141694,0.2948313685118,0.5002518126222567,0.4836861185826219,0.6434395848776874,0.2645938131679911,0.4874491517015577,0.577452906664943,0.5693363844393593,0.7624415176678595,0.4714296016731173,0.2747709427578043,0.194323743822399,0.5203333333333334,0.5549789174369814,0.5771196754563895,0.5425979198937819,0.7697134616964563,0.4698651863600315,0.3844387861337372,0.1827299447607485,0.40486889980691365,0.6012301383905688,0.07301370911679766,0.02713625958419587,0.4993757802746566,0.24638734828088216,0.6609227773369089,0.5227979274611398,0.3972027198661188,0.6256170291971,0.8096661684105632,0.2523494932853049,0.001158439388527467,0.00021470147454401124,0.19656215046943043,0.4474761255115962,0.6384391863843919,0.3005478261631781,0.2390247916377073,0.0
0.4717623682784764,0.4209702047688031,0.9793877117098367,0.07840109795848348,0.38107056553145674,0.03307560137457044,0.1892249215005784,0.7687986813742046,0.11285327138985676,0.2996541141685408,0.6484404151702011,0.4857131719487,0.17445021003212263,0.17931198491823738,0.21906935211826575,0.758679706693355,0.47826086956521724,0.6560483028825923,0.5267193922930842,0.15586204429291592,0.10279431851843146,0.2918888888888889,0.31900244809656586,0.2138471940500338,0.2759460057534853,0.3662130658589091,0.21490880253766836,0.4721714651150372,0.5432625238744218,0.47946589267516193,0.5248590466427473,0.24490527572875104,0.0057736720746707475,0.17103620474406991,0.36690732318062846,0.42497972231961906,0.4127806563039725,0.4516107514744604,0.18153581901587645,0.16924098986879255,0.34162120616956515,0.0003407174605390862,0.0,0.22818447062650277,0.34439896922843716,0.2652552926525528,0.5182757247219928,0.5954115213915325,0.0
0.17559840052706804,0.030695744097725224,0.376919318674298,0.38754503345342256,0.23978251850797574,0.18900343642611683,0.32374814080317305,0.37526104447778513,0.052845528455284556,0.49091960233125875,0.2981085409097174,0.029938018945152578,0.4381022979985175,0.41388478401076906,0.24129377914475647,0.5721678136132557,0.37345537757437075,0.7386311541878807,0.5793168105002524,0.21376243725185162,0.03861146328130847,0.2793333333333333,0.29085842420016955,0.37168356997971613,0.3972117725160436,0.7352507389607291,0.31998413957176824,0.3693264109415376,0.2852949452189801,0.43096110065846893,0.3915940543311124,0.3843483327808954,0.04330253959859596,0.19007490636704127,0.6361926016523718,0.7961069505567986,0.4295336787564766,0.47201326107573444,0.5291412371557168,0.526656701544594,0.4775496783327732,0.0,0.0,0.4033182454039859,0.27103228740336527,0.20713989207139888,0.7009283543348304,0.8184759608577739,0.0
0.49249358120055997,0.3548803883951294,0.4632162310838538,0.423914908217533,0.5581105140518732,0.5095933562428407,0.38192034374483563,0.47012490755234715,0.1989934185056136,0.38024631578762014,0.4562739555094485,0.32136592211437254,0.20854954287126276,0.06313664790108106,0.22343486456989786,0.8142704746972096,0.4422578184591915,0.9412469507500223,0.5746051587778553,0.0289766724951728,0.14557920779806283,0.13144444444444445,0.1428156793179156,0.19502366463826912,0.1259128125691525,0.16865327700466567,0.20354216230504873,0.7290906474250334,1.0,0.3088017631354254,0.30685118742525197,0.3442127837067248,0.0011547344469819711,0.11131918435289222,0.5777290712551857,0.5923325566101463,0.3461139896373056,0.8032974144190376,0.2818327237804595,0.29181199136356084,0.34829993077315197,0.0,0.0,0.7543174396494976,0.14006366530241018,0.13352705133527049,0.399222370184258,0.44864956758992114,0.0
0.10572047375895881,0.35738616342351515,0.4071711507024949,0.32629953679876483,0.4592169964977789,0.2951030927835051,0.44286068418443225,0.34388296903519106,0.19185540069686408,0.5011689700672217,0.5068986376655256,0.29312361127353526,0.44848035581912543,0.026312462528013572,0.2745932136124616,0.6554920019407457,0.41556064073226545,0.7107215001383188,0.22388759345176568,0.04795193057052262,0.05954869712568097,0.3074583333333334,0.11414230290941803,0.3096957403651116,0.33049347200708135,0.3026617094953741,0.1691118160190324,0.6791750197859558,0.2902921523302417,0.36348170808730573,0.32931829830855974,0.6918279243794645,0.8614319061014621,0.4013732833957553,0.4501878965286037,0.27743120437606905,0.17156735751295332,0.48570231768092753,0.41195037269492524,0.34030891878425507,0.9999999999999999,0.0,0.009446865277183088,0.27659596984891577,0.3192360163710777,0.2914072229140721,0.3812214921304221,0.4636958998180905,0.0
0.6619827794604263,0.33138874750401315,0.4865572664771721,0.49356664951106555,0.08455875643707744,0.23067010309278357,0.466038671294001,0.4080206215613743,0.22502903600464574,0.25687384760140336,0.5361181163148435,0.29096012162320195,0.6115641215715345,0.0585001166940969,0.2710586367695208,0.9080100103989992,0.6631578947368422,0.8873945819281213,0.5498930262746704,0.02386680264497676,0.2592617882081228,0.35800000000000004,0.1292059767576641,0.35752535496957405,0.3889134764328394,0.05594737595033025,0.2846451229183186,0.4619672278607797,0.6937377916638081,0.44412644351726704,0.48539210661199383,0.4583996339150025,0.0,0.27301810237203494,0.25492101503196196,0.15422647648831134,0.3379533678756476,0.4382540578250272,0.23510787275530398,0.3254857997010463,0.34833767766392676,0.010971102978279518,0.0,1.0,0.27103228740336527,0.43420506434205064,0.41062936362104296,0.42862214339967825,0.0
0.441313983093377,0.2095454367487569,0.8045027934406102,0.4273460284782982,0.32119593955454484,0.36927262313860254,0.428854734754586,0.4161106357059442,0.3906310491676346,0.38136730430474575,0.7235942458029895,0.5362335789186451,0.34964170990857424,0.014857379127267742,0.5885504514336741,0.7707150354794909,0.4535469107551487,0.6993933906012282,0.09017043678934591,0.0299468795428232,0.41121955286869966,0.4154444444444445,0.10720962452953293,0.39667342799188643,0.26886479309581784,0.5156525128679337,0.23235527359238684,0.7109411122612714,0.09232597756766703,0.15839977699623037,0.4636938322227917,0.6248236100246533,0.29041571798278026,0.25384935497295047,0.44226722905715404,0.26157757208482907,0.3126079447322971,0.49469735157184985,0.1894229982396476,0.4814814814814816,0.3754446918573212,0.013560555088317649,0.008731193443780207,0.3343735694878347,0.36713657723207516,0.3444029334440292,0.39519157241462854,0.3082134568464341,0.0
0.37137702685112406,0.2334286049880584,0.40890630554435686,0.35531394750386003,0.2980182719699873,0.149914089347079,0.09667823500247893,0.31878300621521233,0.22851335656213712,0.37487932620767067,0.5148667972266432,0.4214711729622267,0.22776130467012606,0.04291703168880979,0.24099613056850888,0.8025510244348293,0.547254004576659,0.9047207915545186,0.5484506839106711,0.04543428477721759,0.10649390920458227,0.10533333333333336,0.3202431642028594,0.08381338742393513,0.25244799734454537,0.12206895598887249,0.28786677240285474,0.2861788207443384,0.6280053347928947,0.6054118304069628,0.229625832906202,0.8316520654223909,0.0011547344469819711,0.30087390761548066,0.6012930750008152,0.3067277904534411,0.2036269430051813,0.7624563472521566,0.2327767114477005,0.14200298953662183,0.3156253107202921,0.0,0.0,0.6328079648992608,0.20100045475216008,0.21004566210045655,0.4097149864816846,0.5153877313981792,0.0
0.39332051173208604,0.20328099917779255,0.5531922100342956,0.34225424601132276,0.3103622695377536,0.3210373711340206,0.645884977689638,0.2498144091651176,0.17584930313588848,0.25170252133922505,0.619627695467968,0.5833235878844579,0.305921052631579,0.012304275072836962,0.1112957634685981,0.8135224946473529,0.441533180778032,0.7150508787995068,0.1688622322651987,0.10660145980184654,0.29540292359431286,0.24933333333333338,0.24911442731106964,0.5826369168356998,0.25244799734454537,0.4495077611638918,0.33901665344964305,0.4727831049102592,0.23710511093673464,0.2455779150287255,0.28446950281906724,0.47516588696357676,0.4717090240758413,0.23595505617977533,0.5747215739437952,0.23348998012129446,0.4367875647668393,0.38248695599745314,0.22828726264823523,0.3408071748878924,0.5289043242250995,0.007086923602845041,0.0015029103416704084,0.577672531140702,0.23647112323783534,0.20859277708592772,0.32914345874015405,0.39704732088333766,0.0
0.10751279898966784,0.38870835127833686,0.4293353216021271,0.31240349974266607,0.6379238927937604,0.3041237113402062,0.37431829449677745,0.2720988695169948,0.2935540069686412,0.6131456935985845,0.5385771611355556,0.3461583440533271,0.26352853965900674,0.02013067319965689,0.2939775771405894,0.8347359642638228,0.19679633867276886,0.6216368064836877,0.6179715858554293,0.0474128642008973,0.5189987324752718,0.3420000000000001,0.1542293503136528,0.37395537525354977,0.27041380836468254,0.09239070090308807,0.11102299762093572,0.7704588020314185,0.3006010719242442,0.13773944649856534,0.31009738595592007,0.6656469144413631,0.0,0.21504369538077409,0.599361227262702,0.19906394072719363,0.3585492227979274,0.6000346871199796,0.4802559773534208,0.5037369207772795,0.35400767081183776,0.008517936929544345,0.003721492516743696,1.0,0.2787630741246022,0.39809049398090485,0.4137394212197045,0.4636356290121007,0.0
0.4765206850681085,0.25464938725970016,0.3638920959989606,0.4016126265225596,0.28486524898866067,0.11469072164948452,0.1351429515782515,0.4018805104401146,0.29483643050716224,0.5496240906969403,0.7545709399306227,0.6095193544614665,0.3123301210773413,0.03796103108750243,0.26217878757813284,0.7593102423188529,0.5578947368421054,0.35364332315791663,0.44633284453953215,0.10357377785032915,0.05008959753015175,0.4036111111111112,0.181962893877257,0.3123732251521299,0.30095153795087415,0.5297171738583092,0.3497554850647632,0.4687279788396823,0.4737559628204359,0.6141493422433533,0.5723987698616094,0.28448437550346023,0.3677829331413322,0.3922700790678319,0.5281066203940405,0.5494365886837131,0.27266839378238333,0.517132965037677,0.1620767661705734,0.13830759010131205,0.3841457149809413,0.0001362869879980635,0.004150895426107059,0.5537421996524468,0.251629528573594,0.21046077210460767,0.40861865126865515,0.47524978042815647,0.0
0.4803823799073706,0.39716534199913867,0.45095166921556074,0.5568708183221824,0.31709875370430163,0.5227663230240549,0.4060485870104116,0.21668423709866347,0.3739837398373984,0.3632648144276357,0.41698220918529605,0.3288504268506607,0.45181616011860637,0.3015516888130984,0.37464034130370083,0.6988629124789116,0.47871853546910764,0.7619273124704113,0.47777590807471343,0.05235796185862178,0.05334474200424199,0.2910000000000001,0.2907095680138629,0.2736713995943205,0.34410267758353635,0.6100021351034638,0.3925455987311655,0.4005212287880988,0.22836875792544997,0.19230404303554854,0.46642747309072285,0.3645665477359286,0.008660508432484336,0.38233458177278407,0.3852921753528785,0.32426007503311216,0.7259067357512953,0.0710083387447642,0.5844495738300972,0.5714997508719483,0.9999999999999999,0.000272573975996127,0.0,1.0,0.4151887221464303,0.4578663345786632,0.31242821461021997,0.4492184834016648,0.0
0.17199598194859592,0.20602169061508946,0.41762703752869235,0.2913664436438497,0.5054267879659552,0.22857603092783502,0.30707734258800196,0.27857436378836353,0.17432491289198604,0.6318428871494957,0.22638239455290005,0.4400654894164425,0.303326538176427,0.025610959495811325,0.20479462248238917,0.5729854147178721,0.186441647597254,0.6724657975460474,0.4548426644871271,0.10059102518142815,0.10068633702622595,0.48066666666666685,0.08574073467458453,0.3437728194726167,0.41513609205576474,0.018901352925935144,0.23076923076923067,0.4780705697716928,0.32188288013825683,0.029458745727264868,0.40850845720143514,0.2601692758573033,0.0,0.2833957553058676,0.3117740944184684,0.15490684166573138,0.5341968911917098,0.19242063132337628,0.24260880310701594,0.37169905331340314,0.9999999999999999,0.3733582055213655,0.7977591437953646,1.0,0.20662801273306045,0.3480697384806973,0.4126120906395369,0.44408585812083523,0.0
0.04345701786112299,0.23804862769664464,0.42257961456975984,0.3371075656201751,0.18483237273403397,0.1743986254295533,0.12394645513138322,0.22919711653529667,0.1750871080139373,0.6116220036450684,0.6851127228873511,0.5777102093322418,0.26056338028169024,0.5672823154436977,0.2064688957237822,0.7323112724473879,0.48695652173913045,0.598754040592293,0.06959301906295824,0.20100543062274784,0.033836124282457726,0.18633333333333338,0.09937360434737323,0.1821501014198783,0.45364018588183247,0.5164466412946711,0.2751784298176049,0.3589573032111657,0.18038859389085732,0.23168073420287072,0.36852895950794473,0.5775365461951912,0.10392610118981203,0.2743445692883896,0.5366352662063641,0.2995917332953545,0.36580310880829014,0.5011507648801051,0.5308636770640581,0.2984554060787244,0.3230886069628944,0.0,0.00214701486461409,0.8763405281648966,0.3478854024556616,0.469489414694894,0.4181560714479054,0.31059726334419946,0.0
0.5883675185554155,0.11463920754864725,0.4650982174103682,0.25939269171384466,0.3863156761503648,0.2856529209621993,0.2538423401090729,0.2395625838746573,0.18931475029036005,0.2730546370084016,0.6246312551819436,0.5084785405215765,0.31616011860637516,0.03160454436451678,0.1799781724377419,0.7377885985328656,0.32494279176201374,0.359847650192651,0.1376715786437174,0.08326303085791617,0.45748970441829395,0.16200000000000006,0.43276427017313124,0.4787829614604463,0.3484177915468025,0.2883286609872766,0.25099127676447247,0.5628385785058924,0.34938495866639874,0.4031045771808638,0.5894413121476165,0.3465529813208531,0.043879908023880254,0.16510611735330838,0.49553780601100234,0.5448314634666356,0.2207253886010363,0.44883969979159777,0.24724547347859666,0.35326357747882414,0.7092785420625534,0.024463513825568405,0.015959476545890007,0.34498100760370864,0.35607094133697137,0.265670402656704,0.2880300918510306,0.48400088616503306,0.0
0.20815494182014344,0.272620492541404,0.40562306407706006,0.41520844055584155,0.39748344052830986,0.5107388316151202,0.48884481903817545,0.2335524039915161,0.27816492450638786,0.4684702311429967,0.6789608975805012,0.3082680388258684,0.2530578206078577,0.43671807965838044,0.2904057942256177,0.6686940706162319,0.2316933638443936,0.8226646766599464,0.6194139282194284,0.10991949110181096,0.12689389699214254,0.5166666666666667,0.26765826005348237,0.5125354969574036,0.1850658331489268,0.34524911776583445,0.451229183187946,0.11667453618374518,0.29252864821364566,0.2186444163104273,0.4146591491542799,0.07818801384417595,0.024826791010710145,0.3767166042446941,0.29860901878134055,0.3021043399318822,0.27202072538860106,0.4311677558828788,0.5398088527877359,0.6706527154957648,0.3442613923974623,0.002793883320152809,0.05424790819224219,0.4033182454039859,0.36880400181900863,0.5454545454545453,0.3257552496648107,0.5473711034143994,0.0
0.11729363347413829,0.47789828119494143,0.4118936847492327,0.13374935666495114,0.799288067650257,0.10867697594501721,0.18344075359444728,0.27480839668627133,0.12746806039488964,0.9290376165596195,0.5503607028520251,0.12770436206291655,0.10160303928836176,0.023554299209297767,0.34249429506895535,0.6367355636374024,0.10955377574370709,0.6618519028109274,0.2602706795836439,0.06848129215369819,0.20354740291292905,0.09933333333333336,0.18766061952525587,0.10750507099391482,0.1214593936711662,0.13533131860358058,0.31482950039651053,0.32404916270476514,0.3140201266753112,0.2408826314444812,0.1727319323423885,0.9257021982720163,0.010969977005970064,0.2490636704119851,0.5277831252169397,0.4304461368473221,0.28186528497409324,0.7667840657894299,0.2513280291451476,0.2770303936223219,0.3252954989701508,0.004156753011011993,0.0006441044434943634,0.37979866733500417,0.27512505684402,0.29140722291407223,0.4044384013044475,0.4266351068396772,0.0
0.21497478997519756,0.1920050115500568,0.4651018961453688,0.3988677303139477,0.48395520756233223,0.3445017182130584,0.33763014377788797,0.26458519959276816,0.3478513356562138,0.6053350245612943,0.8057387218780349,0.7077534791252484,0.3206078576723499,0.028460399784333755,0.36868736977874805,0.6779715224518037,0.3519450800915332,0.7995906837390343,0.3776773480131735,0.08018187021235099,0.13733963420942694,0.35766666666666663,0.22824778942443624,0.2551724137931034,0.2773843770745741,0.28613695480249257,0.17208564631245032,0.7216624006793172,0.5730360565690169,0.5592595477050462,0.4941055868785239,0.4172069186117022,0.040993073588935953,0.25561797752808985,0.6512895409639516,0.46535505991405596,0.35284974093264243,0.5960879380893678,0.44152563821334695,0.42750373692077737,0.24919826750935978,0.014514563569324757,0.0,0.468093160535398,0.05820827648931337,0.2893316728933166,0.43183390169764957,0.4724947392455451,0.0
0.05166402552912744,0.21205121177714265,0.4237645033219068,0.350488934637159,0.5773184216503153,0.27820733104238254,0.21070897372335134,0.20389044878877216,0.19492837785520706,0.6677726312962088,0.6137048955919514,0.41897633805013057,0.238201136644428,0.6974180061567898,0.2230379998015676,0.6888703650323038,0.34218154080854307,0.6028176753016987,0.04286160725017428,0.24414491048796344,0.027418516013899212,0.30425000000000013,0.10155365752441763,0.28908722109533463,0.39256472670944903,0.5929479771106673,0.291468411313772,0.3467075258606045,0.15714985674453136,0.23797992586169392,0.4169229454980351,0.46259447415531807,0.10103926419104202,0.23769766957969204,0.5778984373916981,0.32886883811211826,0.37180483592400687,0.6950071967222938,0.619263145589153,0.3452499584786581,0.36652623189091577,0.0,0.0,0.7568457245467545,0.3777474609671061,0.3136847931368479,0.4106095838051692,0.31145389610756985,0.0
0.5032123007832698,0.4444618456599193,0.581231282959649,0.28731343283582095,0.5883280453176108,0.15420962199312707,0.4070401586514625,0.2369504308025977,0.3249128919860627,0.2531171747768525,0.5076394242233823,0.6263594901181149,0.5296979243884359,0.06936213630449545,0.3984522274035123,0.6499613091088392,0.3225972540045766,0.32832877075612243,0.18324959734609006,0.8654443182672813,0.30967159733741206,0.2966666666666668,0.805770812052379,0.30580121703853963,0.425550453640186,0.4614353231568715,0.24107850911974615,0.7112301795545748,0.2035574541964062,0.41463614199679544,0.5827780625320349,0.383951708129596,0.07678984160561617,0.4728464419475656,0.26568668114430916,0.5912101232109837,0.7445595854922277,0.17958578968749006,0.2303982257963571,0.19930244145490783,0.2960097205267946,0.03250444711979784,0.011450745520878783,0.5168274789425338,0.1982719417917235,0.42144043171440415,0.1341538602607445,0.19619118405441482,0.0
0.1417171433168514,0.2750088093653341,0.4057410152211339,0.29078744209984564,0.27473558440150064,0.3228808705612829,0.18889439762022808,0.3655732881125336,0.18641114982578397,0.43680866544050034,0.5789092448867197,0.4308268038825869,0.1932295527551273,0.032350920438268656,0.2962595495584881,0.7427269956438454,0.18291380625476733,0.777838385232077,0.3459458160051924,0.0496043900972635,0.0518249595922217,0.315888888888889,0.053252365910381974,0.34550371872887087,0.35074131445009976,0.21656955794155366,0.255088554057626,0.32163932527971484,0.39303188461573757,0.39949192561095714,0.3632325303263283,0.4678527177067467,0.16685913135451383,0.48543487307532257,0.4534423261051002,0.22539764125792366,0.6507772020725388,0.20461684425315668,0.31652505424483196,0.22039528317555218,0.3417746792571625,0.0,0.002934253690678893,0.30358229727598435,0.3462179778687282,0.382316313823163,0.40771985607463346,0.4467819010639065,0.0
0.38634916360698807,0.2786630646150634,0.4569436382009725,0.4060730828615544,0.3314312109647892,0.4729381443298969,0.5081804660386714,0.38385638452621107,0.25609756097560976,0.5473109549214501,0.5385041569382873,0.43129458542860477,0.3687916975537436,0.04114695253387181,0.4035122531997224,0.8444511549578648,0.31716247139588105,0.7717099676752617,0.18959590374768628,0.07229231274676115,0.2467265301633085,0.33200000000000013,0.12939639534292285,0.3538336713995943,0.24717857933171064,0.2266757847679073,0.2672977795400474,0.297566582237804,0.5107631985096968,0.4470823831770818,0.37685802152742187,0.5787599566071108,0.1570438835076352,0.2549937578027466,0.37524302224511946,0.24154097655377588,0.44948186528497397,0.37290266558045354,0.30834485335665585,0.3241778774289985,0.3614244460561926,0.0,0.0,0.3869072343550701,0.45020463847203274,0.40722291407222905,0.4225477053718206,0.5474923567012632,0.0
0.25704678293287725,0.24274695587486783,0.32049137508316666,0.4891061931720707,0.43896266858120747,0.3208762886597939,0.4833911750123947,0.16846692028566163,0.2531939605110336,0.10527060183939813,0.5029464440213656,0.2162710014423264,0.6108228317272053,0.01716788279113385,0.36392499255878574,0.8094608906308665,0.4407322654462242,0.6414282454076196,0.28305968893483013,0.1149142934316309,0.1486478886354594,0.14722222222222225,0.18876433671015258,0.45444219066937114,0.15490152688647935,0.2267796464175226,0.18794607454401252,0.6357882161927247,0.5715683648354473,0.4755524519492409,0.23714334529301215,0.6568208924502708,0.018475751151711538,0.24053266749895966,0.590936319190299,0.39603461490222597,0.3740932642487046,0.43453317957051607,0.3726739228746871,0.3579139677794387,0.2860691195501672,0.0012265828730704262,0.0010019402807464844,0.35071892304465035,0.40260724571775053,0.5201328352013281,0.3611305333389558,0.35889400065413213,0.0
0.035924174315134894,0.3448572882815865,0.423438165464995,0.7066392177045808,0.28792412650208477,0.24097938144329895,0.39266236985622216,0.26907494188202585,0.43495934959349597,0.6455307555994041,0.655546456959044,0.38264530464273183,0.33024462564862866,0.013236742036530264,0.2398055362635183,0.7798980619978781,0.5588100686498858,0.5895886826061697,0.11459410081973129,0.04127831196490803,0.06831944927994196,0.17933333333333337,0.14062574164390373,0.14596348884381338,0.30360699269749963,0.2729273212259933,0.290245836637589,0.29141730030925805,0.1867836158949116,0.22582712269101346,0.591491542798565,0.25195148268293144,0.10219400104161061,0.1872659176029963,0.4389670110585282,0.32403500357547427,0.34196891191709844,0.4705837352250839,0.285610842206158,0.5889387144992525,0.3736670707766097,0.0,0.000930373129185924,0.4033182454039859,0.21873578899499765,0.2665006226650061,0.4150949781792345,0.45152897060157887,0.0
0.20654711525862715,0.4801691398144161,0.3699941636187969,0.46783324755532685,0.4491816685812989,0.35352233676975947,0.3678730788299455,0.3104101930567841,0.37601626016260153,0.1715709015952732,0.6365148468913294,0.5103496667056485,0.371015567086731,0.03104233482171321,0.37970036709991084,0.8753514406954515,0.6137299771167049,0.8435186605746879,0.2781557248972331,0.03388329780145591,0.1851464201064662,0.6366666666666668,0.09414182376436649,0.5401217038539554,0.23589289665855287,0.0909593399366789,0.268437747819191,0.6245863761028961,0.6153200861832908,0.3795656650175657,0.45668887749871856,0.37967506165440357,0.0,0.3014981273408241,0.5290914822029333,0.23513276377108383,0.40621761658031075,0.625326596347898,0.41183197435989366,0.1649227703039362,0.32331406562290665,0.0004088609450820454,0.0,1.0,0.23146884947703503,0.3474470734744707,0.42111010661815623,0.46687545059314833,0.0
0.5211213593697624,0.2320974120042285,0.5022864836772439,0.33659289758106037,0.12291838069668598,0.14175257731958765,0.08477937530986615,0.2554115402332594,0.24535423925667826,0.38337895172967584,0.6216063417398875,0.34709390714536303,0.28910303928836184,0.02985592342494369,0.204980652842544,0.7187079196627524,0.3354691075514874,0.8015830787191011,0.7120123079881726,0.04215183508847574,0.14979131777661364,0.5526666666666668,0.32027691815906606,0.6559837728194726,0.6289001991591063,0.049549155571803616,0.3096748612212527,0.41500425726556067,0.2953592362822804,0.08154202167923358,0.33162480779087655,0.58931386346543,0.007505774145741473,0.2631086142322098,0.5431618215176561,0.2564121141346201,0.5450777202072539,0.16758322225104766,0.2303321160499957,0.21474838066766316,0.3284609544317047,0.0002044304725410227,0.0,1.0,0.3660754888585721,0.26400996264009957,0.38377654790140925,0.4173510405385053,0.0
0.19999920059590276,0.3197995379977291,0.4195046593313357,0.5388574369531651,0.22657236660505364,0.40048682703321886,0.5104941332011238,0.26362897958683723,0.36585365853658536,0.4894679801924966,0.37202545637673745,0.37937083382060566,0.29997529033852244,0.026514621278017313,0.24843734497469994,0.6462434884113359,0.40350877192982454,0.6874564249850755,0.5124882809682925,0.0792380246371861,0.2554166273856195,0.3203333333333333,0.19401673323458785,0.4390804597701149,0.3005089621597699,0.07915587665072146,0.20592122653978312,0.5307409656011987,0.41655018871315425,0.16310978186850184,0.38920211857167264,0.35608270459016617,0.0,0.14315439034540164,0.5214520500999057,0.24113676589518718,0.1689119170984455,0.5866917060047276,0.34364437439586254,0.41371865138681274,0.35560853383622826,0.0012265828730704262,0.09718820294214581,0.410594852167352,0.20948916174018486,0.24809741248097417,0.4161028181048899,0.47815673734287556,0.0
0.43012046332086157,0.33796640695352576,0.4388985732975505,0.447246525990736,0.35120836272651046,0.272766323024055,0.1621219633118492,0.38183032370298375,0.33797909407665505,0.443665600362636,0.487570358626893,0.18976338050130584,0.4304423029404498,0.3442701019274153,0.26312134140291693,0.8164110637533435,0.4758199847444699,0.7661430056766789,0.23402004855885966,0.09528300264672418,0.09464281789106926,0.37944444444444453,0.39958830398769585,0.32570655848546315,0.3567160876300068,0.5604752003841378,0.3407348665080621,0.3050663636910213,0.5218758805365826,0.5947432654856077,0.5706475311805912,0.23661438881795444,0.0,0.2690387016229713,0.4068689509204991,0.6333436360756364,0.49119170984455934,0.35034351369382966,0.4045688247796628,0.5505729945191826,0.3865055464532436,0.0012265828730704262,0.0,0.3934204988085117,0.34652114597544337,0.2854573128545731,0.5855148162014465,0.5592693048660515,0.0
0.4253744670961692,0.3135351004267649,0.3867813305052551,0.32578486875965007,0.4105301324525384,0.20289232531500573,0.28309370352007934,0.285028450624619,0.208284939992257,0.3046997822617944,0.44211556729995316,0.2689743889603555,0.2530269335310106,0.0399294374754321,0.15696001587459077,0.8534721081706369,0.3708619374523264,0.11440507905912056,0.4986417942739007,0.2507936507786558,0.39158368168404,0.3376666666666667,0.3226020988877199,0.5048546315077757,0.32971896437264886,0.46319820093029185,0.31958762886597913,0.5192995682463796,0.2135169101358801,0.4920003571099547,0.3635742354348197,0.3933916022650128,0.06639723046110467,0.1668747399084478,0.4762158834253641,0.5761308795285982,0.4348877374784111,0.42607292562699034,0.23219541367461682,0.4007639926922437,0.5498698429549262,0.00824536299137251,0.0020754477130535296,0.45490726472130605,0.21524935576777313,0.17669849176698482,0.45969411222099227,0.38676496606626726,0.0
0.08642658904557943,0.14376884225363137,0.3809271642079758,0.20432321152856414,0.7669461324828539,0.21148339060710203,0.21500578416790606,0.222110427248921,0.09543166860240031,0.12536315333850756,0.6399318155716357,0.3862316298288698,0.1939708425994564,0.005875335696229014,0.5460859212223435,0.8781928441206195,0.3254004576659038,0.7826506571461194,0.2551744032308469,0.09103643913726372,0.20165325331553763,0.19833333333333342,0.27516789559178345,0.11194050033806627,0.19517592387696395,0.34580232660659727,0.3436426116838485,0.33581316611754586,0.5704151784733567,0.6471526654554054,0.46198530668033466,0.5207338157592808,0.03637413387813878,0.19434040782355388,0.5179586779595323,0.44330866466294133,0.36511226252158885,0.5168956284029774,0.38854577296936105,0.6316226540441788,0.3597241992404331,0.0038160357395943577,0.000930373129185924,0.45143344075653974,0.18159769592238897,0.1313131313131313,0.38067895230818677,0.34636518364005,0.0
0.3081574718338276,0.3683489291727027,0.4196193348116822,0.6330416881111683,0.3142278195329736,0.37027491408934715,0.6113039167079822,0.2076556301020755,0.3925667828106852,0.11750388568991849,0.5756425834245075,0.6156005145597007,0.5385470719051151,0.016768865341314186,0.1939676555213811,0.8932852982505854,0.48741418764302064,0.6762567845168461,0.3243106805452055,0.03652973268431287,0.4581853507237561,0.2946666666666667,0.13640029994129055,0.24413793103448278,0.24883823854835155,0.2692458201584592,0.1899286280729579,0.4459184264916102,0.39991612395587456,0.4097366599012059,0.33418759610456183,0.5670752266809197,0.04618937659736598,0.17509363295880156,0.5732757495657697,0.3346152660121937,0.3414507772020726,0.5315928767814452,0.29584965204702457,0.5211758844045841,0.3123656765482334,0.0001362869879980635,0.0,0.7527934896318237,0.27330604820372895,0.3067662930676629,0.39040478708382603,0.48058112721280755,0.0
0.660886822230322,0.3567597196664187,0.3669252947565982,0.49768399382398365,0.2055026418066752,0.45790378006872856,0.3039167079821517,0.4538564461681559,0.3472706155632985,0.4553982680962745,0.343448235242946,0.46637820137995556,0.38769458858413647,0.0601205688743613,0.24456791348348056,0.6988805761203354,0.6700228832951947,0.5116030668801971,0.18324959734609006,0.09143161088266435,0.12437234298689553,0.5363333333333336,0.3684691807762482,0.44356997971602435,0.5336357601239216,0.2596101166552497,0.22843973037271992,0.5175827059053906,0.5179270246635852,0.49643773322556717,0.4427857508969759,0.300789627670848,0.11662817578015781,0.08949750312109862,0.5102339505820838,0.705556011327146,0.3710492227979274,0.526352343451508,0.21387409141298935,0.3599277528649726,0.5533037815870988,0.01683144234637969,0.0004294029490880225,0.3223629824905056,0.3228740336516599,0.35367372353673726,0.38906674854032247,0.38061926851065475,0.0
0.736402487298572,0.34287354971744777,0.6326504426399285,0.30082346886258365,0.5007796965271207,0.4059278350515465,0.899355478433317,0.3939516042348005,0.5360046457607434,0.21658308352349054,0.567990863981774,0.5262542392702608,0.36721645663454416,0.04315050481241816,0.13473558884810005,0.7726721293670067,0.2713386727688787,0.4928761357533755,0.15497968701170703,0.10464511829475195,0.17419810395468402,0.12133333333333335,0.18445599743945051,0.24413793103448284,0.1766430626244745,0.436613562742056,0.30372720063441694,0.4620304023840072,0.2121889919465253,0.33107526187271874,0.3039466940030754,0.3239345919978903,0.3527713848498492,0.31710362047440704,0.47265600253037743,0.28610046734286243,0.5466321243523314,0.4032501215390573,0.2735701645380667,0.40408570004982564,0.5100251744105476,0.010902958737250758,0.0015029103416704084,0.2878378965398938,0.09458844929513419,0.1826484018264839,0.2170060091141496,0.34320618863169283,0.0
0.12599256432058376,0.4118867702909049,0.4141050745451594,0.44879053010808045,0.17650669572484118,0.17708333333333331,0.24547595438770448,0.27563598094370867,0.3575058072009291,0.6317078655233657,0.26809623236091923,0.3516547772190387,0.5355819125277984,0.021818944521107574,0.18474054965770417,0.47527202947347696,0.49382151029748295,0.6968005985579602,0.17113392148849732,0.1328213521446584,0.11037659711251274,0.17154166666666668,0.0493322487791962,0.24154158215010146,0.2212878955521134,0.12907729312829466,0.14794805709754155,0.46134679756247654,0.2826740273979982,0.04257781150482903,0.32079702716555614,0.4188684835609263,0.0,0.13592384519350814,0.48994692853090555,0.21271952244324516,0.21826424870466316,0.7948881162206856,0.3140787749402565,0.35208021923268557,0.33781114941017953,0.9807892790861215,0.9572823514777238,0.9290016602495867,0.29575943610732147,0.38511830635118294,0.4114361973818346,0.4675296812290924,0.0
0.21852284047931353,0.23742218393954823,0.4208861026674807,0.49305198147195073,0.11172640287300944,0.2646048109965637,0.300446207238473,0.20912469409919393,0.3327526132404181,0.40448599768368537,0.7502747376489868,0.4883639340428022,0.45811712379540415,0.01374593817672496,0.5094751463438834,0.687626957422732,0.6837528604118994,0.6787523693824984,0.20776941753407535,0.08250251111505852,0.3599865311626074,0.463,0.10391351145716744,0.29959432048681545,0.5734675813233019,0.3857823003714357,0.2386994448850117,0.3976826620151092,0.2557310827720377,0.31909317815512817,0.40594566888774986,0.31701670351220357,0.24769054680946861,0.2759051186017479,0.2770670923838825,0.24270839024575658,0.5129533678756476,0.3352217432492166,0.32265416908893435,0.474838066766318,0.25319989152680605,0.0029301702892387273,0.0001431343229834507,0.3704763724799976,0.4197362437471578,0.2631797426317974,0.43888009615621515,0.5294934006343234,0.0
0.33413847747673225,0.3840100231001137,0.29558585771459617,0.4379825012866701,0.5388134181007317,0.21993127147766323,0.1352875557759048,0.23434668779433265,0.44312572590011606,0.4735549971187153,0.6792578016709364,0.28616536077651733,0.371015567086731,0.025159283413476487,0.22875533287032448,0.693139234968899,0.36842105263157904,0.25580681764358215,0.4995192192120003,0.05095619847095406,0.1127333258825336,0.11962500000000001,0.053490771301190385,0.3840162271805273,0.09880504536401866,0.6608462627959624,0.5750396510705786,0.29595376542832835,0.42759295417394155,0.522107005718508,0.6141081496668375,0.4572169180394634,0.029445728157681598,0.28967696629213485,0.46968395813031305,0.6633685765090471,0.5972797927461138,0.38578573793165316,0.09411336637845663,0.3250498256103637,0.16886058381253521,0.0008177218901640908,0.004222462418768983,0.3455792883643308,0.19906775807185081,0.2794209215442091,0.28281603905060276,0.2719500765529426,0.0
0.15678920827104165,0.3595787165733527,0.4187831379086357,0.22645393721049928,0.8424185253834622,0.27319587628865977,0.6395637084779375,0.2029771923158118,0.21806039488966314,0.5673811897988629,0.07227048257544869,0.35083615951350733,0.2108969607116383,0.7706660844308896,0.2287925389423554,0.35685281639246064,0.33546910755148746,0.5982104004508119,0.2922906800644247,0.44527447171571943,0.05301098033681518,0.17233333333333337,0.1928058048913604,0.2159026369168357,0.228258464262005,0.48481170691702735,0.16415543219666917,0.5014852761605728,0.23256220260382798,0.18055450818076219,0.4351614556637622,0.3217295687171142,0.0,0.17197253433208495,0.5072823736512848,0.422242078224163,0.22694300518134708,0.695851976403527,0.6431497800581171,0.2331838565022421,0.9999999999999999,0.5970051354081021,0.7973297462885549,1.0,0.31286948613005916,0.2615193026151929,0.3622008280022332,0.4853931684152563,0.0
0.20588196950362192,0.25005546637432624,0.3042895267268364,0.20355120946989197,0.48941158036122306,0.14261168384879724,0.20624690133862167,0.05017250267310212,0.22764227642276424,0.3399613608306058,0.7694691338793587,0.4181967021401005,0.303975166790215,0.10487902613407551,0.01210437543407084,0.5429556270536333,0.459954233409611,0.3723063862123218,0.005805428015096516,0.788238504078496,0.028864351497728667,0.07133333333333336,0.2038750161442911,0.12697768762677483,0.1719960168178801,0.5361107223407523,0.44448850118953187,0.37270247677763896,0.3513768657444222,0.6632514861377703,0.27729369554074834,0.7998503422227715,0.0196304854384544,0.299625468164794,0.6121810347986747,0.557656456706842,0.3455958549222797,0.6455109812780754,0.03546648751282596,0.11709018435475833,0.40552235973287554,0.0,0.0001431343229834507,0.39447074705716095,0.1397794452023647,0.2525425487754254,0.6206778571644747,0.6599980850126891,0.0
0.6795799271866073,0.3338945225323988,0.3809081347022321,0.4817292846114257,0.16173026305711857,0.44802405498281794,0.3277144273673774,0.4621928157168079,0.42682926829268286,0.4455286187949215,0.3617938725411658,0.5847269325225118,0.40363232023721285,0.05965960856618021,0.24427026490723291,0.7417896951819225,0.7016018306636156,0.5006704574498488,0.18151878650929115,0.09470700848783323,0.11896589056552737,0.5750000000000002,0.37118180899732056,0.5170791075050711,0.5286567824739989,0.25612070329502845,0.3592386994448848,0.3218297528320314,0.5216312520058806,0.48867059171030014,0.3792926704254229,0.3575475007748469,0.11662817578015781,0.305243445692884,0.39792584188277713,0.7296138382363835,0.40362694300518126,0.5083226595599076,0.21125257644926942,0.39511709018435476,0.6615738118642962,0.017308447192071887,0.0004294029490880225,0.598274147061565,0.2787630741246021,0.4578663345786633,0.37214945201872757,0.3622981161867346,0.0
0.28258747164156944,0.3805645824360832,0.4354861520288378,0.4263166924000687,0.37680416871851385,0.17855097365406636,0.3868782019500908,0.293110097180464,0.21370499419279904,0.43335481955267674,0.4632658942450908,0.3952754063852181,0.2614282184334075,0.03745468600878808,0.25597777557297363,0.7995169181981734,0.4315789473684211,0.7839097705737567,0.4013317627827591,0.08066276279678886,0.20390140279154942,0.1954444444444444,0.1974398058019632,0.2081135902636917,0.17083425536623154,0.2068592449621964,0.16917790113666387,0.5308940201472464,0.3910050192546648,0.5578269289398677,0.3406799931658979,0.3108594888696289,0.08314087890078906,0.10507698709945905,0.4600825393159466,0.41706801860042203,0.33264248704663213,0.7547632776000723,0.3903035967909054,0.3406410895200132,0.44885336212401933,0.0003407174605390862,0.0004294029490880225,0.3355858682229643,0.45232681521903884,0.20824685208246846,0.4182964444370217,0.40578484884813226,0.0
0.3035527036663165,0.42003053913315846,0.3603648522140426,0.7769771830502661,0.11246226503495643,0.37843642611683836,0.25698231697240126,0.40219236240162687,0.413472706155633,0.5398783074072067,0.46173293926685466,0.41897633805013057,0.37830491722263393,0.04443239021670896,0.31947613850580425,0.7639481696145531,0.5368421052631578,0.8169055384058483,0.2570975263828457,0.05497657572858867,0.18498789076225908,0.18122222222222226,0.24827803567529794,0.31104800540906025,0.15556539057313565,0.0869998258368789,0.27359238699444877,0.4530193011670828,0.5503215149044838,0.3717772963547241,0.4780454467794295,0.3070863141701926,0.0,0.252808988764045,0.492834118658425,0.28412354437499676,0.47841105354058705,0.44965619145315483,0.34864181634723945,0.3648895532303603,0.36393948127055653,0.001090295903984508,0.0,0.410594852167352,0.29437623162043347,0.27853881278538806,0.42401526749732865,0.49019440021616295,0.0
0.5623127327852554,0.31134254727692734,0.4724746465217079,0.23983530622748328,0.5076648176707057,0.16408934707903783,0.20426375805651958,0.5222771572945859,0.12253193960511034,0.4804037198563391,0.5212457397058325,0.22921295754882462,0.4340252038547074,0.06833848912647564,0.38535569004861603,0.7761728188127555,0.3725400457665905,0.9871964107115767,0.43277482631794045,0.02084287818340065,0.3423895356253564,0.5900000000000002,0.1743159702159759,0.2061663286004057,0.6859924762115516,0.13470439240753027,0.2478191911181601,0.5516066323251217,0.6952404416804272,0.4580339767327668,0.5633008713480266,0.13676139756855749,0.0011547344469819711,0.28401997503121096,0.32443501679795544,0.376198373766922,0.4336787564766839,0.4158340153117226,0.37361581727620385,0.5366218236173393,0.46017688858014055,0.0,0.0,0.6055516941284359,0.45020463847203285,0.2984640929846409,0.4172385318590807,0.45431181745902666,0.0
0.11647756796174047,0.19952233663521401,0.4081476618251002,0.1930005146680392,0.4446366586219355,0.22193585337915234,0.2832176499752107,0.3407426172342584,0.17644212156407277,0.2982172541510173,0.6069356089483808,0.246053093205473,0.21645663454410674,0.028099794260114663,0.27676356781426736,0.6048833203737327,0.5591151792524791,0.7330745603828721,0.2857520613476287,0.054560446116601734,0.0591426320158104,0.3987500000000001,0.10045830652817679,0.22466531440162274,0.35406063288338135,0.3534681333430981,0.2523790642347342,0.5612955407224762,0.34466733836888863,0.5086810010855762,0.45011105416025954,0.4173212010355616,0.6616628309099095,0.3888108614232209,0.5392697177419217,0.370674331426425,0.470034542314335,0.48017856981728635,0.3947872503264654,0.42895698388971937,0.7669727842415883,0.0,0.019036865175284568,0.47874247880190673,0.16882673942701218,0.2981873529818734,0.39159413488859135,0.44346913224774176,0.0
0.08706647406089861,0.24441747256045832,0.4044392880287096,0.37673700463201243,0.2514968134029523,0.2096219931271478,0.21269211700545365,0.3397007462503393,0.16114982578397208,0.6337697485782071,0.48755322181574934,0.40322769266752423,0.41586360266864364,0.025534320555083263,0.2722492310745115,0.5382615143453198,0.5286041189931352,0.6934685686138162,0.19651914709488216,0.04900767424337275,0.0528609315776715,0.26833333333333337,0.07793025718939514,0.3118052738336714,0.1545695950431512,0.1945132782857982,0.08445678033306893,0.7413410101310173,0.2820450166550397,0.2568730844517555,0.4044079958995386,0.40096208825948765,0.5369514971757716,0.5733458177278404,0.3130461729974139,0.08484009097918696,0.4088082901554404,0.3273423692287494,0.31538662385570365,0.2685600398604883,0.9999999999999999,0.0,0.0017891791068112874,0.35688862718175757,0.0864029104138245,0.3420506434205064,0.41283951427761156,0.4667571984258432,0.0
0.30112605379152924,0.3141615441838613,0.3944326019959708,0.2722593926917139,0.3420993618697121,0.23353379152348225,0.1726987274830606,0.31274275398274526,0.20576848625629113,0.5522728283577333,0.5103817700420082,0.18789225431723391,0.20336051396095878,0.037742647518546446,0.24268280583391214,0.7494127778782058,0.27231121281464526,0.8081722730993056,0.45190990168032896,0.07844810625524051,0.2368283765778376,0.28788888888888897,0.16970142844046898,0.2657741717376605,0.20292100022128795,0.13999434043221684,0.20274914089347068,0.5911201292406091,0.3048294748856715,0.21718278236142752,0.48112079275585173,0.2917208723396166,0.05946882474064749,0.27673741156887227,0.49840784896684287,0.3292834523758485,0.35716753022452497,0.7823234080903325,0.37093101365685377,0.338315894369706,0.32335450734605975,0.005178905430453542,0.0,0.5917665247918215,0.2986205851144459,0.3510446935104468,0.3638980121806963,0.373108484532467,0.0
0.5323431018317328,0.348615950824165,0.4419414571198655,0.4621718991250644,0.4235147380744765,0.3668384879725087,0.33068914229053054,0.5277216541998709,0.28455284552845533,0.5392068611383853,0.47241409655171385,0.345690562507309,0.43661971830985935,0.06924037920833487,0.3615438039488046,0.8004945255865363,0.576659038901602,0.9809593630880182,0.6130676218178324,0.02150819715973886,0.2650684269262965,0.4190000000000001,0.17355906770106294,0.32267748478701824,0.5356273511838905,0.14085472057125412,0.21134020618556687,0.47095796455409017,0.7699887986510552,0.46110702186443686,0.25217837006663246,0.364393051319346,0.0011547344469819711,0.19475655430711616,0.6667358288440625,0.4684203835727618,0.577720207253886,0.3466139824435947,0.3434295778597191,0.4215246636771301,0.31822672463022655,0.0,0.0,0.3164951587751841,0.31878126421100506,0.24699045246990453,0.4157557490975526,0.4564514702361629,0.0
0.22042083783451805,0.3479895070670687,0.4660218160612153,0.5198147195059188,0.3345141539990917,0.4720790378006874,0.2741695587506197,0.2879858623004858,0.26422764227642276,0.19232324939586412,0.7500030962219073,0.3302537714887147,0.36619718309859167,0.026388473633181857,0.36422264113503333,0.9097181221068742,0.47414187643020594,0.85324335400222,0.16680689439649996,0.026595264643258017,0.17318631256013528,0.08633333333333335,0.138458981411057,0.20778904665314407,0.12801504757689758,0.08337910637215987,0.33980967486122104,0.3117854739095666,0.7524112177793378,0.3649012201573373,0.4894925679138904,0.14345001169075455,0.0,0.22003745318352066,0.6789534199206566,0.27530322514139294,0.2601036269430052,0.5955395995547251,0.37457774360880464,0.2760338814150473,0.36486868821716834,6.814349399903175e-05,0.0,0.4033182454039859,0.18371987266939518,0.14943960149439595,0.43206550037949476,0.444022174128815,0.0
0.1730043521392813,0.4772457356146327,0.4184639202206093,0.2460113226968606,0.5975634658452613,0.49226804123711343,0.22409519087754093,0.2772062417943143,0.3885017421602788,0.7093095934635418,0.2557890324310847,0.049117062331891004,0.6289844329132692,0.02571592414086974,0.2963587657505706,0.5772191452826991,0.17574370709382153,0.642342045701367,0.4691218538907186,0.06391746045836103,0.22197213930191154,0.2677916666666667,0.17158163121891018,0.1843002028397566,0.3978756362027,0.04633451543651396,0.1809080095162568,0.5143735342859265,0.3894324923972687,0.10032636145795837,0.4194643772424398,0.3538536311690606,0.0,0.1162609238451935,0.7267633976001369,0.14146584280540214,0.26586787564766834,0.40440885040176183,0.3391075356458961,0.304559043348281,0.9999999999999999,0.014787138112685234,0.00214701486461409,1.0,0.34015461573442485,0.4205064342050643,0.4077013895023622,0.44064163277429724,0.0
0.4564330927279814,0.22822129125719431,0.3900496685541514,0.3643206381883685,0.6213503180639198,0.25300687285223367,0.4377788795240456,0.30113873484936166,0.24767711962833916,0.3604551213345482,0.526127785683448,0.3391416208630569,0.24008524833209788,0.036234818717121,0.19337235836888586,0.8451001998246415,0.35423340961098393,0.16165506801878204,0.15584509243010647,0.06403940057190438,0.47060398582830676,0.07566666666666669,0.3970175911149342,0.1782555780933063,0.09357711883159994,0.41159581746038043,0.34496431403647887,0.552907265087955,0.31989097306023345,0.4765508402056421,0.5689390056381344,0.41718451801425693,0.31755196731167323,0.19850187265917607,0.46389578796838915,0.658340779334061,0.4227979274611398,0.507648271930471,0.1959889666376088,0.4703537618335826,0.3281625717568332,0.006132914516649292,0.021756416616788597,0.19209849052497874,0.5025011368804002,0.4753009547530094,0.3213312171616956,0.29010987114369785,0.0
0.5239578972486088,0.18386124270780319,0.5651999371581229,0.2501286670097787,0.8238851437059406,0.2804982817869416,0.33366385721368363,0.317822347564501,0.19512195121951223,0.2871439142807124,0.6041649399196748,0.30546134954976034,0.16716085989621945,0.020791637835818104,0.4088699275721799,0.8338517486817099,0.25583524027459953,0.9058751361737092,0.08574725353974857,0.07052242398377914,0.3984790924705468,0.24033333333333343,0.10463432574595251,0.34993914807302234,0.1160655012170835,0.2420944035016401,0.1387787470261696,0.4676606590494748,0.28326811958322895,0.19679479569226616,0.5345976422347515,0.2675675928909793,0.05254041902019031,0.24500624219725356,0.6099896429101855,0.16849321900836572,0.15129533678756474,0.6390922049730619,0.2606895453753514,0.3452914798206278,0.4016562533696352,0.002862026653398608,0.0,0.576459570440361,0.08185538881309687,0.20672478206724776,0.4089772090439248,0.37064641617715965,0.0
0.09626111110808669,0.35484123566031084,0.3973146547032146,0.2976711271230057,0.6185758240074246,0.3206615120274914,0.45891175012394647,0.32117414026224755,0.1809306039488966,0.6537152791809515,0.5927287398104697,0.503508361595135,0.3565140845070423,0.02530042170736245,0.26938436352812783,0.6723401092815671,0.4066933638443936,0.684338834310718,0.256700882232746,0.059783465773891466,0.05231917710678575,0.24200000000000002,0.0,0.3470182555780933,0.19639300730250056,0.243397040818673,0.39095955590800935,0.2849318293455013,0.17448280908554653,0.16733935038280096,0.42183495643259883,0.09730369335447903,0.6333718549857509,0.3430087390761548,0.6318047939050875,0.0,0.2,0.699816705675012,0.19828470029416842,0.3089187842551071,0.37672799963654535,0.0,0.01910843185014922,0.25285249084755174,0.1588790359254206,0.19987546699875458,0.3939426721124215,0.43835157522790247,0.0
0.2135843784061527,0.3714811479581849,0.36068529274083305,0.20380854348944938,0.43034583492473877,0.17096219931271472,0.32573128408527524,0.4004440035838977,0.18960511033681762,0.6491378459949503,0.49358576955703404,0.3644018243480295,0.39584877687175696,0.04205062291656492,0.3320765949002878,0.5929723887218776,0.3491990846681922,0.842437050621039,0.4296016731171422,0.05305302900799593,0.08299082171799782,0.11566666666666667,0.24173594469073434,0.17241379310344832,0.1987165302057978,0.16360910827695532,0.4353687549563835,0.30501908782604437,0.4873497295361064,0.6469895915744844,0.18810866222450026,0.8806856153290212,0.0017321015903534027,0.14013732833957554,0.6936457596008538,0.3104470112941333,0.3870466321243523,0.49672128229340223,0.38595881089986905,0.1828599900348779,0.9999999999999999,6.814349399903175e-05,0.0,1.0,0.30422919508867663,0.2880863428808634,0.4158826209701841,0.43574778342143416,0.0
0.44101129833053193,0.2756352531224306,0.4444363150204149,0.16707411219763252,0.9184867479159929,0.2100515463917526,0.1918691125433813,0.24812772414854833,0.2456445993031358,0.5054057599942466,0.6599735071346984,0.7185124546836629,0.17716827279466274,0.03825861224210473,0.3180871118166485,0.8298375922126644,0.11716247139588098,0.34238357934411007,0.23921248106925652,0.3779300115682393,0.3925482042438089,0.2640000000000001,0.2758363643940155,0.20876267748478705,0.13104392564726713,0.36226097044836736,0.24980174464710536,0.5165150308083779,0.22075063299320646,0.3108853002715365,0.29830855971296777,0.7646163020606624,0.06928406745987468,0.05836454431960052,0.4857762556413716,0.6289059205046932,0.444559585492228,0.35816827086714553,0.2867426244434855,0.37269556552067756,0.12723760461849465,0.011925111459286626,0.015243804712487128,0.16270104146248954,0.673033196907685,0.4176006641760064,0.6445790620714543,0.22888468675455412,0.0
0.16101462660221427,0.0,0.38965586224316434,0.11065362840967581,0.9878832893975642,0.04553264604810997,0.24541398116013885,0.2618110253674549,0.0008710801393728221,0.5169431603390577,0.18076090934478073,0.23248742837095074,0.0,0.4859271427945145,0.01775969838277608,0.6937404564660767,0.0,0.7139829477108973,0.01478400923099113,0.2391191602334481,0.020728635284837607,0.06733333333333336,0.34398215221349654,0.029939148073022323,0.03839344987829169,0.8792422386453584,0.11022997620935764,0.9222711450524206,0.2085546613076678,0.45993758173876453,0.28549461814454136,0.71472560451123,0.034064665304653054,0.023720349563046198,0.9919389946341985,0.8982389382393379,0.2533678756476684,0.8815468417700681,0.6026948578555028,0.17787742899850528,0.28173123831885943,0.0,0.0,0.38949812132641864,0.027285129604365688,0.11374014113740141,0.7220811669585908,0.7695250824307505,0.0
0.3462965255691693,0.4244156454328335,0.47412376438103804,0.3803396809058158,0.39829014247695055,0.384557560137457,0.3925384234010907,0.10134656217962347,0.39561556329849007,0.30855626043502554,0.37340625257535587,0.2996725529177874,0.6519644180874724,0.08145830001518062,0.39413632304792146,0.6180600210535574,0.4164759725400458,0.551923019609243,0.35027284309718987,0.6977042991710846,0.10155668934225165,0.4518333333333334,0.2820642998302372,0.5829614604462475,0.5532197388802835,0.5799988897790663,0.5517942109436952,0.3779213778882277,0.21030193985498907,0.32757919340638253,0.6150051255766273,0.5206376647782249,0.0,0.5114310237203497,0.4096150181149866,0.5410047047074376,0.5156735751295335,0.5430186448086751,0.5255592829459831,0.7945939212755355,0.3796002208363769,0.0010221524194415487,0.0,1.0,0.4851637107776261,0.5652760481527603,0.3143674865106323,0.32134478945487954,0.0
0.4621727854937783,0.17321169883716378,0.49102311451842107,0.41791044776119407,0.14183928940133606,0.12027491408934712,0.13882002974714924,0.21564162280102517,0.12485481997677121,0.38335373981117027,0.7193536514380793,0.7128990761314467,0.34803558191252787,0.11547272774729825,0.2418890762972518,0.7742703130936817,0.5359267734553776,0.7862100651505822,0.531719512488281,0.04422492565764231,0.13884758948232478,0.7933333333333334,0.30221107366185873,0.7715212981744423,0.47355609648152264,0.22576765268598634,0.39056304520222024,0.27806516388117875,0.28452614106914587,0.08180543775886906,0.39774474628395695,0.15109472530712031,0.007505774145741473,0.2112983770287141,0.5487243409509827,0.2797108858530383,0.49637305699481865,0.3090969910494584,0.32677370509987735,0.48629795714997515,0.31412035677376104,6.814349399903175e-05,0.0,1.0,0.46339245111414273,0.4068078040680779,0.36321007543758227,0.3867065013031438,0.0
0.32372235669943755,0.3984182295133315,0.43796805090410046,0.3722765482930177,0.6415619406996074,0.4374284077892323,0.40902330193356473,0.41194587017472656,0.24487030584591563,0.6629974132769503,0.3206635806797164,0.16824542938447742,0.45197059550284174,0.04666027760129847,0.32483381287826174,0.6481646912827674,0.2327612509534706,0.8353866074858758,0.2739488930022357,0.013246357698912262,0.07228576131763745,0.28255555555555556,0.1993742132199921,0.26144692359702504,0.337547023677805,0.42509506164032773,0.33782712133227577,0.287701769829607,0.2521666091112965,0.3997769962304004,0.34512215957628567,0.4465016066120335,0.058891456315363196,0.17478152309612982,0.4342933085244054,0.5651766992835554,0.27910189982728834,0.5920211786690796,0.5156042442161934,0.4253446271383491,0.35883314530038446,0.0,0.0,0.38135513638962587,0.1931180839775655,0.2713435727134356,0.4607401034232656,0.4543204705751887,0.0
0.1276105907160761,0.20860577111311226,0.381674596868777,0.6839938239835306,0.4593244001554343,0.48002577319587625,0.6740827962320277,0.0,0.4286440185830429,0.132777287108162,0.417674633514879,0.30376564144544493,0.6000741289844329,0.29738145021630985,0.4602887191189603,0.49910822099695845,0.6942791762013729,0.6298724762601259,0.4708526647275177,0.23599092586726111,0.14737800543084156,0.48304166666666676,0.5417058042050231,0.42198782961460446,0.3636866563398984,0.8843406624074859,0.43140364789849306,0.5526956648147191,0.03480570802023657,0.19566021177760023,0.17279600205023063,0.5779012959901685,0.11200923863318636,0.4207631086142322,0.5570743897894295,0.5763908336622992,0.5537564766839377,0.5041091083886533,0.5453457135296355,0.5133906327852515,0.4643661961047384,0.0009540089348985894,0.0,0.25624853967848776,0.1277853569804457,0.47696139476961397,0.19976847954914712,0.24174176045198856,0.0
0.5874581176004801,0.32907873614972005,0.3519510629781992,0.2814590838908904,0.7210949698035192,0.38316151202749144,0.39018344075359457,0.39262735898771967,0.35307781649245057,0.2836102145495694,0.41005370792296547,0.2689743889603554,0.27997590808005934,0.05060485231678379,0.14277210040678642,0.7152351350122312,0.18003432494279176,0.6813172173564648,0.49450707949710343,0.04061076825222496,0.15790008777455194,0.3370000000000002,0.23809171554126085,0.4099797160243408,0.40028214206682905,0.4513773647644259,0.318001586042823,0.4687881561239424,0.31415992008218696,0.4852890168743951,0.5668887749871862,0.4158976621331356,0.0779445733285333,0.2534332084893882,0.5710508684502089,0.36834722174954565,0.26165803108808294,0.6911345401333397,0.2921152495932005,0.7548579970104634,0.3319276836255951,0.00988080662040353,0.009232163981400043,0.3850190960775557,0.2514779445202364,0.3437110834371108,0.40357635664083646,0.4121863689069082,0.0
0.2209187534098238,0.4952037899847304,0.41494289622283115,0.25990735975295937,0.7923628820683383,0.2757731958762887,0.49231531978185417,0.2674601246833371,0.279616724738676,0.16811810809745192,0.839556891247509,0.6567652906092853,0.20941438102298007,0.028324851807075925,0.24367496775473757,0.6017389103337187,0.4649885583524029,0.7626608228381473,0.6263371715666244,0.08215941992791356,0.24494014556487323,0.21600000000000005,0.2094910010305337,0.5313590263691684,0.22859039610533313,0.11709493613300895,0.2795400475812846,0.38584304006490805,0.37866927402491124,0.15742176110293787,0.37262942080984107,0.2945400661825601,0.012124711292712927,0.23189762796504373,0.5723050823646872,0.26097059312210863,0.34663212435233165,0.751341688507094,0.35493792226749654,0.4000996512207275,0.37672799963654535,0.01274283387899078,0.0,0.4033182454039859,0.48158253751705327,0.5151515151515151,0.4058129096936776,0.4391529825517818,0.0
0.4148423324411048,0.3674092635370581,0.24303730822254863,0.492537313432836,0.11097816248222592,0.3479381443298969,0.17550818046603872,0.29035554643733796,0.3048780487804878,0.5601781321152702,0.4361002563249109,0.24231084083732898,0.47479614529280967,0.03716187812453749,0.2165889473162021,0.6728608108814045,0.4837528604118993,0.6531003483684439,0.6860501454361885,0.049649050144271255,0.13823043327562315,0.30266666666666675,0.21150752104092574,0.4234077079107505,0.19805266651914147,0.14395106078511258,0.14135606661379846,0.49060295208843185,0.4289558505090066,0.2845002882523171,0.6208354689902613,0.04375688711188486,0.006351039218042179,0.27984550561797755,0.4337519706106696,0.3394158498108362,0.32435233160621757,0.36052572325505655,0.04595220839943955,0.3333333333333333,0.2955035198033673,0.015673003563040865,0.0,0.2689470320383021,0.2942246475670759,0.3926940639269406,0.3226746619853001,0.4422713224330164,0.0
0.3154914027241113,0.22164363180768176,0.40958584283615684,0.5470063475724825,0.3452113048793116,0.3526632302405497,0.309866137828458,0.19642668707140698,0.2559039876113046,0.45919330301215716,0.39356694305991635,0.3288504268506607,0.27359772671114413,0.6127535724754465,0.3079670602242287,0.6545573322339282,0.42070938215102976,0.8696037199190818,0.28438183610182943,0.09058318807531021,0.04641546846004626,0.3198888888888889,0.28225430527037715,0.29238674780256935,0.288753042708564,0.6005201111568506,0.3092783505154638,0.4403777228181414,0.32516772725992493,0.5003790969107139,0.3577652485904663,0.500598674759185,0.0,0.27091136079900124,0.3916702684886825,0.43992283516871394,0.4811744386873919,0.33910935934269315,0.6147995239846771,0.4957648231190831,0.5198206711809739,0.0,0.0,0.39942915254469963,0.5532817947551917,0.5179189151791891,0.3340802266355905,0.49078798182896183,0.0
0.18658638175866438,0.23699150385654438,0.44300053540581696,0.21225767713158344,0.528378497554276,0.2598797250859106,0.37894562882168237,0.28399494722942475,0.2624854819976771,0.8437630415630856,0.5467527580591657,0.11523018750243635,0.3466765505312578,0.02934675738645392,0.36273439825379505,0.6764497245787315,0.29256292906178494,0.7755329995146827,0.2928676170100243,0.08150375092259987,0.1105319685807829,0.45988888888888896,0.22857448392713403,0.329817444219067,0.29049568488603683,0.29387460074510163,0.25482421358710006,0.6962564274149212,0.44611405116009667,0.5013879800208377,0.4230309243123185,0.23956180518225745,0.040993073588935953,0.1733250104036621,0.5192316388370355,0.4917838888342831,0.4538860103626942,0.6262104570365374,0.5162651667284441,0.48646404251785424,0.3897886393126856,0.010289667830255606,0.0,0.6199198625592737,0.30862513263604663,0.28822471288224705,0.4301312898213787,0.4644382886208145,0.0
0.558668366981035,0.47672369915038565,0.6022582782255803,0.4848172928461143,0.26092820857336796,0.37156357388316164,0.5304908279623203,0.4410601943042237,0.2680023228803716,0.5041964312331095,0.5018398228928347,0.346158344053327,0.6134173461823574,0.17199176631075475,0.21242186724873505,0.7743929250727124,0.7244851258581235,0.7134145204362958,0.0646890550253612,0.09976020188070023,0.06933992979853115,0.26066666666666677,0.12550079837453837,0.19870182555780935,0.2860146050011066,0.2739522272331373,0.20856463124504349,0.3336336238386852,0.5303676447424868,0.45163263833024503,0.46899026140440814,0.3618783660040349,0.0098152427192272,0.21379525593008744,0.2107831319803452,0.37154973020153986,0.38445595854922276,0.5620376960633275,0.14494066285326457,0.28051818634778286,0.6026792091649119,0.0,0.0,0.44452562494385606,0.1396089131423375,0.2146118721461187,0.42141100792666175,0.6428500683100467,0.0
0.12514780380056192,0.27970713754355747,0.41611719952855514,0.2784354091610912,0.4577699327897315,0.48024054982817876,0.5537927615270204,0.3301972042622437,0.31968641114982577,0.5128608531142523,0.7171076694821468,0.5080107589755585,0.3083765752409193,0.0291563856040484,0.3088600059529716,0.8455357777057035,0.41510297482837527,0.7560919215154346,0.346811221423592,0.061739769493532194,0.0744887968616314,0.627,0.08808549848186985,0.6923326572008115,0.34011949546359826,0.26726033475356237,0.22323552735923863,0.4834765156727398,0.4792423872677802,0.7496897607268326,0.6391594054331113,0.39594947697432203,0.2736720695430959,0.23501872659176035,0.38464577087616103,0.4901950611366495,0.750259067357513,0.3220460922275252,0.41634681297594034,0.24215246636771304,0.3462568879396778,0.0,0.005510671464656346,0.4605376996007188,0.23965438835834454,0.3420506434205064,0.4147252340202355,0.4454231699204263,0.0
0.08686422339166988,0.3175678321130731,0.40998641847370976,0.19094184251158003,0.8689859024454074,0.08075601374570451,0.1923648983639068,0.3042865197874864,0.20180023228803715,0.806660656081514,0.6266777454564635,0.3414805285931469,0.25630096367679767,0.022724851030451937,0.3228494890366108,0.7303067310124312,0.11516018306636155,0.6666075786890119,0.24307074689295416,0.06202468217205794,0.051382598769930864,0.4423333333333334,0.009058656025191437,0.3350101419878297,0.2730692631113079,0.19566373856557837,0.3421887390959555,0.41379350232357914,0.14740005119004948,0.11945052554998253,0.3485392106611994,0.5868596329609886,0.3152424936105361,0.08770287141073659,0.6922610315347859,0.21556909029074706,0.21295336787564767,0.8239949686712429,0.17563435963311114,0.30692575984055814,0.37672799963654535,0.0,0.019323133145932262,0.6873890558986612,0.31008412914961336,0.16645911166459107,0.39582243209631035,0.44262928916493693,0.0
0.25594457946287325,0.2068438980462785,0.38618902237862607,0.5012223365928976,0.4044208593002688,0.4879188144329897,0.31618740704015863,0.09951291342199829,0.28865418118466896,0.4879822797826632,0.7269896545932133,0.6995673020699332,0.24754447739065977,0.24449175701416573,0.2644359559480108,0.6129955356085859,0.5444508009153317,0.7695531688975015,0.3210654102262074,0.05336316481196022,0.22615606672728897,0.5083333333333334,0.49752109055479454,0.42620689655172417,0.24253153352511622,0.589380620559505,0.22957969865186356,0.4436002268520999,0.2465054528366879,0.21484228751720247,0.47821629933367504,0.19430877947639918,0.004041570644556452,0.2063046192259676,0.4919796853114228,0.4232472840725802,0.43056994818652844,0.4969662276632985,0.6068234913373312,0.35426008968609857,0.36256272690101227,0.0,0.0,0.4033182454039859,0.4776034561164165,0.5049813200498131,0.32052610978079854,0.3738268330471236,0.0
0.48079898691719325,0.4037430014486513,0.47235127719139247,0.32681420483787965,0.6437047908107454,0.33462199312714774,0.2440918856387374,0.22572365400048233,0.4370886566008517,0.33933992331662777,0.6269500563462904,0.4018243480294702,0.23745984680009896,0.03022141402584705,0.21946621688659593,0.7628409975372374,0.347673531655225,0.1583714825653033,0.2115195076804731,0.08561331601816155,0.3968213863513295,0.49122222222222217,0.37652497350435804,0.15196754563894524,0.4089400309803055,0.36596900037305913,0.33597673803859346,0.431186013368664,0.25559128936516196,0.38897375526760924,0.49034683068511875,0.42171052908912426,0.015011548291482947,0.07220141489804413,0.7411997309971672,0.5033354944046453,0.22763385146804832,0.7991493617570569,0.21161229832088654,0.4798206278026905,0.20448655546457042,0.028552124713711883,0.008516492147997164,0.6362337962198836,0.35046233136274063,0.3355472533554725,0.4425627197930164,0.49829783928701743,0.0
0.5295066499103163,0.22833874946164992,0.4732555057128847,0.2691713844570252,0.6727551043942424,0.23722079037800686,0.13398611799702526,0.3140389232087747,0.306184668989547,0.5101185805504159,0.6398271766461316,0.44620512220792885,0.3409933283914012,0.03833258933206909,0.36809207262625265,0.8870063435022042,0.44530892448512577,0.3206132044279423,0.23524603956825885,0.17352442924232608,0.4291189100617023,0.2677916666666667,0.24554342813390495,0.45736308316430024,0.4363797300287677,0.31958641605598737,0.20554123711340194,0.5042855988364034,0.2105116101026419,0.27138836942265,0.5777806253203485,0.3017015987519892,0.08718245275012766,0.19272784019975034,0.45728246283516377,0.6236953462668278,0.33160621761658027,0.5618335025559928,0.23882626715939714,0.3010712506228201,0.3448947163094485,0.009199371472379618,0.014456566204219598,0.4048350422227203,0.37971805366075484,0.4290680780406807,0.5210461028448884,0.30890467667258276,0.0
0.34450017287471757,0.26435926549469474,0.43796309880450013,0.4107050952135872,0.5693815489905968,0.17654639175257736,0.26326227069905805,0.18393052157468864,0.3008130081300813,0.18021125726590229,0.614268535462434,0.29750906326745397,0.4221645663454412,0.004229709890163812,0.3797003670999108,0.7673381794347862,0.5002288329519451,0.27144846038188813,0.1613259934133032,0.3963209386276946,0.4199710002719497,0.31620833333333337,0.1787775656685,0.33196754563894526,0.3935605222394337,0.30458239875358506,0.2957474226804122,0.2900170630385066,0.39753983466559484,0.4463599953271782,0.5522168118913378,0.321571699848339,0.05427251916839174,0.18398876404494385,0.506066907817347,0.5352727942563666,0.4277202072538859,0.43535147363237986,0.3619188315610783,0.43273542600896864,0.3064432694181732,0.0056559102761457375,0.002218582016174651,0.28416020075157455,0.44429286039108684,0.41261934412619333,0.35407507177682274,0.2927160335213014,0.0
0.36767170290292855,0.26467248737324306,0.5227758295520176,0.4884199691199178,0.39605189849444267,0.30449957044673537,0.33917947446703023,0.4177300402121572,0.20913182346109171,0.3685360559566181,0.585732432807187,0.4150976493977312,0.37805782060785775,0.049426955402263266,0.3605392400039687,0.8517970688126615,0.6924485125858124,0.8515422695091934,0.3985552537320609,0.01378222866697219,0.10847442372972169,0.3375000000000001,0.25042302316038345,0.31066937119675464,0.09681345430404961,0.29376599676880866,0.1463124504361617,0.1322058048776702,0.5312063257330981,0.690911456676199,0.5325474115838033,0.5558866468712902,0.024249422585425853,0.05212234706616728,0.401019022922008,0.4176222995632423,0.15181347150259072,0.803960942871238,0.4511584602700011,0.24663677130044842,0.572244047163601,0.0,0.0,0.3633970665803219,0.1923033196907685,0.34225819842258187,0.43417887794590865,0.4555305551031869,0.0
0.10743982650409672,0.3254375318115971,0.41080530374942487,0.2650540401441071,0.35309396787435754,0.20060137457044674,0.17848289538919188,0.3357326827667604,0.16957026713124274,0.4463118186527811,0.636364706364964,0.2979768448134722,0.2520385470719051,0.02799391796342151,0.3177894632404009,0.5874575743761445,0.18993135011441642,0.715129398202015,0.31248347316041253,0.05444270041043469,0.05891274261976961,0.31233333333333346,0.1009160403339326,0.19999999999999996,0.14195618499668075,0.3546917944871415,0.2549563838223631,0.599686330843699,0.3031870314621767,0.43215822630323764,0.4433623782675551,0.48862822961348806,0.7603926419104202,0.45880149812734083,0.45362196211936995,0.3617230151646824,0.26943005181347146,0.48547562594084925,0.37463976386705167,0.3776781265570504,0.37672799963654535,0.0,0.01717611891691272,0.4395902922442537,0.2605729877216917,0.49647156496471556,0.38456369146252156,0.4370072504653906,0.0
0.05000946677826998,0.20234133354214792,0.4214970156557515,0.22851260936695839,0.7100583126315578,0.20618556701030932,0.40753594447198815,0.26536334286911034,0.14024390243902438,0.64481005111354,0.6362321987564168,0.11694538650450242,0.34544106745737596,0.014578390075697521,0.26004563944835807,0.7168957991726652,0.25080091533180776,0.5916622319400083,0.6488377124450109,0.03399378831648557,0.6394228417676897,0.5416666666666669,0.3041052614025716,0.41886409736308317,0.22892232794866127,0.18197019985303245,0.163907613005551,0.39280523624132874,0.21645233332834118,0.2825412172320749,0.36923372629420814,0.468323584564835,0.0057736720746707475,0.27301810237203494,0.5133446616717904,0.3231428774352298,0.3683290155440414,0.559603816209709,0.4481343822196055,0.46499750871948176,0.3326397266882257,0.0019080178697971789,0.0024332834708563323,0.2735631598755942,0.1605275125056844,0.2789539227895392,0.4078597802077953,0.4463367478643845,0.0
0.10226011774104907,0.3517481696096472,0.40245458551683666,0.4688625836335564,0.5809494013042477,0.3311855670103093,0.29499256321269207,0.319186391951862,0.2549361207897793,0.5933927946818442,0.6165937018160266,0.48696058940474796,0.3071410921670374,0.02560506816213399,0.3109435459867051,0.736749544221678,0.3894736842105263,0.6885389752266244,0.2613283973172432,0.0618527964914009,0.052964525797088234,0.42877777777777787,0.016863566379904882,0.2675050709939148,0.2544810798849304,0.27583746642558904,0.39016653449643107,0.2917340832015365,0.18828628577419154,0.18629196398128206,0.4455834614727491,0.3962299835845967,0.6414550026844281,0.3397836038285476,0.5818535635205629,0.00811142913881846,0.22487046632124347,0.6414074909565581,0.2288714471188114,0.4010961634280019,0.9999999999999999,0.0,0.025907311725098383,0.5973624671215747,0.29164771865999684,0.3147917531479174,0.393827273508066,0.4418465171486075,0.0
0.1997888126233185,0.7379507458595983,0.38672250707843114,0.19248584662892443,0.8510948406551149,0.3354810996563575,0.3356470004957859,0.31807486185368516,0.5734610917537747,0.5220452376443149,0.16560199947846205,0.436440182434803,0.5578206078576725,0.5192094110580898,0.5630518900684591,0.5946339924377066,0.25537757437070946,0.7668283218204912,0.5749897834082551,0.027375152817924797,0.02545013150592019,0.631,0.1567323073869299,0.6472210953346855,0.5518920115069708,0.6491622967515379,0.5765265662172876,0.23213501951413223,0.17021946770373064,0.24630528912134797,0.6032803690415173,0.16756839856162292,0.13625866121861221,0.5699126092384522,0.30382041041301133,0.4579628564777452,0.672020725388601,0.4875517932851919,0.6354157926217298,0.8659691081215747,0.3536185089753488,0.0,0.0025048506224168926,0.15947817730551356,0.7862664847658026,0.7496886674968865,0.49015621002215937,0.3653722786537138,0.0
0.09774306375832187,0.41239575584354565,0.41655904625824874,0.28731343283582095,0.5488231316595472,0.27706185567010316,0.5473475458601885,0.2791151563753935,0.2436120789779327,0.6412383939304377,0.21607320869929003,0.08186177055315169,0.4311063750926613,0.019493585665863115,0.21599365016370678,0.3953609170511641,0.3157894736842105,0.6103768159783788,0.1423591913267146,0.05325472898973314,0.17894929711912988,0.17500000000000004,0.09232538993501337,0.1987018255578093,0.17751438371321093,0.1734415479066965,0.0975416336241078,0.4549362294262389,0.2176754362565304,0.18081103849664304,0.24192721681189142,0.6808911110540872,0.015588915434854378,0.23595505617977527,0.3871668553991366,0.19026147081613665,0.31191709844559584,0.39040731984312155,0.4223409091055091,0.32137518684603883,0.3494196903422703,0.011107389039582475,0.11579566552586429,0.4033182454039859,0.20418371987266928,0.05936073059360725,0.42115303023893436,0.46397064436888097,0.0
0.3134755147539195,0.6010727849340276,0.3797315117497161,0.7783496311545722,0.21260674245183608,0.1819873997709049,0.35481738555610637,0.4272390614842402,0.13356562137049946,0.47959828216730577,0.602206954489628,0.4935095310490002,0.3970842599456388,0.14179444117427048,0.18097033435856735,0.6918076031077487,0.5261632341723874,0.5359993334038085,0.30306016971561817,0.4956557281722003,0.08692910015893204,0.19166666666666668,0.434686221265828,0.33284651791751185,0.2308585970347423,0.4969782164393435,0.32143801215966156,0.4487133608780494,0.20673748605690867,0.4114427622075093,0.4305484366991287,0.5389274428168381,0.11431871233432353,0.27403245942571786,0.4382661284634538,0.6457466373321266,0.5706390328151985,0.4637170710949821,0.21597665689567858,0.3120744062448098,0.34621740024226655,0.0,0.0014313431901098479,0.35919504983175266,0.30316810671517336,0.2998477929984779,0.3050128995015545,0.767959397685644,0.0
0.48323937565451214,0.40436944520574764,0.428882851513893,0.33710756562017513,0.5839211053208524,0.2955326460481099,0.3812592959841348,0.4387493806139332,0.3025551684088269,0.43605106364400603,0.612453161830142,0.35878844579581326,0.30244625648628626,0.05159513390502083,0.4267288421470384,0.8466386278282028,0.2810068649885584,0.8207726600946335,0.06266977571576242,0.0760804105256381,0.26253408253046195,0.6056666666666669,0.11826427241702563,0.4800811359026369,0.28236335472449675,0.16678055098112107,0.2831086439333861,0.44974107196012425,0.4663475081358452,0.3586443403295858,0.5115325474115838,0.2657186283098874,0.02598152529745301,0.37890137328339574,0.30620493296353046,0.16917445115288093,0.5113989637305699,0.5632261056322831,0.2652760484435404,0.3756851021425013,0.3453142377049544,0.000545147951992254,0.0,0.34719393141820554,0.5970895861755343,0.5338314653383147,0.46803640371686583,0.4725355195591891,0.0
0.4133811707442054,0.30319877843467363,0.3484189051299842,0.36215474352376054,0.5227047320896048,0.5068370561282933,0.3769211700545364,0.3146169664319046,0.26638114595431656,0.4197016950379315,0.5316170556122193,0.18820410868124585,0.3123301210773413,0.033627490741519175,0.2680821510070444,0.7905987523456002,0.4807017543859649,0.3098263932506807,0.5551816149426669,0.07601499099617673,0.1823056227187605,0.19088888888888889,0.13904130945601745,0.1872346179851251,0.23921221509183452,0.41826728506763056,0.266950832672482,0.43346027799486986,0.3988677727176105,0.38122109760024003,0.3992824192721681,0.49614125453493446,0.08833718960069624,0.15686121514773202,0.46609219364514387,0.7422759776575438,0.4473661485319516,0.33046491822272606,0.2668638632779153,0.4103554226872613,0.3525393342950513,0.0020443048388830974,0.00679888051054371,0.26784995183503363,0.27952099439139,0.2674692126746921,0.23060505355436722,0.38992199613579337,0.0
0.11395649564108441,0.1212168669981598,0.4076980318458915,0.27637673700463206,0.5372563654344439,0.15753865979381443,0.24374070401586512,0.34723255302931477,0.14891840882694538,0.2961910403938257,0.5328500672066809,0.28411881651268855,0.15863602668643445,0.027971548096421883,0.2855317987895625,0.6036710120477309,0.23432494279176203,0.7336559872270719,0.29128104040962527,0.04970792299735478,0.05975226095848616,0.40575000000000006,0.11600834513891208,0.3087221095334686,0.19938039389245416,0.3358218888215272,0.27597145122918304,0.31014083052924313,0.2921442660013894,0.37717639997074737,0.45758585340850844,0.4021621093792594,0.9128175369945695,0.5125234082397004,0.4260941964986703,0.3468156349593907,0.26360103626943,0.6998395122567418,0.3877948379807546,0.5216741405082211,0.3796002208363769,0.0,0.017032984295994327,0.5333769653074703,0.40518417462482936,0.4388750518887504,0.37826124490930424,0.4527748637899031,0.0
0.30617841662231027,0.28471868760032887,0.5033734317870608,0.4143077714873908,0.6080701666062612,0.3616838487972509,0.32672285572632626,0.23291822996381806,0.21051103368176535,0.41828967333048145,0.6287368453237856,0.7942930651385802,0.3443291326908822,0.016881733834036065,0.3892251215398354,0.8589297035928223,0.3487414187643021,0.6527396478520993,0.14084473184451554,0.05413643309705731,0.2939419591042256,0.42200000000000015,0.1192397183711603,0.6098985801217038,0.09083868112414256,0.21910332204561764,0.20420301348136394,0.5053331207481965,0.6176265383581152,0.46119805641007616,0.3336750384418248,0.38945382000159784,0.020207852581825832,0.27122347066167296,0.5524434705842706,0.30329987055671287,0.39170984455958546,0.26937192318773123,0.31681044365601824,0.5062282012954658,0.5457624295104611,0.0001362869879980635,0.0,0.28420986067835186,0.24693042291950887,0.23453715234537154,0.4956328619441853,0.41903042989316674,0.0
0.2205222389492197,0.08363024157237384,0.3502232020232643,0.3129181677817808,0.10580254095885211,0.24871134020618557,0.9286068418443233,0.5413168621242832,0.20005807200929154,0.5241940719427608,0.3924496673110863,0.7222547070518068,0.1764269829503336,0.08558299903266775,0.2311737275523366,0.2429686962691759,0.14782608695652177,0.7697980155763732,0.24902040914445067,0.06867278952289846,0.06129931232435216,0.4323333333333334,0.0362519503741858,0.47553752535496974,0.3105775614073912,0.3405348224646033,0.35884218873909585,0.2585850284039375,0.40061505126493174,0.3853688917339493,0.3900563813429011,0.48636084128266455,0.031177830869708757,0.102059925093633,0.589075006508443,0.5918995490445156,0.4155440414507772,0.38618441236855156,0.28125234450203246,0.1873442949676134,0.2620713005111108,0.0,0.002218582016174651,0.5034812477710985,0.23692587539790824,0.3383146533831464,0.46587426592275294,0.5593310549710929,0.0
0.4226513643721983,0.26498570925179127,0.2363599409484008,0.3552925030022303,0.6432993195332514,0.2021406071019473,0.1704263758056519,0.3240965100056371,0.3322686798296554,0.45353595311864064,0.800068580991329,0.49818734650918006,0.3595255744996293,0.032343549820806644,0.38753844627443196,0.6369241324051529,0.41510297482837527,0.32698731242007195,0.3946008317507633,0.1760407524747467,0.043939673864602964,0.3423611111111112,0.17285940644236086,0.29498309668695066,0.2690860809913698,0.5806659144600946,0.3918517049960348,0.4316274493259345,0.42109309704606085,0.6369096882221147,0.5359217495301556,0.3564197627249322,0.37413396018120215,0.42449542238868077,0.5245809790279395,0.49668561879402423,0.2938255613126079,0.4451716924255091,0.16710902344322298,0.13016940707523666,0.49552656686217533,0.0001362869879980635,0.004150895426107059,0.5838045343926705,0.2574276186145218,0.2114985471149854,0.39147370650487595,0.6062586640822215,0.0
0.6351155813686354,0.23616929642535534,0.5944538010470352,0.36644364384971706,0.5038572061213373,0.13917525773195877,0.593455627169063,0.4063767938901014,0.2921022067363531,0.26986996001387514,0.5552334760117775,0.45655478891357726,0.62824314306894,0.044540330630310966,0.41006052187717035,0.7460003126840355,0.4022883295194509,0.8784976707745878,0.0678622082261593,0.08190392950563438,0.3410491265248128,0.48833333333333334,0.1578996489201231,0.2791886409736309,0.14295198052666522,0.11771634526584504,0.18675654242664547,0.6163761501328623,0.4193807767817889,0.2951538469574896,0.41312147616606865,0.2718208333503147,0.08718245275012766,0.3039950062421972,0.5381301006235132,0.14601254124000973,0.4575129533678756,0.3468327603724005,0.26190722873199995,0.23966118584952667,0.27352747279756606,0.0031346005915704445,0.0,0.3787808939347064,0.4283765347885403,0.0917393109173931,0.4178177941978594,0.5020305606265002,0.0
0.3390401999117676,0.27469558748678596,0.31519180760793647,0.2784354091610912,0.1904359635930381,0.0811855670103093,0.22607833415964307,0.29150309539459435,0.2598722415795586,0.46107087435035576,0.5430384094146017,0.6796865863641678,0.3324684951816161,0.03154622876159831,0.282666931243179,0.8143865097884762,0.38627002288329526,0.33362538747011955,0.44344815981153407,0.040528618327575684,0.12047918840840666,0.48366666666666686,0.11705649430532904,0.46969574036511164,0.2820314228811685,0.4003315708038,0.3306899286280729,0.5002453983620188,0.3869863262662119,0.4400728181389062,0.3372629420809842,0.5662018793278644,0.017898384008340103,0.19975031210986272,0.4185477937235125,0.5861586629341069,0.47668393782383417,0.3647048950231577,0.27442246197271525,0.6686596910812157,0.6476993076687265,0.0034753181655824013,0.0013597760385492873,0.2912120737814301,0.26193724420191,0.195101701951017,0.29330051605581325,0.41261005268793244,0.0
0.6789919783666926,0.400610782663169,0.5030833567197935,0.3418039114770973,0.3352677361680302,0.15549828178694158,0.12543381259295985,0.4894614706439635,0.3013937282229965,0.471494188098693,0.5856735125585711,0.4224067360542627,0.5099147516679021,0.07244196214175011,0.31272943744419096,0.9892471643278629,0.49279176201372993,0.9340914956901493,0.5622971706050626,0.012184428692211612,0.16931008936049086,0.45700000000000024,0.10573141195169232,0.4502231237322515,0.46127461827838034,0.1068701041859825,0.38659793814432974,0.25763290797842786,0.6451635751693063,0.4979306617836312,1.0000000000000002,0.01796075784221335,0.02655889115891158,0.23501872659176035,0.47226385327283643,0.2189859606068511,0.5658031088082901,0.3415890541994465,0.34451257053564,0.5794718485301444,0.4964747461630673,0.015741146593692343,0.0,0.3444507596892709,0.518417462482947,0.7555002075550019,0.42949294070579563,0.4355713895981169,0.0
0.5244836701942928,0.3107161035198309,0.4996425087076112,0.5666495110653631,0.3103413713808763,0.3801546391752578,0.30540406544372833,0.48846007840143923,0.19134727061556325,0.3814976903422343,0.5545450715951006,0.29002455853116593,0.5374351371386211,0.06197092927632273,0.40410755035221746,0.7993925210638926,0.6077803203661327,0.9733361809398222,0.37998509579557205,0.029008395062671916,0.2536120502440504,0.5183333333333334,0.16966953363729692,0.2366734279918864,0.5356273511838905,0.17578190959902204,0.19984139571768422,0.3730530786529151,0.7161378676821837,0.573909888621584,0.31163505894413124,0.6865649926947651,0.0023094688939639422,0.250936329588015,0.578752982533262,0.4470255735913799,0.3471502590673574,0.4303800621434002,0.3474276101489341,0.4534130543099153,0.38202270806661076,0.0,0.0002862686459669014,0.3807302340199063,0.08367439745338798,0.04441677044416767,0.41847407909294004,0.441600948050983,0.0
0.19672976677428441,0.4106338827767121,0.41849306057054436,0.4225424601132271,0.41923352214243076,0.22250859106529214,0.3406048587010412,0.2718902744498487,0.21660859465737514,0.16858922136323806,0.9227477239216705,0.40463103730557837,0.15826538176426988,0.030160642983855755,0.3183847603928962,0.652436943618784,0.2686498855835241,0.8710117063054863,0.31767590567080944,0.07019149090990737,0.19153301565002104,0.26266666666666677,0.06849913534665594,0.2572819472616633,0.2724053994246516,0.15423383363432044,0.19230769230769224,0.5380978679652694,0.6294380682434151,0.3070324542666566,0.46027678113787807,0.15997118688007206,0.0,0.1860174781523097,0.6210770868539015,0.12946071144815768,0.4367875647668394,0.5524994859706409,0.3188264300828541,0.33283507722969613,0.33018782630234167,0.028006975626990928,0.0,1.0,0.23647112323783545,0.4229970942299709,0.40866097040283944,0.45746046408793645,0.0
0.20369247617768627,0.2068438980462785,0.4243373476476879,0.3263424258020244,0.4411633671551357,0.14160939289805272,0.21467526028755574,0.2724251630021946,0.39179248935346495,0.5950792297202004,0.3724022944691874,0.2278096129107707,0.2625710402767482,0.026982410372971832,0.22819724178986014,0.6604409220721481,0.396414950419527,0.7423293243747564,0.39825476573956103,0.11530831265968941,0.11557367640100297,0.4312222222222223,0.09573660523747889,0.32635564570655856,0.4312624474441249,0.002046865667762854,0.3169442241607188,0.33045082164161066,0.25300532982722945,0.026855713331883357,0.2532034853921066,0.6293512560797567,0.0,0.2053682896379526,0.5657325076897415,0.15048410252637268,0.39792746113989624,0.3739427846498402,0.30290918010943507,0.34163760172728774,0.37518524716039814,0.007018779967004922,0.4421419402014751,0.410594852167352,0.2634530847354858,0.19524007195240062,0.41345531082972325,0.45034482080438204,0.0
0.4286370959545941,0.25042089189929917,0.43348118127668855,0.555712815234174,0.5459113552140491,0.5781786941580757,0.37630143777887953,0.2665560428254253,0.09233449477351915,0.37504378032986374,0.5056672860033488,0.2886212138931119,0.4058098591549296,0.03043235817344407,0.2273042960611172,0.7080908497451739,0.448741418764302,0.09318732170997335,0.17921103872689248,0.038094114379583245,0.45510401852175664,0.3873333333333335,0.20709889079263294,0.3960243407707912,0.3250580880725825,0.43869201653132817,0.4028548770816811,0.4517988807636686,0.1512790103596091,0.2917006601785359,0.44848795489492577,0.1837157308587709,0.10739030148621491,0.1635455680399501,0.5958334779452766,0.5253073644842883,0.4170984455958548,0.23003306144185098,0.24863495907388733,0.38216243148978585,0.427767980015064,0.016286294470036017,0.008301790852214119,0.1540324383393184,0.1437016825829923,0.24948111249481103,0.33554997731256136,0.4243010817762603,0.0
0.3567291788254645,0.31259543479112023,0.3391007874563893,0.6155429747812663,0.14925410146012924,0.32903780068728533,0.5547843331680714,0.40038976291992995,0.31126596980255516,0.4665683463969539,0.606578982283237,0.18103145830896974,0.533358042994811,0.04639392051518604,0.4276217878757815,0.8294641189432033,0.5867276887871855,0.8487730179617727,0.04853482054857089,0.05438771494166501,0.1885914840060113,0.2296666666666667,0.16494939196942254,0.33281947261663286,0.39190086302279276,0.09470526152106298,0.1931007137192703,0.39098265103547586,0.5223301793149377,0.41922571723539903,0.2829318298308561,0.16029082984289317,0.0017321015903534027,0.2047440699126093,0.5315199738224289,0.23721814262261487,0.35854922279792745,0.4408952842176186,0.35634798651688115,0.29895366218236163,0.36805327772486623,0.0001362869879980635,0.0,1.0,0.2569349704411096,0.13989207139892063,0.41556943336597907,0.45231718858127584,0.0
0.6476022733677207,0.24302102501859751,0.3785034909650995,0.3760293360782296,0.3668368302798196,0.15549828178694158,0.24640555280118992,0.4289133437804661,0.16260162601626013,0.2967855732001458,0.4420956687910631,0.21471172962226645,0.39510748702742776,0.05152702664751601,0.13056850878063303,0.7255504197369771,0.3562356979405034,0.6867310053835666,0.4275823938075435,0.03951054402277281,0.18405629749999652,0.3196666666666668,0.2851058741949048,0.36941176470588244,0.45546581102013733,0.4711732918828939,0.30253766851704983,0.6137825702398247,0.25684931085107887,0.44105306596941574,0.5017939518195798,0.46449858622676676,0.10450346448744488,0.20786516853932585,0.5635327134987375,0.36303794925767385,0.2860103626943006,0.7891486347618839,0.3621265863048538,0.6557050323866467,0.4218549336811621,0.014514563569324757,0.016245745787726796,0.34799863885104904,0.3296953160527514,0.4748858447488584,0.43072327523793136,0.4470009341158069,0.0
0.19520833459284848,0.47766336478603033,0.42864008821465743,0.32527020072053536,0.3933587489644349,0.35953608247422664,0.24706660056189056,0.043389372090885794,0.5725900116144019,0.4885226277594923,0.11725449341063593,0.3385179121350328,0.6252779836916236,0.48781130311085824,0.5772398055362636,0.09350631456389785,0.31853546910755154,0.6942225508010023,0.5464314046010723,0.0,0.0,0.48766666666666686,0.39951732565628456,0.4014334009465856,0.40053109094932526,0.746308905698611,0.3802537668517049,0.35426584321496596,0.0188356122889647,0.33182998906825645,0.2219374679651461,0.37697278073913376,0.023672056723967282,0.5568039950062423,0.29987715713533014,0.6335209053475583,0.5284974093264247,0.2971978502297641,0.6047794033477847,0.5401096163428002,0.3594500883417078,0.0,0.0,0.3806719081833451,0.33105957253296947,0.42105991421059896,0.5319966471865033,0.4404104895599822,0.0
0.6649124378882357,0.3652167103872206,0.4742194705324788,0.44055584148224397,0.14720848902290257,0.19888316151202745,0.26109320773425876,0.41244792549821807,0.24546312427409983,0.291797819484018,0.5266622258111033,0.3254590106420301,0.6586360266864344,0.06134882164097056,0.2214629427522572,0.9195367578498914,0.6256292906178489,0.8845030715022663,0.4856366739585087,0.024417668147063774,0.2564165022671985,0.32904166666666673,0.1185212073664126,0.3551318458417851,0.26543483071476004,0.0476601600809933,0.3894230769230767,0.39592773150277266,0.7167668784251422,0.39664250159322323,0.580920041004613,0.26730033876587894,0.0,0.24024656679151066,0.1648499110669403,0.1562093832290689,0.2826424870466321,0.6761489815737498,0.2160001659851058,0.26575734927752864,0.36193949447096185,0.011448106613594432,0.0,0.4060679309090367,0.4374147339699863,0.5038916562889164,0.4065688386379688,0.4415646002493753,0.0
0.6904592152482063,0.18190360596687677,0.42532835315650724,0.30622748327328875,0.373995344215054,0.15936426116838487,0.3455627169062965,0.454749059757257,0.1997677119628339,0.4410780363968272,0.4706186365534003,0.13565664834522276,0.41910674573758344,0.05626206783397488,0.1650957436253597,0.7652345149056705,0.5232265446224256,0.6772531929459902,0.4730161782735162,0.0398025796363475,0.18058021094502025,0.5543333333333336,0.1991588613268132,0.35707910750507105,0.5684471121929632,0.5423047644266243,0.5408406026962724,0.442867863997111,0.23871261593984094,0.5114929570508796,0.5345976422347515,0.17631926186795194,0.15069284621246232,0.21941323345817734,0.3241708729169521,0.31522573392249464,0.2709844559585492,0.5327382989066081,0.3475727760425321,0.208769307424016,0.3206317619645686,0.003747892103754238,0.009947835179208374,0.1545148465111732,0.27029331514324684,0.3916562889165628,0.43651464345298674,0.4031728699830322,0.0
0.1719543427369711,0.2850319094788771,0.44077002072953547,0.37467833247555343,0.4886201764108624,0.2512886597938145,0.14873574615765994,0.2624778627237286,0.29616724738675954,0.5839365956811959,0.514523943112679,0.33306046076482265,0.37768717568569316,0.024082115404107686,0.26510566524456797,0.7734502691450384,0.402745995423341,0.6542735595247002,0.13449842544291932,0.05128256870977458,0.1625455417472465,0.49400000000000005,0.136728832939767,0.535578093306288,0.12403186545695957,0.04120101723846312,0.24345757335448043,0.38337716315945913,0.4906695746661454,0.23564503460452446,0.28190671450538185,0.5139224876226507,0.0,0.32365792759051176,0.2516437319120294,0.21878700015819597,0.35803108808290157,0.39185688536111585,0.3326307487053155,0.34180368709516695,0.9999999999999999,0.0004770044674492947,0.1341168563253678,1.0,0.1864483856298317,0.19759236197592356,0.390918992407184,0.4612526169941588,0.0
0.3644042174497193,0.2150659723581692,0.34161027514103814,0.25714101904271747,0.808433241828282,0.30326460481099665,0.08527516113039169,0.32502229662414994,0.059523809523809514,0.41163313483776165,0.6232084515475325,0.29189568471523797,0.29684025203854714,0.0397798879051426,0.2674868538545491,0.3774582997129095,0.15640732265446222,0.5823875145383526,0.2969061756292219,0.06024870018214414,0.10226512603830129,0.466,0.08972536441607225,0.38012170385395544,0.4113188758574907,0.31304679452112416,0.25059476605868347,0.6510534397974695,0.48972601882638617,0.33356558143864024,0.36596617119425934,0.40166691478666317,0.0,0.30149812734082393,0.39230615960791954,0.6026818318137552,0.6683937823834197,0.38756271154524485,0.13266713585524176,0.2859990034877928,0.631491201369694,0.03502575498880721,0.00035783579752746196,0.3607827116912009,0.6134606639381537,0.33997509339975096,0.2964828265702498,0.42636321122639464,0.0
0.14793100860413816,0.34172506949610426,0.4063518487305621,0.2458397666838223,0.3313803583425113,0.08032646048109965,0.28044951247727645,0.3044040058301918,0.08265582655826557,0.894658095985716,0.5451066221660348,0.41804077495809466,0.15196441808747224,0.02961934982572849,0.3319773787082052,0.6463204379981757,0.3723874904652934,0.791201656760108,0.31017572537801386,0.07475521396631474,0.12856061993950693,0.09855555555555554,0.21235010985347963,0.10523326572008113,0.15733569373755257,0.28859085061270684,0.2849590272270683,0.4773648818524462,0.4994758442435288,0.5784719682931948,0.33589612164701865,0.7139180112492709,0.06928406745987468,0.21410736579275905,0.6593034228604933,0.4012242119362602,0.44386873920552666,0.2820281900259804,0.5800502031137489,0.42102640757349263,0.30216113972652286,0.010971102978279518,0.0013597760385492873,0.3864030388797988,0.2155525238744884,0.2021585720215856,0.42426517211864395,0.4669106337404865,0.0
0.4197775782737668,0.3918405700638188,0.34831516480296804,0.7457539886773034,0.14004691953119708,0.5040807560137457,0.28061477441745164,0.1998067894030881,0.2746806039488966,0.3786721128369802,0.5751360577988116,0.5767746462402058,0.5081541882876205,0.023332049721381254,0.21443099513840663,0.8098356792778805,0.8521739130434784,0.36536450163911843,0.1476597995144114,0.1009648753559993,0.34458515314002675,0.38212500000000005,0.33545351489691044,0.6238539553752537,0.49181234786457206,0.33855731919371845,0.36082474226804107,0.5947333335785336,0.29221414284216646,0.4080630868926399,0.4843669912865197,0.3872015139633105,0.121824486480065,0.12016229712858924,0.6137817065951758,0.4814412773777584,0.3968911917098445,0.3904938352513132,0.27569560491149164,0.38315894369706033,0.15456782612105618,0.02780254532465921,0.007228283102109799,0.20625305893314277,0.516200545702592,0.2816002490660024,0.38906212231564896,0.5255106620893171,0.0
0.2690066848233591,0.4172115422262246,0.41707875500380626,0.525990735975296,0.36138704211602257,0.3994845360824742,0.4318294496777392,0.21319079004356972,0.30574912891986067,0.3520460713550668,0.6119172403639032,0.4004210033914163,0.5819125277983692,0.37136937679443727,0.1793828752852466,0.6699991130597074,0.5739130434782609,0.6004559938684362,0.1203634702757278,0.39204536380054805,0.14132179520937213,0.23466666666666672,0.3967910223317796,0.17533468559837734,0.26576676255808823,0.5260840820858715,0.2494052339413163,0.5948934277531265,0.23137405795868815,0.4746917314799073,0.5453613531522297,0.4081541046618203,0.008660508432484336,0.2749687890137329,0.4602823176250721,0.7677617503705263,0.5005181347150259,0.4281627688943547,0.27005211131373424,0.4608868958644744,0.3514635794940171,0.014582707810353517,0.005367536843737952,0.49035798841773115,0.4570259208731242,0.27563304275633027,0.7139870232684493,0.8317084945299325,0.0
0.10864116933393049,0.3041384440703183,0.4177906197471298,0.2557900154400412,0.4400847129721893,0.21091065292096217,0.41001487357461586,0.21263139337602455,0.1437282229965157,0.5893715076486323,0.09153537559927516,0.4532803180914513,0.09488510007412901,0.7659488892552051,0.15110626054172044,0.49147936003499665,0.17025171624713958,0.5871933545971397,0.5810476213370515,0.46370016323270796,0.08386080660820694,0.09533333333333335,0.1912835717011107,0.2055172413793104,0.11872095596370885,0.4978434797662469,0.15979381443298957,0.4508687030788455,0.20674835093237914,0.13646619754828815,0.3511019989748847,0.4310236292668123,0.0,0.10112359550561802,0.41792182626758584,0.413903792695452,0.15181347150259067,0.6940794562095298,0.6243279875531947,0.21973094170403584,0.4662017506700844,0.9101682381817988,0.7528579788492032,0.7514641667303918,0.23874488403819907,0.12785388127853875,0.4492750494014063,0.510267011285606,0.0
0.40014570357402685,0.423475979797189,1.0,0.2557900154400413,0.4029272750522032,0.16280068728522334,0.2999504214179475,0.7011647784383294,0.1890243902439024,0.30764610754702076,0.5995803183816174,0.43971465325692916,0.25574499629355085,0.2678875245194378,0.15229685484671102,0.6938216340521934,0.540045766590389,0.6467674029986131,0.56720113464266,0.2421636764956514,0.08223931675799012,0.38966666666666666,0.3829152543150155,0.4161460446247465,0.3600354060632885,0.5576006461114899,0.19389373513084845,0.4675812848294806,0.4822826455840677,0.6466751258670126,0.4495130702203999,0.40341947263089617,0.0057736720746707475,0.19007490636704127,0.4017830384486486,0.5796245869284276,0.37253886010362697,0.5086520014822628,0.18712494647752584,0.38764324862979566,0.48920120338953293,0.000272573975996127,0.0,0.25145552815097594,0.15779899954524793,0.1859692818596928,0.5639518928184726,0.6820202063388086,0.0
0.4487486990701154,0.39841822951333156,0.3375830322281166,0.32739320638188374,0.5583804068386059,0.3800472508591065,0.4146628656420426,0.4138625576935553,0.19058507549361206,0.6307359769975303,0.49060045225645055,0.15764238100806924,0.38991845811712383,0.043108478532105324,0.2607897608889771,0.7600802079649494,0.5016018306636156,0.6950243017586516,0.11005072237313399,0.05097101115285954,0.08515961714805878,0.18366666666666673,0.04044573483207027,0.12827586206896555,0.18776277937596816,0.22583268360131956,0.28548770816812036,0.35694611582014946,0.4549552790205293,0.45770559703370794,0.24961558175294726,0.7040413173868496,0.01732101686496867,0.26841448189762795,0.247737991185856,0.3026910216649637,0.6347150259067356,0.2285150387300678,0.13110359552250803,0.19431988041853515,0.5212773078590159,0.0,0.0012166417354281661,0.26557199184347535,0.20225102319236013,0.3694997924449978,0.437020455289766,0.463441162731024,0.0
0.14606338197874405,0.24859376427443458,0.40926594730714416,0.33041688111168316,0.37351970830725434,0.41623711340206193,0.4695091720376797,0.07965248405861523,0.5174216027874563,0.30931935366669705,0.4940505914264618,0.41024441585779436,0.62824314306894,0.2726443679407464,0.4323841650957436,0.6867962964981267,0.42654462242562924,0.7971565608098414,0.4469097814851319,0.2094744492461185,0.24231706286912422,0.4490000000000001,0.509583068870966,0.46352941176470586,0.31456074352732916,0.8124817357328833,0.45955590800951596,0.3973307643392413,0.2546477732507243,0.4623297910431884,0.4838544336237828,0.3964770430561858,0.01674364972159724,0.43882646691635463,0.354413027325466,0.6677770531897231,0.510880829015544,0.20806270955955058,0.47197614166391405,0.49925261584454417,0.6997176997210837,0.0,7.156716149172535e-05,0.5543976241900958,0.5793542519326967,0.4229970942299708,0.26622878713663534,0.283850104189203,0.0
0.25670533136918694,0.16726048314474765,0.9056369774161641,0.37467833247555343,0.5739161044471661,0.6194158075601375,0.2459097669806644,0.445000861367866,0.2767131242740999,0.3992941683423021,0.5911054440896603,0.5295287100923869,0.312083024462565,0.3270285333878183,0.29487052286933235,0.5460256243063732,0.21967963386727685,0.6366704457816089,0.4278708622803434,0.3072376585853973,0.06113975021568765,0.28933333333333344,0.4370760178910635,0.3077484787018256,0.3729807479530871,0.6555414304390299,0.3223632038065025,0.6421097670488009,0.41868184947273185,0.770136110179818,0.2860071758072785,0.7878725957199109,0.0,0.3096129837702871,0.6666989974049257,0.7030405148003012,0.4533678756476684,0.556867731760327,0.19107217726465758,0.24314897857498752,0.2834473298723662,0.0016354437803281815,0.0,0.5295016525104004,0.27512505684402,0.28767123287671226,0.48369003750001494,0.7776484528743035,0.0
0.6674905304281136,0.33076230374691673,0.5087841924339194,0.3055412592211356,0.7389201170275643,0.3492268041237113,0.46310527185589145,0.33820643082430246,0.23098141695702662,0.4983199329895458,0.6068177154157658,0.33037071687521924,0.3506300963676799,0.041642534102955236,0.28405595793233457,0.8568583597692905,0.32509534706331045,0.25395756093866445,0.30998341306281413,0.0778480509351166,0.39685117763375377,0.21791666666666668,0.42589573257294117,0.25311697092630153,0.1821199380393893,0.31403498271181285,0.2785157282579961,0.4855244294562811,0.30088061901267404,0.40098547151335784,0.4235007688364941,0.4572209085880247,0.12240184977769784,0.16414377861007082,0.4757678963000302,0.5948641005279285,0.36001727115716753,0.37509506147325317,0.18163285141567978,0.5074323202125892,0.31496260146744803,0.01948903869744658,0.00823022354175492,0.4351639098454607,0.3413672881612855,0.2461602324616023,0.41689898995157065,0.4138319984639997,0.0
0.4275956357349906,0.2759484750009788,0.6545907815151868,0.31928718476582607,0.41517413985368606,0.24436211340206182,0.435485870104115,0.3882848777650056,0.21472125435540065,0.3980280221675805,0.6990483841206026,0.7716056601567067,0.3198665678280208,0.027060072771667193,0.4467457088996925,0.7647410604122846,0.4030892448512586,0.6824389700954412,0.16028029519940384,0.034473159955906336,0.41164711735405307,0.38733333333333353,0.1240481284936681,0.25387423935091286,0.45596370878512954,0.5061441478790806,0.3707375099127675,0.5285987145052269,0.09288509160718761,0.16008341746628585,0.4254228600717581,0.6254255278670735,0.24307159940719428,0.2556179775280899,0.49519824896144243,0.22676432138694608,0.48860103626943024,0.11805616944943415,0.17419960537259782,0.5445939212755357,0.2974287281729504,0.011993254489938106,0.007872387625053481,0.3126461110651751,0.2901887221464301,0.3716791199667911,0.4034353796582972,0.33819235403002057,0.0
0.07051965449583003,0.435378411182021,0.4235705289617632,0.2918167781780752,0.2620097854533646,0.45274914089347085,0.36886465047099665,0.13761366680390186,0.4875145180023228,0.5072955042498597,0.4280660331451396,0.4102444158577945,0.6334321719792438,0.8945872695626199,0.5255481694612562,0.6085446737920042,0.43524027459954245,0.6051901182048433,0.46479482679872125,0.37242128097246147,0.36307274913492443,0.6310000000000001,0.5093386109041671,0.5410953346855983,0.5342996238105779,0.7058015476442251,0.5622521808088816,0.2838651027976913,0.19111685398016542,0.47113639795725504,0.5766273705791902,0.22207158743028432,0.0057736720746707475,0.5274656679151062,0.3163054000057185,0.6613372896045102,0.6227979274611398,0.37966666526883397,0.8342454800802771,0.7787742899850524,0.2949245057566784,0.0021124483234260566,0.0,0.4033182454039859,0.36380172805820843,0.7376504773765046,0.5151832693784075,0.5789343858315574,0.0
0.18151005829432323,0.5576393511086748,0.41351373492499816,0.41121976325270215,0.32587645158438183,0.2006013745704467,0.3807635101636094,0.29610306048964397,0.20934959349593496,0.8031108920698966,0.298647572768257,0.21190504034615834,0.6653076352853968,0.030916225879069795,0.3249330290703444,0.6500588349588268,0.5162471395881008,0.7218548020438699,0.32546455443640476,0.07921936708185234,0.1032015057666067,0.38066666666666676,0.10174914746600978,0.2516024340770791,0.2641071033414474,0.2691456208997436,0.12926249008723223,0.48456827015390525,0.2448979676962424,0.2365163449036325,0.4797539723218863,0.3076051453197759,0.06928406745987468,0.19475655430711616,0.5418703631344195,0.379954075223029,0.31450777202072533,0.8559000308900873,0.34161765032911157,0.21275535625311415,0.37672799963654535,0.0004088609450820454,0.000858805898176045,0.7455447194320728,0.38653933606184643,0.3063511830635117,0.3934423860440022,0.42452093336617597,0.0
0.11659414414436356,0.38870835127833675,0.41847783469512534,0.3829130211013897,0.3663758585989254,0.16580756013745712,0.3862171541893902,0.27895213705800265,0.4939024390243901,0.5683268087276399,0.49571145839436836,0.45655478891357726,0.554855448480356,0.5528854440239763,0.2978470086318088,0.678905628425384,0.42425629290617844,0.7084987381979925,0.2210389672828674,0.07948051617534413,0.03690841979545514,0.47533333333333333,0.18591898561966302,0.7124543610547668,0.5037618942243861,0.5128418156673819,0.29936558287073745,0.3637528989389162,0.17318982931658028,0.25914856818853127,0.5115325474115839,0.30375069080306966,0.5612009402718032,0.4818976279650438,0.23807407406359865,0.0328265531010036,0.25181347150259076,0.37415345405597034,0.5362267673644798,0.5984055804683607,0.34629103473444384,0.0,0.0037930595094056193,0.34101833542957777,0.5084129149613461,0.6957243669572434,0.5865086699418294,0.4147112638314685,0.0
0.25301002146156454,0.26704775328556696,0.4794151114731188,0.5286927431806485,0.15325729706582586,0.41763316151202745,0.3422161626177491,0.26147373083921066,0.28611353077816487,0.22042182042514816,0.6118475971863895,0.4138697228394339,0.43597108969607123,0.03240042484213249,0.2813647187220955,0.6346083162678755,0.5384439359267734,0.7916083759673453,0.3210654102262074,0.0819520707218272,0.1250250898456667,0.2970000000000001,0.23633617930242007,0.21395537525354968,0.33016154016375326,0.3059781922699112,0.24623314829500387,0.21028659799302407,0.48864270930507264,0.6754368186061884,0.5781650435674014,0.4391172122774761,0.09930716404284058,0.235330836454432,0.5211155170923214,0.46494469548902734,0.4015544041450777,0.624608193887704,0.40438289521844395,0.5072247135027405,0.36670858301052633,0.0003407174605390862,0.0004294029490880225,0.3374929313411085,0.28939290586630284,0.2409194686591946,0.42678875569670427,0.46672363333177924,0.0
0.582307892235858,0.2803335813006539,0.5360021989570342,0.5134671470235032,0.276720327246605,0.3581042382588773,0.514460419765328,0.30016580090351586,0.40689121176926046,0.327885704254701,0.6338925786547541,0.6319728686703309,0.3783049172226341,0.03973289484351785,0.18573271157852964,0.7777067369504214,0.4727688787185354,0.8256078421412354,0.6359527873266184,0.03680368700122487,0.22162491197482895,0.5858055555555555,0.4143970363117532,0.6249357674104126,0.5835361805709229,0.07524042862604077,0.23549431667988358,0.5410725072795391,0.35480150627296597,0.24106735986521,0.39509653169314884,0.3726847100237919,0.004041570644556452,0.3496670828131502,0.4171932934820708,0.1826799285659912,0.3086355785837651,0.6138516807904376,0.2798712784410948,0.32025411061285497,0.2944499938858104,0.011175533280611235,0.0,0.39482535532655055,0.6269516446869785,0.9532309395323094,0.32008730380343486,0.417543609019891,0.0
0.11696592435453922,0.41167795570520593,0.4268311425187174,0.3427689140504376,0.7553821792958711,0.0893470790378007,0.17848289538919188,0.270420084863384,0.20993031358885014,0.6593688271012927,0.6051678716618589,0.28066892761080575,0.5674573758339512,0.02294437416395135,0.320170651850382,0.7098078872293001,0.5244851258581236,0.6311209238555288,0.4094088800211545,0.05407879778308707,0.5166824006842183,0.12433333333333338,0.12251201362742649,0.1289249492900609,0.14062845762336804,0.10529046334186762,0.23037272006344162,0.6094334165700959,0.38387615138382564,0.2707162713921685,0.3700666324961559,0.434847902773084,0.0017321015903534027,0.22752808988764053,0.5191637264634856,0.31158080026230683,0.43989637305699486,0.555091285229833,0.5049772610382727,0.1544593921275535,0.5052562781621606,0.007768358145680313,0.0015029103416704084,0.9875152025187233,0.36334697589813547,0.32212536322125357,0.41224538032689034,0.44970413157348577,0.0
0.5545428687896796,0.389099878626522,0.5725257337050751,0.3454065877509007,0.47071776690020756,0.3243127147766322,0.4734754586018839,0.3303437432526029,0.3807588075880758,0.23508647538760039,0.5898555152462323,0.46170038591977536,0.4839696071163826,0.027126025607148406,0.1811687667427325,0.7700302875077092,0.550858123569794,0.816824480583534,0.10466597754753718,0.09906300446361582,0.3612318862113626,0.281,0.16021452167806266,0.3419337390128465,0.20365401637530434,0.27401861980662556,0.3230240549828178,0.2782644503468691,0.30720576417595125,0.2241583934610888,0.28156500939689044,0.6080979524785891,0.2759815227336273,0.1991260923845193,0.6296795417303556,0.165634675501526,0.32055267702936097,0.6298219383843227,0.21033226667218494,0.2668991861816974,0.29824731567452917,0.007018779967004922,0.0015029103416704084,0.31105737201068473,0.20251629528573592,0.3319496333194963,0.4188157543608075,0.5257651641893935,0.0
0.33290673616000144,0.3479895070670687,0.4813712765388485,0.4932235374849888,0.38994578009831254,0.3823024054982818,0.3837382250867625,0.09391096143344906,0.43263646922183496,0.2713915487003555,0.3985291502696575,0.39761431411530823,0.5169261181121818,0.0737590149378754,0.46185137414426053,0.5552513066396876,0.44836003051106027,0.5391582931705267,0.3208490588716076,0.7105375986694923,0.1039689490627114,0.513,0.2759011042341328,0.5706288032454362,0.5215755698163311,0.6011557707465846,0.5824742268041234,0.4064287398007549,0.154563877343938,0.2800926871289404,0.5950794464377243,0.4939752670362453,0.0028868360373353738,0.5786516853932584,0.3548751498052045,0.5233928971459816,0.538860103626943,0.5327308859559589,0.5535216718472545,0.861484803188839,0.35765077624898356,0.0001362869879980635,0.0,1.0,0.5570713960891314,0.6924034869240346,0.32593829665978646,0.320430954144218,0.0
0.524367226529374,0.35300105712384006,0.4665594858897895,0.535254760679362,0.4199626879319473,0.39647766323024064,0.27218641546851763,0.30743850975750836,0.19396051103368178,0.4139343929616395,0.5132369406665848,0.38779090164893004,0.5859896219421794,0.03175914672098941,0.329397757714059,0.7261650768763015,0.5304347826086957,0.21247154395645002,0.06988148753575808,0.07880615182724285,0.5016777233783996,0.35633333333333334,0.4694939454125092,0.17265720081135905,0.36202699712325753,0.2354481500471222,0.2957969865186359,0.5816442513861255,0.33264605878529263,0.41022721120869365,0.45002562788313694,0.40573871047143145,0.11258661218612209,0.14856429463171042,0.30294722644344996,0.5782547109207017,0.38031088082901554,0.21108087609471327,0.23231059727835002,0.3712007972097658,0.6853638876720097,0.03918250769722488,0.016174177841673052,0.41104435967206143,0.1978171896316507,0.16936488169364877,0.3468502840790525,0.4705542368234872,0.0
0.6026963928852807,0.23397674327551776,0.5576636624693603,0.4688625836335565,0.4203513070031109,0.4454467353951891,0.2825979176995538,0.469241553528434,0.18583042973286876,0.41065013948369816,0.5744489732979461,0.25353759794176123,0.4699777613046702,0.05563834760728766,0.38208155570989205,0.7779132512262139,0.4114416475972541,0.8394973316703037,0.045361667347772805,0.0799704777487037,0.2847337120371364,0.46500000000000014,0.13227533513157158,0.37233265720081143,0.27472892232794877,0.1352261422495398,0.3552735923869942,0.45631309438688683,0.4780892009056897,0.376131378472918,0.4033828805740647,0.49395729704745606,0.0392609708769088,0.406367041198502,0.17598021923987373,0.14524291245050086,0.3621761658031088,0.3592040135529794,0.2555009253218603,0.3577478824115596,0.37672799963654535,0.0004088609450820454,0.0,0.3744613067077416,0.5707139608913142,0.5060190950601909,0.4663682078409621,0.4859291759775226,0.0
0.309938065666147,0.3620844916017384,0.3081649060089566,0.3360782295419455,0.26600660813631083,0.2779209621993127,0.5974219137332674,0.40793991892900255,0.25406504065040647,0.4751160525108891,0.6492038750112245,0.28581452461700385,0.37410427477143565,0.04986068226797826,0.3037999801567617,0.15171362689804285,0.39496567505720825,0.9468467191431691,0.14055626337171567,0.03905955548461801,0.19290359338923302,0.42933333333333346,0.0561578192870302,0.453793103448276,0.27218411152909944,0.15002818808457322,0.3092783505154637,0.2979804359891348,0.5572057542446209,0.32013088649696975,0.47360328036904153,0.2976952897941931,0.013856812722827221,0.27403245942571786,0.2798987280203522,0.18751831892972332,0.35077720207253893,0.4680652015382571,0.2286304734849523,0.2755356253114101,0.38151048476934585,0.009131228441728138,0.0,0.36987907954491883,0.19190541155070492,0.39601494396014947,0.44152023207668,0.46625153327892016,0.0
0.0849093616150851,0.34673661955287577,0.41147469499926026,0.2702007205352548,0.6988178739404884,0.17425544100801826,0.2199636423731614,0.3035926470493681,0.20828493999225708,0.8223295353034564,0.6128633820298401,0.1988071570576541,0.22189276006918707,0.02252879002581642,0.30518900684591727,0.6778288979428624,0.16399694889397406,0.6636400408023454,0.25075121998124955,0.06118467179661504,0.051092928200492,0.36388888888888893,0.00538303817531649,0.3051521298174442,0.3157778269528658,0.18331500161914063,0.19772667195347604,0.43709867153732723,0.14103998746904456,0.11461990109193965,0.2545703058260721,0.7773409093039878,0.2956120184273846,0.12026633374947983,0.5560427008391419,0.22034322309331067,0.22487046632124347,0.8234794465619233,0.1660429573116897,0.23932901511376847,0.3843288776897582,0.0,0.01946626776685066,0.6677492331938129,0.3413672881612855,0.22623495226234946,0.39672137834152754,0.4445009360628419,0.0
0.4949049163266024,0.2881641282643592,0.35801247376380696,0.4489620861211186,0.3796975317674408,0.44888316151202734,0.34787638406874904,0.2517032118007084,0.33042973286875726,0.25266385588245643,0.46810199648788764,0.30733247573383227,0.5223622436372621,0.03078365367035555,0.20954459767834113,0.9328587137937632,0.5167048054919909,0.3462573366767826,0.20978869684367416,0.05953961388739517,0.3117388342856886,0.31544444444444447,0.3033014049449061,0.2733468559837728,0.31666297853507425,0.2940061650951117,0.3005551149881046,0.5117268431450941,0.3624196312052095,0.45860943663055354,0.39740304117546554,0.4510112241049066,0.16974595809798096,0.17498959633791097,0.5672098509663077,0.28279718671557535,0.4241796200345422,0.486845845143299,0.4253840568544912,0.45856170071416713,0.478082151003066,0.008449793293704226,0.0031489549864619376,0.44699138691984763,0.27830832196452926,0.38093261380932597,0.32552149455806284,0.33342927964035474,0.0
0.3352897339866824,0.13593829528992601,0.3891331866659536,0.4065877509006692,0.7096937949211968,0.21950171821305847,0.1695587506197323,0.2964130435480908,0.09552845528455285,0.28649500265045147,0.7408767062900851,0.3592562273418315,0.16901408450704233,0.03253164247412531,0.2853457684294078,0.585551028568873,0.17528604118993135,0.58622573399374,0.4492175292675306,0.05993663721803399,0.1074506562396384,0.3080000000000001,0.14788821311487765,0.17890466531440166,0.22527107767205143,0.3061345481890879,0.21173671689135592,0.4973073282184955,0.4714145920878839,0.35690304939609474,0.3900563813429012,0.3826584650748521,0.0017321015903534027,0.23127340823970047,0.5514919727009698,0.6643337318775402,0.40569948186528504,0.6248782994571354,0.18532146035019167,0.45042351768809175,0.6557826215150449,0.031754867730745165,0.0005725372919338028,0.3253533849458632,0.24556616643929066,0.18513906185139056,0.3065501046825366,0.42422652264229,0.0
0.3344015931693871,0.3364002975607846,0.4564302616483465,0.3365928975810603,0.16062515691095974,0.16204896907216493,0.21944719881011399,0.19341565062008265,0.46065621370499416,0.48198964649482884,0.3257876082387898,0.17565197052976259,0.6716085989621944,0.6079812653782959,0.5889473162020042,0.6742260788256911,0.5633867276887872,0.8599816644574549,0.5638837472054616,0.11283405631025675,0.051446570583723296,0.3170833333333334,0.4526509278379511,0.2863286004056795,0.49347200708121275,0.7077452442298825,0.48379262490087205,0.45624933548994134,0.3970855358872399,0.8596487595652756,0.3737186058431573,0.8779127557477858,0.0,0.5280898876404495,0.36333317557992995,0.5340862392908738,0.43814766839378233,0.7706969633667355,0.60062566434534,0.8953039362232187,0.31668827498719765,0.0,0.0,0.38845339723124384,0.4183151432469303,0.503165213781652,0.3429985732831323,0.5276368243752533,0.0
0.20645524825551548,0.18464429740417368,0.4284850267668165,0.2994724652599074,0.5397566944080906,0.40850515463917536,0.4590976698066437,0.2053402078667259,0.09494773519163764,0.577149447070926,0.4738558416701567,0.3349315869488948,0.19532987398072651,0.6684625741594875,0.08086119654727654,0.6350583633020186,0.29776887871853547,0.747098278691094,0.19911536335008057,0.2366549836873274,0.07828822806561345,0.24533333333333338,0.2943592713361606,0.17306288032454362,0.19232684222173052,0.45495453464504987,0.12688342585249796,0.5747346116682353,0.2678920763118662,0.2157712007917203,0.2685802152742184,0.6891033980490753,0.0005773672234909856,0.12578027465667918,0.3991125087774069,0.42885530322582127,0.327461139896373,0.3859637504925348,0.7107918379339142,0.1863477827603388,0.9999999999999999,0.005178905430453542,0.14528133387559886,1.0,0.23647112323783545,0.17061021170610208,0.35495701236282345,0.5110673008826774,0.0
0.42226808019266615,0.19706876525325298,0.3945085519779641,0.40034740092640253,0.47306264394196373,0.1035223367697595,0.3996033713435796,0.2733688741001079,0.18089430894308947,0.31224480684518063,0.44887237949332914,0.3700152029002457,0.10354892512972573,0.0463268926188148,0.19962297847008637,0.8671697923169175,0.38306636155606405,0.13037993408746285,0.3724849155027766,0.3816236596062419,0.3800986259272468,0.1606666666666667,0.40055481567863627,0.36649087221095344,0.1702533746404072,0.4723545068554851,0.2795400475812845,0.6245973866245408,0.2061084753139502,0.4685951712275749,0.4243977447462839,0.43387559882387333,0.07101616760807612,0.3108614232209738,0.18176168574624052,0.5495133577700191,0.29015544041450775,0.7281523122325313,0.22550212442210182,0.46537120079720984,0.5311808052880067,0.007700214509840193,0.0010019402807464844,0.5724617807847135,0.3392451114142794,0.2835201328352012,0.5550778289706562,0.28632116471332947,0.0
0.0658134493980215,0.3555068321522259,0.4085962199753458,0.34225424601132276,0.6696515265232724,0.38502290950744544,0.38423401090728804,0.25824193021328,0.3302361595044522,0.6198210061217533,0.5275716927112937,0.40275991112150633,0.4267358537188042,0.5646128618493831,0.3524159142772101,0.5638612983227433,0.21617086193745233,0.6494700424775595,0.1313252722421212,0.14912138602075653,0.029856565054510918,0.3196666666666667,0.11505952638768462,0.3431237322515214,0.3456516928524011,0.3603543203552716,0.48242135871001834,0.3880086086192822,0.17804724302096614,0.23119901566819923,0.44968392277464553,0.4822400519631998,0.13510393462334652,0.41136079900124833,0.3081473055479998,0.010195949522931791,0.5129533678756475,0.5192453510573749,0.45078104644178246,0.5851187510380336,0.9999999999999999,0.0,0.014742835446056389,0.7887764132134596,0.4606639381537063,0.4591116645911165,0.5432050336643065,0.4781553274209353,0.0
0.37588989219992774,0.15915586703731255,0.35653140596928073,0.39584405558414826,0.19763221429741235,0.24914089347079038,0.19038175508180466,0.45622655505570475,0.2494192799070848,0.5356566501367246,0.4996596188862209,0.3714185475382996,0.29359710896960717,0.055804672427705114,0.2918940371068559,0.7434756333824784,0.6305491990846681,0.9200789321281173,0.5767205942450542,0.04031847284990512,0.1386063396772529,0.32533333333333336,0.20384014669626366,0.27496957403651123,0.30240373976543494,0.19773552492526406,0.38183980967486114,0.12476069569968001,0.8449818636030286,0.5082261607735609,0.6330087134802665,0.3776714081671011,0.0011547344469819711,0.1348314606741573,0.4366512079210409,0.5046990466523833,0.6875647668393782,0.33625903286633874,0.35349194925081934,0.5864474339810664,0.37672799963654535,0.0024531657461408524,0.0,0.35276303985837887,0.2787630741246021,0.3300124533001246,0.4198378846877158,0.46466510030157826,0.0
0.28107719959977073,0.40526995810657374,0.4523628887323817,0.2940684508492023,0.36901683093869175,0.1765463917525773,0.5736241943480418,0.28659369941700363,0.23838559814169563,0.40203334781060324,0.4822746702512535,0.49023506022687413,0.24105819125277989,0.03672973374845261,0.2665939081258062,0.699493729971028,0.4607551487414187,0.7829974982478468,0.408399240366355,0.08158084677529798,0.17211315112379247,0.29633333333333345,0.19941784134453827,0.16787018255578098,0.24751051117503878,0.21464215430002662,0.24980174464710536,0.3324590377427026,0.39806401028472693,0.5986930345513378,0.4643772424397745,0.23031488115131707,0.0785219417538176,0.1666666666666667,0.3360546482743696,0.4222243648964547,0.2891191709844559,0.772447677391527,0.38577244396024224,0.34329845540607873,0.4333890905786775,0.000272573975996127,0.0004294029490880225,0.2833097078188448,0.2945657116871304,0.1413968451639684,0.4260356285266396,0.4200224800639723,0.0
0.0900802919756132,0.4676402646724875,0.42043740031990645,0.6165723108594958,0.2540366692188144,0.4609106529209621,0.5057015369360436,0.15719701005029701,0.36556329849012764,0.5559935883257682,0.10516154871745337,0.30546134954976034,0.560785767234989,0.910420078311929,0.37672388133743434,0.45333463242525934,0.605491990846682,0.6284813024358876,0.4549868987235271,0.43034393074170924,0.12011357986006826,0.3530000000000001,0.43950638536696596,0.33987829614604465,0.4954635981411819,0.6156908611526453,0.3735130848532909,0.24335830791745108,0.07373497394674369,0.0810917402177041,0.47924141465914916,0.50180992324839,0.0005773672234909856,0.3377028714107366,0.445912193740053,0.5147619167262125,0.5968911917098445,0.1563364209730867,0.92129996626309,0.5660189337319381,0.37672799963654535,0.008381649657864107,0.0930373129185924,0.4033182454039859,0.35925420645748085,0.5159817351598173,0.4719714587007635,0.5652895641284061,0.0
0.1923482873569486,0.2283387494616499,0.3669268389169688,0.5692228512609369,0.33061567998466035,0.40621420389461604,0.3862171541893902,0.4088566583576758,0.2555168408826945,0.4539491544352175,0.2542520727635953,0.3201185046583245,0.1749444032616754,0.04026854178185071,0.26173231471376135,0.2681803968907482,0.25217391304347825,0.7971381983814978,0.36556167215558066,0.03791214417218252,0.043814838460817705,0.42566666666666675,0.022046528702810417,0.23948613928329954,0.5226820092940919,0.19133556725874654,0.2610527359238698,0.3020938790092077,0.2794939756748349,0.18560400495015178,0.4293311122501281,0.5205805622985924,0.16397229435574381,0.18726591760299627,0.40078984107026194,0.14254989166141185,0.35019430051813466,0.5502086323227617,0.2560378510554577,0.2282635774788241,0.35853723182385683,0.0,0.00214701486461409,0.3489224656984398,0.1615886008791875,0.2746644527466445,0.40703650441165085,0.4447919372374009,0.0
0.11848026594340558,0.1992091147566658,0.41821378894881117,0.27123005661348437,0.7432734940157228,0.2071520618556701,0.2897248388696083,0.31780077022910896,0.26807491289198604,0.5256508291634652,0.6464869640575749,0.35697579230499354,0.3361749444032618,0.02759189249323156,0.31470135926183157,0.8684917467575004,0.17803203661327233,0.7226083337509213,0.2556912425779466,0.0676445692867394,0.06081934497321439,0.16920833333333335,0.07442178752596211,0.11367139959432054,0.08287231688426647,0.29536988921420126,0.3762886597938142,0.4550361788454079,0.24951077273258693,0.4035036665504792,0.15530497180932848,0.719114354612719,0.48498845170851707,0.4984394506866417,0.2883477676332105,0.2994030064582929,0.5590673575129532,0.23587259236708316,0.304230500279847,0.37717987045341317,0.9999999999999999,0.0,0.014241864908436555,0.19900670384909686,0.3092883128694861,0.34044209215442084,0.3974344008555684,0.4329915093963643,0.0
0.4466520827470917,0.4463411769312086,0.4499459030664046,0.4770972722593928,0.36374807145355026,0.17096219931271484,0.4318294496777393,0.22971274264354757,0.37108013937282236,0.4168148059016046,0.5339052569184336,0.2357618991930769,0.3995552260934026,0.02598711040050016,0.29933525151304696,0.7730371466379138,0.4205949656750571,0.1389555885507227,0.32084905887160753,0.0650476029043914,0.4512781823111192,0.20400000000000007,0.36382476860865137,0.19805273833671405,0.25448107988493046,0.36237281423199463,0.4670896114195081,0.21047028976501642,0.15655578442196144,0.2401498912049327,0.6268580215274221,0.2285995796212107,0.26905312214082155,0.14575530586766547,0.7010847520466811,0.44080459170252645,0.3896373056994819,0.47086684513772636,0.17862263826081615,0.439960139511709,0.3025252652884303,0.03407174771817738,0.017247685591777372,0.22939231706649763,0.2596634834015461,0.3262764632627646,0.2574988396562793,0.5463601043403108,0.0
0.1263483416748811,0.24768020046200223,0.41720146011807996,0.25624034997426665,0.374636050825847,0.2860824742268041,0.4606470004957858,0.24106983295940848,0.17813588850174214,0.5830174584702867,0.25509429546129453,0.30417495029821073,0.22776130467012606,0.572443570970372,0.17692727453120352,0.525851584823249,0.27454233409610984,0.612732630444174,0.34782086107839133,0.3699045987592293,0.09379342870744281,0.3216666666666668,0.1762724189260932,0.2778904665314403,0.23390130559858383,0.3922103598450484,0.078112609040444,0.6630715911500332,0.25743545797198025,0.1252703255874031,0.33059969246540233,0.2245088273065774,0.0,0.16947565543071166,0.6033542398574872,0.28779061119514265,0.24818652849740935,0.5212123888297612,0.5347782575530365,0.19332336821126062,0.3419910141426118,0.9431874853883255,0.9190811869627497,0.7284206080956446,0.1580832196452933,0.35896637608966364,0.3965590614322597,0.5213462897908617,0.0
0.05675973955701037,0.21734988188924992,0.40826016980386765,0.43592382913021105,0.46230133784244726,0.4274054982817871,0.263262270699058,0.27478677687580966,0.24680603948896634,0.6991536246382006,0.594115195140382,0.38919424628698396,0.4807264640474426,0.4101669654384512,0.2764163111419785,0.5347066125532869,0.23369565217391303,0.6346545758370579,0.16431885381860142,0.12831643581329036,0.035816623911955954,0.40066666666666684,0.07663448949602034,0.3226774847870183,0.27742586855499013,0.26830303622418017,0.23037272006344156,0.5093381139927683,0.1320589860643969,0.0911837055286509,0.34853921066119953,0.6988078627364077,0.10046190089340917,0.13920099875156058,0.31653413805801034,0.21491165724296096,0.34663212435233154,0.5555584387229406,0.3180161647132094,0.3781763826606876,0.9999999999999999,0.0,0.018392760016746338,0.08009068603294245,0.3025238744884038,0.4900892486508923,0.4751827124278503,0.4505001986781431,0.0
0.11178515903141678,0.44696762068830503,0.4173791782163807,0.2475553268142049,0.422234206292367,0.3625429553264606,0.4918195339613288,0.23400312819331226,0.1681184668989547,0.6309661209815902,0.14484479343533863,0.28020114606478785,0.39214232765011137,0.6363883991207115,0.19009822403016174,0.5084853596599261,0.34782608695652173,0.609093800289314,0.4512368085771293,0.37344558548371626,0.09261353503660125,0.2946666666666667,0.1741121037570999,0.07269776876267749,0.2415357379951318,0.3962003469152825,0.1181601903251387,0.5475755968556854,0.23965787996843108,0.12457638306501012,0.46642747309072263,0.1494366437730723,0.0,0.19943820224719105,0.39726023714021363,0.33798338217871277,0.2766839378238342,0.4404512897160776,0.5399118554028077,0.39162929745889397,0.3060430838488985,0.9854540150364105,0.8105777739522331,0.918906893847022,0.2596634834015462,0.3794105437941054,0.4264582827349404,0.5115972256388585,0.0
0.28344266211077007,0.284131396578051,0.44554425349256377,0.34122490993309323,0.706214193858422,0.1095360824742268,0.30589985126425384,0.2939052729597436,0.45963995354239245,0.6782158052495479,0.19442351558089205,0.2727166413284996,0.6008154188287622,0.4475681789936304,0.3460660779839271,0.517596651123915,0.2906178489702518,0.8032816033408865,0.28161734657083104,0.009306885741666063,0.06950676098010719,0.18966666666666676,0.40642288105911983,0.21070993914807307,0.13046304492144284,0.8213756172639988,0.39849325931800145,0.37324758844562905,0.2136217452597065,0.5246053507608056,0.44387493593029215,0.4280317532266693,0.031177830869708757,0.21410736579275913,0.48116155792322024,0.687576677714774,0.6305699481865283,0.21535737683499567,0.750058534215655,0.4808171400099651,0.3585463822823644,0.0,0.0,0.3806491963826991,0.294224647567076,0.403071814030718,0.5534617074307702,0.3786748518767341,0.0
0.31188947123774147,0.18605379585764067,0.4381624345802834,0.45702521873391666,0.24598047083202076,0.2663230240549828,0.3485374318294497,0.13950584620753137,0.1091753774680604,0.3316757580373801,0.4006209069229464,0.2301485206408607,0.37842846553002235,0.23744954055235626,0.0016866752654033125,0.5554825312223655,0.4681922196796339,0.5664921907052018,0.09353590230534387,0.6464044297117406,0.017356942348689793,0.02200000000000002,0.27582630431037247,0.09711967545638947,0.014826289001991608,0.522634438534522,0.38620142743854075,0.6340322740913136,0.08987979157394943,0.2602336695802153,0.33008713480266527,0.7195513116875077,0.0005773672234909856,0.004057428214731585,0.998701002118543,0.6821954299546513,0.23937823834196886,0.8881506642964292,0.19653509918669348,0.41205779770802203,0.5637317650626948,0.0004770044674492947,0.0,0.3501418343388251,0.1755343337880855,0.0444167704441677,0.639227755587731,0.9673419109582464,0.0
0.21310007275723386,0.2674131788105399,0.3881161617710364,0.5404014410705096,0.1850517963622877,0.39518900343642616,0.3971244422409519,0.04228011440893627,0.25174216027874563,0.1552358519998465,0.5659314951735253,0.39387206174716427,0.5812638991845812,0.26648879289713207,0.36005556106756625,0.652266978047852,0.623741418764302,0.8189075150268732,0.289982932282026,0.055424725484273706,0.21962647302809754,0.3563333333333335,0.4920188651770159,0.3658417849898581,0.48799513166629804,0.8894481012856741,0.493655828707375,0.34437010034095267,0.15610148564360643,0.2840482497338296,0.4290107637109174,0.5494680181638268,0.13394919777277792,0.35330836454431963,0.3686955592897087,0.5241971026231669,0.37875647668393775,0.5923731455304764,0.660121418159577,0.6008968609865473,0.33283590677756886,0.004497470585023949,0.0,0.5171417878183001,0.3424283765347885,0.39227895392278944,0.32530215920424466,0.2919031754772196,0.0
0.28545780511657015,0.4360048549391175,0.4449166306453413,0.5167267112712302,0.18821068716020423,0.13788659793814434,0.3401090728805157,0.09608935909404541,0.403890824622532,0.26807560586410917,0.6033619969918969,0.4256812068763888,0.536693847294292,0.20484136126828742,0.07639646790356187,0.6794948236135074,0.40411899313501143,0.7633825063147304,0.04420779345657347,0.08793181248286361,0.25722311116926366,0.183,0.3955895963262847,0.19310344827586207,0.12535959283027223,0.7036105927191129,0.2224425059476604,0.2559756134243952,0.22057590116594217,0.2591912599238102,0.46283956945156324,0.5551880711781461,0.10912240163441633,0.0908239700374532,0.48392836143118917,0.42087607806933286,0.21243523316062174,0.27938950886299585,0.4761213080495628,0.2815146985550573,0.7067635444461382,0.002862026653398608,0.0,0.35690168806078976,0.3674397453387904,0.4169088141690881,0.2407759122058348,0.35832455332419666,0.0
0.10775167468711568,0.4737872440389961,0.4188827373879521,0.37918167781780754,0.2906775519251606,0.15206185567010305,0.15121467526028753,0.276580456592876,0.28310104529616725,0.6516809329940072,0.2839463341550614,0.4060343819436324,0.48721275018532256,0.019620404148693947,0.22522075602738373,0.6070381906718685,0.3894736842105263,0.6648845690418153,0.34046491502199583,0.06244192651393316,0.14366706426608714,0.24733333333333338,0.15518877656580565,0.30904665314401625,0.12930128346979425,0.13928569127000226,0.1812053925455987,0.6112988821323504,0.37223929373780756,0.36293716289437616,0.43003587903639173,0.26570922762001215,0.0023094688939639422,0.12609238451935087,0.4251605634097994,0.23316726436964808,0.18911917098445596,0.6028891371534127,0.4236432907908569,0.31390134529147984,0.37672799963654535,0.05410593187121307,0.5962260043227751,1.0,0.31514324693042284,0.45496056454960554,0.42527479830922943,0.4764034949341997,0.0
0.204433493690739,0.3338945225323989,0.363600608479119,0.4616572310859497,0.5322405735285048,0.3676975945017182,0.36390679226574124,0.29253519711248954,0.2604529616724739,0.22679877189176612,0.748540719925557,0.19506490468951002,0.35952557449962946,0.029969505758096544,0.41065581902966575,0.7783762641248062,0.3917620137299773,0.8509676570708391,0.11488256929253107,0.03437980132776162,0.18572224587401787,0.22637500000000002,0.1099148677816066,0.4603245436105477,0.33779597256030114,0.08807955032319367,0.28846153846153827,0.4941207465085463,0.7277397273198307,0.3329178447654424,0.4145310097385956,0.5420775959700335,0.0,0.3167134831460674,0.3506578270160099,0.23730228942890697,0.27584196891191703,0.5192847904441846,0.3806309295612872,0.43273542600896864,0.3379338635497606,6.814349399903175e-05,0.0,0.3909288134136996,0.1928149158708504,0.4827729348277292,0.43291457380350595,0.4420736557130592,0.0
0.7092601681264292,0.32888297247562737,0.5075068448087581,0.588780236747298,0.11214145079001098,0.37070446735395185,0.14278631631135352,0.4182450079568283,0.24303135888501737,0.48109220762753185,0.4405727146334245,0.26055432113203136,0.4199406968124537,0.056319531988668466,0.2380196448060324,0.8261408175560061,0.7148741418764304,0.5683217549928072,0.34825356378759115,0.08225603300052028,0.10436037672248416,0.2970000000000001,0.25881055076164056,0.5563488843813388,0.2909935826510291,0.21302497394919048,0.17367168913560643,0.5471091704713833,0.25223652567739524,0.19057277207552115,0.21783700666324965,0.8307560308924351,0.06755196731167326,0.22752808988764053,0.4761676238387708,0.4232212410610167,0.5056994818652848,0.23623115969276762,0.13953454545196095,0.3796711509715994,0.6240073513693767,0.0018398743852542196,0.0004294029490880225,0.6176962470559201,0.32105502501136873,0.2557077625570776,0.25427880692389104,0.37757645554611907,0.0
0.10745906126979697,0.44007673936024433,0.4210920686818553,0.5347400926402471,0.2581193020894573,0.37800687285223367,0.44719881011403084,0.18201470479478815,0.29616724738675954,0.5997168807596251,0.12258575702614016,0.339609402409075,0.38472942920681985,0.8782626505578296,0.3011211429705329,0.5250198903877095,0.49565217391304356,0.6439174127189734,0.46335248443472205,0.4987993798195543,0.0738241732116004,0.3710000000000001,0.28904758848717627,0.23699797160243408,0.3404514273069264,0.5431516688453001,0.33703409992069766,0.2648505938491652,0.14586246275304188,0.1483106609668372,0.3572526909277294,0.2927826554598162,0.0,0.2571785268414482,0.4012693798752006,0.4897029638137113,0.6082901554404144,0.19895349604475682,0.7063816639708895,0.5949177877428998,0.2626396559356194,0.42378438226758935,0.7782213131672167,1.0,0.5156889495225103,0.48111249481112484,0.46788067218882184,0.5062921459237518,0.0
0.1688245395969634,0.33013585998982026,0.41001250570067677,0.5213587236232632,0.37907225047285376,0.32832187857961054,0.3270533796066765,0.27860290703518137,0.19396051103368173,0.665220839789112,0.13203845323796465,0.36502553307605334,0.3439584877687176,0.025546159125604213,0.20914773291001093,0.3421146216241305,0.2762776506483601,0.6384888421951929,0.33171470468040093,0.12676686679992547,0.0903999533786291,0.3045555555555555,0.08762182571503117,0.2365652467883706,0.3186545695950433,0.016892508040620757,0.289981496167063,0.32882161645313934,0.29934301071300556,0.0,0.49137194601059275,0.4527269102366764,0.0,0.18352059925093633,0.7570559143633111,0.15670226252232822,0.3229706390328152,0.6450176276455764,0.2588748842296941,0.4755024082378342,0.9999999999999999,0.47945763168246397,0.8331849262437782,1.0,0.18220403213581934,0.3668188736681886,0.41703798816080717,0.4422918896693202,0.0
0.12854709467540426,0.5125354005977318,0.41894368403528565,0.3046834791559445,0.7166018201615758,0.4944158075601375,0.2994546355974219,0.2737747658658681,0.16811846689895468,0.7978706038284299,0.2534816479535696,0.1501578762717811,0.7312824314306896,0.022448315267832752,0.27403512253199735,0.5316045764615818,0.2416475972540046,0.6285871134265504,0.33613788792999844,0.055417465569704595,0.17364285403286006,0.21333333333333335,0.036210532576025245,0.36356997971602445,0.2923213100243418,0.0491544859986385,0.2133227597145122,0.3532547058046246,0.3876852138499474,0.30637355790737364,0.38595592004100454,0.6219104896004946,0.007505774145741473,0.14981273408239704,0.5833472374926059,0.1113935591688553,0.30155440414507767,0.3646758318051345,0.36431850819628686,0.5017438963627305,0.9999999999999999,0.006678062392992966,0.11765641178423612,0.4008640557569531,0.03501591632560255,0.28144458281444573,0.42429144037243693,0.461784802101387,0.0
0.18749568959305088,0.22922621145086985,0.42353144013155813,0.4593412249099331,0.6206503791462182,0.3827319587628866,0.375805651958354,0.26481278101605643,0.35249709639953536,0.4669970254365814,0.650114740705039,0.2769266752426618,0.4298091178650853,0.02689795788969508,0.2740351225319973,0.7284263048451369,0.3486270022883295,0.6694076452227826,0.3710425731387774,0.07277503802271026,0.4502430742728597,0.30800000000000005,0.2420941208514853,0.25874239350912787,0.28701040053109106,0.09350277650901626,0.13164155432196661,0.5328074793685611,0.4247973243883562,0.1642984546446613,0.35776524859046654,0.1715266356368091,0.0,0.2540574282147316,0.4174098777187116,0.16919111052059127,0.4538860103626942,0.5099556208160556,0.39074215612055524,0.3129048330842053,0.2626507150921641,0.007359497541016878,0.0013597760385492873,1.0,0.050648021828103684,0.20750311332503107,0.40561395610601964,0.4311655418712262,0.0
0.5926651035212547,0.1562977173955601,0.40648334534023994,0.3818836850231601,0.7179839205234518,0.2719072164948454,0.42588001983143287,0.7020796914390068,0.1861207897793263,0.520128623011834,0.6790622156364254,0.3283826453046428,0.2375833951074871,0.05341625695101717,0.1394979660680623,0.7884050784096561,0.2608695652173914,0.6545658585653692,0.39758167263636157,0.19805487286451895,0.11125664152575379,0.1983333333333334,0.16218518258026698,0.3301419878296146,0.2109980084089401,0.4309141312425526,0.26962727993655816,0.7079595237481144,0.1938076685045852,0.4504902663793324,0.4197847257816506,0.690522552475129,0.4826789985179857,0.20411985018726592,0.4849483074880343,0.46982289834171626,0.5559585492227979,0.4931393713668214,0.4979921091741338,0.2481315396113602,0.4614467658360394,0.0,0.032992462113073426,0.49236906891737076,0.265575261482492,0.20838522208385218,0.6721129805948542,0.4126212224028593,0.0
0.07195317013436608,0.1761481539485533,0.41034594669529334,0.4399768399382399,0.4439103005245539,0.297680412371134,0.15865146256817053,0.24439601319014442,0.0772357723577236,0.6381281349001291,0.5187000878382948,0.6193427669278446,0.09673832468495183,0.6291670173112142,0.08234943942851476,0.5548228693796267,0.28175057208237986,0.6562209833589492,0.15642202937570618,0.15383716579141812,0.026823440112687717,0.08166666666666667,0.13751632885072773,0.10458417849898582,0.12755864129232133,0.4408429668789213,0.3473433782712131,0.3646225597824271,0.19111685398016542,0.2652385750932902,0.39210661199384933,0.29259340860586047,0.15819862035820378,0.3061797752808989,0.6460012431365703,0.006638044059675746,0.41088082901554407,0.4923145754448618,0.5127224453619035,0.4120577977080219,0.9999999999999999,0.0,0.014170298233571904,0.4965044180362985,0.16416552978626656,0.19883769198837692,0.5743573362310154,0.4807113010534077,0.0
0.05369713363775826,0.4244156454328335,0.42490238771883115,0.34225424601132276,0.7072505615577558,0.3238831615120275,0.5185919682697074,0.24198723075166162,0.2308362369337979,0.5346754181929749,0.6156177663202653,0.2362296807390948,0.3676797627872499,0.43404436022245424,0.24962793927969046,0.7321418706096927,0.2933638443935927,0.5952581181096561,0.5259501430322846,0.17419919980555615,0.7824472931762437,0.7813333333333335,0.2704926008265557,0.43075050709939156,0.5628457623368004,0.29700218866593076,0.19785884218873906,0.3635433831554875,0.2209603032408593,0.3025595096196494,0.34341363403382885,0.5500971532861394,0.0,0.2634207240948815,0.5412837789963056,0.33280160484788956,0.19948186528497408,0.5573953751991928,0.5189283638544416,0.497259591429995,0.3027509140070507,0.005383335732785259,7.156716149172535e-05,0.21418753533832255,0.22783083219645298,0.49937733499377324,0.45752707315376034,0.5121866804325178,0.0
0.39659930058731563,0.11996397948396693,0.37499332377722117,0.3602676273803398,0.5520970940490607,0.2070446735395189,0.25681705503222607,0.2657320689489098,0.14285714285714285,0.5879324527544031,0.5560464988733814,0.580049117062332,0.2487027427724241,0.03311224415863542,0.2451632106359759,0.8703389126638164,0.3505720823798627,0.25169635087637404,0.3517151854611891,0.04989947232430408,0.28235162095534494,0.07133333333333336,0.07167351520976455,0.20876267748478708,0.02777163089179025,0.5734158360444318,0.495241871530531,0.35263713288374493,0.402362329812253,0.562937210382402,0.7227063044592518,0.3834336962481418,0.20381062853028548,0.45443196004993763,0.29959794381451244,0.6172871334841357,0.4865284974093264,0.3657175395284524,0.1354867394999215,0.3856502242152468,0.3126374031988297,0.002180591807969016,0.008874328064698603,0.37608069490581136,0.33060482037289673,0.30676629306766284,0.37609020185814435,0.2083196279968853,0.0
0.2986528436422604,0.2001487803923104,0.4460044938972602,0.20946989191971183,0.510358546907517,0.07388316151202753,0.1442736737729301,0.25489682733900637,0.11904761904761905,0.11575736701058353,0.7262084018003533,0.6141971699216466,0.20904373610081547,0.15851442457197615,0.31362238317293395,0.746759849265249,0.18352402745995422,0.5976866600905147,0.4878723046227074,0.18926985665840698,0.117043588206245,0.1846666666666667,0.24587051512446562,0.3801217038539555,0.29066165080770096,0.34829082731544003,0.26883425852498005,0.3699279212978239,0.433708429089566,0.4025179575969918,0.3454638646847771,0.5690653453783326,0.0017321015903534027,0.22066167290886393,0.6566390696914325,0.7866989636275343,0.315544041450777,0.589630054326668,0.1986701618850933,0.2521175884404584,0.46689041546380816,0.01635443871106478,0.0024332834708563323,0.32485393811504415,0.15461573442473855,0.30593607305936066,0.40765548346590913,0.5854294620439704,0.0
0.13166681449404583,0.3266904193257899,0.4220087140693865,0.9850746268656717,0.08159800161348274,0.43470790378006874,0.33068914229053054,0.15494631982112345,0.5130662020905923,0.5015850303485733,0.19967325679870507,0.32230148520640867,0.7349888806523351,0.9401130880846593,0.524655223732513,0.5229695926050226,1.0,0.5469646562725026,0.46941032236351843,0.602991784342712,0.048980706415754756,0.6306666666666666,0.24815150998266283,0.5401217038539555,0.5870767868997568,0.6830143392816156,0.5864393338620141,0.3816951825500478,0.17398516998127467,0.23283502564828273,0.3982573039466941,0.680515048036608,0.0,0.5115480649188514,0.46305983390708366,0.41988103783508995,0.6886010362694299,0.3215061367562754,0.7707124173957913,0.6841056302939711,0.3667416481882043,0.7712373766364108,0.7007306022035625,0.260336258050289,0.42019099590723064,0.38895807388958076,0.372507402771096,0.5207401665867084,0.0
0.31285723728751935,0.26968403743001446,0.18097448727335724,0.2593926917138447,0.6170029236689372,0.21563573883161513,0.36688150718889445,0.2947403753045124,0.46370499419279904,0.376341747254411,0.5377723047860514,0.5894047479826919,0.25389177168272803,0.026546843003013125,0.08413533088600063,0.6359811006553211,0.3029748283752861,0.6695490816840898,0.741724560686555,0.04413638492986225,0.10365812668275129,0.2660000000000001,0.16864038914634516,0.21979716024340773,0.14461163974330613,0.12420812095036557,0.24023592386994436,0.536952392930373,0.5634260642840716,0.3165575550125036,0.47328293182983083,0.14838993449861404,0.0,0.2880383895131086,0.4277338395177459,0.2598090612068909,0.4988989637305698,0.4281959751437947,0.06542485277876958,0.41660438465371197,0.22251633134543325,0.006405488454821129,0.0,0.39056379864596374,0.2432924056389267,0.3026151930261519,0.3619924404783441,0.4180347743505425,0.0
0.4101722939318897,0.4948905681061823,0.47443557123469754,0.5357694287184768,0.20178627686064865,0.5236254295532645,0.5746157659890928,0.24991420434130573,0.46370499419279904,0.17762862658624262,0.6284871065560116,0.6983978482048884,0.4025203854707192,0.0034743914599287204,0.4678043456692133,0.7576102107873739,0.5679633867276888,0.22695337911012353,0.3473881583691916,0.26306758259786245,0.5169809887775295,0.16766666666666674,0.18199964313557498,0.38271805273833676,0.12569152467360037,0.2619211322666487,0.30650277557494043,0.355423854494192,0.38988679117562364,0.4285882664686099,0.2870322911327525,0.5146535313953681,0.047344113447934565,0.2734082397003746,0.38964994724765367,0.45737427081692533,0.19378238341968906,0.23806980197898253,0.3281892803172021,0.5201793721973095,0.30493246618439707,0.012674689637962018,0.00171761179635209,0.4970231026329199,0.2728512960436562,0.09713574097135741,0.3474347439897767,0.24049243533462397,0.0
0.30822375933845103,0.4156454328334834,0.3665547371424851,0.5321667524446734,0.1449513622007806,0.39003436426116844,0.29350520575111555,0.21941224092324618,0.312137049941928,0.2923461549328174,0.5257128687316289,0.5777102093322419,0.5122312824314305,0.01966177464186386,0.18116876674273247,0.7974438831749306,0.6567505720823796,0.283869012847293,0.46421788985312157,0.11624893685441443,0.05108294812087986,0.4540000000000001,0.06439134704525144,0.2230425963488844,0.57745076344324,0.6062035783883298,0.48969072164948424,0.29972718706206924,0.3951635453753151,0.5054774588587487,0.31727319323423897,0.5001918034482022,0.0017321015903534027,0.11922596754057434,0.42203621576269884,0.5740092920513293,0.42176165803108817,0.2727795536618279,0.024412059884047432,0.09666168410563032,0.33201053405094133,0.0018398743852542196,0.0004294029490880225,0.39891658303278604,0.22555707139608913,0.5176421751764217,0.13846586237571373,0.3340683189268852,0.0
0.5166680195411036,0.39184057006381895,0.43408608651601743,0.5038600102933609,0.36095161122346403,0.5932130584192441,0.7530986613782846,0.23900940980481872,0.4709639953542391,0.22235251062945013,0.571966373424498,0.2628932288621214,0.5092661230541143,0.035317168242614015,0.44845718821311653,0.7199646689589314,0.6192219679633868,0.4780071594021239,0.22940455299406243,0.4402253499210037,0.3547582802622739,0.5263333333333335,0.18390855949977342,0.18507099391480736,0.35206904182341237,0.35235903929899204,0.13283108643933383,0.6568904399590573,0.15058010291321278,0.13335297754671155,0.2373141978472578,0.7741956847467371,0.09237875319473196,0.2581148564294632,0.4230944269546097,0.4294633701472494,0.18497409326424874,0.6912874739175979,0.33533295998530194,0.4215246636771301,0.3527559996225663,0.004565614220864069,7.156716149172535e-05,1.0,0.46930422919508863,0.6334578663345786,0.283848634040883,0.30501491240866657,0.0
0.3780162497936663,0.17642222309228298,0.4124114144716094,0.19994853319608852,0.6390032136146682,0.1759557560137457,0.055899851264253814,0.31918329127177614,0.2591826364692218,0.3610650050837572,0.5125065303622476,0.33078002572798504,0.15576352853965905,0.042937178329888845,0.2146914376426233,0.7909974056996438,0.43192219679633864,0.8985601682433185,0.47882160628861276,0.04810185701706659,0.10458911418893788,0.16066666666666674,0.3058882304773013,0.15164300202839756,0.21033414472228382,0.1269333858401239,0.2878667724028547,0.3748079505584561,0.6106723824518794,0.6005487716272341,0.17888262429523324,0.8470427370813971,0.0011547344469819711,0.27340823970037464,0.5573275997526803,0.29721427152953833,0.27150259067357513,0.7803171980125261,0.23788854972167633,0.2017937219730942,0.3208878784312939,0.0,0.0,0.7364190808850211,0.19747612551159613,0.26852428393524275,0.4168294045442499,0.5090135772528727,0.0
0.37416621651238213,0.34853764535452797,0.30821618121655714,0.4201621204323212,0.44929500352703344,0.2186426116838488,0.3173029251363411,0.47552803373977426,0.2944250871080139,0.6753044506586058,0.4608731571726592,0.5557244766693955,0.4100259451445516,0.0577372448860485,0.330290703442802,0.51506609960114,0.5300343249427917,0.9710349568008142,0.38056203274117173,0.034071049489294236,0.20716148268809464,0.3999999999999999,0.08410749971953903,0.13931034482758628,0.17577174153573805,0.056126269659658584,0.24742268041237103,0.5439404885926158,0.6431017515251842,0.286179702288068,0.22757560225525378,0.6805647095240666,0.0,0.132334581772784,0.4338394127955119,0.25587561449692736,0.19378238341968912,0.4019319928347946,0.25805543391348257,0.36273044344793226,0.3048506048815627,0.007904645417360552,0.0,1.0,0.27830832196452937,0.2714819427148194,0.40327114980963585,0.4521848483844246,0.0
0.4181621802953079,0.34109862573900784,0.45263583497365556,0.25733401955738555,0.8609960780324827,0.20618556701030932,0.25731284085275163,0.22642425903714314,0.31126596980255516,0.4791021031351271,0.6704564391456577,0.6492807858729973,0.29429206819866577,0.047978689274388746,0.3597579124913187,0.8259592954537169,0.2297482837528605,0.3828609784554372,0.29430995937402343,0.5949701502790861,0.3672357034974752,0.42366666666666675,0.42265919502670785,0.4193914807302232,0.23622482850188106,0.4187486077485556,0.2628865979381443,0.5538240339848678,0.17581074713756217,0.2996531474588682,0.3721168631471041,0.774740706764335,0.05138568216962173,0.06803995006242197,0.4615112429009552,0.6182722800938814,0.34818652849740933,0.49013849382165314,0.32134562036803455,0.4738415545590434,0.20212480506548927,0.010630385404267563,0.015386939333405522,0.2866007655771726,0.5002273760800364,0.4645080946450809,0.6633829609706436,0.19783623621490223,0.0
0.38390264323967593,0.6233115383109511,0.49245582284345835,0.447246525990736,0.47918537257361804,0.5030068728522337,0.375805651958354,0.1526880265544791,0.48461091753774677,0.20038615313089386,0.5661879672373438,0.30171909718161627,0.4299481097108971,0.05279619193135603,0.3951780930647883,0.6509929409324073,0.4498855835240276,0.3549446816115096,0.4581600519243252,0.8699995958277553,0.332915748927592,0.36733333333333346,0.8878305218403462,0.3185665990534145,0.30356550121708353,0.4641128126268814,0.43695479777953994,0.32686826574573913,0.1962538544983028,0.4158420054383287,0.4208098411071245,0.31344435822351524,0.07043879918279183,0.35112359550561806,0.5055104955359256,0.5486669258954946,0.444559585492228,0.4981506436806821,0.25278648931537173,0.49476831091180873,0.7211688171065396,0.022419208381496667,0.01259581994584775,0.308235621518568,0.1946339245111414,0.38356164383561636,0.13359332054679707,0.17640894976552862,0.0
0.4519958269386975,0.29944011589209507,0.40122162114821003,0.249613998970664,0.7393185401364988,0.29481672394043523,0.22492150057841676,0.2320180133372462,0.2272551296941541,0.30723250352354153,0.5766600871063139,0.3993295131173741,0.22263404991351624,0.024864854337403736,0.2516122631213415,0.770907362468821,0.2686498855835241,0.1355491006757602,0.34748431452679157,0.03671183514780204,0.5901846046110182,0.11166666666666666,0.7117309679962763,0.37546991210277214,0.21323854835140524,0.3168142678673408,0.3441712926249007,0.5081159156705709,0.19712749377196342,0.28052311859564605,0.43567401332649913,0.24241686543397603,0.291570444578046,0.07927590511860173,0.549983680454546,0.46390011913487833,0.32607944732297056,0.315875783907254,0.17289284990317058,0.3961136023916293,0.22616624141649141,0.025076804732563556,0.02197111791257164,0.18671746962510583,0.26648476580263747,0.24339283243392829,0.3488244510601161,0.5125009945544607,0.0
0.48258065521738536,0.20273286089033318,0.4687749972314113,0.38458569222851263,0.4030330427139368,0.29080756013745707,0.21864154685176007,0.25924504269612586,0.2874564459930314,0.5020845364677596,0.6334490919319821,0.3999532218453983,0.4174851742031135,0.05220211328352858,0.46095842841551743,0.857260865300453,0.4911899313501144,0.3538061538503781,0.14805644366451118,0.535346384912846,0.40517907244435025,0.4513333333333334,0.41534462595625216,0.5158891142663963,0.25651416242531544,0.4199407629401162,0.23394131641554305,0.5272526809628936,0.1646281882698991,0.28745955207394447,0.3828805740645823,0.431387304629039,0.04849884517085171,0.16448189762796506,0.449042273815477,0.6303607252890324,0.3678756476683938,0.20351225001196638,0.3250357382580539,0.5291479820627805,0.40325021241796893,0.010221523589226844,0.015029103416704083,0.14251801759317995,0.22191905411550708,0.3462017434620173,0.6299739715794336,0.1832923229562362,0.0
0.16342697172805695,0.32030852355037,0.37873079137165333,0.4381755018013382,0.570729864951628,0.2873711340206186,0.42835894893406046,0.3353344365135407,0.0508130081300813,0.9687190628606712,0.4349589237621049,0.08934627528943981,0.3519736842105264,0.03354090963768017,0.3154082746304198,0.30114925476345195,0.26573226544622425,0.8297818194569435,0.38027356426837183,0.07073388257547067,0.15237819413378964,0.31433333333333346,0.199822207129572,0.35837728194726165,0.2922383270635097,0.07619628917398072,0.2906423473433781,0.4454663735718129,0.6670743941262776,0.42931844235476024,0.5366478728856998,0.3441207356264628,0.0017321015903534027,0.15823970037453183,0.5809293984453219,0.21902091128033324,0.5233160621761658,0.4272425575563738,0.33401684461794456,0.20976581963129054,0.4023964162721482,0.014105702964661323,0.0,0.4033182454039859,0.33287858117326063,0.3134080531340805,0.42256804655706265,0.47027369368897093,0.0
0.46919209786471144,0.399566709734675,0.45652654913075036,0.52856407617087,0.38110219752554775,0.47363616838487965,0.36781110560237973,0.276417054999858,0.42457897793263644,0.4719154294191433,0.5608375919696827,0.27143024207695,0.4221645663454412,0.03761257375134062,0.20323196745708902,0.9276328127319529,0.32723112128146453,0.29810186834562186,0.48891800283660664,0.043425017217587646,0.4351564510795191,0.7682916666666667,0.14950389973100175,0.45509127789046666,0.6527992918787344,0.4502262001787035,0.34674861221252956,0.44773039346914495,0.3541724955300075,0.5230284633729605,0.4607252690927729,0.38389392619901913,0.21247112927129264,0.21075218476903873,0.40966031120459545,0.5949985314257382,0.35155440414507766,0.5035588514798648,0.20609054900298157,0.5840184354758345,0.6574035276407961,0.006337344818981009,0.011522313466932527,0.37449328490927936,0.33196907685311505,0.3774906600249065,0.4164455275520943,0.31482544468132323,0.0
0.2288686552421411,0.3263771974472417,0.43270931880664165,0.23280150969291474,0.5596977283219433,0.18835910652920956,0.20310692447529338,0.3262283762274107,0.1220722028648858,0.35116477344305536,0.7562258973495528,0.4793591392819553,0.2053372868791698,0.13155353154271815,0.3743426927274533,0.83024686254267,0.33485888634630057,0.6239744596283422,0.41210125243395274,0.14584312601595925,0.12163276644644008,0.22005555555555553,0.2766501776490443,0.21644354293441517,0.11993803938924541,0.4076036235648607,0.23665080623843499,0.31936406381008653,0.5463027821907094,0.5601777761737378,0.6327951477874593,0.35018795153902205,0.0057736720746707475,0.270287141073658,0.28362206819821745,0.7416833121515705,0.4458549222797927,0.5592230541064186,0.1994199596898391,0.3342052815146985,0.46264415311984924,0.009676376318071812,0.0,0.5533561150089349,0.14256480218281029,0.17105991421059913,0.40562902402639256,0.6953245699388959,0.0
0.34632906045635314,0.3575819270976077,0.30338350425432536,0.3242408646423057,0.8258135195649714,0.27663230240549835,0.45066931085770934,0.4295003067682266,0.29907084785133553,0.4548966166927575,0.5583079430392894,0.43971465325692916,0.49337472201630844,0.05309829264194,0.33237424347653555,0.13161165131370517,0.6649885583524027,0.9579860489019496,0.14055626337171567,0.03714414723689617,0.19636114976654137,0.3933333333333334,0.05949548442971986,0.4343204868154158,0.3424845098473115,0.1279435953299398,0.36835844567803305,0.47360231443991824,0.5537811137160771,0.3090619025412742,0.43926191696565864,0.4271087576438396,0.015588915434854378,0.3155430711610487,0.20146752938365636,0.1749321666245479,0.444559585492228,0.13470955281802738,0.26351511923529963,0.34479322371699056,0.27543869927598985,0.012265829033298583,0.0,1.0,0.37244201909959074,0.4051473640514736,0.4279154916536955,0.4643052636047351,0.0
0.6795159748588271,0.5352961904389021,0.5036569805059381,0.39577972207925904,0.32271891686796733,0.406786941580756,0.07486365889935545,0.5007522361385357,0.2874564459930314,0.5105118291445665,0.5620997354968631,0.6207461115658989,0.6297257227575984,0.07235048736073971,0.35707907530508987,0.9926136852632241,0.5176201372997711,0.9399646697726056,0.4893146469867065,0.012185699295346998,0.17310257919566804,0.43833333333333346,0.09461197258094252,0.4187423935091279,0.4031865456959507,0.1531759895859445,0.18120539254559864,0.44336760703012434,0.6023203719275294,0.5071349809145623,0.7934392619169658,0.0,0.034064665304653054,0.266541822721598,0.2995185252986303,0.2105987849337166,0.7445595854922281,0.15375768633102382,0.3382122657826666,0.7110114598903838,0.2644954541165526,0.015195998717348669,0.0,0.3059369033950037,0.582537517053206,0.7575757575757576,0.42966969878569994,0.4344353953490945,0.0
0.20813789359656404,0.19242264072145443,0.3978512413487053,0.6829644879053011,0.232320697373019,0.5706078178694157,0.3547967278135845,0.24483811495279767,0.2535932055749129,0.3708705861468972,0.6711148821287622,0.31931937785054376,0.3139362490733878,0.35370641878789916,0.2365686079968251,0.5980846035809086,0.09382151029748287,0.83857062967913,0.6721676001826968,0.09438709990361943,0.1258640421500172,0.5918333333333333,0.2714475444541695,0.6219066937119676,0.40318654569595064,0.3603167104179561,0.442852894528152,0.17197642941992586,0.28047245007232197,0.21512517368745465,0.3203485392106612,0.3072117422487119,0.024249422585425853,0.3306413857677903,0.4057609944878233,0.3124121027110537,0.28581606217616573,0.5957440529533645,0.558405351674724,0.5295216741405082,0.3796002208363769,0.0019080178697971789,0.03599828279641425,1.0,0.3685766257389722,0.5710875882108757,0.31169124709995233,0.5229435478355451,0.0
0.07043058110918723,0.4729650366078071,0.40467802430530225,0.4812146165723109,0.49765768312504816,0.25701603665521194,0.4658734093538258,0.3236202370494349,0.17982965543941157,0.6615212972112168,0.57682068484486,0.40930885276575835,0.44032616753150483,0.022120598006361285,0.29209246949102097,0.5015763860415141,0.5093821510297483,0.6693012282290817,0.1978653333012813,0.05337071285586486,0.04547320991867581,0.38722222222222236,0.023791199225026524,0.4154969574036512,0.31843328169949126,0.20183834180744462,0.15992598466825259,0.6183793017060348,0.2531800417918329,0.2178313263310656,0.2183495643259867,0.8067052447812127,0.3025404190201903,0.25697045359966714,0.6259261561510694,0.009235094991204701,0.1609671848013816,0.8908058858945482,0.22689838938271567,0.40375352931406744,0.9999999999999999,0.0,0.010090969800126769,0.4357573799391222,0.20767015309989387,0.36598865365988664,0.4073231466000279,0.45573207658889336,0.0
0.2276350586775501,0.561293606358404,0.3333511335663114,0.591868244981987,0.12149055645718765,0.42525773195876304,0.32077342588001984,0.35995579024848534,0.20528455284552843,0.32028198506529987,0.5944512289540552,0.533270962460531,0.6323202372127502,0.03624839888628379,0.382081555709892,0.6763173412235943,0.3803203661327231,0.8307933690239448,0.3358494194571985,0.046470364803775456,0.18390473931587667,0.4556666666666668,0.18121423360746425,0.4197160243407709,0.15988050453640187,0.09348655399548009,0.30808881839809665,0.4827471798518917,0.5091906716523005,0.3551973269939984,0.3229113275243465,0.5866622784341573,0.0,0.49438202247191015,0.09311465189998086,0.2500808744304918,0.4352331606217616,0.5549382521274324,0.386484102367815,0.23318385650224221,0.3527559996225663,0.0019080178697971789,0.0,1.0,0.4092769440654842,0.5491905354919052,0.43646067984977777,0.47990262801572003,0.0
0.5032371711329622,0.11704057528418359,0.5975647936958145,0.224909933093155,0.85636216318442,0.30541237113402064,0.24144769459593457,0.5627211965575422,0.15969802555168405,0.32322352791803,0.773091011257707,0.29563793708338215,0.12861378799110457,0.021963252094497322,0.16747693223534085,0.8480900530021991,0.25720823798627007,0.5718859895701407,0.33527248251159897,0.17295221382881917,0.14347562548522863,0.14200000000000002,0.15534953133153406,0.1996754563894524,0.09909548572693075,0.463618906346455,0.33703409992069766,0.5982040214861225,0.296232875555941,0.629512098524357,0.4105586878523835,0.530905262835341,0.3319861420502205,0.26591760299625467,0.3741818569629829,0.4773247136178193,0.2761658031088083,0.635956218354321,0.47853721142370625,0.2566018933731938,0.3044803304504594,0.001090295903984508,0.020110371654199793,0.4382031771645284,0.27512505684402,0.23080116230801156,0.43273686319927196,0.6179774876555291,0.0
0.8794626984438296,0.14272476932513736,0.41198851890422894,0.08440555841482246,0.9722598885755138,0.12628865979381443,0.043133366385721406,1.0,0.13124274099883856,0.5108586340162597,0.5368852490667707,0.06829610571862937,0.12861378799110457,0.10419299107795896,0.11866256573072731,0.7375190400900771,0.06590389016018308,0.7271643182207688,0.6321065410226208,0.12884225768034457,0.077574001930346,0.24699999999999997,0.08787030151811052,0.10166328600405683,0.17216198273954422,0.48671455375803496,0.44726407613005525,0.46272618360857937,0.08631535763852985,0.21155996265541643,0.3700666324961559,0.3953933270766283,0.6189376802472036,0.16136079900124844,0.5860189303301739,0.532976385414268,0.48911917098445595,0.6129472202148931,0.37479503320187335,0.4952665670154459,0.41648708310706856,0.0,0.03778746110873235,0.43043258667323425,0.19236016371077766,0.4852635948526359,0.48938181337834924,0.5069474955453628,0.0
0.2456599807163102,0.192318233428605,0.3075470147783051,0.3985246182878711,0.051569899364301786,0.3621134020618557,0.0555280118988597,0.2520068873113093,0.5130662020905924,0.275066840864979,0.7460532052411816,0.7344170272482753,0.1900172967630344,0.015918653436438425,0.2028971128088105,0.5377452286558382,0.32662090007627764,0.3311600169506379,0.33786869876679726,0.16528863478405906,0.1918803820030883,0.23933333333333337,0.28365085971548526,0.3642190669371198,0.19229918123478648,0.43222362380408996,0.30769230769230754,0.44826230802464917,0.47148450865398256,0.5953021045743315,0.4551512045105074,0.5554030361844965,0.04157043945039453,0.19662921348314613,0.4378849378562226,0.5384497016800225,0.21761658031088082,0.3411179870014913,0.28791272102934934,0.2825112107623319,0.13928357479244757,0.004701901189949988,0.0005009701403732422,0.4060634894001847,0.14779445202364708,0.31382316313823155,0.286493364623085,0.45233715128557306,0.0
0.7191330092948348,0.38651579812849934,0.49290702196210245,0.5187853834276892,0.30031934011745975,0.35352233676975947,0.5934556271690631,0.46606412099168004,0.5818815331010454,0.3775029119774983,0.5946693017540681,0.7999064436907966,0.3647146034099334,0.06222415341860262,0.2404008334160135,0.9001614344079467,0.5107551487414188,0.9279039007747,0.6217216760018272,0.015245498220912944,0.1888421478563293,0.5066666666666667,0.10735932766333318,0.24738336713995945,0.402190750165966,0.09464091143480727,0.3203806502775573,0.42411301455556266,0.6627761143240731,0.5129582475778732,0.8159917990773963,0.08369093998309396,0.02655889115891158,0.28058676654182274,0.4190378530566352,0.20005503711112144,0.5202072538860102,0.20269334008625428,0.31879227082919337,0.4907822620827105,0.47411424969333515,0.011107389039582475,0.0,0.3960921281542586,0.5093224192814914,0.44707347447073464,0.4260696263180998,0.42773997538338954,0.0
0.5607738082668527,0.41376610156219407,0.37856915411403563,0.19994853319608852,0.7858643235784654,0.4424398625429554,0.6177491323748142,0.24497968436000556,0.30168408826945414,0.6012498363286025,0.6700021094133228,0.6656531399836277,0.305596738324685,0.031256744965619664,0.31659886893541034,0.6681214116030583,0.3606407322654462,0.30062750309644315,0.2940575494603236,0.08729788071037167,0.3957491782360243,0.24633333333333338,0.37246276543818607,0.198052738336714,0.25419063952201826,0.3037601919966171,0.25971451229183173,0.5919447925464719,0.3140900432414099,0.37257139112372806,0.4290107637109175,0.3452307541012955,0.11143187533555352,0.17634207240948818,0.38779882399765997,0.6399750843856471,0.28704663212435233,0.3923773035198167,0.2197328189252981,0.3507722969606377,0.5438530332495966,0.014105702964661323,0.007085149116785952,0.5820395931182152,0.16734879490677587,0.08592777085927772,0.4372814717555547,0.4140247236033787,0.0
0.16484714605717424,0.03121778056197225,0.3773849239008703,0.15491507977354602,0.9802905354294502,0.08419243986254299,0.13683688646504705,0.3485754873070501,0.0,0.46182309246727016,0.3025762265368033,0.08326511519120572,0.0022238695329874006,0.43782919379041263,0.017759698382776072,0.5941782141156549,0.06681922196796339,0.7340398892579679,0.015360946176590791,0.2226184182962761,0.03426854971206005,0.047666666666666684,0.3074747490480375,0.0349290060851927,0.01648594821863246,0.7759126686925714,0.1486419508326724,0.9102698565190416,0.2515725566513874,0.4180820631077873,0.4042157867760122,0.7095437594428716,0.030023096582965893,0.023135143570536826,0.9926247131917789,0.819432581255811,0.31392487046632117,0.8278626852666033,0.5442607963887196,0.26226955655206774,0.33809533244605516,0.0,0.0,1.0,0.3228740336516599,0.08343711083437111,0.5619486112831041,0.8786424057683371,0.0
0.25466001730552285,0.3172937629693435,0.4974667822037734,0.37210499227997945,0.31474538327504453,0.18470790378006874,0.1412989588497769,0.29639567124459604,0.22590011614401861,0.2266573752557503,0.7879052627695015,0.22453514208864464,0.223128243143069,0.007153658348730274,0.28445282270066485,0.7558089891398672,0.2480549199084669,0.4556634305317874,0.35229212240678864,0.1678654368363514,0.15452038594864573,0.34000000000000014,0.21759876741458967,0.4469776876267749,0.34377074574020816,0.4561849571261387,0.2569389373513083,0.542927076980848,0.42420323220312545,0.6499829517987039,0.43208610968733974,0.731611661678508,0.11951501277892783,0.16260923845193512,0.4427642537817169,0.5826317727936954,0.5523316062176165,0.4056896887826338,0.3133828621553699,0.40408570004982564,0.4057565602230337,0.0029301702892387273,0.0010019402807464844,0.36117541955919014,0.11095952705775355,0.22083852220838518,0.40719890248275503,0.5367160055198041,0.0
0.1684107441114075,0.38996123879252964,0.4198327729726737,0.3546062789500773,0.3453506990996902,0.45747422680412375,0.3896876549330689,0.2779113704258949,0.4375725900116144,0.6779641324725263,0.2813780148514529,0.11834873114255645,0.6464047442550038,0.026162912957724063,0.29516817144558,0.6998623175524357,0.2874141876430206,0.6414067819062066,0.39210077165316487,0.06270441233860458,0.22521041197972216,0.28800000000000014,0.14448030297336256,0.23598377281947264,0.4177915468023901,0.03718968969817921,0.15781126090404435,0.35131587798221003,0.39694578220568577,0.12725684468661225,0.23577652485904668,0.6569300337612394,0.0,0.11579275905118606,0.7467008253610672,0.14074133030354963,0.14818652849740938,0.5630559262792796,0.3357926884298964,0.19730941704035876,0.6695640544438533,0.01424199023634156,0.00214701486461409,1.0,0.26830377444292863,0.16977999169779984,0.41083908411536973,0.43914830924801723,0.0
0.38027922239585304,0.15159938921733682,0.40287793979068015,0.278950077200206,0.8554979043406116,0.29553264604811,0.5294992563212692,0.18961812454122612,0.4294425087108013,0.26117314536160763,0.3712995081210312,0.15764238100806924,0.11156412157153452,0.07652365872363626,0.19545589840261937,0.8038404702587498,0.1821510297482838,0.5309576097907324,0.2069040121156759,0.3670210003692059,0.12142570710316378,0.4206666666666668,0.21669271951178687,0.33630831643002035,0.40982518256251405,0.33915424195662947,0.26764472640761283,0.35054426196579,0.45422143315374447,0.415500519044123,0.4136340338288057,0.2962711448265418,0.004041570644556452,0.21566791510611738,0.36540001740804723,0.5081157129762297,0.4300518134715026,0.4277717376358885,0.36917563915439394,0.25510712506228195,0.29375067782905506,0.002180591807969016,7.156716149172535e-05,1.0,0.42337426102774,0.2474055624740556,0.2978694134188796,0.2918131911258313,0.0
0.15556108791104162,0.4175247641047727,0.40564724608262864,0.46011322696860535,0.4813736002330123,0.2598797250859107,0.5547843331680715,0.07834624824107418,0.33449477351916374,0.329593545749366,0.5891646619413444,0.4738627061162437,0.4484803558191253,0.2804407955200742,0.3049905744617522,0.5594281001475854,0.3318077803203663,0.6254019757586772,0.4388326642467368,0.22903448233994547,0.2656212935455265,0.3366666666666668,0.42972240660688044,0.2717241379310345,0.3225271077672053,0.8501179671368733,0.4512291831879459,0.3463789475814004,0.18297455342878988,0.4278573307740453,0.3726294208098412,0.4928081060343926,0.03290993101791019,0.29244694132334587,0.43981592873013126,0.5663839254644929,0.5932642487046631,0.2962192857332364,0.34666735900023826,0.4808171400099651,0.1843446003190027,0.004156753011011993,0.0,0.19441812566099795,0.18462937698954077,0.2694063926940639,0.1889047873904374,0.14134017171434832,0.0
0.14399940530352184,0.444735914803649,0.4298377080936062,0.5275347400926403,0.40420801933298817,0.5197594501718215,0.5225582548339118,0.2748952157286754,0.2767131242740999,0.6331240791808146,0.3906063773652986,0.14454449771956493,0.6441808747220165,0.0244438604928702,0.2823692826669313,0.7933754204040615,0.4594965675057208,0.6335426058462426,0.49969951200750035,0.055244625755838085,0.46836761383928005,0.3893333333333335,0.1126062603435722,0.3181338742393509,0.255642841336579,0.043778941325105375,0.21213322759714504,0.6649953247668007,0.42091838508145735,0.23631718012303193,0.3562275756022554,0.679422762372503,0.0,0.19101123595505626,0.5452597124998552,0.17886262144806553,0.48549222797927455,0.2605922691423782,0.4458516168328416,0.18186347782760337,0.20578607967933787,0.013151694483654214,0.0007872387466154844,1.0,0.3242382901318782,0.2984640929846409,0.4177043337550653,0.4589763685176802,0.0
0.16770369052780928,0.15065972358169216,0.38003819108261555,0.23726196603190947,0.6338534614687709,0.15363688430698738,0.24739712444224093,0.37751566365090305,0.18041037553232672,0.6084909819056672,0.5180635350418268,0.22593848672669867,0.2377069434148753,0.035924182023070246,0.3069748983034031,0.7702033536114443,0.34675819984744455,0.8093150339436066,0.331714704680401,0.05546371268977366,0.07432656346797617,0.1918888888888889,0.1697811861056549,0.2188235294117647,0.2746182783801728,0.1108600677793519,0.28786677240285485,0.3250591229655088,0.5387894923822922,0.694905769510218,0.2617461131043909,0.8500485745386763,0.06004619316593179,0.10903037869330005,0.5931034757943516,0.4544352863631413,0.45664939550949896,0.43388903972581344,0.34618493061627126,0.22836738083374858,0.3843288776897582,0.0,0.0007156715950549239,0.2950379990319919,0.16037592845232682,0.2558461325584612,0.421023866248955,0.4480291560577873,0.0
0.3180933197982854,0.2333502995184214,0.4078646149583433,0.5223880597014927,0.10514087877712658,0.1692439862542955,0.19286068418443236,0.2920299136837031,0.133855981416957,0.5100329816339945,0.4734879775956846,0.3227692667524267,0.33951074870274284,0.11439041664663155,0.25736680226212927,0.7548606019242847,0.4842105263157895,0.9289077707279783,0.5816245582826511,0.05501379637062157,0.082794397862547,0.3000000000000001,0.1618367566443199,0.29618661257606493,0.3046027882274841,0.07946527825114638,0.3096748612212529,0.4186695743766643,0.38244337820798363,0.16753096456728434,0.2885699641209637,0.41630046338051097,0.0005773672234909856,0.22534332084893885,0.650701826621907,0.26622431172247285,0.32020725388601035,0.6945945852425126,0.2979668697063801,0.3243647234678624,0.37310819385231037,0.0,0.0,0.35904904365341583,0.5743519781718963,0.49190535491905363,0.36482851008980505,0.4412726620641936,0.0
0.7621681695797974,0.35769938530206336,0.5246807330350912,0.4539372104992282,0.3914906175788053,0.28307560137457044,0.5166088249876054,0.4338458886710266,0.40824622531939614,0.39483681213959104,0.49414149351177894,0.6184072038358087,0.41994069681245383,0.05656641757194077,0.22522075602738367,0.897573710939394,0.6173913043478261,0.5384983826762101,0.1904613091660857,0.09272364895124269,0.10918496567639602,0.3036666666666667,0.2268996555872525,0.413184584178499,0.1303385704801948,0.28266632293406435,0.17882632831086437,0.4193871784662744,0.2663894262952471,0.3179312411375471,0.4146591491542799,0.5762756420337241,0.14607390906549086,0.15761548064918857,0.6536034825768408,0.345549217025017,0.28860103626943,0.4235794630343624,0.1742098181584234,0.2127553562531141,0.39184113273720517,0.001976161354340138,0.0005009701403732422,0.22891491025922397,0.25875397908140074,0.23329182233291818,0.22953595377368094,0.32621826744638305,0.0
0.7669566860797702,0.3232449786617596,0.51723518230975,0.5961571453079431,0.12791885672485687,0.37013172966781216,0.267889605023963,0.44528162157838025,0.3343012001548586,0.4061662298321682,0.4980377920205119,0.4161696487740225,0.4986409686187299,0.05865414281793247,0.21172735390415717,0.9050076611346898,0.6802440884820746,0.5349311734998926,0.09190124762614488,0.09207978852525417,0.11208660679323962,0.2914444444444445,0.25397908714150325,0.41722785665990536,0.2310245629564063,0.29618946656231826,0.22363203806502757,0.4888141781691327,0.2767333041722989,0.3819412060249008,0.35127285152913035,0.4079386213428789,0.15011547265952657,0.22430295464003328,0.366924387615696,0.43704797228125997,0.27253886010362693,0.3735525514190887,0.19109010977938345,0.4549078226208272,0.45243002569154456,0.002385022261597893,0.0005009701403732422,0.25177652777715287,0.2913445505532818,0.3803791338037913,0.25044407247874634,0.34237659951391974,0.0
0.6883903918274885,0.27125014682275556,0.6611297738535354,0.39835306227483286,0.5164387373247342,0.3002577319587629,0.4179474467030243,0.45227238091990773,0.2531939605110337,0.3327171105008544,0.6790461190704901,0.5360776517366391,0.26538176426982957,0.048472860363584454,0.1514039091179681,0.8047728850326197,0.34004576659038904,0.6669323122993719,0.3182528426164091,0.03567189135408898,0.39639374242255626,0.4286666666666668,0.13439888038499093,0.2301825557809331,0.3779597256030097,0.5488576269132015,0.36241078509119734,0.38175526713626173,0.05329186658600307,0.10285849423067972,0.3059969246540236,0.46543028541575965,0.3481524374475749,0.1638576779026218,0.6814517705010393,0.19479649069399219,0.3715025906735751,0.5439940768879779,0.18326267644613806,0.3442949676133533,0.33235801607976634,0.014105702964661323,0.014742835446056389,0.3840513793259359,0.3560709413369715,0.36944790369447894,0.4141369761301056,0.3771417206626486,0.0
0.31594265057814824,0.33295485689675425,0.38601763874408096,0.7920741121976325,0.1762029080402931,0.6121134020618556,0.4918195339613288,0.23868063152804325,0.4753193960511033,0.422579585461976,0.4286412890209095,0.24979534557361707,0.6641957005189031,0.32450511606480464,0.4990574461752159,0.7215605037971191,0.6933638443935928,0.5956965461130344,0.49854563811630087,0.4405058839783157,0.1521580166958192,0.16766666666666669,0.4678427283161676,0.519026369168357,0.23025005532197398,0.5291166826119575,0.5709754163362408,0.19470590572517982,0.30116020582642555,0.47830267348088173,0.6181445412608918,0.17771673801533927,0.0,0.5056179775280899,0.3668659520390396,0.899578759387766,0.48756476683937816,0.2459100322261457,0.18637164964551642,0.44942700548081727,0.18117526094654973,0.025349379275924035,0.0017891791068112874,0.4033182454039859,0.13551614370168266,0.6317974263179742,0.8902273177106057,0.40981910996918475,0.0
0.5411130805231725,0.3708547042010884,0.3180748821860137,0.5146680391147711,0.38516681027725075,0.3277491408934708,0.5081804660386714,0.42287827350649865,0.4294425087108015,0.32502281988270115,0.4186099959172819,0.3742252368144078,0.3484062268346924,0.05268609709573043,0.1731322551840461,0.7470969617409287,0.46361556064073245,0.6813230092439095,0.325176085963605,0.03779998156232041,0.1457180748958699,0.23566666666666672,0.19933521232077656,0.42653144016227185,0.24286346536844447,0.49743174251241484,0.45162569389373486,0.3355881638486734,0.33463796586331607,0.5501934187294673,0.6022552537160432,0.3123394364946243,0.07736721003090045,0.3483146067415731,0.3965527082734128,0.33704039396888724,0.3896373056994818,0.5103728096436045,0.3524375173849375,0.9491778774289988,0.5955933349780094,0.005792196942637335,0.003220522296921135,0.40030911333574765,0.25056844020009095,0.257783312577833,0.4026945423065812,0.40111801617770393,0.0
0.23975070110461316,0.1997181003093066,0.5439207260038932,0.27980785726539714,0.3423492378216275,0.38674112256586474,0.25400760204924794,0.0715175737654049,0.39198606271777,0.31517251820330733,0.4205072472534782,0.4233422991462985,0.448943661971831,0.2760517261289994,0.5361643020140889,0.4785342127822378,0.27280701754385955,0.660972456543397,0.10286304959253831,0.11897281712391752,0.14213007242325307,0.580777777777778,0.6442965540996156,0.5303853955375254,0.39718411152909955,0.9932471146258273,0.5347607718741736,0.48445370555351214,0.11329326054753969,0.31802764183011245,0.5832906201947718,0.4051725699806118,0.18706698009060108,0.5079067831876822,0.4452658730793543,0.5588139767743254,0.45803108808290144,0.6699355546646938,0.6048576940828074,0.5263245308088357,0.3144511114792454,0.0004770044674492947,0.0,0.1065271151162211,0.4080642716386236,0.4786218347862181,0.2526680510831877,0.259798733687785,0.0
0.27548886354163465,0.514414731869021,0.3819490486664122,0.3412249099330933,0.5441713117547369,0.29252577319587625,0.5007436787307884,0.4039721102958417,0.20615563298490125,0.4564284850656352,0.6428227186108202,0.5547889135773595,0.34210526315789475,0.1456512264174764,0.25468796507590047,0.683295982874536,0.3235697940503432,0.5259882204164118,0.2876751844996274,0.5327130150421544,0.07789122943602733,0.37950000000000006,0.46540917962285033,0.5270588235294118,0.26211551228147834,0.5020687519749178,0.29331879460745425,0.529296070655141,0.2132723014678387,0.44666277898028006,0.4266401845207586,0.5668504283206418,0.06120092488884892,0.44998439450686645,0.3768337043084394,0.6647527999722298,0.629922279792746,0.38501968913224416,0.21519158452233172,0.41573243647234676,0.4494869711075454,0.0,0.000858805898176045,0.45450348421979014,0.18371987266939524,0.3204649232046492,0.3068245128513275,0.7961896693954161,0.0
0.35572546824378687,0.3232449786617595,0.45248940769568835,0.5455481214616573,0.37939378445723704,0.22379725085910662,0.16410510659395144,0.28145502301333786,0.31068524970963995,0.3026699983825195,0.645916957047632,0.6375862472225472,0.4885100074128986,0.02360758352725094,0.23087607897608894,0.8663811295184629,0.7130434782608697,0.6785996816435438,0.19219212000288474,0.06368244611263169,0.19601630574205273,0.5910000000000002,0.15021091497281858,0.3450709939148074,0.2511617614516487,0.17273012847444244,0.19666931007137178,0.5616410033266288,0.7101621464481134,0.4155479595819913,0.47001537672988214,0.46699431961722976,0.005196304931299316,0.2818352059925094,0.49635270379230545,0.31437573218346065,0.33886010362694297,0.4805857933691986,0.35522016255414557,0.6606875934230194,0.3975879259482832,0.0,0.0,0.3946700813932994,0.47294224647567074,0.2361975923619759,0.3960734634017292,0.4224997822901486,0.0
0.35419625691495293,0.09146078853607922,0.32988836301851454,0.37244810430605596,0.47712340637149264,0.324885452462772,0.4609155511485703,0.4161113153070589,0.18854045683313977,0.4593967560674358,0.5614886397121956,0.2901804857131719,0.4430442302940451,0.0821073701776546,0.27423355491616236,0.7025952023294961,0.3836765827612509,0.8180832650891682,0.22209668501646673,0.05661744395386397,0.17869287362087652,0.31366666666666676,0.1813831066747772,0.1171331981068289,0.2523511838902413,0.10945624517528421,0.1847739888977002,0.5039396742133142,0.5131744460830256,0.3080545865360049,0.464035537331283,0.3695919580915957,0.0,0.22201414898044117,0.4617735249349568,0.2317309208846287,0.33333333333333326,0.45778192108369375,0.3773591641184705,0.3153961136023916,0.3843288776897582,0.0017717309007112604,0.0,1.0,0.28043049871153547,0.2505880725058806,0.4028521337933755,0.5124708356527667,0.0
0.38209421352633566,0.1588034924239458,0.3178332210880132,0.32098130039457884,0.35191088017427447,0.2339633447880871,0.4162535118162286,0.46998078964095913,0.23216705381339522,0.5048054505776767,0.48977788951019763,0.5934198729193467,0.20583148010872251,0.05706807538517462,0.25124020240103195,0.6690138013171063,0.3842868039664378,0.9414239679914844,0.43582778432173863,0.0373402735691919,0.15197521738686373,0.15511111111111112,0.14748130648736318,0.2326707234617985,0.26974994467802627,0.1346361686385922,0.19409199048374293,0.668257099746181,0.8106304245671558,0.4339359880406155,0.3837348368358108,0.6138647477423805,0.0011547344469819711,0.09332084893882647,0.5616571204988117,0.49952015921187726,0.352461139896373,0.6757053617703834,0.2493997370891054,0.28566683275203464,0.32195585316727127,0.0008177218901640908,0.0,0.7630039104784196,0.21498408367439745,0.14079147640791467,0.40323097357338145,0.4541167122371341,0.0
0.5050185529083883,0.5064797776124662,0.4513685743490329,0.4487905301080804,0.35673492424289194,0.7272336769759451,0.443728309370352,0.24643095130293258,0.5119047619047619,0.43007403778640363,0.5450772479788434,0.48742837095076597,0.2579688658265383,0.024645976240438343,0.1639051493203691,0.7408908225356496,0.5574370709382153,0.268407533560913,0.21469266088127123,0.07856106240163327,0.5263155508820978,0.1186666666666667,0.38801152329905303,0.5342799188640973,0.3802832485063069,0.22223245943951966,0.17525773195876276,0.6150300504171554,0.29955272068598005,0.37643259502116533,0.4905176832393644,0.45328138151525293,0.11720554933309354,0.1257802746566792,0.7918039467509362,0.5237618511427016,0.27409326424870467,0.47141585216474097,0.2824548070900844,0.5156950672645739,0.29688852826189394,0.03863736103125849,0.02533477578380299,0.7024608780423149,0.3196907685311504,0.33167289331672883,0.3545492688238377,0.48267828539025814,0.0
0.26596763123987543,0.526525977839552,0.40342424329238535,0.5210156115971865,0.27061443222406495,0.2847938144329897,0.0715584200958519,0.27938020081013015,0.12698412698412698,0.42417849597440965,0.9393167434705442,0.8437219818344832,0.13021991598715102,0.03221143773815333,0.3407084036114696,0.6811042820049211,0.30556826849733026,0.9037385732496144,0.2288276160484627,0.04852373032203728,0.18001997594860397,0.2758888888888889,0.06397579535612595,0.2785395537525356,0.2865678247399868,0.15111371135647902,0.141686492201956,0.4527001433753196,0.6637195907131892,0.4549624037298995,0.21937467965146082,0.6010038720534114,0.011547344149341495,0.20349563046192265,0.5619414858320274,0.23643821222409322,0.2652849740932642,0.5193344267204708,0.26626369262652855,0.21109450257432322,0.3484450497703775,0.000272573975996127,0.0,0.3591574824443936,0.37441261179323926,0.2303860523038605,0.46379808302235426,0.45120243268021093,0.0
0.4625220591835815,0.40081959724886784,0.4565317334221123,0.5383427689140505,0.21529495287389439,0.1937285223367698,0.16906296479920674,0.2229379902688235,0.5139372822299652,0.6529116141849693,0.6621091625185794,0.340544965501111,0.5252038547071906,0.027086738581983356,0.3353507292390119,0.6178205283834048,0.6242562929061786,0.23695872881198865,0.30354095050361785,0.08399903599009478,0.3610467433215231,0.46766666666666684,0.3508787423672537,0.5566734279918866,0.4015268864793098,0.3153593126518667,0.254559873116574,0.4376627835781363,0.2861336262095914,0.3799054893308652,0.31009738595592007,0.4985354787882366,0.10161662748867487,0.17821473158551815,0.5290053945679956,0.5398776474837674,0.4259067357512953,0.38175209283027134,0.22987949500453037,0.5640259093173892,0.22957991489108814,0.015536716291360626,0.008874328064698603,0.20868664483101382,0.4506593906321056,0.4068078040680779,0.44045831737300856,0.38446874033867773,0.0
0.023447231321214124,0.3658431541443169,0.23677819040972498,0.4369531652084407,0.3450997560018289,0.6005154639175259,0.5914724838869609,0.18580435174822102,0.45644599303135885,0.3415363280182302,0.7118250308488842,0.33165711612676885,0.2790956263899186,0.003452032343537994,0.4550054568905647,0.7145594067722401,0.36338672768878716,0.7286851749075643,0.3020986081396188,0.09367003573267838,0.3395340213441331,0.216,0.11164121531780354,0.3135902636916836,0.15855277716308924,0.3661439499691108,0.20420301348136394,0.7401433116976437,0.44457648258574983,0.698811089783711,0.40953357252690925,0.6764839505050773,0.11720554933309354,0.21722846441947577,0.4840885243595943,0.4815264781440484,0.25958549222797933,0.8191836245303284,0.3603953550905127,0.44394618834080724,0.2716662045866691,0.005860340578477455,0.004079328115647862,0.4737658498081859,0.1755343337880855,0.3051058530510585,0.34068987524848604,0.32449879826310507,0.0
0.32961790461172213,0.3154144316980542,0.3438079150971942,0.4261451363870306,0.43205866312040964,0.31427190721649484,0.6710461080813088,0.4421289095321739,0.16314605110336816,0.6314826194651689,0.41211084853355373,0.38194363232370476,0.5774647887323945,0.05000102071656203,0.2936055164202798,0.6519526967682676,0.5592677345537758,0.8740218717686988,0.5073439265366957,0.042885657995195066,0.09237242425751399,0.5197916666666667,0.3049480361304289,0.605030425963489,0.3069263111307812,0.2844352577385879,0.2946074544012688,0.2809361428316556,0.5540257422467791,0.7255926268191474,0.6688877498718607,0.30339629202698815,0.0011547344469819711,0.15761548064918857,0.4639070998696864,0.33223610431089695,0.31709844559585487,0.4229909275915952,0.4303421784869936,0.34529147982062786,0.3675494256909702,0.0008858654503556302,0.0,1.0,0.5623578899499772,0.3938356164383561,0.42458962557754315,0.4501119095327481,0.0
0.4790855974687485,0.1002310011354293,0.35329913314833444,0.26608337622233663,0.8031228209763892,0.14288015463917525,0.34612047595438766,0.3471933060649403,0.15272938443670148,0.4065288566310163,0.36893263304233126,0.4339258566249561,0.0496664195700519,0.049183277800686785,0.15791497172338528,0.8205446377130772,0.13592677345537763,0.5926322908565175,0.29517536479242296,0.06403960840290049,0.12135044439333253,0.2581666666666667,0.0712371513352791,0.2697768762677485,0.2498340340783359,0.23791171832560978,0.15523394131641544,0.5227208951147185,0.4520198558280682,0.3672145518507508,0.36564582265504864,0.45096706511425144,0.0005773672234909856,0.21102528089887643,0.24973274454348232,0.5351261918205157,0.26632124352331604,0.6485192767070045,0.1158182152005918,0.42445191828599893,0.37954471498334635,0.012061398730966866,7.156716149172535e-05,0.7008026037819632,0.2806389267849022,0.3451639684516396,0.43830139197238743,0.5108495462719014,0.0
0.6597874840079784,0.40155044829881376,0.5868784227677109,0.5177560473494597,0.3105396522045189,0.20876288659793812,0.3068914229053049,0.3969635963751924,0.2938443670150987,0.3254240650851479,0.6025021483286058,0.22219623435855448,0.5311341734618237,0.04324815044293729,0.3139200317491816,0.8495789664364506,0.5871853546910752,0.951077027927137,0.31450275247001136,0.050638637432310105,0.3206748684748396,0.1996666666666667,0.14902239975228648,0.2944421906693713,0.25979198937818115,0.15146994930206273,0.20578905630452005,0.49068142756897526,0.34012443003598203,0.24070060984122854,0.4715530497180933,0.06402603080162139,0.027713625445654443,0.22503121098626724,0.6385726677142742,0.1449029253543711,0.4056994818652849,0.28005212124723533,0.2354248846253849,0.2585949177877429,0.360062666121463,0.0038841790728401564,0.0,0.3961297817139621,0.30104592996816737,0.16023246160232457,0.4339879086539043,0.39799094359245174,0.0
0.05832494555957815,0.20641321796327472,0.42373212761537166,0.41705266769600285,0.3506139936288081,0.33204467353951883,0.424227400429681,0.27249889972314056,0.17150600077429345,0.6450719946219047,0.6723852511691719,0.6591041983393754,0.1732147269582407,0.01719238127869572,0.2936799285643418,0.6593327164838982,0.4297482837528603,0.6108598325769843,0.33229164162600067,0.04551607572105538,0.17520520818746468,0.22677777777777783,0.17939709743140914,0.2633941852603111,0.17658774065058647,0.18722737417454025,0.19799101242400202,0.4184708521828371,0.17409840701062945,0.18529851447957396,0.37416709379805213,0.414718431391923,0.030023096582965893,0.059092800665834375,0.37308602079819464,0.4322804692270709,0.34749568221070803,0.5828259366286866,0.31981389931447907,0.3243647234678625,0.42388181887222093,0.0006132914365352131,0.003077387993800014,0.36329264365974545,0.1961497650447173,0.3576864535768644,0.405999039711188,0.4498125965326555,0.0
0.5021757974421189,0.2565287185309894,0.5347244698334284,0.7123005661348433,0.32340004412459844,0.3861683848797251,0.5275161130391671,0.41669747126849566,0.28339140534262486,0.4402733023321981,0.6878483076039652,0.33306046076482276,0.5207561156412158,0.028431953673183713,0.2665939081258062,0.8449026113251001,0.5340961098398167,0.4312586620894453,0.19219212000288474,0.05912169409478254,0.11481946043429464,0.20500000000000007,0.4493137068262641,0.14807302231237324,0.33812790440362933,0.41528074615016686,0.35963521015067385,0.32385381413043846,0.5409910697079685,0.5279402448672567,0.44131214761660686,0.3627721956750821,0.17667437920139248,0.19631710362047441,0.33493785632743117,0.575384743847432,0.30932642487046635,0.6721673425898653,0.16218324594398842,0.4070752366716493,0.6160844343187031,0.00804093208385215,0.000858805898176045,0.3768848764494767,0.3015006821282402,0.4022415940224159,0.29680068337544796,0.48456329731309516,0.0
0.41972832466648446,0.14819310128812496,0.585305831679689,0.27470406587750906,0.42724293297710175,0.3234536082474227,0.12196331184928116,0.5072274755594866,0.2148664343786295,0.26052817310467746,0.7351132431823808,0.4214711729622267,0.2867865085248333,0.026300206833867294,0.2996329000892946,0.7341331643135816,0.23649885583524027,0.5312214767419537,0.2953195990288228,0.16836884129641475,0.14799994810358602,0.16300000000000006,0.19506118475219153,0.3246247464503043,0.19058420004425763,0.47689319520845164,0.5344964314036477,0.2170712997895704,0.31496364278974887,0.6526826460707932,0.3347001537672989,0.553146958206334,0.3689376392259921,0.20568039950062422,0.44180853752807414,0.5137389635513774,0.24870466321243517,0.6972432164637277,0.45311935888635585,0.6367713004484306,0.3512242731363805,0.003407174832336602,0.011522313466932527,0.5404486899956238,0.3256025466120963,0.4014632627646325,0.44610867591534054,0.5962459445273867,0.0
0.5112509536618681,0.4071884421126816,0.3464809111984981,0.35769428718476587,0.32335252821312677,0.41050973654066436,0.35217319451330353,0.46079007654097814,0.3091366627951993,0.6495563695894804,0.5387435712835426,0.2527579620317312,0.21398566839634303,0.06464499273173371,0.30201408869927576,0.8089521213845439,0.21434019832189166,0.9386424033203846,0.13747926632851754,0.02223859085502216,0.18933199598280445,0.13544444444444445,0.10111954529082966,0.3133739012846518,0.17968577118831602,0.12435980497345875,0.318530266983875,0.4138837240208824,0.5649986308667896,0.3889960746397795,0.5364770203314538,0.3015835283786673,0.02886836229622303,0.2721598002496879,0.3388968512748679,0.16397689842079732,0.2818652849740932,0.4439200333169099,0.3157813141310362,0.33997674804849687,0.38243305518904,0.0160818641677043,0.0,0.39213369612673465,0.2728512960436561,0.3734606337346064,0.4603254476012151,0.4611635725907307,0.0
0.317536458915486,0.11495242942719548,0.5503449236436313,0.3062274832732888,0.7348473202738288,0.21091065292096228,0.12989588497768967,0.320597711091765,0.1890243902439024,0.14531318909626212,0.7207663300938458,0.23295520991696875,0.1805040770941439,0.02773354251610117,0.4234547078083144,0.9173289905830242,0.3615560640732266,0.8609760099736016,0.4197937450419482,0.02304259451038678,0.16371403528734704,0.27966666666666673,0.16524698039850028,0.30271805273833674,0.26443903518477546,0.13888097359872784,0.2573354480570974,0.4473890759829527,0.8576670327619893,0.355354702311812,0.4659149154279857,0.41108871323467344,0.0,0.3342696629213484,0.5105142676192956,0.29296402484340106,0.35854922279792734,0.44469284592056907,0.3853345844360452,0.23766816143497765,0.3559834898269575,6.814349399903175e-05,0.0,0.3829108571319637,0.06366530241018648,0.1822332918223329,0.4375525770885042,0.4434996229286859,0.0
0.216685178076718,0.3309972201558279,0.4232865783070247,0.4417781780751416,0.49074593590694787,0.40292096219931267,0.504214179474467,0.26102419593936527,0.3916957026713125,0.297134138053151,0.6530689174182405,0.4892994971348381,0.49791512231282437,0.028002974276359074,0.22164897311241202,0.7179807037871224,0.4183066361556064,0.7681215573307048,0.663261136085002,0.08280159881220617,0.15040477986429465,0.35300000000000004,0.16870074964820309,0.3431237322515214,0.361072693073689,0.0924615775577419,0.1669310071371925,0.4735354516098373,0.3939754007301753,0.17257960655220783,0.4372116863147105,0.08077830147427867,0.006928406361413611,0.29431960049937583,0.35746158361313946,0.24700589513825588,0.4113989637305699,0.20718969249090002,0.3254626633220522,0.3532635774788242,0.37672799963654535,0.002862026653398608,0.0,0.398314297126564,0.27830832196452937,0.4254877542548775,0.4429344567850917,0.49525906809871045,0.0
0.310273242337461,0.32304921498766687,0.45067511236400853,0.28821410190427177,0.43917897384832344,0.388745704467354,0.42984630639563726,0.27099712992237673,0.3524970963995354,0.4238989273973809,0.6496989643482678,0.6946555958367444,0.3561897702001483,0.02020717883283458,0.14664153189800583,0.8354377181882517,0.47437070938215103,0.6670693011631598,0.13276761460612035,0.061634852627944,0.24346398752074958,0.6720000000000002,0.17146115810226564,0.45314401622718053,0.2785876300066387,0.1973810946982654,0.31998413957176824,0.4742410762431397,0.7102670212972615,0.38922620161326316,0.27114300358790355,0.4408737911042517,0.005196304931299316,0.3907615480649189,0.17046360359239304,0.30687595682993446,0.3880829015544041,0.36956680794796093,0.3418762721817314,0.32137518684603883,0.5528501343362058,0.0,0.0,0.22871486175910172,0.3522623919963619,0.42144043171440415,0.4531642862741736,0.42493851531835874,0.0
0.7204839162617618,0.16924422170888637,0.08898371285040818,0.28100874935666503,0.8871530097688041,0.15721649484536082,0.2503718393653942,0.7047970764961722,0.10104529616724739,0.49091284386183537,0.26222869092803697,0.5744357385101159,0.17346182357301712,0.2544485409532153,0.0874094652247247,0.4419654014363172,0.26956521739130435,0.7302839217547754,0.05545806389576674,0.30468286772496705,0.04726530451290909,0.14295833333333335,0.2552914012968863,0.146815415821501,0.16851073246293433,0.753401642166778,0.36166732751784275,0.49804840435448255,0.20142577357416785,0.5346139270982821,0.34411840082009226,0.6780642551765084,0.513856842206823,0.1427512484394507,0.4226374668791587,0.7683667234093796,0.456282383419689,0.13238712133697322,0.6011099734564612,0.26575734927752864,0.3068357939415661,0.0,0.009160596670940845,0.5658640959077028,0.1355161437016826,0.1863843918638438,0.838143819423355,0.39589315430708505,0.0
0.6358817485930273,0.30413844407031837,0.4603322459053227,0.33556356150283073,0.7306295640142385,0.5395189003436427,0.6088249876053546,0.3190057454805583,0.3057491289198606,0.31751219637066147,0.5371097994718199,0.19600046778154603,0.36249073387694597,0.0414572839106298,0.2514138307371764,0.8379300767842253,0.31762013729977123,0.9159333994151939,0.748647804033751,0.037469497214463,0.29575942594065685,0.24300000000000008,0.10776653382105873,0.26620689655172414,0.2544810798849303,0.09372637016881194,0.3049167327517841,0.5125347854949435,0.34022926515980845,0.23550931382651863,0.3193234238851871,0.32338754278029197,0.004041570644556452,0.44257178526841456,0.2059493270699554,0.12047974831163255,0.30207253886010366,0.40942284194720846,0.22343730469601852,0.5211758844045841,0.5400454313364357,0.0031346005915704445,0.0011450745838676056,0.39131118250433317,0.472487494315598,0.344956413449564,0.3608440816554447,0.4847785319681493,0.0
0.19416463948006987,0.11850227738407527,0.5375235148374555,0.182192485846629,0.9355995461114699,0.10395189003436425,0.07436787307882994,0.1303421684893949,0.1379210220673635,0.3068256163794996,0.6476686276840857,0.4949128756870542,0.08080059303187552,0.24427371746469453,0.3222541918841156,0.7426004375321564,0.19176201372997714,0.6477624287040107,0.3618115820091829,0.15232687683632043,0.22051534559136363,0.3780000000000001,0.49025337214081177,0.4505476673427992,0.3225271077672053,0.9340789358632127,0.4575733544805708,0.40607989100902964,0.14285714285714288,0.28936443925664135,0.38134290107637103,0.609524124316333,0.33371826270902766,0.2921348314606742,0.4406966008548874,0.5015893206789228,0.6621761658031087,0.1930421782260659,0.536039350716674,0.5530642750373693,0.28364673921982864,0.0022487352925119747,0.0,0.518240500846709,0.31650750341064127,0.5122457451224572,0.24963290501406646,0.22444012939699598,0.0
0.13192878830838556,0.18245174425433616,0.3977163157946751,0.22306570595299363,0.4720240232212684,0.49785223367697606,0.6684845480085938,0.3187186564846633,0.3219125048393341,0.39391326859531417,0.510772284553499,0.49163840486492816,0.31856931060044485,0.4453285777455832,0.2676852862387143,0.683514335548304,0.21247139588100683,0.7410506901412865,0.301713983509219,0.04676952335239908,0.04050345797593787,0.30388888888888893,0.17628679637622774,0.371791751183232,0.24112082319097153,0.4352981540106038,0.40549828178694125,0.2826331915528087,0.18751748162435727,0.26542909705317796,0.4404578848453785,0.2993795319734563,0.7511547471058715,0.3185601331668747,0.5173959232958596,0.22051175469686218,0.5816925734024178,0.3888572412784941,0.4117385065941151,0.3363228699551569,0.3832550036696654,0.0,0.00937529796672389,0.34851634098055295,0.17977868728209792,0.3978137539781375,0.3998235099796053,0.2854564842050429,0.0
0.18599253052856915,0.5027211150698876,0.41769871495518957,0.6968605249614002,0.1520078352403798,0.3131443298969072,0.2672285572632622,0.2774043030441824,0.29936120789779325,0.6326082762834688,0.28440485434545193,0.2993801894515261,0.4799851742031136,0.026335774148352864,0.21391011012997327,0.5678495230628906,0.6352402745995422,0.6880527462756305,0.6612418567754033,0.12318219777879891,0.10406397332321743,0.26266666666666677,0.08071314073792087,0.12048681541582154,0.1721619827395442,0.01742916569174094,0.3695479777954003,0.311400087335684,0.2783407893127444,0.011877230156416008,0.36852895950794473,0.2509823042421939,0.0,0.24719101123595513,0.5408286167362835,0.15777968162996342,0.30414507772020727,0.6469161400865463,0.29336363691408707,0.3532635774788241,0.9999999999999999,0.15884248773626372,0.6940583442031866,1.0,0.1718963165075034,0.20921544209215437,0.41751853690971136,0.4441654482143638,0.0
0.21994931835328374,0.2966211189851612,0.412026994611934,0.3220106364728084,0.5513677507131542,0.1524914089347079,0.35680052883820856,0.269963945090205,0.12988772744870303,0.26846277544289965,0.9625177208647219,0.8362374770981953,0.13219668890536201,0.02951633749124636,0.3010219267784502,0.7439604439662317,0.20518688024408838,0.8750906966670992,0.28536743671722875,0.06546479056508586,0.17729719176100833,0.1645555555555556,0.11381898586806653,0.07411764705882354,0.25005532197388813,0.17875121649776568,0.24058287073750972,0.44504797781625655,0.607876752666294,0.40695025249383365,0.41961387322740473,0.5071267164330739,0.015011548291482947,0.16214107365792757,0.510625533841148,0.2524538483666391,0.2548359240069084,0.6735914059879525,0.2513585581580224,0.422272047832586,0.6041813580347174,0.007359497541016878,0.0,1.0,0.28800970137941473,0.24090217240902162,0.3956566049376192,0.4657825417682437,0.0
0.47064727119400057,0.284131396578051,0.3967125070958711,0.33024532509864474,0.23665172117610442,0.40936426116838487,0.5111551809618246,0.3020344491185486,0.308362369337979,0.5705176889420271,0.30335334844179135,0.2805130004287997,0.4361872992340007,0.19229116924204007,0.27185236630618126,0.6098384415707412,0.5341723874904651,0.5333813931282645,0.13824851558931708,0.5923580547449067,0.06424010911672876,0.3325555555555556,0.39818637865604317,0.30212305611899937,0.25970900641734906,0.5266973917003719,0.35844567803330674,0.5985629605812974,0.30612245465463783,0.5143811787857692,0.5935417734495129,0.3729109919598203,0.006928406361413611,0.21036204744069917,0.6382519634942976,0.853041461664364,0.49119170984455945,0.599506422274836,0.09505253809938388,0.4014283341637602,0.45027914539577835,0.0059284842143175745,0.0,0.39434103077304544,0.18220403213581918,0.33969835339698345,0.594581404943131,0.8280746736196318,0.0
0.46671340076617296,0.49614345562037515,0.5439131323681883,0.50591868244982,0.29671034873828883,0.3629725085910654,0.3931581556767477,0.41271590071276193,0.42247386759581884,0.4076185962935133,0.6463551223325728,0.5772424277862238,0.4280948851000743,0.03689388264562866,0.4648278599067368,0.7614631395506597,0.5578947368421052,0.7760962998963238,0.1561335609029063,0.0859523545008821,0.29715155270748905,0.40233333333333343,0.10241667636309655,0.466450304259635,0.30659437928745314,0.21530603308117965,0.30769230769230754,0.21331074125156996,0.43472182204478077,0.32957953152112696,0.35417734495130704,0.4885636132333993,0.06351039346233465,0.28277153558052437,0.2860107114637761,0.18645293536529112,0.48341968911917116,0.2973524544495765,0.2758000290063893,0.2785251619332336,0.27955931363525005,0.0010221524194415487,0.0,0.15581686757781615,0.284674852205548,0.5587380655873806,0.49432420849444114,0.4947863861733046,0.0
0.26922832605612956,0.18601464312282212,0.39131547130971833,0.4034997426659805,0.49055133999136336,0.42268041237113396,0.6103123450669311,0.12352506847021048,0.360917537746806,0.14760260062779157,0.6767645016622159,0.6099871360074846,0.306893995552261,0.16431213334651917,0.11866256573072728,0.7608097727290666,0.3173913043478261,0.8295323249671593,0.5060818769681963,0.06475188773749901,0.31906157122728945,0.30033333333333334,0.4242574469188182,0.39991886409736316,0.44007247178579345,0.4642813295619941,0.2164948453608247,0.5538749592849289,0.2703382821682446,0.22882428195730442,0.34956432598667353,0.5139179153982504,0.09526559019350198,0.24719101123595513,0.5010599662064806,0.31581683548782585,0.40777202072538865,0.5171987931957207,0.47794810644604063,0.4464374688589935,0.331214366572355,0.0003407174605390862,0.0,0.38036894715029307,0.510231923601637,0.6626193441261933,0.26491116981296237,0.35179128836894424,0.0
0.21141312238157553,0.4760972553932892,0.3884832495659638,0.5512094698919199,0.23046042627969524,0.2850801832760595,0.589819864485209,0.3028231262121688,0.464769647696477,0.17755221047270345,0.6357079274732305,0.644447043230811,0.4650358290091426,0.02927821580434952,0.30915765452921923,0.8962441461001123,0.6448512585812358,0.8464386156033277,0.3251760859636049,0.02939269582994581,0.18081039825388528,0.5583333333333332,0.09548794351909608,0.3373901284651793,0.3363576012392123,0.08809614846656574,0.20539254559873105,0.3789406000675106,0.623462426459988,0.3445849404072763,0.418930463010422,0.514304405269514,0.0,0.2446941323345818,0.7042243124611732,0.23920111736079164,0.29395509499136435,0.6569457416542126,0.39661124950113236,0.27686430825444286,0.4333312731389407,0.0015673002957852223,0.0,0.410594852167352,0.2883128694861301,0.3291822332918222,0.4233187168907052,0.46295266730017365,0.0
0.2250302620294773,0.35926549469480445,0.37363299115708404,0.7972207925887802,0.18924537368591565,0.575171821305842,0.3520079325731284,0.3711616905538583,0.4965156794425086,0.5561513403515477,0.24855867812385213,0.30171909718161627,0.6412157153446999,0.4149465313467314,0.49786685187022545,0.6622132054134928,0.8288329519450803,0.7288409766798304,0.48383374600350976,0.24916862021997138,0.036028087399817325,0.5456666666666665,0.3226910903463112,0.5479107505070994,0.5545474662535962,0.7868352330597077,0.5856463124504359,0.2801204477209809,0.34746296815447403,0.5751350796896562,0.6104561763198362,0.29646418161196597,0.02251732243722442,0.4837702871410737,0.3797321291299305,0.8999031070774739,0.7134715025906735,0.1875899598833905,0.5437631034983152,0.6238166417538614,0.5710797517607061,0.0,0.0,0.9484386873035104,0.3178717598908595,0.6176836861768366,0.8690288921348013,0.393807391879666,0.0
0.5166680195411036,0.4522923926236248,0.43408608651601743,0.5038600102933609,0.36095161122346403,0.5932130584192441,0.7530986613782846,0.23900940980481872,0.4709639953542391,0.22235251062945013,0.571966373424498,0.2628932288621214,0.5092661230541143,0.035317168242614015,0.44845718821311653,0.7199646689589314,0.6192219679633868,0.4780071594021239,0.22940455299406243,0.4402253499210037,0.3547582802622739,0.5263333333333335,0.18390855949977342,0.18507099391480736,0.6820092940916137,0.35235903929899204,0.13283108643933383,0.6568904399590573,0.15058010291321278,0.13335297754671155,0.2373141978472578,0.7741956847467371,0.09237875319473196,0.2581148564294632,0.4230944269546097,0.4294633701472494,0.18497409326424874,0.6912874739175979,0.33533295998530194,0.4215246636771301,0.3527559996225663,0.004565614220864069,7.156716149172535e-05,1.0,0.46930422919508863,0.6334578663345786,0.283848634040883,0.30501491240866657,0.0
0.5241444535237776,0.47269096746407735,0.4195577023754782,0.3908903757076687,0.3789152444684058,0.4745131729667812,0.29305073541563376,0.32484738428725163,0.2690911730545877,0.47169347626495733,0.49838108971680106,0.4048649280785873,0.45932171979243896,0.03474758378210487,0.21061117174322852,0.7270230788628975,0.5395118230358504,0.1887038402301699,0.15733551287290565,0.08017432216844636,0.46236331989264867,0.2585555555555556,0.505982013386408,0.3801217038539555,0.3967691967249392,0.28603126195742745,0.3156225218080887,0.38989411746284064,0.35109727893067066,0.4008042097185194,0.4811207927558516,0.44536724595154104,0.1310623607740079,0.12463587182688306,0.7382791523135704,0.6200097501499426,0.2604490500863557,0.2961357518476567,0.23820081603603105,0.40574655372861657,0.2641387410833254,0.026712249571971863,0.013096790483467586,0.5374583522532752,0.3921858420494164,0.3889926663899267,0.31801815492885555,0.42154376121984544,0.0
0.43728762247107156,0.16162248933087975,0.4175568179712509,0.45693944072739767,0.24056574840878098,0.4345647193585338,0.4817385556106428,0.187690053703726,0.3234610917537747,0.06634004769732071,0.6012146195127052,0.7167972556815966,0.5125092661230541,0.016705774317922216,0.27244766345867644,0.8402187397705907,0.5792906178489701,0.4028822462661346,0.09793504651554125,0.12940052952338432,0.2557235371771545,0.3821111111111112,0.21117398898651174,0.35556457065584857,0.4961274618278383,0.5379484443589677,0.45360824742268013,0.3570638087902213,0.2687657155855268,0.514874389422707,0.3553733128310268,0.21696855059537512,0.5063510680610815,0.2767374115688722,0.33838305613906516,0.37590034107845466,0.41243523316062164,0.42591593007855083,0.37401614973299896,0.3482810164424513,0.2727387428056609,0.023850222918573253,0.013812462316870465,0.5044506736195701,0.19641503713809302,0.21537290715372903,0.32377620846457356,0.38853042556045425,0.0
0.3497540055947399,0.286806833457317,0.3686989582331143,0.5429747812660835,0.4438100093489962,0.42611683848797255,0.3847297967278136,0.4913423941541306,0.31126596980255516,0.5514616072980539,0.1527555399893688,0.23435855455502283,0.2750185322461083,0.05656896331612835,0.3142176803254292,0.5399397481916377,0.37116704805492,0.8337746751566297,0.4440250967571337,0.02661246738161891,0.062055772567669774,0.17033333333333342,0.15659654790088945,0.23342799188640978,0.5512281478203146,0.2839516343249182,0.28112609040444086,0.49525876547511644,0.3134609927731298,0.45275857942419817,0.3357252690927729,0.5474115292926554,0.10681293818858206,0.12421972534332083,0.5721945362342926,0.4957106717971626,0.3212435233160622,0.6446245341785813,0.3818786826834822,0.5012456402590931,0.33876850991618174,0.0,7.156716149172535e-05,0.15481628042951368,0.20645748067303313,0.3391448733914488,0.41859368979933514,0.44176463033699764,0.0
0.6829667072261575,0.1758740848048236,0.27443624703194214,0.5849845599588266,0.27277704080161935,0.1331078178694158,0.15350768468021814,0.6945894677532377,0.1687354819976771,0.5760896956744074,0.0,0.40199976610922694,0.30948851000741295,0.08420553641501022,0.16494691933723588,0.1645376184826331,0.4291189931350114,0.7111994023573011,0.31197865333301283,0.10999561392757268,0.06581434006259318,0.2913333333333334,0.04278807141178262,0.2126572008113591,0.34443460942686444,0.3982774390463998,0.1094369547977795,0.6773313707798555,0.328033273611609,0.5207188357455667,0.5181957970271656,0.33003778485648017,0.121824486480065,0.25249687890137323,0.2901770312213271,0.572387689597629,0.5170984455958548,0.3777494924998129,0.3127949162304854,0.48579970104633785,0.14051877873236246,0.0,0.006942014495867557,0.2111917076944303,0.29376989540700316,0.1479348277293482,0.45048260676596097,0.443788631749265,0.0
0.35152884027926196,0.17227203320151913,0.40517010506975826,0.2911305541259221,0.48217204559605004,0.34521764032073315,0.34093538258139144,0.10479445472249689,0.24138598528842428,0.31717950371097225,0.4300771103802744,0.4392468717109109,0.24536693847294294,0.010756916282485325,0.3089592221450541,0.5907877345177244,0.3742181540808542,0.43449777156773034,0.4386403519315368,0.9357558115028648,0.2567032135692499,0.36988888888888893,0.7359269771373393,0.279053414469236,0.30604115954857275,0.4526170840839522,0.41792228390166497,0.45583058740089066,0.10693317696387392,0.2641076477566181,0.5023065094823167,0.4263838293129159,0.11085450178261777,0.2919267582188931,0.6278659692892685,0.6799725943201551,0.5132987910189981,0.49914012702352006,0.3270755180702821,0.7063610695897691,0.4464668314760447,0.029029127138649514,0.020897611433656416,0.34302324616940005,0.18371987266939513,0.3872976338729762,0.2945337160516722,0.24523193941020252,0.0
0.46213906152881534,0.22458008691907133,0.4699712946037081,0.26402470406587764,0.22964091037842388,0.22766323024054985,0.33415964303420925,0.3837977264549977,0.22502903600464577,0.3799208630156439,0.655751720322969,0.46123260437375757,0.34655300222386964,0.027749281407531128,0.16301220359162621,0.8323225283210183,0.45263157894736855,0.39205592154563823,0.5005649174258999,0.06760211508234959,0.1252458531788582,0.16066666666666665,0.5109209153946914,0.1342258282623394,0.23058198716530212,0.42799295191652853,0.3306899286280728,0.5002647887561498,0.5240424995792097,0.5032445718812001,0.38954382368016405,0.5615056328874619,0.1518475830630309,0.10518102372034956,0.8338087605369249,0.5421011630924559,0.5010362694300516,0.40258512541971775,0.16103941393152194,0.1863477827603388,0.44113682060368997,0.007291353905176759,0.0024332834708563323,0.5121902103805692,0.20190995907230566,0.3640514736405148,0.2952394092009892,0.4742907918078647,0.0
0.418488016259249,0.30852355036999335,0.5199165077937589,0.6047349459598559,0.31680028422392936,0.459192439862543,0.3331680713931582,0.32849620514719585,0.1991869918699187,0.4392283939428054,0.5064379827184046,0.5519822243012512,0.505189028910304,0.0306825721452319,0.33148129774779245,0.7437170051634208,0.554691075514874,0.6979769881018328,0.14546022740931278,0.0732168394861501,0.2658000213792173,0.4626666666666668,0.10334066509268362,0.3745638945233266,0.29530869661429526,0.1331430869947783,0.18913560666137968,0.6728752644927213,0.6235672218584929,0.5048636286360394,0.5781650435674012,0.22551477436719147,0.05484988759367604,0.3183520599250937,0.36302301204633985,0.2977666485646203,0.4336787564766839,0.2849927085951589,0.24262131212948324,0.4683607374190335,0.35648808546967864,0.0001362869879980635,0.0,0.4722540432326479,0.320600272851296,0.21834786218347862,0.5053046203918429,0.44029497250959093,0.0
0.7801835288544909,0.4147057671978387,0.7417781998563531,0.36798764796706135,0.7684927663687957,0.34149484536082475,0.4412493802677244,0.5047134186608282,0.26742160278745647,0.29248600462396585,0.5585213920399963,0.34241609168518305,0.5333580429948112,0.04083469034775533,0.32076594900287736,0.7838261551927537,0.36750572082379857,0.22710351055307632,0.5011418543714994,0.0533916140412704,0.571631070577688,0.5043333333333335,0.08809003274954878,0.3944421906693712,0.5887364461163976,0.29683968180819187,0.2184773988897699,0.5791491871407979,0.24426893709062314,0.38130918788827395,0.3075345976422348,0.598850040412292,0.15127020951009515,0.034019975031210986,0.4797180287272686,0.5222339491326946,0.32538860103626943,0.4738710367265035,0.271898110622321,0.37070254110612855,0.2612271801750965,0.01158439388527467,0.007085149116785952,0.4051878408653346,0.16689404274670308,0.6591946865919468,0.5103892290812311,0.4128224495953354,0.0
0.08710418788322867,0.42713023504691805,0.4182118848628248,0.4354091610910963,0.3604486338157955,0.4785223367697595,0.2072384729796728,0.2529900365114106,0.23432055749128922,0.6105662639595133,0.1395232521108184,0.08513624137527778,0.3057820607857673,0.4994400905499707,0.2386149419585277,0.4217427399615083,0.4210526315789474,0.6138016198035758,0.3476766268419914,0.2519948761487919,0.15676269633330236,0.04466666666666668,0.22179601196284415,0.15878296146044624,0.2604558530648375,0.33138316495862885,0.16336241078509106,0.41573733533993545,0.18066816084194803,0.11599230504028407,0.3874935930292158,0.23605915962064927,0.010392609862598632,0.22784019975031214,0.5164957086060238,0.2856268993166633,0.35181347150259057,0.2743833609551433,0.6030674167833933,0.5690084703537619,0.9999999999999999,0.013424267816637409,0.12774738539793018,1.0,0.478399272396544,0.19095060190950602,0.4479525916759916,0.5164058158895105,0.0
0.7190982251882375,0.38286154287877006,0.8657268991428566,0.45599588265568713,0.6195992789073907,0.5240549828178694,0.47050074367873085,0.6413185945761873,0.2993612078977932,0.3172991666289427,0.6038973804201874,0.3793708338206059,0.4440326167531506,0.04446766511463244,0.23057843039984133,0.7602913260621769,0.36704805491990844,0.7314069329779374,0.047957883602971235,0.020767336339741736,0.3620126561411384,0.29,0.1376754516932368,0.27302231237322516,0.2860146050011065,0.5090742953674359,0.339016653449643,0.5918813444613845,0.014572270907148785,0.0767545875807415,0.30087134802665305,0.3327649015806675,0.5225173224372244,0.23033707865168543,0.42850190304550806,0.2859387694799431,0.30000000000000004,0.6305771238863257,0.22312346381939518,0.2566018933731939,0.2792695998408986,0.04974474886046368,0.030559177371028,0.08998109138948557,0.11277853569804461,0.28102947281029467,0.39391080932815714,0.4256202450270665,0.0
0.18744850970876276,0.1360427025827754,0.44852805728493444,0.20586721564590843,0.7309753273607222,0.2391000859106529,0.15394149727317796,0.2728182697719843,0.3557273519163763,0.7701485842612956,0.791781634859385,0.39340428020114604,0.24425500370644931,0.028699441723352453,0.3800724278202203,0.7555772008239525,0.15148741418764303,0.8110254140584582,0.31046419385081375,0.07705724454800578,0.13862973576438342,0.5603333333333333,0.2248945177248836,0.22498985801217042,0.257468466474884,0.27932641024851534,0.17743854084060257,0.788417225514469,0.5567514951915875,0.5223609716809906,0.4109431060994362,0.506776357823253,0.03175519673116733,0.22194912609238457,0.634100318472826,0.4484419258351468,0.3107512953367875,0.554898081391438,0.46145762833116455,0.5827105132037868,0.30180948945218616,0.01785359506841556,0.0,0.3639961682786971,0.10993633469758982,0.45195101701951,0.43503065789171347,0.46962096696976313,0.0
0.2144780276620751,0.25882567897367637,0.3555844132888189,0.42601646937725174,0.5118702412589715,0.23324742268041238,0.49479424888448187,0.4250553756774701,0.1846689895470383,0.5688869979667512,0.24591202198404044,0.37796748918255174,0.46613232023721285,0.04360510506037386,0.3189800575453915,0.40860921185207794,0.2545194508009153,0.8127979890337976,0.42815933075314316,0.03726302656667843,0.04819838733929286,0.232,0.026823792847674055,0.5991886409736309,0.2297936490373977,0.20682717556495986,0.2494052339413163,0.3080455731841871,0.2901873172064153,0.24599239051873067,0.3500768836494106,0.6856742333929273,0.17782910579665817,0.27372034956304614,0.493375277703789,0.22448242999385198,0.3310880829015544,0.4896333638495569,0.27975976881598835,0.2869955156950673,0.366897967889065,0.0,7.156716149172535e-05,0.0817699423295965,0.14097316962255577,0.19344126193441263,0.4079296458946955,0.437857339400581,0.0
0.33020075329080145,0.34798950706706866,0.4920882536338272,0.6860524961399899,0.13846827906873688,0.44029209621993126,0.4918195339613287,0.22744480753608826,0.2450638792102206,0.09770751087977192,0.5895178758693288,0.5954859080809262,0.4010378057820609,0.01647073375553619,0.11717432284948907,0.9217257340088612,0.6311212814645308,0.6758839407006828,0.34046491502199583,0.04528981389432184,0.29045727279905614,0.19166666666666674,0.16797361423910023,0.3619472616632861,0.09681345430404961,0.22884993025786485,0.13719270420301338,0.45526560670333965,0.5073385579811529,0.41404282660127245,0.5663762173244491,0.33944222727935536,0.021362586868568696,0.2927590511860176,0.49770018513354775,0.2950274065298125,0.4284974093264248,0.27062850665879024,0.3039988209371568,0.24862979571499755,0.29157182292459943,0.0,0.0,0.2897054408517764,0.2060027285129604,0.29680365296803646,0.35590322861424395,0.47854499403768624,0.0
0.6483224820196397,0.32332328413139655,0.3989636771879336,0.5629181677817808,0.19989721987370673,0.5098797250859106,0.5428854734754587,0.44439907458079086,0.30023228803716606,0.4178891735153414,0.3736173481157271,0.3433516547772191,0.3367309117865086,0.056713675112412744,0.23563845619605123,0.7581341068755538,0.638558352402746,0.4945248787450487,0.13478689391571916,0.09695901792750289,0.12451534114253213,0.5773333333333335,0.35645508597934666,0.46709939148073026,0.5940058641292323,0.26172073374921734,0.20380650277557483,0.5372025222175743,0.525580107878878,0.42800877008862215,0.44284982060481815,0.48555566179605547,0.08198614717787191,0.13171036204744072,0.4190326189599818,0.6599559220329352,0.5818652849740931,0.2029639418188371,0.18882066256514154,0.3263577478824116,0.4890090661436879,0.019284608395114863,0.0004294029490880225,0.5281169606872109,0.26011823556161895,0.6114570361145703,0.35481799566408223,0.37638317818283745,0.0
0.18006694765768438,0.27015387024783677,0.4267456022789518,0.38445702521873404,0.5112344032700754,0.4329896907216495,0.42588001983143275,0.2731231133470011,0.4991289198606272,0.6199590712465675,0.4071208028406491,0.0,0.7394366197183098,0.026546064658928746,0.329397757714059,0.7276895055044794,0.33135011441647605,0.6468413586083293,0.451813745522729,0.06422043081639081,0.27187472205664476,0.25133333333333346,0.16909515863587354,0.2490060851926979,0.22311352069041832,0.03784971827351466,0.3080888183980966,0.3664166246780173,0.4129857547777347,0.11672960413031852,0.503331624807791,0.2741747418029093,0.0,0.30430711610486894,0.2936520657419207,0.14576149476822753,0.5010362694300516,0.08072960111785843,0.3680188170032114,0.7334329845540606,0.9999999999999999,0.014037559934009843,0.0013597760385492873,1.0,0.39881764438381084,0.6197592361975923,0.4058532211996593,0.44000910288965334,0.0
0.4214811112702597,0.21789802017670937,0.4665220422716263,0.34225424601132276,0.47692340107165265,0.47363616838487965,0.2992687159147248,0.2034020067251096,0.37249564459930307,0.0996970553857287,0.640333777997668,0.5996959419950882,0.390659747961453,0.016646106288404086,0.20974303006250622,0.8196984741244566,0.3565217391304348,0.4800471479659349,0.26629245895334025,0.1302663629000955,0.21082287101974997,0.28645833333333337,0.25980908119928864,0.179553752535497,0.16452755034299632,0.5473654373902478,0.4567803330689927,0.4558438591310768,0.21142018779669108,0.367793858278635,0.3675038441824705,0.6002195809446335,0.4237875524579254,0.26529338327091145,0.29308583053584913,0.38773777380053315,0.31968911917098447,0.5673264566876267,0.4098081807284759,0.5092177379172895,0.5223511941079613,0.022078492017861995,0.00973313388342533,0.5597443249270241,0.23686903137789903,0.3070257368202573,0.3046913363058285,0.4194408425041818,0.0
0.5980434599045982,0.45734309541521473,0.4465302294099113,0.5876865671641791,0.009803368198808227,0.34879725085910657,0.5185919682697074,0.3780328400991969,0.4950638792102206,0.34540334575146253,0.4850336610947664,0.6497485674190153,0.527752038547072,0.04419367079595727,0.1677745808115885,0.7670640171705629,0.7018306636155607,0.38194691850994555,0.1408447318445155,0.07982803794145188,0.1406621367730785,0.6970000000000002,0.24538184707793897,0.5780933062880326,0.6369910378402304,0.3576291258961075,0.4242664551942902,0.24644075452944733,0.32705479921412195,0.369458835954514,0.6694003075345978,0.44207117186013234,0.04849884517085171,0.18570536828963802,0.359212182701106,0.6553815996467669,0.47098445595854915,0.3053192318295883,0.17197063753001152,0.4623816641753862,0.34829960997962534,0.010085236922735247,0.0002862686459669014,0.36878093032846854,0.38886994088221916,0.469022415940224,0.2633644957510697,0.2400916415244015,0.0
0.547917957759201,0.36928859480834736,0.3948737254681967,0.41688111168296466,0.2552860327140517,0.34106529209622005,0.5537927615270204,0.40463599563477337,0.36295005807200914,0.6075502375851647,0.22063587964369746,0.8953338790784704,0.7171979243884359,0.05377853096973758,0.2918940371068559,0.6378526010463641,0.619679633867277,0.5620730735410107,0.15930671410370448,0.07285125531710657,0.1320187522816088,0.2206666666666667,0.08916360066940045,0.13638945233265723,0.6129674706793541,0.2954140726736443,0.275178429817605,0.5249622586525783,0.420883426798408,0.35968836457887143,0.2496155817529472,0.5542430434933989,0.05773672459244606,0.21223470661672908,0.50399785908927,0.6162231778655072,0.46683937823834204,0.3538071654718522,0.22480297503699642,0.41753861484803195,0.07370349125865894,0.014446420538673278,7.156716149172535e-05,0.3740765077480439,0.20509322419281487,0.30344541303445405,0.4132661547156885,0.5125562813982902,0.0
0.12880857516226543,0.16913981441603695,0.403179014729764,0.15337107565620178,0.8977958483968431,0.3780068728522338,0.5096678235002479,0.2850067033889483,0.1573751451800232,0.36791041662895585,0.532793961850033,0.5664834522278097,0.15863602668643445,0.5458684785923518,0.28236928266693134,0.6533348767096621,0.08924485125858125,0.7285096235141592,0.2925791485372245,0.05496460655258468,0.0340553732254593,0.29366666666666674,0.19132709653937718,0.21156186612576067,0.2601239212215093,0.49307100879418697,0.12921292624900865,0.5961208531366539,0.18992870933502554,0.29799386834609654,0.45758585340850844,0.33147080801557804,0.579676688859689,0.23259987515605493,0.6147669428527133,0.2222979109050895,0.10220207253886009,1.0,0.47239287581100725,0.3206900847035376,0.35691171851663633,0.0,0.00679888051054371,0.8133378403581693,0.24147339699863576,0.348277293482773,0.40470859920297636,0.26392725368547326,0.0
0.3409201175542349,0.23272385576132495,0.46856601783348995,0.20844055584148236,0.3962083213592612,0.1455111683848797,0.12140555280118986,0.13386384022828396,0.3381968641114982,0.2968939738323029,0.5973821006755763,0.627119635130394,0.17272053372868798,0.15435055033565653,0.14228842147038398,0.6986935106412164,0.3496567505720824,0.7308495174399594,0.0,0.09809024203939945,0.27932754759816497,0.4360833333333334,0.36217553460888,0.3836916835699797,0.32551449435715873,0.5605168952959183,0.170103092783505,0.4886509556961829,0.2561504232673434,0.2259038158528327,0.5499743721168631,0.3077670247056528,0.15935335720877236,0.29931335830212247,0.38140175817792693,0.34063449955820374,0.3896373056994819,0.565649269962695,0.38700698825451724,0.31938216243148987,0.4368951902549624,0.002862026653398608,0.0,0.4407709214841061,0.45293315143246926,0.37095267745952665,0.24873557975108138,0.38299071245477234,0.0
0.26610361589383824,0.4897746107565612,0.3674567175481437,0.4312918167781781,0.6319678009666279,0.4785223367697594,0.5786440257808626,0.15537257838279006,0.29907084785133564,0.203696647631989,0.35039922025450776,0.342649982458192,0.18569310600444783,0.1287412410583114,0.24021480305585877,0.7576434710483522,0.38901601830663624,0.6004169057786619,0.18223995769129067,0.4786086741211291,0.09481179404497986,0.3240833333333334,0.22503645373045023,0.22855983772819483,0.3557202921000222,0.4554163245745102,0.35576923076923056,0.45639552084175594,0.46068633199857584,0.5065273241352193,0.5051255766273706,0.5815668106239799,0.0017321015903534027,0.2997815230961298,0.4270221307884239,0.5888156620903611,0.4825777202072538,0.5876321363636872,0.4135967524981244,0.7139387144992526,0.3244998587322111,6.814349399903175e-05,7.156716149172535e-05,1.0,0.2543769895407003,0.35315483603154824,0.3233637440121052,0.2986873259708731,0.0
0.2250898376914562,0.2750088093653342,0.38521216836158556,0.4652599073597531,0.30876876852007606,0.18900343642611683,0.42637580565195843,0.04274533322825709,0.252903600464576,0.15385956303385695,0.5835553714560128,0.5973570342649983,0.3980726464047444,0.2508306944431826,0.22075602738366906,0.6529816038811906,0.5020594965675058,0.8205407128786636,0.1996923002956802,0.06460491343578631,0.22822997692282856,0.22933333333333336,0.440285453117503,0.26490872210953353,0.26145164859482195,0.8435341151888376,0.3354480570975414,0.41796815020784606,0.17147748918964756,0.2834203630554555,0.4623270117888264,0.3784253547464743,0.11836027592835924,0.2278401997503122,0.4241490799821627,0.5057479748413629,0.34870466321243526,0.5831928309827235,0.6078716249541386,0.3891380169407076,0.4098342288839919,0.005178905430453542,0.0,0.24698327668400816,0.16689404274670308,0.34578663345786625,0.32324458040034,0.30874172550382817,0.0
0.264330529010389,0.22249194106208317,0.5622041207063985,0.4755532681420487,0.2834900593191575,0.5077319587628866,0.27268220128904314,0.09370538209624947,0.4137630662020907,0.34420452639741994,0.45580094668228477,0.40275991112150644,0.5596738324684954,0.272478258132507,0.5853755332870326,0.5225585371197667,0.368421052631579,0.662138386725097,0.11892112791172865,0.12182850947927978,0.1597358265975368,0.5620833333333334,0.5981242819118235,0.5188235294117647,0.4672493914582875,1.0,0.6034892942109434,0.3859254576134893,0.1275160777314903,0.31766825245014463,0.5898898001025115,0.3773307874086954,0.21651270312063123,0.5007802746566792,0.38388604398684895,0.5472937180142263,0.4961787564766838,0.7191923542363884,0.598766937325082,0.49246387643248624,0.31857331585434273,0.0016354437803281815,0.0,0.14457867420220072,0.4333788085493405,0.5936073059360729,0.24155376724567282,0.253170345998962,0.0
0.11241099537930106,0.1947848557221722,0.415227923248181,0.3521616057642822,0.4647038534231791,0.2467067583046964,0.34060485870104107,0.3466276230870841,0.24370886566008512,0.4823159070228923,0.48472988125373573,0.3322808248547927,0.3190017296763035,0.027582290049361864,0.28137712074610577,0.7096827384507032,0.38653699466056435,0.7184589612311362,0.2387797783600567,0.044017245811334836,0.061087714775719885,0.3738888888888889,0.09742849647076722,0.3068830290736985,0.26842221730471355,0.3166497419992341,0.23552735923869927,0.6893532000443077,0.27082749950432733,0.32859714672945217,0.36596617119425934,0.6436536143748975,0.9243649260108611,0.3454015813566376,0.5909596125451377,0.2258166753539036,0.20759930915371322,0.4466012560741689,0.41218336417283935,0.4306593589104799,0.3527559996225663,0.0,0.007729253639729634,0.2721884414742369,0.23252993785053808,0.30953369309533685,0.39605640363462186,0.44094286261432136,0.0
0.37057021608866936,0.37837202928624564,0.395595622712281,0.45342254246011326,0.2483630393273695,0.35481099656357384,0.1854238968765493,0.3021090778159576,0.34756097560975613,0.2826122988800282,0.7522882844430187,0.629633960940241,0.43476649369903647,0.04003117263757689,0.2945728742930847,0.7933879164908133,0.5533180778032036,0.9076081833048573,0.34738815836919157,0.02985111668792787,0.1768950888917002,0.30866666666666676,0.13883500544094046,0.184421906693712,0.24684664748838245,0.0982898266140805,0.12291831879460736,0.5922228618381944,0.8770618087471267,0.4262420730612776,0.4689902614044079,0.35475689635666546,0.0,0.28401997503121096,0.3442387303369976,0.1757979437648423,0.37461139896373064,0.579276143877276,0.289525728860022,0.3667164922770304,0.4488792218492753,0.005860340578477455,0.0,0.4033182454039859,0.2492041837198726,0.31714404317144046,0.43839992018725377,0.4972236801859471,0.0
0.08619484065168684,0.26083551936102733,0.40311044492601256,0.3803825699090753,0.44401811621702414,0.2641752577319587,0.2292183110229714,0.33127772755956186,0.1320170344560588,0.6202009717245932,0.5577846566435369,0.34849725178341706,0.44288979490980984,0.024934819300126525,0.2787974997519596,0.5192054518265521,0.356369183829138,0.6865230694738186,0.2438279766340537,0.05384400071521731,0.05312897367607033,0.24122222222222225,0.08661965960033756,0.26014874915483444,0.17528767426421787,0.25212447137877314,0.1535818133756277,0.36995492784419803,0.26139221918398553,0.30037881198255856,0.3724585682555954,0.43512049058787367,0.6252887072870736,0.3807740324594257,0.5869544822315068,0.11738076593040986,0.23592400690846282,0.5195205537174841,0.28609725073363734,0.44892874937717975,0.9999999999999999,0.0,0.006154775987600028,0.583331877090856,0.28346217977868726,0.37816521378165213,0.3895088956799503,0.4472270195748728,0.0
0.21339977766251206,0.24128525377497617,0.4190670862925502,0.43386515697375194,0.46821941812537826,0.4557560137457045,0.2845810609816559,0.2606347207880323,0.2232868757259001,0.509922943202363,0.6943535193803442,0.191790433867384,0.3261675315048185,0.027965334244477537,0.24784204782220465,0.8154048938809766,0.28466819221967965,0.8178275067803695,0.6704728479049977,0.08868330102425337,0.1419810365677118,0.30766666666666675,0.12569289019752833,0.19967545638945236,0.35555432617835814,0.10128629624532978,0.18041237113402053,0.5103870925078219,0.33774810102038066,0.16323852190670118,0.25474115838031786,0.4317160727467677,0.01327944557945579,0.19506866416978777,0.39401708512094913,0.1831366332322223,0.305699481865285,0.6363816835022504,0.32403864670145405,0.386148480318884,0.32686623960746897,0.0016354437803281815,0.07800820695951012,0.4033182454039859,0.18826739427012282,0.2826899128268991,0.38306875130783286,0.512328903510779,0.0
0.242671985846135,0.4228495360400924,0.41804336019578936,0.604734945959856,0.23569218263805808,0.4161297250859106,0.4975210708973723,0.1994758024226898,0.4731054006968641,0.17433395016710346,0.6198922329440565,0.733949245702257,0.3836174944403264,0.009816566972346362,0.1331729338227999,0.9351424910920754,0.5409610983981694,0.669127764775348,0.3102117839371139,0.032905386836653776,0.32665389941397516,0.29287500000000005,0.14851565660681199,0.3415010141987831,0.23091391900863031,0.20399046599827483,0.15558088818398086,0.4700893530002778,0.6384190895107236,0.4520057992377221,0.6078293182983086,0.21966011064386415,0.006351039218042179,0.1910892634207241,0.6032931116639242,0.3018355121349724,0.3837435233160621,0.23847381136049653,0.3387243046848517,0.7479446935724963,0.5611165979597346,0.0,0.0,0.1796608818333876,0.0995907230559345,0.32881901203819003,0.389637235088217,0.49234451327131323,0.0
0.05964106841990789,0.6374065228456207,0.41020633870202167,0.18528049408131758,0.83113785058424,0.34106529209622005,0.44471988101140303,0.29146491030696164,0.0891405342624855,0.847987847598852,0.6057792990471546,0.22079288972050046,0.45922905856189794,0.018928574514380132,0.2912987399543606,0.3695845436372745,0.15194508009153318,0.6311828340375982,0.26921320224043854,0.05314271752968639,0.048609953905984445,0.5473333333333334,0.024569574957489557,0.5008519269776877,0.4914804160212438,0.11474309425382487,0.17327517842981754,0.7620010283194332,0.1415641630881766,0.1180068420747708,0.3167606355715018,0.4328368888419023,0.06062355646356463,0.17665418227215987,0.6698936536815788,0.25220385585485483,0.22435233160621765,0.8870518940862626,0.16251825593555644,0.3946188340807175,0.37672799963654535,0.0,0.008874328064698603,0.6716515880893905,0.1969076853115053,0.3329182233291822,0.4041900573576109,0.4610660171823203,0.0
0.6548741000149652,0.41313965780509765,0.16984683164451847,0.30365414307771493,0.4268581199082381,0.4248281786941581,0.5299950421417949,0.5085521030821943,0.5804297328687573,0.40679132901026477,0.13846019398427623,0.3283826453046428,0.2609340252038548,0.27407430213032424,0.7029467209048517,0.6614905933592976,0.5359267734553776,0.6999556470130336,0.7324935695569605,0.4299899000866774,0.013665395308793571,0.8883333333333333,0.3831690493614995,0.7687221095334685,0.8380172604558532,0.7416232052186347,0.46946867565424255,0.44788830944758395,0.004876313026159415,0.15659798631774996,0.1747821629933368,0.38112537539609015,0.4690835434713265,0.6317103620474408,0.22259582541781414,0.7330231608389535,0.6290155440414507,0.3731150921115827,0.7124076887242385,1.0,0.2978793370074476,0.0,0.009654796855440214,0.22835454873471522,0.8285584356525691,0.9833955998339557,0.7926639727910896,0.1687609781445807,0.0
0.4160574553214053,0.255902274773893,0.3841859057543336,0.32938754503345347,0.6774794347184329,0.21429338487972505,0.2237853247397124,0.15987542423104073,0.19439605110336813,0.19507195107700567,0.4815077876904408,0.48017775698748677,0.3031875463306154,0.013418915404588453,0.18708453219565435,0.7563183221194265,0.32173913043478264,0.3463253806285419,0.36988869924757817,0.4282827007096168,0.4762456205635598,0.2511666666666667,0.2221329524644884,0.2389452332657201,0.16817880061960622,0.2851395636808254,0.3304421094369546,0.5311010260071903,0.3720645817732041,0.45324856087537524,0.4634161968221424,0.27885039046238813,0.16859123150271527,0.17279182272159802,0.507164689047779,0.5465832129807344,0.46308290155440407,0.4090923575378145,0.39183813893519215,0.7117588440458396,0.4967196367203949,0.006132914516649292,0.022615221799920773,0.4845632006466446,0.24801045929968166,0.24854711498547105,0.3282855150037755,0.3459931522374091,0.0
0.21352940862978786,0.37837202928624564,0.49899842579208525,0.6455652770629613,0.21222236248452975,0.23954753722794958,0.254007602049248,0.13849840126757923,0.3923732094463801,0.2529005056536986,0.6931154480424372,0.6229290921139827,0.4922164566345441,0.009354851971420483,0.23692826669312433,0.7734487658564067,0.6488176964149506,0.6748774858494894,0.04843866439097093,0.028281362089064552,0.3608806271307253,0.553666666666667,0.08775413543932957,0.4998782961460446,0.30648373533967704,0.31219533559068857,0.3100713719270419,0.3596312037462589,0.4532778773139851,0.45845832973215794,0.5211002904493423,0.20601873998448494,0.024826791010710145,0.3476903870162297,0.33155813314279736,0.28639482817069156,0.3005181347150259,0.6882946375277883,0.3298295586916104,0.27387477163261914,0.22987980819861073,0.0,0.0,0.5174408924359803,0.31862968015764737,0.3734606337346063,0.5541599607450859,0.3760557764045347,0.0
0.6029030345465489,0.4497866175952391,0.6869533490622114,0.6392177045805456,0.2246528590968775,0.47121993127147777,0.38274665344571146,0.45965059784695883,0.3568524970963996,0.19920191742842192,0.62125432598433,0.33165711612676874,0.563380281690141,0.025795887169869754,0.415418196249628,0.8122880128140324,0.5670480549199084,0.2599806376487671,0.5744128464626554,0.027509926495478725,0.6070120714623948,0.6627083333333333,0.20953320380441998,0.31578093306288035,0.7291436158442136,0.2714787986714583,0.25341990483743043,0.44757273213610904,0.3860777287095019,0.5334332797984987,0.279087647360328,0.4521977152552942,0.0687066990345904,0.14548220973782774,0.4344539040015202,0.5665871697505593,0.4136658031088082,0.26844055068555284,0.2773906211936546,0.44407075236671645,0.3826662531230433,0.013424267816637409,0.005868507381357786,0.28531959257801154,0.17780809458844934,0.5753424657534245,0.511736208953709,0.35771307689261295,0.0
0.08710418788322867,0.4004019680774703,0.41863768822043257,0.13194801852804944,0.42029605099634476,0.12596649484536082,0.16652206246901335,0.2163198859510399,0.06355255516840883,0.5830350179324184,0.14585181498779648,0.159688925271898,0.16224981467753896,0.7338222856469445,0.06728098025597778,0.4373358361836312,0.1732265446224256,0.6160650393636692,0.33545277530709877,0.35776122259304166,0.13214808616904014,0.08933333333333332,0.32412846352915764,0.11853955375253555,0.32219517592387714,0.47583354344149065,0.12093576526566212,0.6625457576577566,0.15550741332103651,0.14548569328243882,0.38954382368016394,0.21923228001354284,0.010392609862598632,0.28620474406991264,0.3391707591705945,0.4075094513862821,0.4300518134715026,0.2326552181187819,0.7965473102451205,0.606377678126557,0.9999999999999999,0.013151694483654214,0.11386335640619506,1.0,0.4895407003183264,0.2053237858032378,0.4544986928254993,0.5306641550541019,0.0
0.8182303502676442,0.2783759445597275,0.6142487561697382,0.47150025733401957,0.36718541731609333,0.5678694158075601,0.47397124442240957,0.44343111021809634,0.21138211382113822,0.3791256741077338,0.5453667804612631,0.28113670915682365,0.4015937731653077,0.03401184221067712,0.13622383172933825,0.8766902131776029,0.5104118993135012,0.31414822815723364,0.2966177071564221,0.07184276485528401,0.7375932205845507,0.6600000000000001,0.1987052693008734,0.175659229208925,0.6442520469130341,0.40025902729174956,0.2490087232355272,0.497918810957271,0.16256640435109862,0.37288220025320606,0.3013839056893901,0.6717168860005225,0.20612010223142263,0.23470661672908869,0.36667573411280185,0.33943053725338906,0.3455958549222798,0.6642194706795296,0.3242504690644234,0.41405082212257105,0.6335319021294405,0.022555496863554188,0.0014313431901098479,0.6497826714788673,0.23692587539790808,0.19344126193441258,0.3090647148050625,0.42433421494185675,0.0
0.4390009259620864,0.23898829333228927,0.4370361643130877,0.44981986618631,0.5009837589738037,0.3118556701030928,0.20079325731284092,0.3090774103206997,0.15127758420441345,0.42245695909699593,0.6277928082370094,0.5028651619693604,0.3187546330615271,0.043712280030622164,0.2811786883619407,0.820364243077262,0.5043478260869565,0.9343561777959,0.4160436548955505,0.01065999778251412,0.19553452112268707,0.30533333333333335,0.16668018081564667,0.17630831643002026,0.4151360920557646,0.10102920109954835,0.26804123711340194,0.43018711199470283,0.9641110321151021,0.35638675957857224,0.21681189133777548,0.6883810750869535,0.0,0.18039950062421975,0.5759993699972711,0.18184179237661213,0.13160621761658037,0.5130814919907912,0.2711793229466987,0.5132037867463878,0.3065423619679459,0.0029301702892387273,0.0,1.0,0.16780354706684855,0.3233706932337068,0.3848048661138115,0.537277288730314,0.0
0.47634312567059334,0.24932461532438044,0.5133628186820006,0.3710756562017499,0.5492968467710682,0.19802405498281794,0.397124442240952,0.43644633986139225,0.24593495934959342,0.388879002360256,0.5481863987082753,0.3082680388258683,0.44829503335804305,0.0573574903772563,0.29873995436055173,0.8473803128569137,0.43272311212814646,0.9016732290896561,0.5941729368494435,0.029207572731865264,0.15199640891909488,0.26933333333333337,0.18613912999622012,0.31066937119675464,0.2730692631113079,0.24523725138455102,0.30888183980967476,0.5241460888762005,0.9358401097118043,0.5525646858144718,0.4725781650435674,0.2379596937236928,0.0017321015903534027,0.19881398252184776,0.4846746201346119,0.43725873028215084,0.4823834196891191,0.46682741384002685,0.36995089238248235,0.41903338315894373,0.3378729994169364,0.0,0.0,0.3205356193449302,0.30195543428831284,0.31382316313823155,0.41092030287775705,0.4674294514449381,0.0
0.5469080439163385,0.17603069574409771,0.4354805073278948,0.3885743695316522,0.466835436037658,0.5379080756013745,0.5782102131879028,0.219388115083674,0.20227206736353076,0.26491729472301734,0.643877968932512,0.48140568354578406,0.3580429948109712,0.027852900076355235,0.16729090187518605,0.7153786990765674,0.34279176201373,0.35692931117211324,0.20661554364287602,0.08821704163131527,0.4511776466633647,0.2777083333333334,0.4055685795824478,0.45947261663286004,0.26543483071476004,0.28130823326251264,0.31795202220459934,0.45469889137269814,0.37108610737571707,0.40194169040276484,0.375961045617632,0.6526963792822739,0.06004619316593179,0.16760299625468167,0.3798603450129037,0.5400821157233797,0.18426165803108807,0.6745822979916385,0.24677795969834065,0.46238166417538606,0.3671234805222641,0.018262456883456277,0.013884028991735114,0.7366853400440568,0.27512505684402,0.232461602324616,0.29130695590484645,0.4206809315138519,0.0
0.10307742784539937,0.23021808073293923,0.4079869033763993,0.2715731686395608,0.741134550812361,0.09636311569301262,0.1373326722855726,0.33219055928182556,0.11014324428958576,0.5535901207394042,0.5886911341764421,0.18259073012902974,0.33778107239930816,0.026475441758941266,0.3014187915467804,0.6247085029387414,0.31899313501144155,0.7006448673180123,0.2749825716964351,0.05718225302641814,0.0554247494822511,0.28233333333333344,0.08370935176854334,0.3663826910074375,0.26665191414029665,0.32444049260988794,0.20301348136399672,0.663276757840531,0.2398308638815429,0.3388029408384675,0.4090210148641724,0.4720073702191187,0.6968822074268739,0.453183520599251,0.4950129489853298,0.3229472488601167,0.09050086355785834,0.4344067082957446,0.31390821923007706,0.2861650888556718,0.3843288776897582,0.0,0.02046820757090123,0.49795173721521724,0.21343034712748213,0.34191227341912256,0.3874927905744343,0.43185309869779426,0.0
1.0,0.13123996711170277,0.24590259770647496,0.12763767370046325,1.0,0.0195983676975945,0.34872335151214673,0.9612356373671176,0.0859102787456446,0.5697288614086277,0.13616849861962738,0.15805168986083498,0.4451445515196442,0.1105064452636387,0.12926629625954958,0.5039610246114656,0.6443935926773456,0.7295914694335929,0.4855645568403088,0.11137150235622309,0.06492680810703616,0.2540833333333334,0.05903102668715543,0.29505070993914806,0.2700818765213544,0.5247780171465863,0.35403449643140344,0.5414643849951304,0.22057590116594217,0.5040275544521449,0.24993593029215785,0.704226736080232,0.5392609913875146,0.15394818976279653,0.516665659013077,0.7012586424294851,0.3764896373056994,0.6524561449934138,0.3291761153501356,0.42009217737917287,0.29031616855412246,0.0,0.03292089416701968,0.5725203670032135,0.3263983628922237,0.3862079701120796,0.467620764934797,0.4264832459378672,0.0
0.3579679973039166,0.16436318076817666,0.6198101314941572,0.35216160576428207,0.792453208570935,0.41237113402061853,0.3921665840356966,0.3242501423326311,0.3205574912891986,0.3337597056501453,0.750514616142887,0.5197052976260086,0.19727575982209047,0.015524858632422502,0.5630518900684591,0.775938963474972,0.2877574370709382,0.7149206113853462,0.2331546431404602,0.09377960045508896,0.30952037678782635,0.43200000000000005,0.13570520393615132,0.2681541582150102,0.33522350077450774,0.39946128342784193,0.18596352101506725,0.5156442615098012,0.2596798989197136,0.3261617708094904,0.5612506406970785,0.22828843766998091,0.3966512826184266,0.17322097378277163,0.6543173026582643,0.1708830223057714,0.4590673575129535,0.4253454975478149,0.2833253650732648,0.48629795714997504,0.4267657945829944,0.0036116051346683194,0.0,0.3295612829866787,0.26148249204183727,0.38065587380655863,0.42022866596652264,0.42315154891965423,0.0
0.5364276842864977,0.3708547042010885,0.3691500256439621,0.23005661348430267,0.804736228281373,0.2414089347079038,0.35299950421417947,0.2551060170571279,0.24216027874564458,0.6126032799657775,0.6401235335750768,0.7114957314933927,0.267605633802817,0.03219579775232526,0.2984423057843041,0.6762497871907032,0.38260869565217387,0.34218159263233017,0.23748167023245753,0.07555185851504392,0.3849711689154343,0.21100000000000008,0.36136725749844323,0.18182555780933068,0.3696614295198054,0.3130124243911431,0.33584456780333055,0.31008505183461094,0.2945205552916691,0.367677987495453,0.37109174782163,0.45072652017302794,0.10623556463564632,0.06023720349563047,0.5349836802995644,0.5845078895875586,0.20155440414507775,0.5836096207638832,0.22976691380232445,0.3293472845042353,0.43700092858900147,0.011788824187606389,0.007657686329270437,0.4840181683033183,0.2037289677125966,0.1344956413449564,0.454313021597814,0.4105393339038191,0.0
0.37864918300184947,0.1857405739790925,0.3349285751345563,0.18373648996397324,0.6251530842176971,0.2701890034364261,0.34209221616261776,0.3090396924588333,0.29210220673635306,0.40056934084804924,0.5368081637421565,0.3227692667524267,0.19495922905856197,0.03272983209932308,0.28921519992062716,0.8181570395436317,0.41327231121281466,0.35560066649322464,0.4907569893507057,0.05618141452399827,0.1528227992326898,0.3110000000000001,0.14014942663642949,0.38791075050709944,0.2584642620048685,0.37829674900241805,0.4032513877874701,0.10575078784191627,0.4027816703075586,0.4068702351702018,0.3654536135315224,0.5324582726740225,0.025404156872168716,0.15387016229712863,0.2789734618801015,0.70893072324333,0.6072538860103626,0.2607762785702086,0.26805147686901737,0.561534628799203,0.31109214834165183,0.001431013326699304,0.0012882088869887267,0.4262133196153223,0.3578899499772624,0.3843918638439186,0.2535026833365624,0.40943906215322634,0.0
0.7384494202271643,0.3332680787753025,0.6509777005802555,1.0,0.039936235461438485,0.5791809851088201,0.4797554123285407,0.4234081500006236,0.4469608981804103,0.26796253117010305,0.6014228102024749,0.6269831988461388,0.6682727946627133,0.027745226277853953,0.1510070443496379,0.8742322423090816,0.8370709382151027,0.24212140276596517,0.16863386139089884,0.07281721826805973,0.8342170743482018,0.5854444444444443,0.112489836049092,0.20105476673427988,0.33248506306705045,0.36020458491195195,0.22997620935765256,0.7062176554511879,0.11863993131332987,0.25268036664555027,0.47001537672988214,0.38840005575862757,0.21420322941949407,0.3239700374531836,0.44480143103387815,0.3617861167697241,0.37720207253886007,0.41704475481429576,0.27514824770286467,0.23567513702042858,0.3481900500234845,0.021533342931141036,0.0007872387466154844,0.8128322053136334,0.24526299833257534,0.24062543240625434,0.2526798646393715,0.45889064302574006,0.0
0.37236537970534195,0.2865980188716182,0.347012438447951,0.3973237261966033,0.6416650161681385,0.2933848797250859,0.3549826474962816,0.49171162993476614,0.295876887340302,0.5556994006276723,0.18798447126851392,0.16559466729037545,0.2546330615270571,0.059356080174734295,0.31332473459668625,0.6389733966769053,0.5157894736842106,0.8511262832820443,0.5677780715882592,0.03232717738828142,0.07247676315968704,0.2226666666666667,0.24218982591825727,0.3119675456389453,0.3162204027439701,0.2859200285722835,0.20856463124504354,0.5472635613096914,0.36612385854750484,0.5462652092274932,0.3582778062532035,0.5904050498563362,0.03060046244442446,0.17727840199750317,0.522138984401728,0.4440774774834196,0.49430051813471493,0.5194761115639454,0.3935809169395031,0.5769805680119581,0.31305303578652777,0.0,0.0,0.2754483472257505,0.31741700773078685,0.3993358239933582,0.4287832131368621,0.4563203653994879,0.0
0.6329594825041818,0.21017188050585336,0.47846467168171203,0.28564076170869795,0.5791371903180903,0.15592783505154634,0.24144769459593451,0.32860770220507785,0.20886566008517224,0.3009914259800933,0.6375116654003372,0.4311386582465988,0.2698295033358044,0.03995999930641372,0.22343486456989786,0.8714802845575051,0.26681922196796337,0.925568583155029,0.6574917666290054,0.027535893561414754,0.24945145932323867,0.31188888888888894,0.15517398597055232,0.22617985125084517,0.24917017039167969,0.077666926935102,0.3335976738038592,0.5087415691495638,0.4885029556235186,0.4472441273932777,0.31436869981206217,0.6265105467346875,0.0011547344469819711,0.20765709529754478,0.4367924435788121,0.13451779851147527,0.4376511226252158,0.4534262642867614,0.24956906813974256,0.29114764989204445,0.27598701645850116,0.0032027442274105643,0.0,0.36933570295799023,0.23586478702440497,0.33720769337207673,0.38601471630024387,0.4427660315912749,0.0
0.21864897584444365,0.18229513331506206,0.34524725422852875,0.274318064848173,0.6846384853963348,0.3375751718213058,0.10665592464055526,0.3309172841183479,0.30491434378629495,0.3152441499649337,0.6473389037608719,0.15150274821658286,0.2227575982209045,0.10603439837282827,0.3066276416311142,0.8539445166231778,0.21189931350114416,0.8371938622811009,0.34908291064689057,0.042218341007235045,0.18194844510334818,0.24737500000000004,0.17254064432594424,0.20486815415821505,0.2797078999778714,0.18103920130485354,0.3300951625693892,0.4229563694977919,0.4854626973072311,0.29980824335143885,0.321694003075346,0.3974946349720134,0.0,0.20665574282147317,0.5442327989953949,0.26610225635496226,0.2708549222797927,0.4766950381865863,0.4209827616731479,0.4209641255605381,0.33385522430998704,0.004701901189949988,0.0,1.0,0.11351750795816282,0.23365504358655037,0.46614667660857084,0.4765746326020932,0.0
0.3464252611465512,0.6010727849340276,0.48130740279928297,0.447246525990736,0.6201593732990444,0.5889175257731959,0.6167575607337632,0.09702935362336261,0.5310685249709639,0.34264786132931135,0.3117292870752212,0.344287217869255,0.62824314306894,0.10029107047834623,0.4764361543803949,0.606327417015649,0.2805491990846682,0.5671681826252758,0.3794081588499724,0.6740423246005082,0.07956359286619738,0.45266666666666683,0.29448990782272777,0.4486815415821501,0.5635096260234567,0.6230053131314286,0.5809377478191908,0.2902962634168287,0.17811713972440402,0.32069471182841247,0.828036904151717,0.24554259277623208,0.0,0.49750312109862677,0.3887126220895119,0.5552959262984132,0.5301813471502589,0.5608156152870205,0.518022028317491,0.788490284005979,0.9999999999999999,0.0010221524194415487,0.0,1.0,0.5334242837653479,0.5496056454960563,0.3257999518006908,0.32435594407692775,0.0
0.11299920565306487,0.1945107865784425,0.4393798562935326,0.25263767370046325,0.4835997962106239,0.429553264604811,0.21913733267228558,0.3227568463082663,0.19918699186991867,0.5507645242679379,0.5862095221365217,0.5931470003508361,0.2417068198665679,0.027019091450539462,0.3255283262228396,0.7387820844074018,0.4843821510297483,0.7036487260593405,0.28295151325753026,0.06359667803927718,0.0560611210661164,0.5106666666666668,0.014204244207786772,0.3479918864097364,0.2704552998450986,0.3266796220614492,0.5007930214115779,0.10258928187677391,0.24073944157559207,0.3779087603060888,0.4079958995386981,0.5244418633159214,0.6535796832112323,0.6136079900124846,0.20052648346593127,0.1433627328108389,0.6119170984455957,0.2387168593822789,0.27942714253674367,0.4833084205281515,0.37672799963654535,0.0,0.025549477079586037,0.07894412904831899,0.21464301955434298,0.3607305936073059,0.3935984422193917,0.4329445131173408,0.0
0.3762240946870372,0.526525977839552,0.4210788967668116,0.336421341568022,0.6817247870742176,0.4898339060710194,0.47678069740538753,0.17808629178874552,0.438056523422377,0.45670750479986594,0.40169397278040087,0.2084746423420263,0.25648628613788005,0.087350915165095,0.3303899196348845,0.7763442876723192,0.23295194508009148,0.25587065711408524,0.42864011154114284,0.910352968933856,0.2707784823068506,0.46144444444444443,0.547577546577064,0.4273968897903989,0.40996348749723394,0.46558640847296007,0.4261168384879721,0.3310759351979724,0.11133631175256561,0.31759127436017,0.4787288569964121,0.34212107302013095,0.04157043945039453,0.5101955888472743,0.347945559820951,0.4993409180147976,0.7398963730569945,0.17164784408927553,0.16668268884007534,0.4818136522172396,0.29968081920659667,0.0036116051346683194,0.0013597760385492873,0.3421893939966733,0.10974685463089287,0.30344541303445405,0.8281206933500573,0.021687338718357818,0.0
0.4037197848531376,0.4030774049567362,0.4535466057393062,0.40485074626865675,0.6788533751869248,0.4097938144329897,0.46554288547347544,0.4266798771920435,0.3725319396051104,0.5190427985141324,0.5403171885678563,0.16232019646824938,0.39835063009636773,0.050282424354891254,0.44369481099315417,0.9641701489721453,0.20245995423340957,0.8028862247922757,0.12584437125892453,0.07000272368424709,0.21452074374194766,0.4540000000000001,0.14842457876537068,0.3275456389452333,0.1804187873423324,0.1621676053049779,0.1851704996034892,0.5312073713200728,0.48990077051631126,0.3212930134666543,0.3239364428498206,0.6915103905521423,0.0017321015903534027,0.2687265917602996,0.36589360617331573,0.24330952143042361,0.3430051813471503,0.39882554331192865,0.2576273497967031,0.40607872446437476,0.9999999999999999,0.0001362869879980635,0.0,1.0,0.24147339699863576,0.44956413449564125,0.41415573916852916,0.48361572682254833,0.0
0.6867284908795013,0.050115500567714646,0.15009211552441432,0.2177045805455482,0.8080473738324082,0.0985287800687285,0.33614278631631134,0.7857498870282608,0.11131678281068524,0.6144870490230648,0.07624254228182625,0.4224652087475149,0.4273535952557452,0.09209061781557301,0.1378608988987003,0.0,0.36659038901601837,0.7374848181044162,0.45080410586792957,0.09666933930636151,0.06284057425100037,0.33662500000000006,0.02709555454251225,0.42361054766734285,0.23921221509183452,0.5379546892049889,0.3436260904044407,0.3480953123023152,0.3325761819445156,0.6033783931381701,0.30509994874423374,0.758258653899113,0.4081986306135067,0.15913701622971288,0.6624534606439654,0.5928948272697256,0.26904145077720204,0.7519410472745309,0.4440277051338562,0.4353512705530642,0.7423943796927319,0.0,0.013884028991735114,0.3316931744052821,0.21896316507503408,0.26017019510170186,0.49009523493808566,0.4507874389418757,0.0
0.12792908224441268,0.2230139775263302,0.42330325637443933,0.2391276376737005,0.6862661231032694,0.3221649484536083,0.4070401586514626,0.2593775224384245,0.40389082462253195,0.4529376386997536,0.5341395570528228,0.193661560051456,0.39867494440326173,0.601972414644952,0.2948705228693324,0.6153171769893113,0.2473112128146453,0.7140940232412283,0.25709752638284583,0.07102115224642971,0.03058207215538971,0.3080000000000001,0.19939970427382253,0.6319675456389453,0.34103230803275075,0.5468439223168857,0.26804123711340194,0.477520203080923,0.17710372690652842,0.29080845514803433,0.42491030240902095,0.39613828171848386,0.5381062442816431,0.43320848938826456,0.41135449597777185,0.10258976330812339,0.26528497409326424,0.36797955710333624,0.5433807910319276,0.6870951669157948,0.29950876164634166,0.0,0.0031489549864619376,0.07151304289898325,0.3924511141427922,0.5180572851805727,0.5832009824261539,0.3229393708858478,0.0
0.5176956119620308,0.5223496861255758,0.4244929212373208,0.5908389089037572,0.26264781521037855,0.6567869415807561,0.7659890927119485,0.39372924724508157,0.27497096399535426,0.6981405190945875,0.46163667227553873,0.40369547421354235,0.6779095626389922,0.044861593226198725,0.3192777061216391,0.8023286316728635,0.5789473684210527,0.6875997598983785,0.19103824611168543,0.0516853262865337,0.10393057789094892,0.18833333333333335,0.06822642858235847,0.21687626774847876,0.26344323965479105,0.2561807571150365,0.32751784298176034,0.46712581559376726,0.39345122511104325,0.4562690367623803,0.35776524859046643,0.5147241112027746,0.07678984160561617,0.2009987515605493,0.7261793894064135,0.306090824628842,0.3056994818652849,0.35311234918159196,0.1531277633858261,0.4668659691081217,0.49893853040387387,0.0008177218901640908,0.006011641366681634,0.25608223596496416,0.14415643474306508,0.28185969281859685,0.4231092376273921,0.44646887377548056,0.0
0.10774721564544418,0.34798950706706866,0.4179544154230302,0.611425630468348,0.29108320768907553,0.4499570446735395,0.7092216162617748,0.1989004776040187,0.31761759581881527,0.5928786723997965,0.10544462765115142,0.2010291194012396,0.3717568569310601,0.8276348166643998,0.3274630419684493,0.44978607263214193,0.3803203661327232,0.5790828494747658,0.4861414937859084,0.5038229950829276,0.0701008984559223,0.2572916666666667,0.23094889089669385,0.21914807302231237,0.23423323744191202,0.5825936937314575,0.3075436161776366,0.6268197972478479,0.1795689611919758,0.16549249356774687,0.46251922091235265,0.5263483566407384,0.0,0.2470739700374532,0.6691632236038076,0.4079937290060092,0.33160621761658027,0.7433599133117912,0.6858791137199033,0.48418036870951664,0.8265567438125008,0.9007279150881411,0.6932160644782905,0.6744786278236752,0.28422010004547515,0.32990867579908667,0.4398361893522236,0.5300657573269928,0.0
0.3330253287606655,0.19920911475666575,0.3900693611405249,0.5090066906845087,0.22485355324230039,0.3629725085910653,0.3485374318294498,0.23845147852717719,0.5540069686411151,0.660666561156839,0.6298908388225308,0.1810314583089697,0.48591549295774666,0.022738186085731797,0.33802956642524074,0.7265873130707565,0.5208237986270023,0.2683640300507718,0.24988581456285014,0.13749019989765007,0.2471869643636034,0.1496666666666667,0.37958373470596807,0.22519269776876266,0.1622040274396991,0.41181908244406973,0.31031919111816003,0.3618508047360357,0.384889584064362,0.5336674907422093,0.3131727319323424,0.40115432610222945,0.2066974552737526,0.24188514357053684,0.43280900146645446,0.47528404306942934,0.7954015544041448,0.18245798980707262,0.35912980066711414,0.22957149975087193,0.26971264753431756,0.02930170168200999,0.011236044225095738,0.1597473500237332,0.2251023192360164,0.17683686176836855,0.30326858735010176,0.47576242133172686,0.0
0.09728182335306926,0.2213695626639521,0.4200629760601006,0.3120818322182193,0.773253380180801,0.20274914089347085,0.22706990580069414,0.2722233639461956,0.17073170731707316,0.8026447752964166,0.5904469937512316,0.34148052859314704,0.24689584877687182,0.020846943268244517,0.29725171147931345,0.7335149368637566,0.29016018306636154,0.6313238799040268,0.3698886992475781,0.05550190163531122,0.4004813844231384,0.027000000000000017,0.18677582793881575,0.0877079107505071,0.060176477096702825,0.12649004872635014,0.1427438540840602,0.5357476874003144,0.30461980463801874,0.21963221473705397,0.37057919015889296,0.6845794215006055,0.0017321015903534027,0.14606741573033713,0.774981743335676,0.4202223848796042,0.10932642487046633,0.9851085320126511,0.40638499488082747,0.13502740408570002,0.3881714593778122,0.0016354437803281815,0.0015744774932309688,0.48019296373974635,0.21145975443383355,0.10585305105853049,0.4104449797102624,0.4436315158110168,0.0
0.3537524157261181,0.5542983177374939,0.4569220699139136,0.461142563046835,0.3863519612779442,0.2972508591065292,0.37977193852255825,0.25665548636113034,0.29703832752613235,0.30395499263861125,0.5402846921347921,0.5533855689393054,0.5455893254262417,0.02752158351102397,0.2514138307371764,0.7931979383899705,0.45491990846681923,0.6498979530211285,0.20459626433327732,0.0750307978671736,0.4737369165314651,0.13633333333333336,0.1429805448775761,0.16073022312373222,0.24286346536844436,0.360460529691361,0.3378271213322758,0.45068799371860513,0.1351342026637338,0.21029293463653131,0.41209636084059453,0.36020173646239595,0.17667437920139248,0.07865168539325844,0.5302469303124201,0.21200636551040342,0.5062176165803108,0.2956096240905741,0.22047679959721822,0.3926258096661684,0.44511230336287916,0.005451479368625379,0.0039361938125267405,0.6109968612559424,0.2210095497953615,0.30510585305105836,0.3480308055341118,0.3301030902695942,0.0
0.24274684044126305,0.2756352531224306,0.49668113157379956,0.5158689312060387,0.15914249891886256,0.37127720504009154,0.3564700049578581,0.2248508762689168,0.2967479674796748,0.33129227186808213,0.7410254470044979,0.5942384906248782,0.39560168025698045,0.006709961368321204,0.27959122928861996,0.7624770137772645,0.5218916857360794,0.6977180335292221,0.13190220918772083,0.051098888620087574,0.42176630239425733,0.4132222222222223,0.0989436442222293,0.2504665314401623,0.31068820535516717,0.434647328366247,0.2417393602960612,0.5036555873965317,0.1412845961370859,0.1910843130904542,0.4246967367162138,0.2920914408955924,0.17840647934959392,0.14320640865584688,0.6889445479964819,0.276668001342677,0.3823834196891191,0.33146488389396045,0.22982764379426807,0.25631124397940536,0.6149943042555794,0.006950636331164803,0.0043655967218901035,0.4642386175050359,0.27103228740336516,0.3170056731700566,0.391683545923838,0.28160627832242235,0.0
0.719130029437268,0.34223405504874516,0.5214988180088194,0.5975939269171385,0.31433513744721375,0.49699312714776633,0.4412493802677243,0.43850926904509246,0.3533681765389083,0.2806541025957921,0.5845054734220361,0.4270845515144428,0.595858042994811,0.049905219890530185,0.19277706121639057,0.9074912818654912,0.6513729977116705,0.9757634251088646,0.513834467174692,0.02431932393672797,0.28167714632125895,0.20466666666666675,0.12814404920153483,0.23894523326572015,0.2515766762558089,0.11331250802395218,0.25257731958762875,0.40407018417726825,0.4454501218594104,0.3348327519216029,0.41055868785238336,0.3105956935149804,0.013856812722827221,0.28838951310861427,0.14341922192116163,0.1771915168731686,0.321761658031088,0.6746639980052729,0.3306895758551592,0.234678624813154,0.3527559996225663,0.0012947263576133855,0.0,1.0,0.3155979990904957,0.2660855126608552,0.4086640663887229,0.48736358132419005,0.0
0.612344713247017,0.2750088093653342,0.25492683441165387,0.33813690169840466,0.471625765253943,0.41199527491408927,0.5790778383738224,0.5384744729370811,0.5058797909407665,0.436533639883763,0.16516505827471306,0.2722488597824816,0.3469236471460342,0.25479300766335333,0.6389522770116083,0.6472518192611112,0.4411899313501145,0.6996934675746973,0.7261833217144644,0.46222660368274326,0.015572573627031884,0.8531666666666667,0.3927151391621751,0.8377281947261663,0.6073246293427752,0.6632532987841531,0.5241871530531322,0.18439391458525334,0.001991897146693025,0.16935265272861444,0.0,0.3468333352712726,0.46131642318663274,0.7490636704119853,0.13435083538593445,0.6491924065514016,0.5580310880829017,0.3088532206676645,0.6983730903699923,0.9885401096163428,0.29661366289060553,0.0,0.009589999898101482,0.16626656005959145,0.5703160527512504,0.8954441677044415,0.8030080308013859,0.17800007576875748,0.0
0.09573004819890962,0.48987901804941075,0.40182227001166443,0.36798764796706135,0.5704687413842855,0.19329896907216498,0.18988596926127915,0.28728302732266725,0.093205574912892,0.9620451537814283,0.5607705088337657,0.17354695357268154,0.387323943661972,0.021659745204269207,0.34249429506895535,0.4634140887458928,0.40137299771167045,0.662058049313474,0.28796365297242726,0.06681277768250682,0.10549397474043837,0.07100000000000004,0.126664865732665,0.21135902636916842,0.1266873202035849,0.1446650157187587,0.17010309278350505,0.6732855344827768,0.24479313257241603,0.17594199622565165,0.30804715530497195,0.7322549036937802,0.021939954011940127,0.2537453183520599,0.5718996707141542,0.37186588420223093,0.3170984455958549,0.8317380574205164,0.23192513568742512,0.18435475834578974,0.44573779365015836,0.0002044304725410227,0.00214701486461409,0.365794127064769,0.08003638017280582,0.2245745122457451,0.4044985534976802,0.4412467537694285,0.0
0.5633240219469948,0.2460879892460488,0.5391405050777807,0.4915079773546063,0.08072897228842107,0.305627147766323,0.2372335151214675,0.34708159663170995,0.2637558072009291,0.2713309979172783,0.5964567357984983,0.2616068296105718,0.5696812453669385,0.03330708389409988,0.4183574759400735,0.8294032357536156,0.4814645308924485,0.9207640337575798,0.1595230654583043,0.06642631122178469,0.3725232191889781,0.15841666666666668,0.11489682983989787,0.19610547667342804,0.15357379951316674,0.17762665119979512,0.12921292624900865,0.45174888927274004,0.31436959032983974,0.17765579159215,0.43695540748334183,0.4734924716718054,0.035796768016680205,0.2437968164794008,0.5588291450853492,0.1560311449939229,0.22823834196891185,0.5599197824522736,0.2415221145835479,0.135401096163428,0.3446069658407488,0.004974475128121825,0.0,0.4210843476343061,0.29178035470668484,0.2837795765877957,0.421294828703255,0.38814877983296353,0.0
0.7621681695797974,0.35769938530206336,0.5246807330350912,0.4539372104992282,0.3914906175788053,0.28307560137457044,0.5166088249876054,0.4338458886710266,0.40824622531939614,0.39483681213959104,0.49414149351177894,0.6184072038358087,0.41994069681245383,0.05656641757194077,0.22522075602738367,0.897573710939394,0.6173913043478261,0.5384983826762101,0.1904613091660857,0.09272364895124269,0.10918496567639602,0.3036666666666667,0.2268996555872525,0.33630831643002035,0.1303385704801948,0.28266632293406435,0.17882632831086437,0.4193871784662744,0.2663894262952471,0.3179312411375471,0.4146591491542799,0.5762756420337241,0.14607390906549086,0.15761548064918857,0.6536034825768408,0.345549217025017,0.28860103626943,0.4235794630343624,0.1742098181584234,0.2127553562531141,0.39184113273720517,0.001976161354340138,0.0005009701403732422,0.22891491025922397,0.25875397908140074,0.23329182233291818,0.22953595377368094,0.32621826744638305,0.0
0.3365005733217306,0.10297169257272619,0.5998486068839468,0.32649253731343286,0.5979848342828455,0.13831615120274918,0.11353495290034704,0.27488536151251214,0.29326364692218354,0.5862630827624936,0.7050525281423312,0.49163840486492805,0.15706078576723503,0.015794793521176936,0.3978569302510171,0.7814592272419953,0.25732265446224256,0.41564982574570336,0.4062357268203563,0.11604481847563142,0.24090183792798572,0.1826666666666667,0.47677649573625724,0.3509127789046653,0.10461385262226158,0.4036072507874169,0.3100713719270419,0.32633723799063874,0.40183815419312097,0.5295862748208039,0.6509482316760637,0.1923206134628323,0.12644342362703645,0.10580524344569288,0.675536968794175,0.5006999144354474,0.36787564766839365,0.25197436938657775,0.3362184763100341,0.4404583956153463,0.35101602697930556,0.022010347776833233,0.004580298335470422,0.4694228418800267,0.34970441109595274,0.35325861353258603,0.2833150310386309,0.4704467560122115,0.0
0.5868065316300277,0.37868525116479385,0.42596855750451407,0.6428203808543491,0.3833657398874881,0.679982817869416,0.7342588001983145,0.3081457196675028,0.45063879210220675,0.24614519964465384,0.609488726667366,0.3447549994152731,0.5481838398813937,0.04144562165009481,0.23087607897608894,0.8257187692726302,0.6389016018306639,0.8763453767981737,0.759898074472944,0.030798736285045106,0.2845445175328872,0.30866666666666676,0.1354091028295013,0.2032454361054767,0.24352732905510074,0.05826447206969729,0.34655035685963503,0.37027917859307613,0.44716244212368234,0.481944672650791,0.44028703229113275,0.5408699150740637,0.0057736720746707475,0.3249063670411985,0.24821530298235056,0.0992408394131809,0.4538860103626943,0.32211489348634814,0.28802792650200293,0.3781763826606877,0.2626972793868174,0.01158439388527467,0.0,0.3772728185317491,0.20281946339245108,0.31963470319634696,0.38877169821114627,0.388656794849787,0.0
0.1273052623145694,0.14928937786304372,0.403006141434626,0.21255790015440046,0.16591436282580552,0.10996563573883161,0.2047595438770452,0.3490995447166304,0.19889663182346107,0.3696036087738648,0.6155558884806277,0.7367559349783651,0.19403261675315053,0.028346297121710128,0.2927869828355989,0.6938681420442396,0.3814645308924485,0.7579917750049939,0.35431140171638753,0.05474329488230425,0.056368845152704385,0.1943333333333334,0.055644816993005775,0.4645030425963489,0.26028988714317336,0.24635883512069942,0.2819191118160189,0.34778088954185665,0.39156415315684623,0.4549396569654961,0.3418759610456177,0.11788188651994136,0.32505774145741473,0.5246566791510613,0.3968610431559089,0.2867111181662211,0.45647668393782387,0.5464268632935689,0.3135926507087423,0.5087194818136522,0.35466527395996283,0.0,0.002934253690678893,0.398701380004444,0.394724874943156,0.48111249481112484,0.4052082900845956,0.4467989930104753,0.0
0.37430970811521513,0.35237461336674364,0.36348074530117447,0.3165208440555842,0.6187928674643519,0.5966494845360826,0.4685176003966287,0.4106839358548506,0.39459930313588854,0.48585567024006654,0.5881895617929866,0.36814407671617355,0.25982209043736104,0.041487381315306916,0.24933029070344292,0.7647641734749984,0.17437070938215105,0.4083976962188499,0.28190581504363094,0.1317775020729046,0.15647848749897464,0.7086666666666669,0.36597725467764325,0.5336308316430021,0.5824297410931625,0.45337083230333475,0.32236320380650263,0.5477952238329965,0.39582751440132297,0.562101326150611,0.6545361353152233,0.1093793213688537,0.17782910579665817,0.3177278401997503,0.36129570572389075,0.5511419639578998,0.5284974093264249,0.2680637730807627,0.30858252478353493,0.6920777279521675,0.5088713011789634,0.002589452715226771,0.000930373129185924,0.1955237151022995,0.26739427012278305,0.4383561643835616,0.33020527199153005,0.5146059319202675,0.0
0.1963294701867686,0.6565130574370619,0.4141938115375158,0.7450677646251501,0.2667457033782751,0.2943513745704467,0.33816724508345736,0.18122290578354722,0.4303377855207123,0.3465251233912994,0.6488415175416407,0.5290219467508672,0.7010130961205833,0.011622363950294513,0.3375334854648279,0.8920694196140835,0.6979405034324941,0.666012363934978,0.13613308012211833,0.019199766328053567,0.3466445649114532,0.1778611111111112,0.11818042461516347,0.5020689655172415,0.4166851073246295,0.23354304942709933,0.18645915939730356,0.4437213184557457,0.6714076322115314,0.4236023561658927,0.4683495643259866,0.4867100739732349,0.005196304931299316,0.09987515605493134,0.4651360281303087,0.33228037063081306,0.20405872193436958,0.541087388210366,0.36341527804603274,0.47022919780767314,0.29833541448474005,0.0,0.0,0.44385296911916394,0.27406396847051684,0.308980213089802,0.4198450855461988,0.4568227228247796,0.0
0.1155950555653181,0.3389060725891704,0.41927125040802166,0.43763938926059365,0.33645337351463017,0.4763745704467355,0.4671955048752271,0.2734115615451256,0.2766163375919473,0.6548575736802644,0.21922120345979496,0.5203290063540327,0.3308623671855696,0.1528242390874098,0.2097430300625062,0.6767801662111077,0.4489702517162471,0.6641982250167435,0.12882521214452272,0.16393302877125754,0.12636447611218046,0.20122222222222222,0.10128823244283915,0.21168356997971602,0.4779818543925649,0.1377021063126108,0.15120274914089338,0.34342842709570254,0.2599944042911928,0.09110057773932301,0.4384076541944302,0.37419180134991226,0.0,0.3291718684977113,0.3116097490668853,0.35621699214028024,0.4369602763385147,0.5130660702916222,0.45162129410129204,0.15296462381664172,0.3843288776897582,0.559458070129531,0.8998854587438732,1.0,0.4026072457177504,0.45869655458696534,0.4138200191504059,0.45886593246525825,0.0
0.20778006714249453,0.33170196938256136,0.4151922701748004,0.39217704580545554,0.4310032875842497,0.5395189003436426,0.6509667823500248,0.2381598446988275,0.23664343786295003,0.4814110893975484,0.6741445910906321,0.3311893345807506,0.4010378057820609,0.40489373156947195,0.29070344280186533,0.7755843752689477,0.22517162471395885,0.8169471112868413,0.6592225774658045,0.11484812759995616,0.12868498861320088,0.3346666666666668,0.252884211262149,0.2746450304259635,0.2448550564284134,0.3171185749881168,0.3517049960348927,0.40335050456794236,0.31185350763268427,0.21109719184307674,0.5848282931829831,0.06837655904951451,0.02309468829868299,0.38639200998751555,0.2984945205080329,0.29802109490736384,0.3569948186528496,0.643080863306055,0.5084490396270442,0.37717987045341317,0.35765077624898356,0.0022487352925119747,0.06920544620527072,0.3827332262518642,0.38835834470213737,0.4790369447903694,0.32805774783695596,0.5479244283988465,0.0
0.4303313455486673,0.391840570063819,0.421363452596166,0.4143077714873908,0.4088115695732416,0.3844501718213058,0.24144769459593457,0.2507791241849824,0.2592915214866435,0.5145466743650537,0.5766852976073195,0.4214711729622267,0.7724240177909564,0.03053442875458654,0.2942752257168371,0.819765088601953,0.5867276887871855,0.29743601580381557,0.2074809490612756,0.10819078121665165,0.35838876510362777,0.27933333333333343,0.44798515606771183,0.33253549695740364,0.16950652799291885,0.3558612240736325,0.3433782712133226,0.49478263247567844,0.2749510673419283,0.4206587633928105,0.5797027165556126,0.5132681765134866,0.22517322437224419,0.11579275905118601,0.645318931460836,0.6212602226895079,0.5316062176165802,0.3115783148304542,0.1987725084325532,0.5376183358246139,0.36966054479758437,0.03339031257015347,0.011379178846014132,0.3501973362658927,0.1377899045020464,0.20547945205479445,0.3631943210233433,0.625701783050844,0.0
0.5252561982684907,0.32606397556869343,0.381673956496388,0.4354734945959856,0.5397760179314858,0.31201675257731953,0.5782102131879028,0.39422803198820855,0.42254645760743315,0.5549647103681875,0.14860921189712945,0.4236931353058122,0.21251853224610825,0.13522876050281676,0.19593957733902176,0.4667042708054207,0.4303203661327231,0.5644071040745828,0.11156518185533307,0.26264963446465944,0.12447490444185491,0.29066666666666674,0.2541353386254366,0.25257606490872214,0.23705465811020146,0.3423120680792453,0.1586042823156225,0.6021083194749004,0.47148450865398256,0.37050257527564423,0.3818554587391082,0.41885540955961986,0.012124711292712927,0.18383270911360802,0.47543806402919714,0.6559370705644236,0.2518134715025907,0.7026325014711448,0.13732050314754587,0.5291479820627804,0.4880856107669148,0.025553809578255753,0.0,0.9766167788780238,0.07651205093224195,0.40509547530095463,0.643198751738171,0.43168990247117867,0.0
0.21727977427120493,0.2562154966524412,0.3557735774758668,0.38291302110138964,0.47274433893115686,0.2873711340206186,0.4685176003966287,0.3158730391921662,0.19541231126596983,0.2554546460925877,0.8930870147380497,0.5814524617003859,0.2349888806523351,0.03601814664510194,0.3079670602242287,0.3535124150970768,0.2819221967963387,0.9077158695084613,0.23892401259645668,0.058301928347734684,0.1913412392346284,0.47633333333333355,0.05099751280957732,0.17241379310344832,0.31456074352732927,0.13018361690236127,0.23790642347343366,0.4288490378032557,0.5259644900911342,0.22271433008166985,0.24295233213736553,0.7243249731715553,0.011547344149341495,0.2715355805243447,0.3702883634587608,0.16417426093010062,0.49792746113989633,0.36476032694397764,0.23485139405688304,0.5067264573991033,0.7706166311357578,0.01703587385908869,0.0,1.0,0.3419736243747158,0.28559568285595677,0.3947401570441855,0.4424641899633216,0.0
0.39449543518771113,0.39810500763478335,0.3848566935609748,0.39063304168811125,0.3462781439527578,0.28651202749140897,0.3648983639067923,0.28251672985479254,0.2479674796747967,0.3829329995803011,0.49302609975032075,0.36814407671617344,0.38139362490733886,0.04993647836096853,0.18771703542018062,0.7852133147777407,0.35560640732265447,0.4152279332234562,0.16565302050530067,0.21414469513490228,0.05882008180100259,0.3880000000000001,0.04386688627464315,0.2503042596348884,0.10710334144722289,0.4654637183778223,0.5519429024583663,0.17630341588252252,0.23165362490977887,0.28791363257754554,0.5371604305484369,0.16961686110696622,0.01905311829508297,0.09675405742821476,0.49308541475515666,0.40337690823282485,0.26943005181347146,0.5880225129105494,0.1397313548010775,0.3567513702042851,0.3977352976071776,0.0024531657461408524,0.00035783579752746196,0.3670119489661297,0.28512960436562074,0.2665006226650062,0.48111552994224277,0.4391128511099514,0.0
0.15731733071980725,0.34892917270271323,0.41006873130475957,0.5584148224395267,0.23709856393939,0.3509450171821306,0.39067922657412,0.2779964904655123,0.18786295005807202,0.6477718183050857,0.23398372666369915,0.35317506724359726,0.43921423276501126,0.02447897628178196,0.22938783609485075,0.327323576864839,0.3528604118993135,0.6356324151443441,0.46652563763551996,0.1255494495058187,0.08919671327279438,0.49866666666666676,0.08905334256581844,0.4904665314401623,0.5655012170834258,0.007820507536713317,0.141157811260904,0.7801203764034219,0.31447442545366616,0.0006637401379241958,0.21066119938493086,0.5429251516874485,0.0,0.18164794007490642,0.5760710355913008,0.15550416499492176,0.5139896373056992,0.2807968930746423,0.23573408929088402,0.4549078226208271,0.9999999999999999,0.6002760202454095,0.8875759550738587,1.0,0.35925420645748074,0.423827314238273,0.4161915468029965,0.44327948991387495,0.0
0.4800616154317884,0.2580948279237305,0.6103271701593516,0.3333333333333334,0.691438089335374,0.29453035509736536,0.3121798049909105,0.27894958855382246,0.22977158343012002,0.3155138174280473,0.6553108292338138,0.347873543055393,0.20583148010872263,0.009143772366151319,0.34090683599563454,0.7897671518656,0.29885583524027454,0.8958311738888786,0.08651650280054811,0.07297423458563054,0.39457842055845954,0.45855555555555555,0.10960325307574535,0.3330628803245436,0.2876742642177474,0.27001867854574113,0.2548242135871,0.30680693631602834,0.26097287868867985,0.21215228080239568,0.5880744917136511,0.231519548534665,0.06639723046110467,0.2894298793175197,0.4330192148526975,0.17822432967379154,0.3101899827288427,0.4005474730806725,0.24752657658138505,0.2489619664507557,0.30050511679336356,0.0026575963510668908,0.0,0.4182736327349122,0.3031681067151736,0.24699045246990442,0.4047849544550436,0.3579096692464568,0.0
0.6990988538235742,0.26091382483066444,0.5282988824493566,0.2861554297478128,0.6536359620993262,0.41752577319587625,0.42340109072880516,0.5703172256418576,0.28658536585365857,0.5329180374740746,0.38812914507361007,0.09262074611156593,0.265011119347665,0.07681001194230314,0.2904057942256177,0.8844219084775333,0.3469107551487414,1.0,0.36181158200918295,0.0008758198922464537,0.4306893475842713,0.31700000000000006,0.12098626870366698,0.3655172413793104,0.3411152909935829,0.12142242661076322,0.22521808088818385,0.6486518690684482,0.494234008601565,0.39332337351136903,0.25832906201947714,0.6846497797493156,0.02886836229622303,0.2596754057428215,0.42551326140102674,0.15157362517463008,0.3217616580310881,0.5590089450657499,0.3837444514961082,0.29646238166417543,0.6722114974321372,0.005042618461367623,0.0,0.4501641392907143,0.28376534788540253,0.2088003320880033,0.4750419056597179,0.5030129136675165,0.0
0.36362938285115465,0.2561110893595918,0.418500036542101,0.3067421513124036,0.5820739079033711,0.2654639175257732,0.19682697074863653,0.3858313478406261,0.3455284552845528,0.480174550146931,0.4337952390562433,0.20301719097181617,0.48739807264640495,0.0404464041557399,0.42226411350332393,0.7200451888562718,0.2517162471395881,0.7655741565238562,0.2464241928892522,0.07218746200921719,0.2442193156953351,0.5143333333333334,0.12716384174990591,0.3856389452332657,0.46795474662535974,0.14848411469054126,0.36597938144329883,0.3406641682217536,0.5891109874241152,0.46482761371720116,0.44490005125576626,0.43367373252493097,0.0779445733285333,0.35549313358302137,0.45016382654454096,0.3121674139979691,0.5585492227979272,0.2982432723564513,0.33053946758555136,0.5127055306427504,0.37672799963654535,0.0,0.0,0.4033182454039859,0.2310140973169623,0.4844333748443337,0.45347742667488006,0.5244340277919516,0.0
0.35267933749858205,0.3909009044281744,0.5565674721055605,0.6587750900669069,0.37496636627484536,0.33043384879725085,0.473661378284581,0.20209279765269172,0.2957680023228803,0.15834818669304704,0.669756746223488,0.4482516664717576,0.4103039288361751,0.0020569150759444897,0.30428365909316407,0.8010278172286649,0.5931350114416476,0.8824128436777301,0.2031899805283781,0.07963628550693819,0.37421317933663345,0.3730833333333334,0.10922972857383063,0.17468559837728195,0.2242752821420669,0.32072664042274035,0.09357652656621727,0.7228166161951295,0.23071008893268036,0.21055117452134442,0.4208098411071246,0.34237963833921214,0.09180138989709911,0.2602996254681648,0.5391153028058703,0.18397640135966276,0.27098445595854925,0.41937898409430874,0.2860583677931708,0.3044344793223717,0.24527368239488784,0.003679748770508439,0.0,0.16981655419944985,0.17002046384720323,0.2612598588625985,0.39954944900311445,0.32755209836131083,0.0
0.423136565411011,0.287850906385811,0.44409442883106554,0.5354263166924002,0.4598178272438981,0.3472222222222222,0.49628160634605833,0.2540324596712354,0.33468834688346877,0.5082915759742239,0.49297276057095074,0.3082680388258685,0.40845070422535207,0.029553336786837435,0.20617124714753454,0.7663355798729197,0.4791762013729978,0.09843405668716165,0.20267314118127835,0.04494013824334518,0.4111499604329565,0.46455555555555567,0.22745601746149585,0.44665314401622713,0.30161540163753053,0.38356843202633595,0.27967221781654755,0.4847228178431361,0.18507129563063968,0.2665553230752865,0.31266017426960535,0.420476985320532,0.07390300460684615,0.07449022055763628,0.5275954513034825,0.4855200345726078,0.4535405872193435,0.25532410781202297,0.279163578308114,0.2805181863477827,0.44365911356125803,0.027325540478967014,0.009303730656264692,0.2678100023341656,0.1912990753372745,0.2240210322402102,0.2908041042205995,0.4960293778317946,0.0
0.20027022437210032,0.4970831212560198,0.4304084225638136,0.4005832904443301,0.45972250154691485,0.359249713631157,0.37233515121467536,0.26220693549184276,0.20209059233449472,0.47529149203972176,0.7131523651432434,0.6026585584532024,0.19347664936990364,0.026712841004920003,0.26232761186625664,0.7582497661446623,0.47948131197559113,0.6835390354336519,0.4272939253347436,0.0756629158418812,0.4510430695102267,0.11522222222222223,0.23711378038778536,0.1335767410412441,0.1732684222173048,0.09072163668117375,0.26619085381971963,0.4384867320686695,0.41763349823446766,0.14585320311483457,0.12403895438236803,0.6936694229461352,0.0,0.19434040782355394,0.5796121735535149,0.24844536650455967,0.3101899827288428,0.661734348726869,0.3541431619624136,0.28085035708354095,0.33783543045647285,0.0064736320906612485,0.0013597760385492873,1.0,0.15097771714415634,0.08758821087588209,0.44328840580802764,0.44620730192396063,0.0
0.38598908793350517,0.3818174699502761,0.3658131177913144,0.3329902213072569,0.2623053819457721,0.2521477663230241,0.26822012890431335,0.27747888926652176,0.21718931475029038,0.3997540179090847,0.4791772278583637,0.3049935680037422,0.47034840622683477,0.039187344444266095,0.2106359757912492,0.7718316031107553,0.27963386727688794,0.3931802055539424,0.15988365104930408,0.1793908936636121,0.05984094960626327,0.42233333333333345,0.03365263236626062,0.19967545638945236,0.11971675149369335,0.46501390164937995,0.4829500396510704,0.24172900825945173,0.2576530732839625,0.29121879917978677,0.6335212711430036,0.28190205538039853,0.03060046244442446,0.08177278401997505,0.4925753178648768,0.41014989317095457,0.33264248704663213,0.34996041369693764,0.12434380288306451,0.3029397110114599,0.4204073458949155,0.0026575963510668908,0.00035783579752746196,0.37364764547623514,0.16416552978626656,0.23453715234537148,0.40174483384170107,0.38271177618367375,0.0
0.46274314169305825,0.43861503726035256,0.4483426524471418,0.593412249099331,0.055282313725484034,0.2323883161512028,0.2077342588001984,0.4067720668884442,0.5023228803716608,0.41293080578657726,0.6183135637717528,0.3957431879312362,0.5652335063009638,0.049602272031964885,0.3329695406290307,0.7738998464014841,0.579862700228833,0.9412067650618248,0.3104641938508138,0.03945306458204966,0.1883655071983956,0.43566666666666676,0.1621788614599492,0.6374847870182556,0.38227483956627584,0.14334977132535973,0.41276764472640737,0.21421279644424635,0.6537950930567646,0.5523839463879182,0.5873910814966684,0.11582669053567901,0.005196304931299316,0.24032459425717853,0.5624880219850603,0.2848658722006865,0.3751295336787565,0.5963068813470879,0.36104228149370904,0.35824613851519677,0.32934383288115066,0.0,0.0002862686459669014,1.0,0.37835379718053663,0.4699045246990452,0.4143897104250287,0.4474388446805999,0.0
0.39889404878605617,0.06212233924539627,0.31563989569759865,0.3870303654143078,0.3472317083248131,0.38267826460481097,0.265865146256817,0.300984550346462,0.086164343786295,0.27862190679015236,0.5621501064708084,0.17769851479359136,0.26538176426982957,0.039716747428949685,0.21000347256672292,0.5471993169056457,0.17025171624713958,0.5927790401232216,0.31197865333301283,0.062463937705795274,0.12760789472757808,0.215,0.046355775756624806,0.16689655172413792,0.27207346758132345,0.2669135345076046,0.44007731958762863,0.28991966489462384,0.5109729084826711,0.38137804552582066,0.4634161968221424,0.15691910809294607,0.0005773672234909856,0.11762640449438201,0.3316860379905342,0.5737730690169385,0.34158031088082896,0.35425752187507153,0.13610361800649182,0.39131788739412054,0.1799467777818803,0.018398742944759235,0.0004294029490880225,0.40605839833904683,0.3335607094133697,0.3549709422997093,0.3688928017711605,0.44432763259819014,0.0
0.1610502953540267,0.1500332798245958,0.4198829536430704,0.33453422542460126,0.6910146757685391,0.2508591065292097,0.2989588497768964,0.2964964221098517,0.16869918699186992,0.8276454868294567,0.4921480975747351,0.31622032510817444,0.3232023721275019,0.029175280874251468,0.35231669808512756,0.6367885545616729,0.3519450800915332,0.7668633591642933,0.3179643741436093,0.07875844516676919,0.10100936390155255,0.25133333333333346,0.23111082312601083,0.3087221095334686,0.31688426643062634,0.2859696586643464,0.40602696272799343,0.3474257280485596,0.3758386859562765,0.4346833071041136,0.45002562788313694,0.3551713672886472,0.0392609708769088,0.2322097378277154,0.5843642683921417,0.4942509711986391,0.7031088082901555,0.2971401932193087,0.5152539478492676,0.5017438963627304,0.32686623960746897,0.006678062392992966,0.0005725372919338028,0.20684375499878951,0.24647567075943613,0.2839352428393524,0.4190534514528582,0.4605621558402923,0.0
0.3357557378661704,0.3263771974472418,0.4740889163147919,0.4632012352032939,0.18269684314991652,0.1872852233676976,0.2751611303916709,0.1820935172865596,0.44889663182346107,0.479652778833481,0.3640174398719276,0.2825400537948778,0.683839881393625,0.6047758294266508,0.5297152495287231,0.6787418639200582,0.44851258581235703,0.8524835155732842,0.4916223947691049,0.11955927840752228,0.08134829922238945,0.32350000000000007,0.5054333979831422,0.33168356997971604,0.42144279707899995,0.7253656642002381,0.5164056304520219,0.44419452209320043,0.5309267786446683,0.9999999999999999,0.3302152742183495,0.9313475075658211,0.0,0.5207162921348315,0.39169515461711113,0.5832267502119224,0.4204663212435233,0.8204911001373256,0.5732862772483502,0.760587942202292,0.3128127449033044,0.0,0.0,0.3713622113427386,0.3633469758981356,0.4134495641344957,0.34169075850569736,0.5358463388113859,0.0
0.6180003682989343,0.2167495399553659,0.4575794167128583,0.24806999485331976,0.8038527318811269,0.4561855670103093,0.3455627169062965,0.3061857925277507,0.2322880371660859,0.3500115766491737,0.5341831905293423,0.21330838498421242,0.2783543365455894,0.040867406600760554,0.2183748387736879,0.8366518116695036,0.17345537757437074,0.9020049826821135,0.7541287050169476,0.03748559939323079,0.30566133322771327,0.37333333333333346,0.06156866729315648,0.3021501014198783,0.3331489267537068,0.09189881363302946,0.22918318794607445,0.43146190018171576,0.3367347080651659,0.26478368729324897,0.36494105586878534,0.2690023717526207,0.005196304931299316,0.3467540574282148,0.23873797448431522,0.113357477630294,0.3958549222797926,0.2771833521455002,0.21387109537089494,0.30592924763328344,0.44170790844369046,0.002316878777054934,0.0011450745838676056,0.34060600075355046,0.27921782628467484,0.3976753839767538,0.36487161153391223,0.45808556081305746,0.0
0.08910400539560517,0.22931756783211307,0.41897940182715226,0.15101218047692577,0.596477436962652,0.17110538373424966,0.25896546025450334,0.2163198859510399,0.14227642276422767,0.5830350179324184,0.14585181498779648,0.21315245780220635,0.21522115147022494,0.7338222856469445,0.15120547673380297,0.45917519062639406,0.14786422578184585,0.6160650393636692,0.38536984062116886,0.35776122259304166,0.13214808616904014,0.10811111111111113,0.32412846352915764,0.11853955375253555,0.16754259791989384,0.47583354344149065,0.1477663230240549,0.6146584518036334,0.15550741332103651,0.14548569328243882,0.492397061336067,0.1323875147109525,0.010392609862598632,0.13899292550977946,0.408190697459363,0.4075094513862821,0.2604490500863558,0.4604580467798895,0.7965473102451205,0.29380501577811,0.9999999999999999,0.013151694483654214,0.11386335640619506,0.410594852167352,0.4750644232226767,0.2566763525667635,0.4544986928254993,0.5306641550541019,0.0
0.8361310423309684,0.154731608002819,0.3233753216576885,0.26556870818322187,0.8412698675757995,0.19673539518900346,0.29300941993058993,0.8902770408279448,0.2897793263646922,0.5221482246226803,0.4716945679176937,0.20301719097181617,0.16716085989621948,0.16179035011605836,0.05972814763369383,0.7811635491592295,0.12494279176201376,0.7324988968242037,0.41113969085795343,0.375609559602801,0.06023591249821706,0.3670000000000001,0.28273419398312905,0.11561866125760653,0.14328391236999338,0.5444032205046561,0.38302934179222814,0.47816084938584086,0.06912216891039918,0.20994209310122447,0.34700153767298825,0.6268644165832227,0.5923787839606406,0.1888264669163546,0.6783905119509607,0.5663203478775165,0.2098445595854922,0.7674014650130188,0.5213446171313114,0.41405082212257116,0.7356843817335988,0.0,0.034853208371445274,0.6401898963254213,0.19918144611186908,0.20257368202573678,0.7620861607562033,0.26871769398860845,0.0
0.11304906991625484,0.1449042715633687,0.4275224127327304,0.16091954022988508,0.3588445653002566,0.1877147766323024,0.1955048752272351,0.3224590535948146,0.13433991482771968,0.4421489790274019,0.6478119302092087,0.5992281604490703,0.1791141586360267,0.027290208906272928,0.30836392499255894,0.7295268060791491,0.5694126620900075,0.7154622243662216,0.2811846438616314,0.06264967721171658,0.05691482998569438,0.2796666666666667,0.013761982686730324,0.3300338066260987,0.34161318875857505,0.32290717161990745,0.33333333333333326,0.5438713810530498,0.26509644652628084,0.41152325441140014,0.2562788313685289,0.7300498197836724,0.6657044047592482,0.6296296296296299,0.19505890628328482,0.2073504462211641,0.23696027633851452,0.35869496411996965,0.30867894485356717,0.41604384653712007,0.3843288776897582,0.0,0.02383186417094349,0.326661666640241,0.2804304987115356,0.3358239933582397,0.3931186382421804,0.4225976879410728,0.0
0.24347465632572046,0.28941701577855217,0.4749155053611795,0.5367987647967062,0.2079370214286692,0.49155211912943864,0.3822508676251859,0.2526612369971003,0.34823848238482386,0.14564267601321662,0.7145141649034529,0.36440182434802937,0.41561650605386713,0.0289806045480423,0.29883917055263437,0.6936165291094931,0.4327993897787948,0.8137999140569709,0.3309454554196014,0.07899994478426392,0.14687628051310658,0.31344444444444447,0.2280112431866625,0.26209601081812034,0.32639964593936727,0.2713820270349949,0.33016124768702076,0.19382789581579563,0.5723022107022322,0.6117166256528416,0.7295404066290792,0.16939807973976695,0.07967667860438618,0.17873491468997094,0.6125820669764469,0.43103628644878406,0.3886010362694299,0.4199134665194107,0.37316299941045494,0.6199966782926424,0.47764241831103926,0.00974451934872329,0.00035783579752746196,0.35236163825538924,0.3589510383507656,0.3419122734191226,0.42266112847453374,0.47321543091618823,0.0
0.4002386522081303,0.3062265899273063,0.4376774722815947,0.42923314462171913,0.5380945768096256,0.32817869415807566,0.3857213683688647,0.3670583439733825,0.2668408826945412,0.3125488092841283,0.4120791002484411,0.2558765056718513,0.38917716827279475,0.34442859170406626,0.15318980057545398,0.8309893931712364,0.4013729977116704,0.6920630098148037,0.2628668958388422,0.1752695105418618,0.07021363859904331,0.19233333333333336,0.3263320143348342,0.20746450304259637,0.22892232794866132,0.5576804204978806,0.1895321173671688,0.5548411564320793,0.521456540041277,0.7014451556040143,0.408508457201435,0.5213658370293887,0.0005773672234909856,0.1757178526841448,0.5238542113871933,0.6784117815592425,0.3450777202072538,0.384019891154718,0.17156160124289824,0.34927752864972605,0.2937745319622726,0.0,0.0,0.34119401868754146,0.2373806275579808,0.20257368202573678,0.4054882724933988,0.735702854412481,0.0
0.37905667852411207,0.3489291727027133,0.446710235363467,0.4621718991250644,0.3463949489668216,0.240979381443299,0.0,0.301898358995328,0.30894308943089427,0.3448864017482383,0.638188449926871,0.6020348497251783,0.40585618977020027,0.025727354188252477,0.21897013592618322,0.8158560683815934,0.7491990846681924,0.6844403639524824,0.19046130916608575,0.06598175127421449,0.20105101261090308,0.727,0.15013285120261977,0.4778093306288034,0.3839344987829168,0.17398346437551873,0.2287866772402854,0.43496913175484675,0.7067375059195695,0.42022947163872626,0.4905176832393645,0.39507300280147895,0.005196304931299316,0.38764044943820225,0.29725021085930237,0.318210990620062,0.49637305699481865,0.30345182110172547,0.3634140096486497,0.5660189337319382,0.32707845862617513,0.0,0.0,0.5321826607119168,0.4524783992723965,0.3212951432129514,0.4121885484418389,0.41886593004824924,0.0
0.16129773097886002,0.28847735014290743,0.5199856044286956,0.15697375193000518,0.9637102279615843,0.10294959908361967,0.051726987274830605,0.11758777580662187,0.16550522648083618,0.311015228672167,0.6673714932951371,0.45140919190737927,0.09599703484062272,0.2504592394044614,0.41789860105169163,0.7545521458881486,0.3688787185354691,0.6447155821807906,0.3667155460467801,0.16087426663895635,0.2174963367521958,0.4483333333333334,0.49234611742562406,0.46417849898580127,0.37397654348307163,0.9385262992123358,0.5511498810467881,0.32640098151134744,0.1338412030321067,0.2868739772266422,0.4459251665812404,0.6417724818218372,0.32505774145741473,0.328755722014149,0.4368149917107343,0.5043126853163415,0.632124352331606,0.23787067406120116,0.5408603979561253,0.6292974588938715,0.36035091274013553,0.0019080178697971789,0.0,0.6192301928167294,0.37683795664696085,0.5309256953092568,0.24002561611843773,0.22148373345754252,0.0
0.683672704249681,0.47359148036490356,0.5305793257345626,0.5690512952478985,0.3585921831285663,0.652061855670103,0.8165592464055528,0.4361880914378027,0.4207317073170731,0.3790366188283078,0.6597387852578076,0.2526020348497251,0.38225846305905614,0.05593978178011982,0.28594106558190296,0.8529238775977299,0.6384439359267735,0.964880082474189,0.7492247409793507,0.01446757499384587,0.22643763406790843,0.2276666666666667,0.1530119149348041,0.3557809330628804,0.23628015047576909,0.15580746440106155,0.28945281522601096,0.387609829347586,0.48340091338843055,0.38624680286865665,0.4261062702887407,0.4551750362658367,0.035796768016680205,0.3110694964627549,0.2607487290903645,0.1467879158114433,0.44214162348877367,0.3401401371685876,0.31280466976898263,0.56385982394951,0.28727013605496715,0.0034753181655824013,0.0,0.3667261635762173,0.29831741700773073,0.3329182233291822,0.3957058904627592,0.48162327884786227,0.0
0.7352786798612085,0.39747856387768693,0.5757107915518659,0.5697375193000515,0.5858588955529925,0.4127469931271477,0.35826722855726323,0.3962627152505787,0.3376887340301974,0.28239842419640604,0.5199760860625274,0.1973453397263478,0.5055596738324686,0.027845757371801907,0.18708453219565435,0.8867908094946209,0.5226544622425631,0.3227243116491932,0.3502728430971898,0.0625533711621723,0.7851683097477488,0.39204166666666673,0.29204708402149326,0.1506693711967546,0.3792874529763223,0.4404621251790888,0.31205392545598715,0.4252802134607226,0.09204641061657634,0.17620564974541664,0.4306765761148129,0.5636217354556148,0.2609699744421443,0.2899500624219725,0.3684814540272636,0.2919708205394772,0.36696891191709835,0.34048176789862705,0.26974550904976247,0.39960139511709014,0.27417382773397225,0.025553809578255753,0.000930373129185924,0.36000473881885725,0.25875397908140063,0.18425695309256945,0.2882509332078127,0.37747853087243854,0.0
0.12787162865648222,0.25339649974550715,0.4077381164324533,0.4956253216675246,0.3046207373261643,0.23684493127147765,0.3305032226078334,0.331682727348859,0.24520905923344943,0.5280043891770665,0.6887106097025266,0.3504268506607414,0.3469236471460342,0.030004569944085575,0.2779789661672785,0.8671568264524683,0.39496567505720825,0.7650405449282287,0.3175316714344095,0.06252455350518718,0.0818920199179152,0.5956250000000001,0.11154132715670363,0.47910750507099387,0.17249391458287242,0.3094330007315038,0.2610527359238698,0.6051733008014136,0.4792773455508295,0.8173728294410564,0.8186186570989236,0.21911931563100479,0.2528868472540729,0.3115246566791511,0.1550136261077813,0.533407693044418,0.934585492227979,0.0408006094681167,0.4409309347920596,0.32112605879422024,0.3703910754318921,0.0,0.0052959698510760276,0.059247604838507884,0.3029217826284675,0.3811228725612286,0.41539859530932743,0.446573419487352,0.0
0.405963531643523,0.30413844407031837,0.4646540487630585,0.32321152856407626,0.45058780887772965,0.30025773195876304,0.46752602875557747,0.22786743447929814,0.44512195121951215,0.5899517772453908,0.5858068383230841,0.7372237165243832,0.28910303928836184,0.026566280103904764,0.2636174223633298,0.7306434676659528,0.385812356979405,0.18297296066642,0.21325031851727214,0.06139397650343765,0.3937181674871757,0.4243333333333334,0.20471791481568402,0.33821501014198785,0.6435052002655457,0.3499961398165149,0.4476605868358444,0.2383096344854062,0.2471344834423072,0.3074002015391819,0.24192721681189136,0.5740487143573527,0.040415705163651665,0.17103620474406991,0.5154655891680214,0.502781995412146,0.58860103626943,0.4162727600157856,0.24110533669861395,0.4524165421026408,0.22624151641845663,0.01778545203776408,0.008015522245971875,0.5195904895005579,0.22783083219645298,0.12536322125363217,0.3987612582288634,0.3440848609367582,0.0
0.4363946107327536,0.21017188050585328,0.431690235977407,0.5537828100874936,0.49244758654707355,0.5796284364261168,0.4263758056519583,0.3136866349809372,0.25257694541231124,0.3866805431188925,0.5305426447453981,0.2693836978131212,0.3454410674573759,0.034690222833256734,0.22432781029864077,0.8378164845369853,0.3528604118993136,0.20005942905547097,0.19940383182288038,0.0807442042066786,0.2683681093676111,0.18845833333333334,0.13693678953531924,0.20421906693711972,0.15390573135649488,0.48532171832666626,0.30015860428231556,0.3910086128345075,0.35598965091810586,0.45129756281953504,0.6196822142491031,0.290065391695197,0.2632794481432815,0.1944444444444445,0.41795833328214516,0.6708708677670847,0.4207253886010362,0.4370687457320158,0.24626301222974267,0.656203288490284,0.27946115917260966,0.001703587416168301,0.010949776254448042,0.2751807163759528,0.3252046384720326,0.27651515151515144,0.26957542331579,0.37163812393835116,0.0
0.1393161302455056,0.40906777338397093,0.41771425306891885,0.2640247040658776,0.632378950522416,0.29172036082474223,0.11056023797719383,0.2822658296182558,0.14078832752613238,0.6987714756681004,0.2015347658386008,0.15641445444977195,0.30800593031875473,0.024378638698794204,0.23422462545887493,0.7222357622594129,0.1491990846681922,0.6306968982562157,0.4725834755643165,0.0531788706761483,0.2946279927558922,0.2619583333333334,0.12274011104752063,0.46645030425963485,0.3328169949103785,0.08970947861158432,0.24925654242664536,0.4509868498676229,0.2941012147963635,0.1315837636539946,0.5643259866735008,0.4003999771100649,0.010392609862598632,0.24024656679151066,0.5169144882236058,0.1671999760921074,0.3823834196891191,0.4300840031544703,0.4136770989116645,0.2727329347284504,0.3530387624012371,0.02521309321462108,0.0010019402807464844,1.0,0.18553888130968618,0.21585720215857196,0.43668717097216986,0.45446251237777185,0.0
0.49188706557580575,0.4001931534917715,0.4837098438370634,0.28152341739577985,0.6731207925156945,0.20060137457044686,0.43232523549826474,0.22703621860340412,0.2293844367015099,0.5161067574019246,0.6682797397113849,0.6750087709039878,0.22386953298739812,0.026189419659028504,0.2811786883619408,0.5881481475913746,0.37803203661327245,0.23410949201400255,0.13565229933411865,0.07443572104409318,0.38770648530250307,0.19300000000000003,0.3961883675469738,0.16787018255578096,0.14859482186324416,0.3201586881109201,0.1661379857256145,0.7593234186589142,0.28990773039266376,0.36702768646885686,0.4069707842132241,0.5253486868720254,0.07332563618156185,0.1594881398252185,0.27895241615935107,0.5268392783420297,0.5176165803108809,0.3291738749687333,0.24297963439019493,0.2685600398604883,0.702267015600571,0.020443047178453688,0.009661566572966131,0.45762746753948913,0.10823101409731697,0.16645911166459107,0.38637675896186296,0.43576845947909404,0.0
0.12209415446641826,0.26435926549469485,0.41932447284726604,0.31446217189912506,0.2218782274404228,0.2888029782359679,0.3353164766154354,0.2741051369577561,0.2578397212543554,0.6488847765992687,0.3549758780723744,0.38560792110084585,0.3365455893254263,0.02153177855640783,0.24486556205972826,0.5826780560824374,0.44317315026697196,0.6487989450599004,0.30344479434601795,0.04858676924190672,0.171264953591463,0.4341111111111111,0.0546098471558788,0.43107505070993923,0.38415578667846884,0.06106669412207741,0.1884747554850646,0.43472838326958374,0.4750838611471299,0.4066847944290847,0.329745429694174,0.6980812166440294,0.007505774145741473,0.31231793591344154,0.5777536827662605,0.18405439439951493,0.3751295336787564,0.5373561686383781,0.43453383819740726,0.430991529646238,0.3843288776897582,0.000545147951992254,0.21362798506725017,1.0,0.5187206305896619,0.3051058530510585,0.41668745837525045,0.4805981492227722,0.0
0.6106628128703602,0.290669903292745,0.8753788461219847,0.38445702521873404,0.4713658403314899,0.49441580756013737,0.4868616757560733,0.6234908309093652,0.3011033681765389,0.2952187154414071,0.644775551392585,0.21003391416208625,0.28984432913269104,0.02820777767615227,0.1936700069451335,0.7542278113658394,0.3258581235697941,0.7387910817861414,0.16882617370609876,0.018459314084901094,0.3858351161057388,0.2910000000000001,0.09458715288793008,0.34474645030425966,0.14726709448993144,0.5044951328996553,0.2735923869944488,0.6683117411042756,0.034875594792344033,0.11000335265462813,0.44284982060481826,0.5517449798875891,0.45785222289022987,0.31054931335830216,0.4858580094413753,0.23346669100520956,0.45440414507772026,0.46854988317146273,0.21803393184422482,0.4459392127553563,0.5868795599022696,0.046610147663704596,0.0249053731922369,0.4857122868014407,0.3974533879035924,0.25072644250726434,0.3387587285496932,0.37255876715781006,0.0
0.16689982022576605,0.4679534865510356,0.4366700597849846,0.1744724652599074,0.8542437132178949,0.2207903780068729,0.1849281110560238,0.26024501202381617,0.2894889663182347,0.7086703516859942,0.446941915844861,0.3288504268506607,0.5229799851742033,0.02443021582005401,0.25052088500843345,0.6243861414827612,0.2864988558352403,0.6373320669720021,0.2273852736844636,0.0616326373384626,0.17446926420730993,0.24566666666666673,0.14100862388275942,0.7176470588235293,0.3341447222836912,0.053831758284172665,0.45598731165741446,0.210346636308057,0.5059407430883602,0.24057837566257667,0.3680164018452077,0.21342983369473767,0.0,0.4266541822721598,0.20270047830554638,0.19098054352445104,0.27253886010362693,0.49602236316267595,0.32201509362816066,0.3477827603388142,0.9999999999999999,0.0015673002957852223,0.11522313212694708,1.0,0.5698044565711686,0.4910751349107513,0.37741077257086325,0.470253518377397,0.0
0.25126070897057756,0.35675971966641873,0.3954334495401817,0.328358208955224,0.3055676642358449,0.17268041237113407,0.2925136341100645,0.29308393253754766,0.23054587688734032,0.5174841810222854,0.6693240469986539,0.24979534557361718,0.3639733135656043,0.03293424417695231,0.2662962595495586,0.3384270076325722,0.33226544622425636,0.8145793733984359,0.6003750090146398,0.08012479226332489,0.19372507807165537,0.3910000000000002,0.17321535161947027,0.5729006085192697,0.39223279486612106,0.1422839920967013,0.26804123711340194,0.511696368752645,0.30832403198031405,0.15640656208537013,0.24705279343926193,0.6583299858735588,0.025404156872168716,0.2777777777777778,0.3690464119125045,0.29666437640025806,0.1880829015544041,0.7411337712158725,0.3716920083488431,0.46287992027902347,0.3225610176468612,0.005792196942637335,0.0,0.2642399939844201,0.42291950886766705,0.42465753424657526,0.3538390035577381,0.39153424411247034,0.0
0.7596414222779939,0.10772222439737413,0.7051795099147449,0.4458311888831704,0.6170079255158574,0.17525773195876287,0.12146752602875555,0.44035366399534404,0.31649245063879217,0.3159051253889881,0.6145405883155048,0.3962109694772542,0.2553280207561157,0.03545491364433106,0.10705427125706919,0.772135549280996,0.4483409610983981,0.3641373937524726,0.1757494170532946,0.0805565989452239,0.5871402135992249,0.16533333333333336,0.2741014854111151,0.23926977687626777,0.17751438371321093,0.4139143456684967,0.3862014274385408,0.362648419595502,0.18590997662125097,0.44518044025199044,0.37109174782163024,0.3896386020804202,0.26501154829148293,0.2574906367041199,0.3732601050735198,0.3653745785732448,0.4751295336787564,0.23149516859033903,0.29171349565657956,0.2167414050822123,0.14084138051117312,0.013083550242625452,0.0037930595094056193,0.17834547473461093,0.2764893133242383,0.27770859277708587,0.3402387056180476,0.3308798095525783,0.0
0.3398725113783999,0.4002975607846208,0.4434157340149972,0.4662892434379826,0.6919237283594266,0.34149484536082486,0.32622706990580064,0.42092739355658604,0.2770034843205575,0.6072709342773138,0.4062943780986473,0.35317506724359726,0.3925129725722758,0.048318705232442076,0.330290703442802,0.8197432909167919,0.4421052631578946,0.8415269949434105,0.3318108608380009,0.013192142149514585,0.08273099208312062,0.5519999999999999,0.2140654883867722,0.5401217038539555,0.19772073467581328,0.3486559864696255,0.141157811260904,0.5400706452862702,0.31727005523925156,0.5121670020904229,0.671450538185546,0.18029328214611962,0.03810623659016594,0.4647315855181024,0.16762462870372885,0.5258507998587421,0.6502590673575129,0.15896401868716942,0.4674070681252817,0.3712007972097658,0.20797639246854832,0.0,0.0,0.3475841583282251,0.20691223283310597,0.2665006226650062,0.4142894958475621,0.4552163114773411,0.0
0.25153371693077997,0.613288438197408,0.42121852292667583,0.3371075656201751,0.464584496198957,0.6502899484536082,0.3157535944471988,0.04275432732425956,0.6054732868757259,0.46447557632115005,0.3876665242016387,0.11139048064553853,0.29095626389918466,0.02030596402789714,0.4535172140093264,0.5240927371240511,0.3139588100686499,0.5065277431694627,0.3813913796004712,0.9688045674819633,0.18540882172205939,0.7525416666666667,0.6910790003133758,0.7495605138607168,0.4479973445452536,0.5164127407019847,0.6763481363996825,0.21886573899648004,0.09707855614822647,0.2732692751522703,0.6508841619682214,0.22121561094913794,0.015011548291482947,0.7689606741573034,0.17103766439766455,0.5442187387219906,0.7178756476683936,0.17148257117948912,0.327440729040919,0.6856003986048829,0.36206006751042624,0.014446420538673278,0.00171761179635209,0.2761736232978985,0.1330150068212824,0.6742424242424241,0.7116860671711951,0.20101714543855964,0.0
0.5939148672457695,0.15755060490975292,0.39006928393250634,0.22079258878023678,0.3143088219373993,0.10738831615120278,0.8086266732771443,0.4176826380344062,0.15301974448315908,0.5783975447469109,0.29711969898631385,0.4326979300666589,0.5174203113417346,0.0552761982956305,0.24873499355094758,0.6735922547563113,0.454004576659039,0.5507966262098323,0.18180725498209094,0.08030748515578032,0.13475903388241497,0.268,0.20215220099885994,0.21687626774847876,0.5499004204470018,0.2558985182471173,0.2549563838223631,0.5695014198134971,0.441501265986413,0.42287626424996927,0.3341875961045617,0.5322624856984726,0.058891456315363196,0.059612983770287134,0.3352073398495579,0.648516308212038,0.34818652849740933,0.4394211352880649,0.22895518321501312,0.4180368709516692,0.05232912794188521,0.0143782775080218,0.0,0.37388404753588766,0.25420645748067305,0.2955583229555832,0.42115728052649076,0.49831431075603394,0.0
0.811245564131019,0.2900434595356486,0.716631203055708,0.4189397838394236,0.536718314009375,0.3994845360824743,0.42488844819038174,0.553699151959218,0.2650987224157955,0.31485564289897244,0.6566706257403374,0.5211086422640626,0.2894736842105264,0.05902026555463916,0.1347355888481,0.7859081159922476,0.36887871853546905,0.671804206689324,0.43796725882833737,0.030539160094319423,0.348858096917288,0.28366666666666673,0.15862285945059723,0.4093306288032455,0.1681788006196062,0.5557686524482713,0.3608247422680411,0.46134092092706314,0.04777048385560942,0.20578708078757935,0.2598667350076883,0.6594367366423453,0.34642031678876767,0.3458177278401997,0.426484341122082,0.25292677041735556,0.3792746113989638,0.6213889380449248,0.2113510084599782,0.5769805680119582,0.21146981414610946,0.019284608395114863,0.014241864908436555,0.5495273304564247,0.07821737153251485,0.40058115400581146,0.4218459587167975,0.3867007407649307,0.0
0.11356301476144078,0.21894209310520343,0.43442781232841654,0.31497683993823994,0.487717421073588,0.3371993127147767,0.43976202280614773,0.05706559059192497,0.47764227642276413,0.48896308509091524,0.5801014750038963,0.3400771839550929,0.3839881393624908,0.19060783029995282,0.3642226411350332,0.723299432921946,0.40823798627002295,0.6803898539460458,0.193345993894084,0.41198425390658006,0.2416941668753422,0.34800000000000003,0.4858931211859314,0.4326977687626775,0.32982960832042507,0.7468911319441939,0.4547977795400473,0.3980101715427131,0.19887475245662384,0.5377045427995331,0.5812403895438236,0.02618663548549366,0.14203233521615224,0.4101123595505618,0.25959094697250795,0.6184210584471477,0.39170984455958546,0.49476790605095944,0.5040108734459109,0.45839561534628803,0.39345177699039324,0.001976161354340138,0.003220522296921135,0.30529892160614625,0.4247385175079582,0.3906185139061852,0.31793531574786,0.2700340866309035,0.0
0.3111286763527128,0.43402111637497875,0.42127618539469175,0.5743695316520845,0.530094248777841,0.4815292096219932,0.5706494794248884,0.42324797651290047,0.31184668989547043,0.6550686598362913,0.2146406421933404,0.11133200795228629,0.30318754633061534,0.1023407041668826,0.32404008334160145,0.7383053540000444,0.4471395881006865,0.8285483047417167,0.33036851847400184,0.017295843104583385,0.06061978310268153,0.2900000000000001,0.11697430941257007,0.2522515212981745,0.3444346094268645,0.3994935406399964,0.23869944488501177,0.5750173551961676,0.2363013683665119,0.3437607382298553,0.48744233726294206,0.06516974400898906,0.058891456315363196,0.12078651685393259,0.5518472338409586,0.5990399580374326,0.31606217616580307,0.7068265827050751,0.48138887490568855,0.390134529147982,0.37672799963654535,0.0,0.0,0.26564252241888986,0.21691678035470666,0.32337069323370693,0.4561367483516663,0.44348078284675896,0.0
0.5113271979021115,0.11393445832191378,0.3134534463624814,0.4404271744724653,0.08291189243651487,0.33462199312714774,0.2964799206742687,0.6542173387832316,0.2619047619047619,0.554505497984653,0.0622847529594151,0.6113904806455386,0.35456819866567835,0.0747390060432731,0.22611370175612663,0.2521157378159396,0.19084668192219678,0.7193116200192342,0.26921320224043854,0.10752987864898106,0.06430532223395552,0.21666666666666665,0.0343943827839413,0.2681541582150102,0.2385068599247622,0.36908362906455106,0.35091197462331464,0.4878205164287446,0.32848757238996396,0.4974824223072152,0.6929779600205024,0.38095008824871424,0.07621247318033188,0.28495630461922605,0.5029076015490905,0.5916325231792152,0.6321243523316061,0.07914982674706861,0.2857429523542788,0.5849526656701545,0.19798914823096078,0.0,0.0039361938125267405,0.3307985156586214,0.2246475670759436,0.149439601494396,0.45992030124099337,0.4337549300941903,0.0
0.36107919782348913,0.3164715555381543,0.41975663451228223,0.42691713844570256,0.4617868659322414,0.5622852233676975,0.44835564369525693,0.20659914769419013,0.33120402632597745,0.620014617948186,0.6215237600952551,0.6516196936030874,0.26559797380775885,0.021909481849021868,0.27859906736779444,0.7347997788662424,0.4914569031273836,0.23477611680746813,0.18921127911728644,0.07535118824142387,0.3923008174345576,0.16966666666666666,0.16427204054713612,0.3635699797160244,0.26261341004647054,0.34220106946274864,0.2183452286545069,0.6237003386584672,0.2872518940139542,0.3080616147638373,0.21698274389202118,0.42475619861204783,0.02886836229622303,0.1539741989180192,0.46139718186742495,0.5231942086870034,0.3955094991364422,0.6096057418363476,0.27541756345755886,0.586115263245308,0.5424411255801367,0.024122797461933732,0.007729253639729634,0.5155168462564209,0.5250871608306804,0.3543655735436556,0.39561908336976304,0.31353241645975277,0.0
0.2752380684139195,0.3344165589966459,0.36601143339938225,0.276376737004632,0.26990778471315285,0.21391752577319584,0.518096182449182,0.19774538932189595,0.4329268292682926,0.35208587790237494,0.6677516927343153,0.5370132148286751,0.5300222386953302,0.01684543547814528,0.07431292786982836,0.8268598592997005,0.47871853546910753,0.26525425842446476,0.5758551888266545,0.08862666707780992,0.04844213961208841,0.41600000000000004,0.06681198495360595,0.37914807302231246,0.30460278822748416,0.7101440163616843,0.6328310864393338,0.1507032072932339,0.37486021155878946,0.48196376283720055,0.4259354177344953,0.5531449743519246,0.0046189377879278844,0.3068039950062422,0.48643196401577987,0.6366190037623312,0.5818652849740931,0.3910023086688073,0.043892648148711834,0.10563029397110114,0.20837837686796826,0.0016354437803281815,0.0004294029490880225,0.3779466548212564,0.30559345156889506,0.48858447488584467,0.14853947111123794,0.3609176817567523,0.0
0.5307604249815556,0.5185910235829972,0.5756842138268988,0.3345342254246012,0.6202808988628139,0.4716494845360826,0.46306395637084785,0.2425758290296044,0.5090011614401857,0.44866807452392765,0.43175870971806074,0.4434569056250731,0.5541141586360268,0.09086230484555391,0.5359658696299235,0.5976583272982559,0.2709382151029748,0.3564395034067167,0.3644077982643814,0.8954290407642679,0.26178002545059326,0.4457083333333334,0.7387959394713688,0.5511967545638945,0.4828501880947115,0.4858820171805809,0.4709555908009514,0.27444725962184363,0.11968828255159397,0.3108596092495277,0.5526652998462327,0.20369145663839988,0.053695150743107455,0.3246332709113608,0.5945224732587758,0.5918099284459757,0.4009715025906735,0.6653017241683232,0.16318886637954325,0.33464125560538116,0.3255839675838621,0.015332285989028908,0.006154775987600028,0.20146602171691583,0.330150068212824,0.4728102947281029,0.18051983182257492,0.056006324757642,0.0
0.5912561752892045,0.2731294780940449,0.678507518498678,0.3767370046320124,0.3592632218501063,0.35266323024054985,0.4486861675756073,0.3534249934364071,0.32171893147502906,0.24627962508702522,0.5439134937802829,0.17541807975675358,0.4673832468495183,0.018139163753200592,0.18354995535271362,0.7685817749554369,0.6672768878718536,0.7595515803472364,0.16622995745090033,0.10265013911610546,0.3225715404008096,0.2633333333333335,0.19885957900274837,0.22077079107505077,0.20137198495242317,0.40400288291203645,0.2529738302934178,0.3614837416811856,0.26555074530463585,0.2617148211078576,0.6201947719118401,0.28142171335904065,0.3903002555785566,0.1825842696629214,0.645778965051154,0.20113691004971596,0.38704663212435225,0.41633177339868166,0.20891513876151194,0.3218734429496761,0.3143282417421832,0.006609918757152846,0.0015029103416704084,0.19181891814425472,0.5284220100045476,0.24699045246990442,0.4138350002727038,0.48005751353578774,0.0
0.041180127318425894,0.39841822951333156,0.42129187281510394,0.4993995539543661,0.26514402237564977,0.3741408934707905,0.37663196165922974,0.23625526257485452,0.4154084397986837,0.49982992936939064,0.6131355734056565,0.6194986941098505,0.5090190264393379,0.5127309049240865,0.22819724178986017,0.717297177237354,0.5401983218916859,0.5907661053941606,0.5271040169234837,0.20620194238116843,0.24053093646180332,0.20411111111111116,0.3749905938476154,0.14547667342799186,0.2093383491922992,0.42137374381019255,0.16627015596087752,0.4182006165476123,0.231583728206341,0.3808078093108822,0.36767469673671616,0.6484421278221576,0.03464203372993734,0.15210153974198917,0.5154675006025128,0.4566880408620971,0.14127806563039713,0.8409138004286303,0.5395730183501701,0.2130875269888723,0.3336320295712181,0.0018398743852542196,0.0,0.3826123277411585,0.2313172654236774,0.2918223329182231,0.4876106096051102,0.5307621334390945,0.0
0.35626881948386746,0.31854665048353625,0.5514782646892887,0.6215474352376051,0.36905456106323087,0.5018613974799542,0.545860188398612,0.1685313762038848,0.30139372822299654,0.05173101808224656,0.6523935284671497,0.40369547421354235,0.3894242648875711,0.0005101927216397475,0.31193570790753067,0.8246704133630334,0.5517925247902364,0.8943158159199165,0.25517440323084695,0.07429918552650394,0.3610006264163303,0.2632222222222223,0.11903341435608332,0.14417849898580123,0.1378623589289666,0.2988681768292947,0.28257996299233396,0.33090089639871356,0.23119932613142385,0.18403215129305145,0.2938663933025799,0.5897562507070216,0.15415704650886516,0.24198918019142743,0.5075990667783835,0.14772578721547203,0.2625215889464594,0.6822525716260674,0.30196905709047056,0.3396445773127387,0.48966572683457216,0.004633757554109868,0.0,0.3991833557343919,0.2298014248901015,0.2948664729486646,0.3844393830921282,0.30489340846901347,0.0
0.4402993702443515,0.19169178967150857,0.4324698527439621,0.37313432835820903,0.3920782510158288,0.43830541237113396,0.5881879028259791,0.28372285193312297,0.18779036004645758,0.4162635030857237,0.45097950466374515,0.6074728101976377,0.17939214232765016,0.03281240107592051,0.18031302708602046,0.7941107164560874,0.2860411899313501,0.11724301810135007,0.08708142022644776,0.02744153592745912,0.4441685126214169,0.3398333333333334,0.24724657757168084,0.30298850574712644,0.2578003983182121,0.4433893615362161,0.28360428231562235,0.6135060544111156,0.16682974573291454,0.4116578829648103,0.2086750384418247,0.41602632196939615,0.09584296374643772,0.18699282147315857,0.5111777747638075,0.4945088174123439,0.43814766839378233,0.17960811275531274,0.25377949138385725,0.48679621325361233,0.4369014971262574,0.014514563569324757,0.006369477283383073,0.37942106837008716,0.20742382901318776,0.2779680365296803,0.3289628285643059,0.47865302986585273,0.0
0.526178779362664,0.43161974863944247,0.45510048523695484,0.45599588265568713,0.3424038213885253,0.47626718213058417,0.38863411006445214,0.3246276607518522,0.29729239256678275,0.4599114640946531,0.45995527401989855,0.3356917319611741,0.5689399555226095,0.03339249103144697,0.23839170552634192,0.7444052294901635,0.6265446224256292,0.16774350010079314,0.1619029303589029,0.07813096560202054,0.47494938200442394,0.2672083333333334,0.5252575054769745,0.3012576064908723,0.4071697278158885,0.28151281066186784,0.3047680412371132,0.44839453410768265,0.3263209533473371,0.40343267195176735,0.4073552024602768,0.5263913237522149,0.1530023096582966,0.1706070536828964,0.5851302325913728,0.601287204745431,0.2989637305699481,0.3491728355479281,0.23431556176930557,0.3969855505729945,0.3548455686310487,0.03557090407552816,0.01245268659611845,0.6104632537543325,0.23925648021828097,0.36405147364051466,0.3251216913520693,0.4431090202804246,0.0
0.09943516083509019,0.4017070592380878,0.4180257874236894,0.31928718476582607,0.6046196464288173,0.1692439862542956,0.616757560733763,0.2789807227798901,0.17421602787456444,0.6448688684652135,0.06773995855102721,0.22640626827271668,0.33867679762787256,0.020161527447200588,0.2508185335846811,0.37673033219296365,0.412299771167048,0.616761127703081,0.19623067862208227,0.049726018464312655,0.1833311975466442,0.22733333333333341,0.06788641014957913,0.33598377281947267,0.23415025448107993,0.18547283068810302,0.2478191911181601,0.6064715958629814,0.16868185940406222,0.1272320559370954,0.43669912865197347,0.5490284049572721,0.01327944557945579,0.17602996254681652,0.5533962378689854,0.19317244033319958,0.2932642487046632,0.5201317595117118,0.4589427899611432,0.502740408570005,0.3421895064577196,0.015741146593692343,0.1113585037180959,0.6462571570422099,0.2796725784447476,0.3154836031548361,0.41193487881311386,0.456955851906526,0.0
0.5719051235126607,0.31478798794095764,0.4700515909429799,0.4781266083376222,0.3447683831351483,0.623102806414662,0.27164931416294824,0.28138273044476064,0.24639469608981807,0.3822878906016194,0.5477348478801369,0.26024246676801943,0.3264146281195948,0.036844365341034135,0.17605913285048122,0.8517886128141077,0.6094584286803966,0.8557787563064359,0.6296785980432222,0.04251583690788968,0.28665157549533754,0.3141666666666667,0.18121974909480032,0.402947937795808,0.43837132108873667,0.03880158775444856,0.2907745175786411,0.4141753127256877,0.2869723469255243,0.19883146214681963,0.18669912865197327,0.7613405408598566,0.006928406361413611,0.21803474823137745,0.48669343926289277,0.12620892186657945,0.3104490500863557,0.5685495076174261,0.24085277253694415,0.37169905331340314,0.456710453064718,0.0012947263576133855,0.0,0.4111932402961221,0.1781112626951644,0.34661685346616844,0.35147851074451053,0.4151340613758446,0.0
0.5153804631999481,0.3241846442974042,0.4024180956447847,0.2629953679876481,0.28489788749636846,0.08462199312714777,0.1898859692612792,0.53492929124713,0.27990708478513354,0.6462610723403283,0.3483822186484873,0.6081160098234124,0.31801334321719804,0.06958129391729226,0.3291001091378114,0.8064428507914627,0.4709382151029749,0.9844758539215626,0.513545998701892,0.021645719874559682,0.2749749816534111,0.37300000000000016,0.14352916028084178,0.1613793103448276,0.32850188094711236,0.09759697738183679,0.2125297383029341,0.5561631368626839,0.7235812011991805,0.38049809240599974,0.43772424397744747,0.4532590726355101,0.0011547344469819711,0.18102372034956313,0.7407099796274639,0.3741920079165315,0.36943005181347155,0.4664749927601677,0.3317066993428431,0.20328849028400592,0.30981671910937836,0.001976161354340138,0.0,0.5147215508398227,0.3178717598908595,0.27355749273557495,0.4059279475787603,0.46499355840235057,0.0
0.39901155259260934,0.3930934575780119,0.39876208023907816,0.33401955738548633,0.5340623131293083,0.20346506300114547,0.3022640885803998,0.16806000911822938,0.2067363530778165,0.35195664518355296,0.6876864576326934,0.2720929326004755,0.3632320237212751,0.017670103936274065,0.17144557991864273,0.7130845866689117,0.41906941266209,0.21334621906731677,0.29882929878122066,0.12090260349782567,0.47979257064899594,0.5158888888888888,0.20620670390856616,0.2884922244759973,0.3697720734675815,0.34118029538379924,0.24768702088289707,0.4875548388242738,0.25531170255141045,0.338807214760798,0.44524175636425767,0.48780661649628415,0.07967667860438618,0.1140241364960466,0.6123672699105999,0.44805389856233396,0.330915371329879,0.4082500077863298,0.24479287405602634,0.5200132868294305,0.45896834293909183,0.00981266298456341,0.019752537008687447,0.3761085124755446,0.17765651053509177,0.3410820534108204,0.37134143633869365,0.3510300558475899,0.0
0.11263917653985644,0.34423084452449004,0.41039645436435673,0.4668039114770972,0.33805366306405216,0.3088487972508591,0.4671955048752273,0.346667592127643,0.2828106852497096,0.37461742384732905,0.5151841280924089,0.3837367949167738,0.44255003706449236,0.02828831693778934,0.2678837186228793,0.67499378953884,0.5334858886346301,0.7264190739180983,0.2745979470660352,0.04561817742133245,0.06314773230322229,0.24513888888888888,0.09456480173700256,0.24365111561866137,0.14472228369108212,0.3153113259403355,0.185996563573883,0.6229698768429603,0.275020983908027,0.36730098005787837,0.3861267725952503,0.505307351731108,1.0,0.6112931751976696,0.2619570064983462,0.328242513883628,0.21977547495682204,0.4276381395886038,0.37552130004827156,0.38942866633449597,0.38620021848705377,0.0,0.011236044225095738,0.24186631813541512,0.28710019705926915,0.27632489276324884,0.37139570655328447,0.46009266078606575,0.0
0.6763315386090547,0.42786108609686374,0.6053035441423493,0.7205352547606794,0.13299065441897312,0.3878865979381444,0.15518096182449181,0.31832550723980396,0.43234610917537747,0.3599215622049712,0.5374825470028658,0.6427318442287454,0.5756115641215717,0.05859737960293918,0.2686774481595397,0.7759260915660624,0.7153318077803201,0.3315197432143105,0.08805500132214718,0.6439589768489979,0.37612470718210567,0.34233333333333343,0.5874478683805999,0.22596348884381345,0.39389245408276186,0.4222599485004451,0.19547977795400473,0.6407445605130964,0.25898101133597806,0.4136056043468639,0.44028703229113286,0.5208905081780381,0.0785219417538176,0.12172284644194757,0.47353144659738616,0.5580303745151656,0.2818652849740933,0.7010035574673543,0.2162007695919113,0.46586945690084713,0.2352932123337513,0.03311773802679299,0.010305671095909814,0.5909690686945771,0.30195543428831284,0.27438771274387713,0.15562273511132108,0.21649527745079522,0.0
0.13190056503045658,0.10952325019902638,0.39268886570993156,0.0715388574369532,0.636409859540225,0.26804123711340205,0.44719881011403084,0.34550853242650614,0.24941927990708485,0.3893315908287421,0.5154780547264451,0.5473044088410711,0.15159377316530764,0.31318099228143803,0.26391507093957745,0.7163125231835294,0.43066361556064076,0.7480382090671727,0.31882977956200875,0.043116879425245176,0.04797113943696036,0.36025000000000007,0.1470873726165794,0.3774036511156187,0.16651914140296528,0.38804528231757407,0.2312153053132433,0.5491639962976473,0.20677244433995806,0.25082163782402267,0.3678882624295233,0.5315788717296984,0.7118937557183569,0.4699204119850187,0.31497364168638525,0.21966025701460523,0.5469559585492226,0.3030895131618978,0.39735225599987845,0.41093672147483806,0.37704392533401265,0.0,0.009303730656264692,0.4212151799380581,0.2860391086857662,0.543794105437941,0.3896282937592428,0.37312384149175937,0.0
0.34609379497095744,0.2652989311303395,0.44532159351500605,0.2599073597529594,0.2527173445677874,0.18771477663230246,0.15369360436291518,0.2210285447493734,0.2584204413472706,0.5118101802155429,0.35417451957116,0.14969009472576314,0.601927353595256,0.5663177536121936,0.3106458974104574,0.6903562718892919,0.6251716247139589,0.8790529197176328,0.3998894204187602,0.10292577025128163,0.07411069583552976,0.18666666666666665,0.46529308584446516,0.15910750507099394,0.3670059747731801,0.6412610170616823,0.27597145122918304,0.48647596257836245,0.5191850858748237,0.8592455862254332,0.36135315222962583,0.8440705447477044,0.0,0.2734082397003746,0.5007470647730848,0.5133037120709121,0.327979274611399,0.8784951073625964,0.5520607842268663,0.7379172894867959,0.3200658286469319,0.0,0.0,1.0,0.3778990450204639,0.41469489414694893,0.34816197658866993,0.5365153669137888,0.0
0.20662680495918212,0.34716729963587956,0.42822505211132506,0.3431549150797736,0.263654327910006,0.34364261168384885,0.6866633614278632,0.26213753122800304,0.471254355400697,0.45411410181609346,0.42882368734879805,0.3798386153666238,0.2170589325426242,0.027965678263962346,0.2627244766345868,0.7368618210913651,0.3874713958810068,0.688162895819018,0.6205678021106278,0.07623569806719571,0.2782065810839587,0.5010000000000001,0.20447876576366175,0.5871805273833671,0.4403629121487056,0.07289034751171233,0.2842981760507533,0.4095507811958655,0.39949678346056894,0.14562459575817954,0.46540235776524863,0.21941341766573108,0.0,0.21566791510611738,0.33735765948779073,0.2768351389991344,0.31191709844559573,0.4365097606951619,0.3499460787597414,0.5670154459392128,0.3114930658031039,0.0016354437803281815,0.06698686530138652,0.4033182454039859,0.27467030468394726,0.3993358239933582,0.4218431214342675,0.4845738426340199,0.0
0.7246441412547613,0.3414118476175561,0.13667205390914555,0.5138102590495799,0.1802326491230936,0.2991122565864833,0.5256982316972401,0.6179618086154381,0.47444831591173053,0.43105463243414094,0.19708633186232022,0.34693797996335707,0.24388435878428466,0.27796237594567347,0.5357674372457586,0.6626385421407508,0.737909992372235,0.7136695136439135,0.6392220966850166,0.4159077630262945,0.02619753519938082,0.7423333333333334,0.3654481397239853,0.740473292765382,0.7198495242310249,0.7882306978999275,0.4988104678826326,0.46285894912159375,0.04322756559137239,0.2314071556856938,0.14283273534939345,0.3702494628365151,0.4890300255578557,0.5472326258843112,0.2834630122589029,0.7473581727679106,0.45112262521588925,0.6839094149749819,0.7008659723439347,0.8216243148978575,0.32502834939873687,0.0,0.009589999898101482,0.231048922305544,0.6078520539639228,0.8785111387851114,0.8006600729828877,0.19779251520692567,0.0
0.31643050197104683,0.17450373908617517,0.6025971578438551,0.4733015954709213,0.6674987579083949,0.2853307560137457,0.27063708477937526,0.3189589379537827,0.2906867015098722,0.3468405761787947,0.7589493113745219,0.4056835457841188,0.1946812453669385,0.012640603572037522,0.4490896914376427,0.8485882992280991,0.43352402745995416,0.7096739479129412,0.2140436068174716,0.09485701523271661,0.30764356571680584,0.4610000000000002,0.14535139879911418,0.31488843813387435,0.47355609648152275,0.42543420842837987,0.1593973037272005,0.41213843170106645,0.2515725566513874,0.3364577921677049,0.389031266017427,0.4403351826799873,0.5109699744421443,0.21129837702871412,0.4740764278093776,0.1723113080966125,0.40673575129533673,0.6080447824633618,0.2633867486725668,0.5605381165919284,0.35746250281331093,0.004701901189949988,0.0,0.2820508270761684,0.28899499772623916,0.5002594437525943,0.40766101487050777,0.41425502651942314,0.0
0.38074665889917125,0.1687482870678517,0.32654234916132835,0.6903628409675759,0.06564879700577342,0.5068728522336771,0.5746157659890927,0.6190111976866888,0.12195121951219516,0.5235600727896527,0.17567466129165943,0.38311308618874995,0.4434303187546331,0.06706913463191896,0.2380196448060324,0.1779821394277657,0.601716247139588,0.7454029002797724,0.19882689487728078,0.08995687992163062,0.061512627836937554,0.3070000000000001,0.01127186409802021,0.2785395537525356,0.2129481079884931,0.31959928137786564,0.31522601110229964,0.35133523577177483,0.3517962062397278,0.4993111861844035,0.5110199897488467,0.27265561796593496,0.06812933060930611,0.20193508114856434,0.570244158250231,0.6293952299334431,0.49119170984455957,0.15820749112929716,0.26366072250730566,0.36571998006975587,0.2701714204555586,0.0,0.002791119387557772,0.04298356712515955,0.4374715779899955,0.24906600249066002,0.4686102945528973,0.44086694485690997,0.0
0.28360701271657085,0.311029325398379,0.4048803615428059,0.4894493051981471,0.22452003215022354,0.3629725085910653,0.36886465047099654,0.19642668707140698,0.31300813008130085,0.45919330301215716,0.39356694305991635,0.32136592211437265,0.44551519644180887,0.6127535724754465,0.38208155570989183,0.6055505926151699,0.38306636155606405,0.8696037199190818,0.42671698838914396,0.09058318807531021,0.04641546846004626,0.37766666666666665,0.2644540924273077,0.38535496957403653,0.3895773401194956,0.6005201111568506,0.4529143536875493,0.4093315758722542,0.32516772725992493,0.5003790969107139,0.5369682214249103,0.621616999262331,0.0,0.44534176029962547,0.3294886359077036,0.43992283516871394,0.6340025906735749,0.14528236566306302,0.6147995239846771,0.70347533632287,0.5885592938545292,0.0,0.0,0.4060679309090367,0.6271032287403365,0.585720215857202,0.32962554201227035,0.488367884388048,0.0
0.5863612148386477,0.2668650405230805,0.4340864313974237,0.4958183221821926,0.3357291890720999,0.3994845360824743,0.18294496777392172,0.3022545974046447,0.30023228803716606,0.39722422050774475,0.5381462769012508,0.3307215530347327,0.4628891771682729,0.038968173930738606,0.18384760392896127,0.8691723606855448,0.5937070938215103,0.8527486410086911,0.8020144715017188,0.03597498452134374,0.268097783270893,0.3913333333333335,0.27611711715950177,0.323975659229209,0.2605803275060855,0.0552422483178269,0.29183187946074535,0.42873943769927536,0.3381325229579586,0.3002963727696061,0.36442849820604817,0.393649253136296,0.006928406361413611,0.20411985018726594,0.48037964949828454,0.13833547961520665,0.31036269430051816,0.3861808817724361,0.2794386237199523,0.6058794220229199,0.3356505620127864,0.008994941170047899,0.0,0.3733411569862232,0.44656662119145074,0.40058115400581157,0.36752529246307025,0.3778998603076197,0.0
0.6401272433564004,0.2619317959359461,0.4816708709006357,0.35216160576428207,0.564293710591896,0.2593964776632302,0.4415592464055528,0.3673129395409805,0.4601480836236933,0.323491967027294,0.6762571488601633,0.405274236931353,0.26538176426982957,0.04344116687513226,0.22302559777755734,0.8224917723134073,0.41470251716247136,0.939424036407261,0.6981658212937811,0.02231842629812371,0.23110880784776264,0.31333333333333346,0.16299878926273642,0.2138471940500338,0.25846426200486844,0.09366525988989047,0.28112609040444075,0.7145613200581202,0.5067794240789714,0.47246083899944624,0.2255253716043055,0.7824491891433194,0.025404156872168716,0.22347066167290894,0.5640583858087727,0.14369828307536414,0.3357512953367876,0.5856935203395159,0.27694906582191037,0.36721474838066775,0.36107928234150727,0.003339031196496483,0.0,0.30193093519742853,0.2836895558587236,0.36405147364051466,0.39745780928187685,0.4554297546363425,0.0
0.19059355596632382,0.27438236560823775,0.3730737462289787,0.5455481214616573,0.21839080541803546,0.43986254295532634,0.3807635101636094,0.3275318936404929,0.06242740998838559,0.8772838535838852,0.7450038668868636,0.2741199859665536,0.20867309117865096,0.03562371970528268,0.3216588947316203,0.15850280720360882,0.5144164759725403,0.8777324265840369,0.3346955455659993,0.06863365116758313,0.1896285582689108,0.2900000000000001,0.050062017988431434,0.27488843813387426,0.2000442575791105,0.041695580871102256,0.33346550356859617,0.2953565889130719,0.6050461645976595,0.22763242748341006,0.38800615069195277,0.3270706515158758,0.0,0.3124219725343322,0.35761131332602414,0.15826171533485617,0.44145077720207243,0.3097321465582257,0.2691561635139725,0.31738913801694063,0.35765077624898356,0.028006975626990928,0.0,1.0,0.20736698499317877,0.3623910336239103,0.42218209891651115,0.4418497378691032,0.0
0.6834949442848295,0.2865980188716182,0.47216241275312243,0.4889346371590326,0.5442929029542273,0.4296606529209621,0.23549826474962815,0.3584041334783949,0.3788472706155632,0.25350926847242516,0.520148192650044,0.5096479943866215,0.45515196441808753,0.044918567153126455,0.2014088699275722,0.8431464883365474,0.43295194508009155,0.9460365413468115,0.5672011346426598,0.03556184956507367,0.26964770453029924,0.6002916666666667,0.175568295700108,0.5886815415821501,0.43372427528214225,0.07966513680068862,0.20588818398096737,0.7678001783317911,0.4001257942035274,0.2696826470205538,0.3723731419784726,0.2505278936340557,0.0,0.28421504369538075,0.34797265318531145,0.14106914586163793,0.5270077720207252,0.3284965536506715,0.2204313778495528,0.5029272546088689,0.23625875561445683,0.002793883320152809,0.0,0.3916321060060992,0.07821737153251482,0.4533001245330013,0.3796910819987412,0.5012283150424831,0.0
0.05054125674404086,0.40906777338397093,0.42342228332141846,0.47126436781609216,0.4913490271528517,0.2862256586483391,0.5306560899024954,0.2191688587740409,0.3768873403019744,0.5816676242130797,0.5993542035725202,0.3862316298288698,0.1181121818631085,0.6128203810593962,0.24962793927969046,0.7036112375335093,0.5246376811594202,0.5949225926398811,0.5117190317074931,0.24898013640021488,0.5278776071238781,0.8283333333333334,0.39087821333492906,0.3261392832995267,0.6335472449657008,0.46613980512864084,0.3217023526301875,0.3567763036076277,0.24395443171914388,0.4114303678327509,0.3796343755339142,0.3538832375068798,0.0057736720746707475,0.2902621722846442,0.41325305482877506,0.4817522975732979,0.3816925734024179,0.20403499165349243,0.6507709676030944,0.6216575319714333,0.3810123241153251,0.001976161354340138,0.0,0.30746773343382355,0.2573897226011823,0.11304829113048287,0.48735727645983185,0.5408853729702764,0.0
0.2990990200079385,0.37018910770917346,0.46276631270998764,0.4596414479327501,0.35807339075266664,0.2753436426116838,0.359114196000661,0.23162195455011447,0.2907471931862175,0.2550194285161794,0.5927005162942425,0.24901570966358708,0.48245614035087725,0.02115347322969538,0.3161027879749976,0.7987436641081949,0.5614035087719298,0.6441486489092546,0.26248227120844253,0.08796364841272425,0.4186884259810191,0.23900000000000002,0.0980269061894773,0.2791886409736309,0.24286346536844441,0.3484549775537109,0.2701559608776102,0.5211574921653309,0.13831423452423625,0.20231817547205466,0.3847599521612849,0.42569839087506745,0.11489607563195638,0.2900540990428631,0.35546857086569345,0.18099508851241058,0.4113989637305699,0.15821790367879096,0.22802081172211314,0.38415545590433486,0.6003655451161984,0.004701901189949988,0.0007872387466154844,0.4064922753779807,0.15309989389116266,0.18638439186384387,0.3259418497446234,0.3079770554585052,0.0
0.4930574619401274,0.4376101170666771,0.840685668244302,0.5543618116314978,0.2880980737408437,0.4110824742268042,0.472483886960833,0.4874070789492668,0.5005807200929152,0.3519380160317696,0.7242594188177618,0.6441351888667991,0.5971553002223869,0.01827774340216829,0.5821013989483085,0.7817900446965294,0.5973112128146452,0.7138866307678332,0.27036707613163785,0.02372019677093902,0.399029118987519,0.3156666666666667,0.10534617478565943,0.25290060851926977,0.2573854835140519,0.5090330699929502,0.44131641554321943,0.41139355727666854,0.06412496179913757,0.17411076297111677,0.6565863659661711,0.2825029103829281,0.33718246300543053,0.2615480649188514,0.5575603335466495,0.23799861700049035,0.25388601036269426,0.7285258362580851,0.18435758768367552,0.5037369207772796,0.40096256262986696,0.026371533208337187,0.01223798402914631,0.7007761581799933,0.2824010914051841,0.4528850145288501,0.3436929127933383,0.3243595516867178,0.0
0.649095353923557,0.4948905681061822,0.424027483484024,0.7987647967061248,0.1514410839471363,0.5558419243986255,0.41001487357461586,0.42817797289928083,0.41666666666666663,0.4803709904355544,0.4764503517460421,0.5912758741667642,0.6742031134173462,0.0506463109649467,0.21867248734993555,0.7935219910456615,0.8416475972540047,0.43166636806269176,0.1275751820957235,0.09570671336663789,0.1430609705555924,0.5890000000000001,0.2747137664771892,0.6631237322515213,0.4928081433945565,0.3465525063425391,0.2767644726407611,0.5572917727225458,0.43035366540179926,0.4886899668248651,0.45463864684777044,0.3301853775982239,0.12124711292712927,0.2808988764044944,0.5343406519718782,0.6425302914053199,0.22227979274611398,0.23024650701734434,0.17806581180965714,0.4469357249626308,0.2800276883802347,0.010357810860907084,0.00171761179635209,0.0643953372150819,0.5084129149613461,0.5429638854296388,0.347024795554236,0.2593055206133631,0.0
0.41222553040533483,0.14596139540346897,0.36630105884348274,0.4997426659804427,0.5442663625007823,0.5670103092783505,0.6013882002974716,0.36081909603951456,0.2639372822299651,0.567493248618918,0.22320524593872643,0.3644018243480295,0.23350630096367686,0.18141196585837535,0.21450540728246859,0.5381026355280472,0.35148741418764307,0.5774582000198154,0.1192095963845285,0.30171167801694126,0.10796332448845056,0.3913333333333335,0.30056374012963394,0.4077079107505072,0.33248506306705045,0.37682535998162503,0.30808881839809654,0.27303054448863306,0.4353159142300114,0.37120449578638737,0.3664787288569965,0.5699936555048652,0.0017321015903534027,0.18601747815230965,0.4899547289068112,0.7500669179601958,0.21968911917098444,0.7569544830506307,0.11292770158152343,0.5859491778774291,0.31621538896834667,0.029233559861735797,0.0,0.9797104235575285,0.06093678944974992,0.261519302615193,0.6969491878928618,0.39259513651947403,0.0
0.6526778303783127,0.2446262871461572,0.5765430031586618,0.35171127123005663,0.7762897708059551,0.4732603092783505,0.45847793753098653,0.3735125157597773,0.2319976771196283,0.22415052269641939,0.49593150626208593,0.4437492690913343,0.1959785025945145,0.04382446478461799,0.21547276515527336,0.8982059377646023,0.302974828375286,0.9366453033255788,0.42480588475684516,0.0447417257700921,0.30226445176227573,0.3963333333333335,0.1685680474360418,0.49111561866125775,0.36667404292985195,0.09898025772925587,0.275574940523394,0.6376748527644743,0.3237000355263552,0.2274901058698049,0.3915940543311124,0.16616330129421603,0.023672056723967282,0.29712858926342073,0.4646197269904663,0.13047091510688802,0.5134715025906736,0.3607662088103618,0.23184413320627312,0.4020926756352765,0.30311697387752434,0.0022487352925119747,0.0011450745838676056,0.3627440019171029,0.1640518417462483,0.5296803652968035,0.3949782204917477,0.4437154344208513,0.0
0.11394981424169631,0.5656787126580791,0.41839937431711777,0.4477611940298509,0.26347199339724064,0.17353951890034364,0.3936539414972732,0.27686151412887794,0.3307200929152149,0.7986674973467884,0.17798081952178935,0.4953806572330721,0.5819125277983692,0.021326790246141543,0.2674868538545491,0.4786960511990042,0.5638443935926774,0.6242597297488157,0.5545085218394674,0.05331485827565686,0.17398032968016244,0.34333333333333343,0.06175234128435074,0.3916024340770791,0.4874972339013057,0.14600533340370134,0.12713124504361606,0.43714146633608947,0.22934723232293702,0.15270230611351343,0.4472706304459251,0.4651617951104679,0.021939954011940127,0.17197253433208493,0.6449017653022558,0.22281785317120073,0.39145077720207244,0.38752796407605833,0.45008014754304526,0.3660313901345291,0.3418572684918219,0.014718995082033757,0.09954991973813748,0.3378267333674888,0.22783083219645298,0.7114985471149854,0.44018844299457743,0.4499494630265293,0.0
0.1652029740010006,0.22865197134019818,0.3819609841177474,0.22765482930176706,0.78371076228104,0.003006872852233708,0.04511650966782352,0.20385880486186847,0.05226480836236933,0.5516543378018793,0.7107867765020244,0.2338907730090047,0.061279960464541636,0.1489314350041445,0.10348248834209746,0.5602108437470521,0.20366132723112124,0.47889642148877765,0.15786437173970533,0.7847895675915646,0.019798869221230406,0.12700000000000003,0.3658296792412049,0.16754563894523328,0.046691745961495924,0.5457309780669621,0.20142743854084055,0.697848087832265,0.2444087304974989,0.6535799798080913,0.5048692977960021,0.5451150686457251,0.18591225349533538,0.24500624219725356,0.7130045082363905,0.5334403998030659,0.321761658031088,0.5958214536626467,0.15972743179011972,0.23667164922770312,0.6950105731948356,6.814349399903175e-05,0.0032920892895830587,0.6915081062383566,0.2560254661209641,0.19136571191365703,0.395714601833197,0.8522943216615788,0.0
0.6193584383850124,0.3966433055348916,0.6067973103850998,0.41688111168296454,0.3496465670788469,0.3571198453608247,0.3652082300446207,0.37096171792585503,0.5221399535423925,0.28123719240498757,0.5835159970982013,0.4355630920360192,0.5511489992587103,0.02792512266694707,0.12509921619208256,0.7317285601914889,0.4320366132723113,0.7933434252324248,0.13565229933411863,0.09763120949700835,0.3407273409529205,0.31329166666666675,0.1485486875590607,0.4129006085192698,0.20104005310909498,0.2094914710369852,0.12366177636796184,0.45210890368208406,0.3086035790687439,0.2523511321620253,0.4557919015889287,0.3538904051686987,0.22344112422404275,0.2596363920099875,0.5041945306497794,0.18700160654102532,0.2191709844559585,0.31219885752945964,0.21778267981777888,0.4305555555555556,0.2900878750198946,0.0059284842143175745,0.0015029103416704084,0.21647608843570582,0.40245566166439284,0.3105022831050227,0.4286441276760095,0.5278067490626839,0.0
0.19719098569017957,0.24118084648212684,0.35521079460385346,0.24086464230571286,0.8325084236527945,0.011597938144329925,0.05057015369360443,0.23541317308112514,0.06329849012775841,0.5572106480888109,0.7481230847921181,0.39948544029938005,0.07153446997776133,0.13684145504369874,0.11985316003571783,0.6091255069371133,0.20915331807780319,0.4523976497693427,0.18844202985648695,0.7379367524248955,0.02722267805366938,0.13933333333333336,0.35096000801212335,0.1857200811359027,0.07855720292100027,0.5575697505574904,0.24504361617763676,0.6286025142278413,0.2766983458892496,0.6470758298295084,0.6017426960533063,0.42637542487654434,0.3262124885632862,0.3039950062421973,0.6008185635469112,0.5504638936933788,0.4145077720207253,0.5205693904347716,0.15451237221186812,0.2501245640259093,0.6207416169421328,0.0001362869879980635,0.0032920892895830587,0.5609382246302748,0.3060482037289678,0.2382731423827314,0.421717663834816,0.8365274018284332,0.0
0.4122230662923469,0.1303786069456951,0.30160020794208553,0.31523417395779724,0.5548321955857217,0.3350515463917526,0.34457114526524546,0.47659980717274053,0.24274099883855982,0.655987010058944,0.4470049856871594,0.4518769734533973,0.18527613046701263,0.057515137306169466,0.3311836491715448,0.5963261317038686,0.30537757437070934,0.9580085586077229,0.5377773504170773,0.03428797781492917,0.1635976903990527,0.2696666666666668,0.14921893288530363,0.24478701825557814,0.3535212436379731,0.06982600626449617,0.26764472640761283,0.49796896693374,0.7700587152171539,0.37476443564755146,0.33521271143003595,0.6747222418869776,0.0,0.17946317103620474,0.4251640430940612,0.4097996724632313,0.6362694300518135,0.20418424947544256,0.2533615107083014,0.30842052815146986,0.3114376360013619,0.002180591807969016,0.0,0.3098845134700454,0.27557980900409274,0.36778746367787457,0.40517611279821525,0.45233286668945455,0.0
0.08140398539331126,0.37346488652232357,0.42050557500026886,0.4129567678847144,0.25669949315570295,0.38192654639175255,0.5022930094199306,0.27463301712360666,0.368684668989547,0.6223327050763489,0.3465568550095326,0.31277043620629164,0.43629540400296524,0.017590480626515297,0.21364966762575655,0.7384002490949264,0.49279176201372993,0.6167024043998208,0.30642563523161614,0.03649838326792043,0.5320309488326334,0.49237500000000006,0.14661634586662586,0.43724137931034485,0.6348749723390134,0.17497601926304926,0.15107057890563041,0.6443674418042608,0.16794801353727734,0.14328210641686695,0.7678113787801127,0.03218093636249575,0.02886836229622303,0.13451935081148567,0.7982869423990897,0.19322921817825323,0.2642487046632124,0.6369075044734411,0.4274991750974886,0.4035874439461885,0.34018953800537755,0.021465201110866843,0.002003880561492969,1.0,0.32958162801273305,0.21912619344126189,0.39267797681505734,0.43984259974567735,0.0
0.45241570033085304,0.4441877765161896,0.45851959237944867,0.358766512266255,0.54941895676689,0.27591638029782356,0.48669641381589823,0.26886927759468693,0.3699186991869918,0.546715581447657,0.5710858593646881,0.5206408607180445,0.3765134667655054,0.03549596806959931,0.248635777358865,0.8293255345224597,0.41964149504195286,0.30868632098623056,0.4288324238563427,0.04666312805267938,0.3845747462506417,0.44388888888888894,0.13386253539175386,0.45963488843813394,0.4951593272847976,0.3543092624530475,0.3061062648691513,0.5127031314288035,0.3740215305681782,0.4814449561543056,0.3468306851187426,0.3748482182695191,0.1322170976245765,0.155638784852268,0.3501574374920914,0.5485771693021162,0.39861830742659754,0.49225649085983814,0.21109501087780602,0.2964623816641754,0.2509352338982324,0.0062010581524894115,0.009661566572966131,0.5165199754584523,0.1515840533575867,0.2973571329735713,0.36228668820713833,0.44301564064677657,0.0
0.39829068493372843,0.267491484280177,0.33547953155479004,0.3108594956253218,0.6242682260485312,0.22895189003436434,0.3460585027268221,0.36048677109442173,0.07839721254355403,0.5363051240611953,0.46560627570213853,0.482282773944568,0.44255003706449225,0.04441046757503958,0.22968548467109842,0.2672108227010113,0.16842105263157897,0.5788308701937631,0.16536455203250078,0.06230987353305576,0.10919057636791926,0.3663333333333334,0.032515579534590056,0.20421906693711972,0.37878955521133006,0.29704787464471727,0.3045202220459952,0.490893099509339,0.49210234784198753,0.34217933947955015,0.4290107637109175,0.39199879204235577,0.0,0.21941323345817734,0.37544484177395027,0.5902674749882542,0.5683937823834196,0.3766463594118199,0.12296551417501733,0.46287992027902347,0.5953299819891829,0.038841791333590205,0.00035783579752746196,0.38036894715029307,0.36289222373806285,0.37359900373599,0.3129412205419959,0.4342436649879733,0.0
0.11921809586843608,0.6189264320112758,0.41444874560223127,0.4386687253388232,0.46742937227290826,0.2624570446735394,0.3657246736076681,0.2791993419634782,0.18021680216802166,0.7968572063103958,0.12919400797154001,0.24995127275562315,0.6170002470966148,0.022683740702017403,0.24546085921222344,0.4063692178351667,0.48893974065598783,0.6271183077529261,0.5563354888338661,0.05177104712557091,0.1738749678446552,0.2956666666666667,0.1100302282274059,0.37920216362407033,0.41978313786235905,0.15620943527916123,0.10249801744647101,0.49406013029478296,0.2630696208905297,0.14202163174555532,0.3726721339484027,0.4961815713599534,0.021939954011940127,0.09040782355389095,0.6948933450492966,0.22490992976852553,0.32525906735751287,0.3742652215902919,0.41483877596317525,0.2911891712340143,0.332405850634122,0.020647477480785405,0.06340850359199394,0.36063417925245356,0.22555707139608902,0.4235505742355057,0.4447408577413729,0.4457191086192404,0.0
0.051165486762455525,0.3115383109510199,0.31354734039631077,0.5989449305198148,0.24972684690671929,0.6477663230240551,0.8244918195339616,0.2349802671710553,0.6236933797909407,0.31119208669227827,0.7831946036190748,0.41492223131797457,0.3642976278724982,0.010881902861559559,0.6606806230776864,0.7619195755614878,0.48838672768878716,0.7510672231912551,0.18678333613788795,0.052056342402066795,0.3799102258571956,0.2676666666666667,0.0982390975224973,0.4972819472616632,0.16996293427749506,0.4077359861282719,0.11538461538461538,0.8689853179932268,0.2976306904487337,0.5688050208140016,0.37314197847257824,0.6150285707114252,0.14607390906549086,0.29868913857677903,0.3881851899509856,0.3922989726847907,0.33886010362694297,0.6617939999392394,0.29932606684692037,0.323368211260588,0.3451396898712236,0.010630385404267563,0.004079328115647862,0.5381797013248203,0.22373806275579808,0.2354711498547114,0.363324062727783,0.33492331349523924,0.0
0.3649576400353262,0.4422692925100818,0.433069998903737,0.41945445187853847,0.22512115734137877,0.30197594501718217,0.3579573624194348,0.4013650754696772,0.34785133565621373,0.5266715367036993,0.5095467338740347,0.38872646474096606,0.4755374351371387,0.046115819463910974,0.38952277011608294,0.9038784095055947,0.5299771167048053,0.7857871715613693,0.2028654534964783,0.06882035425357738,0.22595896760276982,0.31212500000000004,0.18584883357848936,0.2956186612576065,0.25414914804160227,0.14665878845690924,0.24335844567803316,0.6089285556969133,0.5549343000781675,0.4092984878862794,0.2710148641722193,0.7720247642717565,0.025404156872168716,0.2918617353308365,0.4151246319715925,0.28038729018078845,0.4322538860103626,0.2605797188965997,0.3326272934158927,0.37954658694569005,0.36735548835288434,0.0,0.0,0.4060679309090367,0.38653933606184643,0.6799501867995019,0.4146302642446328,0.5016796511973075,0.0
0.8097882991709378,0.30319877843467363,0.6696865114648639,0.8267284268313605,0.18394378782012055,0.4812428407789233,0.4823996033713436,0.48381585428379414,0.36391792489353464,0.3340572091027666,0.5743730126164233,0.3653373874400656,0.3943661971830987,0.04065187839352847,0.1895029268776665,0.8794048705800026,0.6436308161708619,0.23628340903687745,0.08363181807254984,0.06985217846814648,0.6779715695734264,0.37833333333333347,0.10989009973173404,0.44373225152129814,0.33038282805930524,0.32783022320241784,0.18556701030927825,0.6134865687784279,0.20198490747634923,0.3995890861119368,0.22210832051939175,0.3976285922076524,0.16801385794977952,0.18747399084477737,0.4532574206405863,0.4808103293247608,0.41105354058721943,0.5267994407335185,0.32861948571926014,0.33266899186181703,0.24698180043722331,0.013083550242625452,0.0035067909031633775,0.46031462306811344,0.2904350462331362,0.35491905354919034,0.36248418651798014,0.47430967804795043,0.0
0.14543965875100934,0.06295759758819153,0.38007694950791787,0.34990993309315493,0.7875408585545083,0.22895189003436428,0.09965294992563212,0.2516115081252923,0.024390243902439022,0.4545399548755554,0.32837994485870237,0.22734183136475264,0.007227575982209047,0.4730788406837069,0.01210437543407084,0.604909064191552,0.0018306636155606265,0.7161993957788609,0.0072838289381956245,0.25729109010417067,0.013660400303773766,0.004333333333333342,0.31859198842102965,0.023123732251521305,0.008768532861252495,0.6180830597623195,0.055511498810467866,0.9653915627409005,0.09190663707236138,0.21408200422263524,0.24295233213736553,0.7336098977347542,0.045612008172081685,0.043383270911360794,0.9895273371729949,0.6408047888950421,0.0,0.9969258706318647,0.5016565092137658,0.1195814648729447,0.3185792724434455,0.0,0.0004294029490880225,0.4033182454039859,0.03865393360618466,0.007056870070568683,0.42450129050025237,0.9450720193498223,0.0
0.5459318826909156,0.4532320582592693,0.46422769700143673,0.2650540401441071,0.7279859915277862,0.2573024054982818,0.3921665840356966,0.45184295796555074,0.30139372822299654,0.4595326441664608,0.6139800197904665,0.37703192609051583,0.36100815418828763,0.05323255914661692,0.42285941065581906,0.8415676594510066,0.22791762013729977,0.830240679952141,0.06151590182456311,0.07716244481949777,0.2667019623850402,0.5763333333333333,0.12231013026512076,0.4479513184584179,0.17282584642620058,0.1355711817306419,0.26011102299762084,0.5155311723173184,0.48409980097216604,0.3661651139665133,0.42132239876986166,0.3375036355929134,0.027713625445654443,0.3174157303370787,0.27513808992368183,0.1605684257859677,0.48341968911917105,0.04901928785731785,0.2647672024037333,0.3119083208769308,0.335632174718542,0.0004088609450820454,0.0,0.32019829362824753,0.5793542519326967,0.5276048152760482,0.46525315693391367,0.4774449035627716,0.0
0.15380499910933776,0.3060177753416077,0.4148225448177106,0.41945445187853847,0.5537137585307528,0.538659793814433,0.4263758056519583,0.3004125810582947,0.26103368176538905,0.7245583856237052,0.457175599318872,0.1763536428487896,0.4032616753150483,0.028956157663403148,0.3630320468300428,0.6492232883461684,0.27963386727688794,0.7361809927358005,0.27757878795163354,0.07840049406340147,0.07175970685258928,0.18433333333333338,0.1740130315576096,0.17955375253549702,0.4001991591059971,0.32440339916359673,0.35249801744647097,0.4207943240209867,0.26226585845764616,0.2991907565507357,0.25269092772936963,0.5793324654018907,0.08198614717787191,0.1401373283395755,0.49850771752348344,0.4600146786028883,0.5046632124352332,0.4466544686844266,0.480521772211931,0.29745889387144997,0.36714860656359494,0.0002044304725410227,0.0019323134099324085,0.5003139649302156,0.2287403365165985,0.2677459526774595,0.39254502921808077,0.44152503844118596,0.0
0.5034576519404302,0.30852355036999335,0.35798045060270944,0.42106278950077203,0.31726044003964,0.41124355670103085,0.3348413485374318,0.33623843342131315,0.15501596980255514,0.42892191908139626,0.6541871961543779,0.41141386972283944,0.42137694588584146,0.048871419837464965,0.24099613056850883,0.7405013768244757,0.5168192219679633,0.9210532277030352,0.3803817399456718,0.007824205245030611,0.20087752804291897,0.48100000000000015,0.131400748229566,0.21590263691683576,0.4566275724717861,0.07307734073937636,0.25971451229183173,0.49910181898947065,0.8181436746502513,0.4714657274168318,0.39876986160943106,0.496162025195987,0.0,0.20973782771535585,0.4833879588165247,0.17302946283976733,0.3207253886010362,0.4350624528792306,0.2931886418130669,0.46935724962630776,0.3527559996225663,0.008994941170047899,0.0,1.0,0.4660641200545702,0.18897882938978822,0.42051356655716077,0.4694077867723934,0.0
0.1282259597322535,0.31290865666966833,0.4141311311160014,0.28769943386515706,0.6988435717399413,0.4201030927835052,0.31482399603371347,0.29140727163742036,0.15069686411149824,0.39989328097415056,0.5523184687937468,0.2881534323470939,0.2512972572275761,0.5171527249701149,0.25587855938089105,0.6411187774655531,0.3858123569794049,0.7257203935302929,0.2931560854828242,0.05808783408113779,0.037041636480029096,0.45300000000000007,0.17728412869303128,0.514158215010142,0.36667404292985195,0.4855200508800003,0.3679619349722441,0.33294164794018544,0.20792563070204856,0.2926880787009555,0.3644284982060484,0.3732625271931295,0.5525404190201904,0.3096129837702871,0.5150019533178206,0.16790602729464005,0.30725388601036263,0.4334581268098946,0.5021910293661195,0.6970602889885401,0.37563368110335627,0.0,0.004651865328132346,0.2359109689056327,0.39790814006366537,0.6575342465753424,0.5200145900124264,0.2915188978954404,0.0
0.3917680345922496,0.09447554911710582,0.39881197024399334,0.13645136387030365,0.8799921966307835,0.22250859106529208,0.1110560237977194,0.16475772111418246,0.23606271777003482,0.36671083867613913,0.46159504695804343,0.2792655829727517,0.16938472942920685,0.012570496701277252,0.16598868935410258,0.5301258102255948,0.09433638443935927,0.3921188171530021,0.39931248347316045,0.8949632726082297,0.3158495545997221,0.04866666666666666,0.8403100745008584,0.05330628803245435,0.03984565169285242,0.45464938235714314,0.18715305313243452,0.8082990684051132,0.14474419494867907,0.30145384591275304,0.2993336750384419,0.7377355438628628,0.09584296374643772,0.045568039950062436,0.9627227317813147,0.6041566278393469,0.42538860103626946,0.6321533822775645,0.3105158466912686,0.3124065769805681,0.3372922078442164,0.03577533437785988,0.01395559693778886,0.3809655483707882,0.09640745793542518,0.1689497716894976,0.3478829421952055,0.2389528184796132,0.0
0.14116175893198696,0.3454837320386828,0.4019212620455409,0.07565620174987137,0.6784587411169904,0.0,0.0887456618740704,0.12705502284768505,0.15476190476190474,0.5068306225669814,0.6728697092611058,0.24698865629750907,0.09785025945144556,0.14190614430098755,0.053775176108740955,0.45197833723499375,0.07643020594965674,0.48158488693206036,0.10074761412533956,0.8363646808646829,0.009372719772139992,0.01633333333333333,0.34048173887988026,0.04551724137931036,0.01217083425536624,0.5663661561462003,0.16415543219666923,0.8146556724359538,0.19174588458578468,0.640629425290413,0.4407995899538697,0.46189985219931257,0.18764435364353682,0.1832084893882647,0.8246627815295204,0.4973669529346683,0.08290155440414508,0.9300189189531443,0.15467560183371445,0.13851519681116098,0.7336254572061903,0.0,0.0032920892895830587,0.8159414631088575,0.17962710322874034,0.13158987131589867,0.4508842451312548,0.9164219758329174,0.0
0.33095862562321643,0.10524255119220079,0.3702735431046736,0.3031394750386001,0.25954448019372,0.3172787800687285,0.1487357461576599,0.27708833100091224,0.549324912891986,0.7872829675082603,0.5743800561096247,0.49163840486492805,0.5563380281690142,0.02462249261035665,0.3774680027780534,0.6875618462338675,0.23844393592677343,0.2001438619035557,0.21656770595447009,0.13219688612935354,0.2203654755799145,0.09979166666666667,0.3803353283061044,0.09322515212981744,0.10146050011064395,0.4130868331400972,0.5138778747026169,0.2506686715215366,0.4446463594265269,0.5371075233379903,0.5525371604305487,0.48026628662215926,0.1951501277892783,0.27247191011235955,0.5212956580760921,0.49548179248404806,0.6082901554404144,0.1727729142135373,0.3460052555662861,0.11360239162929746,0.18608030070146417,0.023373218072881057,0.011307610899960387,0.2630019619703571,0.2205547976352887,0.2173100871731008,0.334196477439228,0.4917943348745615,0.0
0.2645718115158716,0.7319995301671822,0.4183494797705545,0.31497683993823994,0.41139497369150524,0.3711340206185567,0.4313336638572137,0.09366868363605517,0.5412311265969802,0.3075190808401488,0.5025171261722952,0.10150859548590804,0.29095626389918466,0.1499517107912132,0.7115785296160333,0.6200124171640986,0.31670480549199087,0.455106508376814,0.6266256400394241,0.8186686650813546,0.013880071289943022,0.5730000000000002,0.21977562904559128,0.5100202839756592,0.5847532639964597,0.5530495150202104,0.20697858842188727,0.3690558489815186,0.21973722017533093,0.5403506705784136,0.8200922603792928,0.10285512099284977,0.0005773672234909856,0.7490636704119852,0.14588646661532784,0.5328960804621621,0.4461139896373056,0.2899687431958916,0.0,0.08071748878923767,0.34113140345731907,0.0031346005915704445,0.0,0.1795062610500559,0.371987266939518,0.7305936073059361,1.0,0.5880267531032068,0.0
0.6867284908795013,0.050115500567714646,0.15009211552441432,0.2177045805455482,0.8080473738324082,0.1189862542955327,0.3931581556767477,0.7857498870282608,0.13153310104529617,0.6144870490230648,0.07624254228182625,0.47152379838615377,0.4273535952557452,0.09209061781557301,0.15110626054172044,0.0,0.36659038901601837,0.7374848181044162,0.47719897112911375,0.09666933930636151,0.06287761474548123,0.27700000000000014,0.026346233240529413,0.41776876267748486,0.23921221509183452,0.5721068599739187,0.30372720063441694,0.34822605270515716,0.28054236663842064,0.5648217252019903,0.3285494618144542,0.7498614785006139,0.5075057741457415,0.13483146067415736,0.7211443669252915,0.6387515388240954,0.29170984455958543,0.7127353253477389,0.41842746580039136,0.4150473343298455,0.6800783594504123,0.0,0.01867902925858313,0.3350932504192634,0.18690313778990456,0.2806143628061436,0.4902197507220608,0.4491303112475641,0.0
0.6547412098284757,0.16475470811636195,0.42300057993667706,0.41670955566992635,0.4980039427247042,0.3627577319587629,0.3977441745166087,0.3297658274546819,0.22031068524970965,0.2799666563972707,0.5577690085251238,0.3085409113943788,0.46973066468989394,0.042027732720094524,0.2231124119456296,0.8415365601674365,0.3833714721586576,0.9287237460177555,0.5682588523762591,0.03779914551490419,0.2757604188841001,0.21441666666666662,0.14607896801059178,0.24586883029073703,0.27683115733569386,0.09696455759943703,0.35448057097541613,0.5028936540416211,0.35843585677448425,0.26403019478638456,0.32735349393473434,0.27230133624085884,0.0034642031807068053,0.2652933832709114,0.3921218574784088,0.1317826023231114,0.29499136442141616,0.3920770523252581,0.22217181587938123,0.4539113104135526,0.4036096748199824,0.0024531657461408524,0.0011450745838676056,0.4029379410116513,0.287933909352736,0.28486924034869227,0.3689944163903046,0.4959993755880941,0.0
0.07350477695522567,0.3223053130261148,0.42469302795787733,0.4199691199176532,0.4368836728901086,0.4567225085910652,0.30490827962320277,0.2701719242688409,0.21294279907084782,0.557107589630063,0.4688283484509741,0.28575605192375153,0.38584136397331364,0.016776831542509266,0.24073568806429213,0.7558474169555174,0.5098398169336384,0.6052693633809018,0.48891800283660664,0.03716415569370473,0.7926149387025248,0.4614583333333334,0.20357434978407823,0.42555780933062887,0.31688426643062634,0.23550026868684773,0.2454401268834257,0.5376381560265749,0.15627621747087073,0.12771078272613556,0.3952460276781138,0.36706974444120605,0.032332565156451616,0.30933988764044945,0.5339893390973802,0.296397418532377,0.45401554404145067,0.17682983500813543,0.45049836877672544,0.5255979073243647,0.4197840488971466,0.001703587416168301,0.0035067909031633775,1.0,0.26114142792178263,0.33608343711083427,0.3974018617226676,0.45245890923497256,0.0
0.09976867924432073,0.18437022826044397,0.4079538946776534,0.41746011322696863,0.1464183511173956,0.23308634020618557,0.18560981655924635,0.3421597979337758,0.19185540069686408,0.5668224043478809,0.48389671115422817,0.40199976610922694,0.31597479614529284,0.02583452055801367,0.27146790356186135,0.6530063141880758,0.5388443935926772,0.7007446593935434,0.18476405682828914,0.048609351969008154,0.056046582920293346,0.36033333333333345,0.0939149554510008,0.38596348884381343,0.25315335251161775,0.25010118822164285,0.12886597938144323,0.6493068396090959,0.2719108090256408,0.29955418241290455,0.5238339313172732,0.3542172327168525,0.7632794686538873,0.3910736579275905,0.5432745904414039,0.14277107026679908,0.32072538860103633,0.41327425678761814,0.3801861594582445,0.34828101644245135,0.9999999999999999,0.0,0.004222462418768983,0.5750089632535218,0.2006593906321055,0.40800124533001236,0.398246698949719,0.461914103133167,0.0
0.37448466013735937,0.21808073293919578,0.33760343331160125,0.295869788986104,0.41250389992713443,0.3737113402061856,0.40753594447198804,0.2933764158672907,0.3066202090592334,0.4025717482792435,0.546055399093306,0.15062565781779905,0.32992031134173466,0.03129505153525301,0.3255283262228396,0.833007840026037,0.5596681922196796,0.3216664698855031,0.4226784297699467,0.047169012314401,0.13675224942429465,0.2510000000000001,0.11426567837052219,0.27529411764705886,0.23531201593272852,0.40955971593510154,0.3215701823949245,0.4023703847801133,0.38170953234119875,0.41015835357114694,0.45105074320861116,0.45090856659675244,0.024826791010710145,0.1594881398252185,0.37191755584942504,0.697321727851141,0.3953367875647668,0.5309633807406953,0.24812569752459268,0.38216243148978585,0.5388589322565275,0.0014991568112422632,0.0014313431901098479,0.4086584532632289,0.5111414279217826,0.1145703611457036,0.22611932903762372,0.4141516322438029,0.0
0.24287107041669898,0.24901139344583223,0.34595854899500955,0.3046834791559445,0.397401113090272,0.14690721649484537,0.4476945959345563,0.4421712996517039,0.23199767711962838,0.5082308070771301,0.16719843427091918,0.45000584726932524,0.3080059303187547,0.04702953091531691,0.30766941164798106,0.3242654180100743,0.23112128146453093,0.8164500386354645,0.38085050121397146,0.033002613955385424,0.04815656037876915,0.35133333333333344,0.04372522914203171,0.5618661257606492,0.08818322637751722,0.21958473863400166,0.21570182394924653,0.609246544481501,0.2629647857667033,0.220693572115791,0.5094823167606358,0.24320679821743466,0.13625866121861221,0.21441947565543076,0.49814173965603037,0.29594883955774337,0.5533678756476683,0.1771582424466827,0.29752002205589967,0.24962630792227214,0.37828836104415825,0.0,7.156716149172535e-05,0.06099177238002895,0.20736698499317877,0.43378995433789946,0.4069946553397689,0.43458031126636304,0.0
0.27234136033420475,0.1415762891037939,0.32992977376633575,0.22593926917138452,0.7915833755823264,0.27620274914089343,0.29598413485374314,0.15063934775665289,0.1562137049941928,0.4092602850356894,0.6515936703156908,0.4660663470159435,0.21225599209290835,0.0691149755056353,0.16807222938783611,0.7292914474527339,0.1319603356216628,0.345036664220631,0.19998076876848006,0.5299893709442378,0.18111917496578558,0.2107777777777778,0.25822491755572957,0.25820148749154836,0.25049789776499226,0.43367125423776476,0.3906952154374832,0.4206182976299191,0.4264747260949004,0.6625488533066387,0.5293012130531352,0.47636981463471534,0.043879908023880254,0.2881814398668331,0.47654671764729517,0.4011011026087516,0.5758203799654577,0.3069993660036078,0.19198417685199107,0.1821956485633615,0.21176729698815464,0.002862026653398608,0.0017891791068112874,0.23468224614995548,0.3037744429286039,0.2981873529818733,0.7388771580977384,0.1055130794564329,0.0
0.6246361099655692,0.45887005207313736,0.641388900676989,0.5954709212557902,0.04396956665919105,0.2678980526918672,0.16245248719219962,0.2883865296326766,0.33623693379790925,0.3810500419721287,0.4943614168561631,0.5714731220520015,0.5841363973313566,0.07663088099656373,0.33078678440321463,0.6801364459926647,0.6363081617086195,0.32243877874864113,0.09805524171254118,0.8379687582802127,0.32662053317766,0.25277777777777777,0.7281986019158851,0.30407031778228527,0.26488161097587976,0.4618526009507824,0.3568596352101506,0.5509785444087701,0.2227425202085691,0.41830668147026717,0.48214590808132574,0.5028725157200782,0.06812933060930611,0.25010403662089054,0.5010151091757855,0.5748748991980759,0.42314335060449054,0.4819967347303338,0.19442929710378543,0.5296462381664174,0.27370895521545147,0.029233559861735797,0.00644104459384227,0.558592459423033,0.28710019705926926,0.31230109312301096,0.16691169725668303,0.12939728245110355,0.0
0.2740596636823871,0.7313730864100857,0.46386003014637045,0.5759135357694289,0.475701005412584,0.9931271477663229,0.6772434308378781,0.06209710239481504,0.6939605110336818,0.4134564605871743,0.35322382819698417,0.38358086773476785,0.8743513713862122,0.025433217528741815,0.783907133644211,0.4359218053143508,0.5020594965675056,0.4784998416598079,0.47864131349311284,0.9874499552555807,0.2135235500757868,0.9463333333333335,1.0,0.8718052738336715,0.8990927196282366,0.503704526002629,0.8366375892149084,0.06131469271652362,0.03581912083811213,0.18399549053706105,0.3593029215786776,0.2484554816725861,0.07274826775627756,0.9653558052434457,0.002826624627046137,0.6132924890968687,1.0,0.025553703333364597,0.37796279005927996,0.7533632286995516,0.27447401184715065,0.00892679753420778,0.0031489549864619376,0.17353414475170736,0.3228740336516599,0.8127853881278537,0.07577287080128631,0.2629982091216274,0.0
0.5153319259045809,0.28263054174334074,0.42635867741646927,0.4801852804940815,0.47982705450840285,0.36597938144329906,0.2404561229548835,0.3224363294325415,0.18554006968641112,0.4701547246411793,0.5016891087843253,0.3910653724710561,0.6593773165307637,0.033314149194269116,0.3424942950689554,0.7389889745053524,0.42425629290617856,0.2419457584163418,0.06266977571576242,0.07960580047855237,0.5034678616784203,0.34100000000000014,0.4481372761004571,0.1529411764705883,0.2578003983182121,0.24265010089006547,0.324742268041237,0.41880279436015927,0.36070731094093755,0.41288502104194424,0.3900563813429011,0.3864061241025249,0.06986143588515899,0.14856429463171036,0.5757512414297712,0.6035436991024441,0.4880829015544041,0.28518194922281603,0.24237128476257958,0.3667164922770304,0.3939057233620661,0.02787068956568797,0.011236044225095738,0.3964087617900765,0.18553888130968624,0.1315898713158987,0.34467469145606466,0.4272319704374371,0.0
0.09744281803754776,0.4998238126933166,0.42280019844640754,0.5003216675244467,0.511990252288775,0.6439003436426116,0.5071888943976204,0.09355412837315698,0.6573751451800232,0.5365945059621724,0.0860288611119549,0.3185592328382646,0.6464510748702743,0.9749412767071155,0.6716936203988492,0.5164058586164559,0.5604691075514874,0.6281740723026622,0.42581552441164455,0.4860490237823264,0.07138940121205534,0.42366666666666686,0.46418077524109724,0.5553752535496957,0.35439256472670955,0.6018348155823604,0.5321173671689134,0.35920275957914516,0.058638527420462855,0.13215039077896507,0.8293182983085597,0.16862365927366502,0.0017321015903534027,0.6320224719101125,0.36225416874373106,0.5471984536298908,0.8678756476683936,0.3052095717525176,1.0,0.9212755356253113,0.9999999999999999,0.01083481570659928,0.08495022145537769,1.0,0.2519895407003183,0.5191469489414694,0.48310230406189025,0.5490722212327405,0.0
0.28305682786082015,0.42410242355428523,0.4271466620278121,0.3834276891405045,0.4166271312449605,0.1288659793814433,0.08626673277144273,0.2366114585091016,0.34814169570267134,0.35360474438025463,0.6236159708273192,0.9626944217050637,0.3721275018532248,0.014439152489465125,0.15021331481297753,0.9529900974619603,0.7112128146453089,0.6547915401747051,0.2345969855044593,0.04491633687085739,0.27663350206768134,0.3453333333333334,0.14937049517213852,0.3982961460446249,0.16120823190971462,0.18962692104287845,0.2783505154639174,0.38964501131833273,0.7133072796135489,0.41361310745495516,0.40389543823680163,0.38969180930930564,0.005196304931299316,0.3099250936329589,0.23489049109639815,0.331651394502973,0.48497409326424884,0.1825868327165211,0.35863556306613253,0.41853512705530643,0.32276635883132615,0.0,0.0,0.4223785465288924,0.4524783992723965,0.2727272727272727,0.41078346007625827,0.4664829328009181,0.0
0.25967546142019954,0.17383814259426023,0.40038824687948804,0.44827586206896564,0.42651931706618895,0.41050973654066425,0.733928276317964,0.29331389256473744,0.20809136662795197,0.4139151511925331,0.5879779522038796,0.32697930066658865,0.2574746725969855,0.03290693763034569,0.23633296954062913,0.5753345850716673,0.33974065598779546,0.8464069675862524,0.531719512488281,0.07778586223295858,0.13786453674488802,0.3207777777777778,0.16018971231367823,0.1928600405679514,0.49081655233458743,0.09894241302329301,0.36690457309014,0.43653367904132656,0.2839670071669645,0.15793971300136667,0.3078763027507261,0.4448376406355164,0.017898384008340103,0.2671660424469414,0.38349643135504263,0.20145075213815333,0.31778929188255617,0.32874028342453243,0.34456028851994713,0.42800199302441455,0.5440964164111824,0.0013628698421563447,0.0,0.34747728461085237,0.08943459148097618,0.18167981181679804,0.37618443075017816,0.3971356849434803,0.0
0.6467906060104817,0.3839056158072641,0.5164914056757086,0.7364899639732374,0.1846787489039814,0.2882302405498281,0.3653941497273178,0.36624634806651385,0.4843205574912893,0.23808614473966194,0.6137931199326457,0.7578061045491756,0.6200889547813195,0.010294255227976223,0.4621490227205081,0.8103914262939464,0.6517162471395881,0.15895061410596023,0.3332532032020001,0.06916074836120448,0.8298576961302003,0.24800000000000008,0.08971991090050398,0.2223935091277891,0.31456074352732916,0.2642322887392361,0.2478191911181601,0.34593314025883654,0.19066257506447126,0.3262224605065832,0.42849820604818045,0.29677418620880325,0.07274826775627756,0.284956304619226,0.18804558122418247,0.37217850233712224,0.3751295336787565,0.3996045262677528,0.2152122943899481,0.45590433482810166,0.18243997362463793,0.01649072598274502,0.004723432638591544,0.4675150184275377,0.5165984538426558,0.33914487339144866,0.25732706513857806,0.25576750277991844,0.0
0.3809598046726287,0.12489722407110133,0.3312118628721645,0.3643206381883685,0.4699783206189942,0.37929553264604815,0.24690133862171543,0.29604737567330747,0.3025551684088269,0.4083458015413611,0.5026144665792708,0.4621681674657935,0.28484062268346927,0.03218683174450246,0.20259946423256284,0.6644133622816615,0.3069794050343249,0.11923056505711116,0.28277122046203035,0.0991248719724162,0.3174999122026081,0.16933333333333336,0.3539349420691272,0.35448275862068973,0.18593715423766324,0.439333592290977,0.3298969072164947,0.49957039578656726,0.3149986010727982,0.5810263492060477,0.22706304459251672,0.7565254215573358,0.07505773632976329,0.14637952559300876,0.3982604462356524,0.5512191410287213,0.5590673575129533,0.12598085035443785,0.2774159891413156,0.5366218236173393,0.5924029259736111,0.015673003563040865,0.003864626819864817,0.2694611242147803,0.2678490222828558,0.2063096720630967,0.31874443613066683,0.47182608040841223,0.0
0.277779901244655,0.7135194393328375,0.4341144516633841,0.5501801338136901,0.23420992240144634,0.6340206185567011,0.5532969757064948,0.08199252059683822,0.5905923344947736,0.3308768681360363,0.19211817684577315,0.22593848672669867,0.3728687916975538,0.13841226521230537,0.5681119158646691,0.4989304101384792,0.4535469107551487,0.5568124237329981,0.1956537416764826,0.6179219852296376,0.04443490428276944,0.5363333333333334,0.3062662169464991,0.615740365111562,0.6059969019694625,0.6083462648795341,0.5237906423473431,0.40179223987148605,0.18157673853599715,0.4461008056818473,0.6381342901076372,0.24603928533133537,0.0011547344469819711,0.6257802746566791,0.32277742658405845,0.5930325900410776,0.660621761658031,0.3247762008664001,0.46775334061085444,0.7722969606377679,0.9999999999999999,0.0010221524194415487,7.156716149172535e-05,1.0,0.48522055479763515,0.7285180572851806,0.33146955697072145,0.31975993872327063,0.0
0.28987501417223127,0.1932578990642497,0.40113389013091866,0.48327328872876996,0.3363613753348703,0.5652205040091639,0.2780118988596926,0.30449643158179224,0.2834881920247774,0.4409296536913854,0.5023886252405114,0.27552333060460765,0.27304175932789726,0.037388819178178066,0.2272794920130966,0.7408671457396989,0.4852784134248664,0.8662684365072991,0.5672972908002598,0.06894723035327865,0.11168648007899895,0.3419722222222222,0.1766247903979249,0.1837728194726167,0.5596370878512948,0.07669723851382945,0.13927438540840587,0.5278509507069458,0.3088831658824955,0.184141943608919,0.24918845036733298,0.5337959033599853,0.015011548291482947,0.19017894298793178,0.5905274242094283,0.23104601687947535,0.2775043177892918,0.5662216166414917,0.31332084189712284,0.3417621657531972,0.38186648580361376,0.0013628698421563447,0.0,0.355605120722571,0.1210777626193725,0.1754185692541857,0.3815287550614776,0.3939952203377668,0.0
0.5184400606091568,0.2769142424598358,0.66500717871073,0.58858723623263,0.2376972594811007,0.7272336769759451,0.3049082796232028,0.4046667900602836,0.409698025551684,0.22692413359813313,0.6279633014806204,0.30686469418781437,0.47910489251297267,0.0161304963349395,0.3380295664252406,0.8950807886101835,0.48237986270022876,0.2631403482157097,0.2712324815500373,0.02474237809963118,0.6025457226796351,0.6993333333333335,0.24863437334027022,0.28113590263691685,0.6297300287674266,0.2800883753705573,0.3433782712133225,0.4636211937858104,0.4214076024175401,0.5275244397125264,0.6432598667350078,0.07471615998101144,0.12066974962949642,0.21910112359550568,0.3947452499498132,0.5842084289532874,0.42176165803108817,0.5689999337602956,0.3195638938164958,0.4673642252117588,0.3149621854372998,0.00824536299137251,0.010591939702152055,0.2537326177481455,0.1382446566621192,0.38978829389788294,0.4159267115741721,0.35237527356066395,0.0
0.3584719370624283,0.2787674719079128,0.5139810278280226,0.4580545548121463,0.19741100284150254,0.45833333333333337,0.3589489340604859,0.2533887499903966,0.26016260162601623,0.12333847254887798,0.5902137448278266,0.8172143608934628,0.3498888065233507,0.02247299866586771,0.15824982637166393,0.870123378656233,0.4691075514874143,0.6810052098099071,0.3156566263612107,0.050695630359565064,0.21226578199268817,0.18500000000000003,0.15969590061042244,0.3888843813387426,0.1492586855499005,0.21361983074800425,0.27755749405233926,0.3773741606264838,0.5602110940031806,0.4452868609180195,0.5694515633008713,0.32401908503084365,0.011547344149341495,0.13233458177278404,0.4794193449690775,0.2587267462850715,0.3435233160621761,0.5519627674817322,0.2796680943016824,0.4240159441953164,0.5532304237836438,0.0,0.0,0.4517365687290623,0.27467030468394715,0.32129514321295133,0.3504596726854962,0.44140741234636144,0.0
0.08355891308778371,0.5105125092987745,0.4212947005587826,0.43969806141705275,0.3969997992627916,0.2804982817869415,0.4447198810114029,0.27611348567693134,0.25764614789005025,0.6412651271017592,0.2926876753222073,0.26523213659221145,0.3424759080800593,0.018303936185692843,0.2172834606607799,0.5989582021870594,0.4114416475972539,0.6194720331349733,0.2522897185028486,0.03657274425364684,0.4496795026528119,0.399,0.11313978562137343,0.42826233941852604,0.40725271077672065,0.1374114862039789,0.12635474491144583,0.5590309345484452,0.16459322998684972,0.12912217434373918,0.5583461472749018,0.4287230461848627,0.005196304931299316,0.3139825218476904,0.48964359492972437,0.1492796472402686,0.26735751295336785,0.5670023764438158,0.41469076710992553,0.3625643580800531,0.35595991470266475,0.024259083523236687,0.000858805898176045,0.410594852167352,0.47112323783537946,0.3001245330012453,0.39125118554898,0.43958483639684304,0.0
0.6049347530100644,0.337026741317881,0.46128743626069324,0.6855378281008752,0.4734783435047074,0.20446735395189009,0.1923648983639068,0.3706261648754673,0.3150406504065041,0.5813799410739688,0.3198011035665903,0.09495965384165594,0.4799851742031136,0.053791143584099345,0.23772199622978477,0.7858324817829605,0.7057208237986268,0.6471263123201368,0.6358566311690184,0.055930916769057766,0.14322079085537123,0.3319583333333334,0.23028374791266826,0.3458823529411765,0.3079221066607658,0.25816802676165373,0.16703013481363982,0.6168055428897457,0.31398520811758346,0.3075946650052189,0.3907611481291645,0.41777662975767105,0.028290993870938735,0.27984550561797755,0.5794602745193141,0.37952344756707096,0.2368523316062176,0.6238672374059347,0.1936955073487705,0.22128799202790234,0.26676064776183345,0.0056559102761457375,0.0007872387466154844,0.38434748239741123,0.38699408822191916,0.5595682855956827,0.24975572992645045,0.34240277482663956,0.0
0.27599556826413874,0.4623154927371677,0.5086695703179386,0.5074626865671643,0.120843757435735,0.4806701030927836,0.7764005949429849,0.18828319681412342,0.337979094076655,0.2507437543087737,0.6300596850349623,0.5982925973570343,0.7075611564121571,0.012042596651717911,0.1686675265403314,0.735121482633446,0.459954233409611,0.6474932230269085,0.04824635207577106,0.062447840250459206,0.361937661552849,0.5266666666666667,0.07075283164112794,0.35643002028397586,0.21232573578225286,0.24705628581843245,0.1744647105471847,0.4938537189107433,0.370037756137453,0.3959643250954271,0.2706304459251666,0.5668817846174936,0.058891456315363196,0.2759051186017479,0.40291269620950876,0.24827510096681787,0.4419689119170985,0.4438955229966373,0.2809657523002243,0.39511709018435476,0.10286180020389474,0.0017717309007112604,0.0,0.32136322763244946,0.19145065939063224,0.3042756330427563,0.5461718234312346,0.43350710889803795,0.0
0.0799503807871162,0.3059655716951829,0.40365056724458714,0.4580545548121463,0.20489160877556556,0.33376288659793824,0.47892910262766475,0.2890941642933677,0.09204413472706158,0.6610120048172272,0.4589843206304949,0.4308268038825869,0.6000741289844329,0.4959060471864372,0.2957634685980753,0.5054746013748326,0.2466819221967963,0.6785934464264426,0.17892257025409267,0.10643167132487763,0.03733676878457908,0.30800000000000005,0.13270857976041,0.22823529411764715,0.2585472449657005,0.41463475673994665,0.2125297383029341,0.5590319291218167,0.21704640565091116,0.25273079892905004,0.29010763710917487,0.57444534562465,0.3210161676080761,0.35986267166042446,0.5680627558690812,0.008049678982483904,0.22901554404145086,0.6093880074988065,0.4407423372225523,0.28500249128051824,0.9999999999999999,0.0,0.0036499252062844986,0.4761909606674115,0.1150522964984084,0.2723121627231216,0.5665551497022858,0.44538170254958287,0.0
0.28214284250962807,0.3266904193257899,0.3393435657998344,0.3973237261966033,0.4157991788705064,0.3350515463917527,0.532969757064948,0.4326230314152464,0.13850174216027875,0.6228727304287179,0.4094352454022485,0.3709507659922817,0.5674573758339512,0.047524437346161415,0.32404008334160145,0.5727536264019577,0.4498855835240276,0.8576486921946751,0.4636409529075219,0.04662633724293391,0.07723033962672685,0.3616666666666668,0.2344382112838701,0.3476673427991887,0.11448882496127466,0.2432761349652556,0.2712133227597145,0.44696030799571174,0.4311923463924105,0.6067463389106437,0.40748334187596114,0.34109627942821164,0.011547344149341495,0.16011235955056177,0.3093377642207984,0.36355921747346,0.2854922279792746,0.45470215614074083,0.3879029579231994,0.1763826606875934,0.3697511213781259,6.814349399903175e-05,0.0,0.4033182454039859,0.4542974079126877,0.327936903279369,0.4214771441144557,0.44044320900152734,0.0
0.6019469300547489,0.23147096824713212,0.4613701169652431,0.40401441070509536,0.5528821398853881,0.47121993127147765,0.4866964138158981,0.2995016607141662,0.2096399535423925,0.4057554598463422,0.5501618860570611,0.3612832807079095,0.28341981714850506,0.040044976419404806,0.2131163805933129,0.8561896781947609,0.39832189168573606,0.8797225191100824,0.5905670809394457,0.038653760741256454,0.30681457363121256,0.44744444444444464,0.11542091475173431,0.2188235294117647,0.4589510953750832,0.04968454665076641,0.2151731430081944,0.49437601115419966,0.30682138196369496,0.25960782488695466,0.3557150179395181,0.6625892045015371,0.0057736720746707475,0.18601747815230965,0.5041727721343766,0.10743311748345902,0.27702936096718483,0.7338161559355796,0.226396278970391,0.4233516027238,0.4579594494880234,0.002793883320152809,0.0,0.3241768617488485,0.2773988176443839,0.4218901342189012,0.36437582092943005,0.4358920970446675,0.0
0.48123014938513076,0.1571329757383553,0.456908565323143,0.4215131240349976,0.6390214287450205,0.5313573883161513,0.45463559742191373,0.2725056957342877,0.28048780487804875,0.2986790944446902,0.5530466304350811,0.16372354110630336,0.3005930318754634,0.029286708785380713,0.2707609881932732,0.8171289780305642,0.34782608695652173,0.14117132157085366,0.6096060001442343,0.03669116068711955,0.6310890681440283,0.38633333333333336,0.6439696736816143,0.1659229208924949,0.3079221066607658,0.35610726161612083,0.25218080888183975,0.4730420101544479,0.27236510780399575,0.4170365192416732,0.3095848282931831,0.44305984267853005,0.36085453254852645,0.06429463171036207,0.29090525560431363,0.6018407717353496,0.33212435233160625,0.23370101757233852,0.1777360503589845,0.30592924763328355,0.31193081747183116,0.013083550242625452,0.029127833704222242,0.2048857249039501,0.20600272851296045,0.30635118306351183,0.34907934882524017,0.34752285935535393,0.0
0.8179689823760622,0.2671782624016288,0.6432006549565296,0.3602676273803398,0.4916035015060912,0.25816151202749144,0.11601388200297463,0.4646469827672324,0.29645760743321714,0.39036969685069667,0.5428361571782917,0.5552566951233774,0.37805782060785775,0.04422503677248462,0.22700664748486954,0.8641599266094491,0.33226544622425636,0.3912366769427621,0.11430563234693147,0.08916241759836072,0.41642540072465006,0.3334166666666667,0.24453812211630843,0.30612576064908725,0.36866563398982094,0.3814443392120067,0.26070578905630437,0.47281469932273934,0.26977914826606325,0.5666245606170404,0.5423500768836493,0.3182475481996553,0.17840647934959392,0.1520365168539326,0.5571782367965823,0.3569722054769133,0.4186528497409326,0.35192143139312065,0.2766743921817188,0.37039113104135524,0.26043492316740885,0.0038160357395943577,0.002218582016174651,0.1693852259069556,0.3124147339699863,0.4146948941469489,0.31020690532839723,0.3071095998657647,0.0
0.2509276454194131,0.1371911828041189,0.30338750090469635,0.3067421513124036,0.6186577995738168,0.13874570446735393,0.30639563708477946,0.370350161872756,0.2929732868757259,0.37199926710360076,0.5914282077330263,0.1894515261372939,0.4017790956263901,0.03746611175592726,0.3174918146641533,0.6766363202801529,0.3112128146453089,0.830482208809069,0.3240222120724056,0.04815567107476721,0.18925251284129646,0.26033333333333347,0.08424865074937991,0.2535496957403651,0.36036733790661674,0.07601983705858548,0.29896907216494834,0.5647224034002237,0.41316046674233814,0.2504849002324063,0.29830855971296777,0.6775676882880973,0.013856812722827221,0.1510611735330837,0.6529224429200652,0.17088105038061385,0.4720207253886011,0.41904400183031826,0.25484516387482337,0.523168908819133,0.37672799963654535,0.004701901189949988,0.0,1.0,0.26148249204183727,0.24449979244499792,0.4408700806773904,0.4778627126690447,0.0
0.2502594410125304,0.18918601464312285,0.39913451128305266,0.4173957797220793,0.5331696264584093,0.6132588774341352,0.48901008097835064,0.2860024889222762,0.24545102593883078,0.37457723763263456,0.5635415776382097,0.1146064787744123,0.3007165801828515,0.03203041468524748,0.25022323643218575,0.5749330190958997,0.22593440122044234,0.8526665535174976,0.5963364503954423,0.07953729182473951,0.1405362189526985,0.2803333333333334,0.14604436710689156,0.19848546315077753,0.530648373533968,0.0726834459027477,0.3082209886333596,0.4503679701675011,0.30458484635496935,0.1816769351607992,0.28327353493934726,0.40729441188927545,0.012124711292712927,0.22617561381606324,0.5415412198691497,0.1668821561546453,0.23972366148531954,0.39519637688447223,0.33085787906653774,0.40607872446437465,0.3660897549621396,0.0015673002957852223,0.0,0.3960070974756575,0.14582385932999845,0.22180711221807103,0.37619558599368913,0.40461089189137506,0.0
0.4573883089930067,0.4939509024705376,0.2891188686659995,0.5738548636129699,0.2726725178111227,0.441151202749141,0.5240456122954884,0.30615869343330165,0.5842044134727062,0.37996822714870787,0.20205538714166638,0.21377616653023043,0.8828762045959971,0.3391090872143803,0.6722889175513445,0.5928923386022347,0.7116704805491991,0.6838850006017843,0.6661458208130004,0.3525847192914296,0.005705914392297139,0.6496666666666667,0.34435803164258844,0.6355375253549698,0.6687320203584867,0.852482181323776,0.7168913560666136,0.21806116174558382,0.05109320907146789,0.3113653092372758,0.2614044079958996,0.30523302325961954,0.3289763542250535,0.6504369538077404,0.2239131356239643,0.7323883369330599,0.6777202072538858,0.2085531950374146,0.7121231303320273,0.9242650722471349,0.3527559996225663,0.0,0.0008886256108673773,0.27778731012491575,0.61118690313779,0.6753839767538399,0.9727370177223905,0.4008445987439144,0.0
0.1235693710984818,0.34611017579577924,0.41720146011807996,0.2892434379825014,0.3654297623479665,0.2860824742268041,0.4606470004957858,0.24106983295940848,0.17813588850174214,0.5830174584702867,0.25509429546129453,0.30417495029821073,0.24314306893995563,0.572443570970372,0.17692727453120352,0.525851584823249,0.30983981693363855,0.6224398767045882,0.34782086107839133,0.31764534363432867,0.09379342870744281,0.31300000000000006,0.1762724189260932,0.2778904665314403,0.23390130559858383,0.3922103598450484,0.078112609040444,0.6630715911500332,0.25743545797198025,0.1252703255874031,0.33059969246540233,0.2245088273065774,0.0,0.16947565543071166,0.6033542398574872,0.28779061119514265,0.24818652849740935,0.5212123888297612,0.5347782575530365,0.19332336821126062,0.3419910141426118,1.0,0.9190811869627497,0.7284206080956446,0.1580832196452933,0.35896637608966364,0.3965590614322597,0.5213462897908617,0.0
0.633640093433434,0.3344687626430707,0.5637638044303814,0.6682964487905302,0.36728697069037686,0.3371993127147766,0.24194348041646008,0.34710092278840954,0.31823461091753774,0.15774479804942362,0.5601952792395368,0.39246871710911,0.453159747961453,0.019831825623326138,0.143962694711777,0.7497656748845194,0.5440503432494279,0.33261004814960493,0.42152455587874715,0.10624355593279611,0.7428862973154395,0.685,0.107345167114386,0.2830831643002029,0.5077450763443241,0.29427652466947185,0.2418715305313242,0.46558355210173274,0.10403271205446216,0.0639316808766669,0.4454126089185034,0.38127586553814663,0.09699769034170341,0.15137328339575543,0.8158991870958947,0.3436883316530604,0.45595854922279794,0.43703150600696333,0.19095030177128278,0.2311908320876931,0.21556488558385958,0.01172068115695491,0.0,0.3630123665986275,0.24283765347885397,0.4919053549190535,0.1961850221494259,0.3380060742480828,0.0
0.8029241399608155,0.185114130221996,0.6063657629779957,0.36284096757591355,0.7165647338583756,0.41387457044673537,0.3816931085770947,0.4272287400423106,0.12427409988385597,0.3902233010227025,0.5905389166226612,0.21740147351186992,0.3550778354336547,0.033860017811544324,0.1201508086119655,0.8486282303323809,0.29748283752860405,0.32729607007422995,0.2809322339479315,0.06968256003471987,0.7105479794090004,0.44279166666666675,0.23966445572228484,0.316186612576065,0.5406063288338131,0.4297558766436783,0.3310864393338618,0.44985450424255236,0.16913615818241717,0.4148590982783691,0.22757560225525372,0.716178516165918,0.21766745022650272,0.26342072409488143,0.42509001859946816,0.33612701863513467,0.4367875647668393,0.4782980664088217,0.33450557125098607,0.48629795714997515,0.5827032808178912,0.018262456883456277,0.0020754477130535296,0.3902463012845903,0.27268076398362884,0.3033935242839352,0.3229302947159424,0.40883343801668043,0.0
0.2589769570193081,0.5352961904389022,0.46411044981282595,0.4029850746268657,0.562479176195589,0.4603379152348225,0.38158981986448515,0.18702863191883512,0.3875338753387533,0.20472727860860115,0.7208847329682705,0.22531477799867458,0.42352359772671117,0.3408423605846874,0.3551939676555214,0.5924518750331194,0.3696414950419527,0.6108430593424489,0.28344431356523003,0.3489524758659178,0.08446607609322127,0.4181111111111112,0.408104423007182,0.427288708586883,0.35052002655454767,0.5689010001860424,0.4567803330689927,0.3895509573750321,0.30308219633835026,0.5291822466964954,0.5911498376900735,0.335166196063129,0.012124711292712927,0.31876820640865583,0.6079441068653625,0.8827844847976638,0.39101899827288433,0.7785284400371864,0.2404530524099202,0.7757847533632286,0.5520563292019509,0.006269201183140889,0.0020754477130535296,0.327936831156315,0.3998787327573139,0.4360038743600386,0.5148540589340984,0.7817205938981515,0.0
0.503493123706466,0.29912689401354686,0.47296132953733905,0.697375193000515,0.37500947613749885,0.6971649484536083,0.5880019831432822,0.22575525545231628,0.4819976771196284,0.40865159321051897,0.40671887114738303,0.22032510817448256,0.6289844329132692,0.009982317710248538,0.38178390713364424,0.6106383790339343,0.5478260869565217,0.3774570473627091,0.43075554700834173,0.779909620227693,0.3939219795806677,0.31866666666666676,0.3270302295856205,0.27886409736308315,0.23456516928524015,0.561846671868592,0.3806502775574939,0.43688320409419124,0.14659630861982675,0.21380320202260994,0.4905176832393644,0.37993198196811273,0.020207852581825832,0.35799001248439455,0.28528942274414915,0.6060288687803141,0.37720207253886,0.7205541508010755,0.41165159950445573,0.698555057299452,0.3527559996225663,0.0056559102761457375,7.156716149172535e-05,1.0,0.23556161891768987,0.5479452054794519,0.24283671944723093,0.23999352886112896,0.0
0.33980383139198,0.21236443365569088,0.3396884767268509,0.26145136387030377,0.7517662710389024,0.2585910652920962,0.5066931085770947,0.3362583117539184,0.43931475029036,0.315034596980172,0.5236583589538121,0.5028651619693603,0.5437361008154189,0.030856491195776478,0.07401527929358075,0.8043189858213575,0.25675057208237995,0.6819567025094403,0.6096060001442343,0.040469173939252825,0.0944394427363861,0.3173333333333334,0.05980952636315412,0.174685598377282,0.2398760787784909,0.2549296280392459,0.2244250594766058,0.6989035947477975,0.5955409279858972,0.4037773400437079,0.49820604818042036,0.2990051302218339,0.030023096582965893,0.19350811485642952,0.5946998433186996,0.3172875176695543,0.3134715025906736,0.467517713115773,0.1460059745070441,0.3756851021425013,0.2711298799775903,0.0,0.002003880561492969,0.5907469620487373,0.40018190086402905,0.36031548360315485,0.3760934573495813,0.3904912644280221,0.0
0.3184611029879748,0.3937199013351083,0.4494238837573513,0.10910962429233147,0.6984205260540276,0.2345360824742268,0.5642042637580565,0.13423985078253176,0.6268873403019746,0.5146878341360627,0.47558931399935156,0.27084551514442756,0.4777613046701261,0.05223842454015005,0.688361940668717,0.675269643002774,0.2498855835240275,0.44114142399087297,0.356907617971586,0.8933024384370314,0.2653573030615374,0.6939999999999998,0.6020981182370824,0.49501014198782967,0.581765877406506,0.4934227391817404,0.4698651863600316,0.4383876123258511,0.09361895733663331,0.23604260435731128,0.22296258329062027,0.817615847784154,0.03868360501545023,0.6223470661672912,0.24777160855643943,0.6700455150925202,0.816062176165803,0.16240376646649995,0.3428279201217454,0.6297957149975087,0.22701476661311962,0.007768358145680313,0.007228283102109799,0.2391722958198424,0.2683037744429285,0.4997924449979243,0.7667707137361071,0.19965053271953476,0.0
0.6285046527467396,0.2564504130613523,0.5292824308557686,0.5399511065362842,0.17770419528048975,0.5743127147766321,0.6618740704015866,0.33909483938150625,0.29616724738675965,0.2152719023934961,0.6024181200274368,0.5575956028534674,0.5021312083024463,0.027131469715495488,0.2478420478222047,0.7334367658549035,0.5184210526315789,0.3620655855601067,0.3690232938291786,0.0765442609683939,0.6906391406339145,0.6630000000000001,0.1754210094652528,0.33922920892494934,0.6895607435273292,0.27720039233127747,0.21728786677240275,0.6355134164865834,0.11378249774628321,0.10805287696707272,0.4695028190671451,0.48068625222561956,0.13914549821738223,0.21535580524344572,0.640114797585773,0.30877468276569026,0.5264248704663212,0.3516734747726385,0.21193978540383784,0.20677628300946688,0.33272384098974256,0.024531658066597167,0.0004294029490880225,0.34176844741604273,0.3501591632560255,0.764217517642175,0.2508461301801948,0.36893359824468563,0.0
0.45723690930663097,0.5036607807055322,0.4044844501779018,0.4921942014067594,0.4345765007419346,0.3263172966781213,0.36671624524871915,0.2902281637033996,0.21951219512195125,0.38440172284156876,0.42489742264949937,0.43051494951857494,0.30392883617494443,0.03680603296993942,0.14783212620299638,0.8144226826711787,0.5932875667429445,0.11377154667935219,0.46171782975552295,0.17504186002619962,0.4688608383110966,0.19188888888888891,0.28515282813765735,0.5891277890466533,0.19075016596592173,0.4515230621870101,0.402854877081681,0.4316817091087982,0.15264188683201327,0.390785708383631,0.3581069536989576,0.46943024202877204,0.07505773632976329,0.06741573033707866,0.5072636241093499,0.48167314857731885,0.38549222797927457,0.4730842462072045,0.2299725691297418,0.37186513868128224,0.6608105324292293,0.00804093208385215,0.0015029103416704084,0.48691755201618564,0.2928603910868576,0.21212121212121204,0.5627663708924941,0.3393694195289604,0.0
0.08607376961179648,0.32950941623272384,0.4045661408031552,0.28358208955223885,0.7556744786462815,0.1920103092783505,0.33515121467526027,0.29922366138318035,0.16521486643437863,0.8621475403183376,0.5930090095609359,0.25400537948777924,0.19866567828020762,0.0225835923297463,0.3621391011012998,0.5861920872147932,0.30526315789473685,0.6623133642926163,0.2966177071564221,0.061387921063959704,0.05630637283346065,0.32800000000000007,0.020642940462054588,0.3255983772819473,0.2611197167514938,0.19692529136931405,0.3548770816812053,0.2852669601662393,0.15770897078405194,0.10084998817548152,0.3890312660174269,0.41591709792677967,0.20265590193501978,0.22908863920099878,0.5835394554566585,0.23953461070338533,0.2621761658031088,0.8798285770648717,0.17568494244599037,0.4000996512207276,0.3327458263519515,0.0,0.012094850679417011,0.7735241554083586,0.36562073669849926,0.42880863428808613,0.4005747529550935,0.4465773376156646,0.0
0.12908365796469942,0.14752750479621005,0.4292789900499086,0.23108594956253226,0.748255942142735,0.20403780068728528,0.3177987109568667,0.2664855129722393,0.16173054587688734,0.825204306839275,0.5486719324879136,0.05706934861419716,0.36508524833209793,0.02348290656571303,0.296061117174323,0.69281480649105,0.28878718535469106,0.6402551942433158,0.40623572682035636,0.05979566639805022,0.40975890615229155,0.26033333333333347,0.15267557349358213,0.3407707910750507,0.3666740429298519,0.07231354442188462,0.23711340206185555,0.6075468640943738,0.43150685176388975,0.26946933080823665,0.3628908252178371,0.3661622964863622,0.0011547344469819711,0.3533083645443197,0.48662788538867285,0.31708209746607274,0.24507772020725394,0.5641187957224,0.35176465444214977,0.4005979073243648,0.3092247959617638,0.009199371472379618,0.0,0.4033182454039859,0.23010459299681676,0.24034869240348694,0.41682306654106255,0.44293496317892617,0.0
0.18122532430807065,0.37649269801495633,0.40192266768564294,0.4010979584834449,0.4251524200429292,0.16623711340206182,0.4427367377293009,0.159064723813797,0.47077042198993413,0.3369375956910702,0.7488010574650014,0.6304135968502709,0.12441314553990611,0.10708213551527176,0.4129377914475643,0.6873728076884194,0.3227307398932113,0.6442701408988883,0.2159426909300705,0.10570788098715297,0.36739252480815665,0.31699999999999995,0.17614095614928837,0.302555780933063,0.2976598805045365,0.5170448787620076,0.31245043616177626,0.4113937320165998,0.23392507907623217,0.38743946463899126,0.43704083376046465,0.33506614622977665,0.10103926419104202,0.34394506866416974,0.4238594013129313,0.281909616402419,0.3830742659758202,0.7053790508004929,0.3046524610989152,0.3582461385151969,0.36695192643016966,0.004974475128121825,0.0,0.5197299240176417,0.23313627406396845,0.38619067386190664,0.31579757610356024,0.3251214555994723,0.0
0.1267627894519747,0.1838612427078031,0.40142634729264,0.21049922799794135,0.5523675432925977,0.30498281786941583,0.4035696579077839,0.3397476387272543,0.13617886178861788,0.36075186951706145,0.5464912498928893,0.4794760846684599,0.2372127501853225,0.31696438096756024,0.28951284849687475,0.7165723102502111,0.3011441647597255,0.7399195774261802,0.30931031995961444,0.04491666278764676,0.04803077165394632,0.228125,0.09741093780321787,0.14596348884381338,0.2571365346315558,0.37772795152346716,0.2391950832672481,0.4495268101208564,0.22316188056653552,0.26005364247405016,0.22302665299846233,0.7992848232060619,0.8083141135283362,0.306062734082397,0.6936869821535744,0.22254650946977955,0.23141191709844555,0.5228290070425459,0.397093327982373,0.27491280518186345,0.28768914244176613,0.0,0.009303730656264692,0.5448216715779537,0.10868576625738971,0.22789539227895395,0.40241548311366676,0.3717489617066275,0.0
0.28540140271637515,0.37085470420108846,0.395046151410992,0.8651569737519301,0.08417315057336694,0.5356529209621993,0.47645017352503716,0.2044465961134876,0.3072009291521487,0.17075642993937995,0.5839190790918751,0.625891708572097,0.6152705707931803,0.017228810792015083,0.10407778549459276,0.8761805983314248,0.7977116704805491,0.6821718318003852,0.340176446549196,0.035176554515420594,0.4998826993080612,0.24900000000000003,0.1140910316001739,0.2941176470588237,0.23025005532197398,0.2910542310762766,0.15107057890563036,0.48985995902314017,0.3664034056359347,0.44423880018653294,0.42644797539723234,0.51705588650788,0.04503464487444884,0.3405118601747816,0.28305179309718254,0.3223105550251945,0.4046632124352332,0.4990105498566803,0.29271082777130375,0.4090682610861983,0.45148706736785527,0.0002044304725410227,0.0,0.6700679758305196,0.34379263301500684,0.42258198422581983,0.3961984300847954,0.4635272127288075,0.0
0.43754248625046444,0.4773501429074821,0.4571387428637991,0.47246525990735977,0.4425875769853061,0.3213058419243987,0.7823500247892909,0.22173303625490898,0.5017421602787457,0.4252399222698268,0.5840485486035651,0.39854987720734414,0.4340252038547073,0.02536415561716665,0.2936799285643418,0.7944561909747814,0.42654462242562935,0.13026558363805807,0.25652058943724615,0.07563745654485615,0.45098853160253527,0.34400000000000003,0.34810781936991747,0.2483569979716025,0.3135649479973447,0.36707776574105877,0.494448850118953,0.24440328196639519,0.1527816603762282,0.24058939288458414,0.5873910814966684,0.3397807046251117,0.2661662953973544,0.22222222222222224,0.716305170198421,0.442353538913784,0.32124352331606215,0.6149383481185343,0.17136771139465473,0.4145490782262083,0.27782256389881416,0.03557090407552816,0.016532013758374493,0.42691471365623246,0.3310595725329696,0.3009547530095475,0.24736150986121724,0.5699031062254347,0.0
0.348034441537587,0.09020790102188636,0.4219541069951627,0.548636129696346,0.12351890902718027,0.1713917525773196,0.42637580565195843,0.1862869959648737,0.042392566782810684,0.4181327606699302,0.422003389626068,0.4153900128639926,0.37731653076352867,0.2278362772698615,0.011211429705327914,0.6103986044971632,0.4842105263157897,0.5479931953760088,0.021995721050986808,0.6463633925368698,0.024745374033249924,0.0,0.31509930090113514,0.04551724137931033,0.002212878955521143,0.5631069569216317,0.2291831879460744,0.7621539373795088,0.12901872774810938,0.3000520468763801,0.3946694003075347,0.5549605491563412,0.0,0.017166042446941327,0.9974102881869331,0.802649798229558,0.12279792746113986,0.9236200779191943,0.1548911419131514,0.3248629795714998,0.7394733919226475,0.0015673002957852223,0.0,0.3813882662690342,0.2592087312414735,0.1768368617683686,0.39704962837077284,0.9982663778860073,0.0
0.044748291861117895,0.2073528835989194,0.42147989420993637,0.39783839423571804,0.4661535477362419,0.30498281786941583,0.3381259295984135,0.21846135153855878,0.40418118466898956,0.6043954925074214,0.5764772114230587,0.4995906911472342,0.09822090437361007,0.6331929397341259,0.20676654430002983,0.6900401114989179,0.554233409610984,0.5936933825126072,0.07016995600855791,0.24866330749348908,0.08406230491209737,0.24800000000000008,0.3354984650858368,0.1996754563894524,0.18178800619606114,0.5467897846667924,0.22918318794607445,0.45501389643899615,0.16487279693794044,0.3146681964142741,0.45720143516145584,0.26513576236524145,0.07043879918279183,0.132334581772784,0.8610198835991991,0.43854054963197925,0.35233160621761644,0.5867434729038197,0.566697084056927,0.27354260089686094,0.4542360944413004,0.0001362869879980635,0.00214701486461409,0.3673625896285525,0.2610277398817644,0.24906600249066002,0.4980876377573376,0.5491594931628723,0.0
0.06583855613064578,0.26874437179436983,0.4239800510784634,0.299022130725682,0.5361307989698816,0.21520618556701032,0.3331680713931582,0.2687877254609218,0.5043554006968641,0.5140914775451083,0.4878841009849606,0.28020114606478774,0.27835433654558944,0.015858660738531503,0.2710586367695209,0.7839025410463567,0.35926773455377586,0.6026794136527687,0.4056587898747567,0.031646502535388775,0.9938317745566153,0.28133333333333344,0.09493504173522273,0.323975659229209,0.19440141624253157,0.18905018838364498,0.4286280729579697,0.2687035578062866,0.13674168780417928,0.08669357021626994,0.4976934905176833,0.26580708872816283,0.0011547344469819711,0.33832709113607995,0.37903332125302475,0.13555095129919437,0.31761658031088086,0.5351527170102377,0.33409014923911673,0.3612356751370204,0.2770937603292473,0.011175533280611235,0.002290149167735211,0.27834301695439023,0.37744429286039105,0.29929431299294307,0.4003191754595898,0.4446663148710008,0.0
0.13324016843272415,0.3414118476175561,0.41707981547864903,0.2768914050437469,0.8511831961162053,0.23722079037800686,0.0754214179474467,0.2824066769492793,0.17889808362369336,0.7030176878036953,0.19474681949389372,0.11466495146766459,0.3013343217197925,0.023415100325257412,0.23109931540827466,0.6742659159744335,0.032951945080091555,0.6292714562115004,0.5196038366306883,0.05230752033117642,0.278848245585668,0.2712916666666667,0.11829569210331102,0.4918458417849899,0.22062403186545712,0.12202707326217407,0.3262787470261695,0.3811601392671895,0.26887055070935323,0.16042195960288608,0.3360456176319836,0.5969831312843588,0.010392609862598632,0.1703339575530587,0.501981569341695,0.1905633113600806,0.441321243523316,0.2858863446182731,0.4413788540196395,0.3507722969606377,0.3589202281975895,0.027325540478967014,0.0010019402807464844,1.0,0.27330604820372906,0.33997509339975085,0.4379696316937188,0.45509209847338844,0.0
0.32802415357933756,0.17258525508006733,0.4060804897953163,0.3098301595470922,0.4742700505030186,0.3539518900343643,0.4774417451660884,0.0686578122747079,0.3228803716608594,0.3263096621792507,0.4026551608036434,0.3026546602736522,0.19977761304670133,0.01062301529851101,0.5041174719714259,0.5472482677417185,0.3258581235697941,0.46175216293388816,0.5997980720690403,0.9489078859618711,0.22667084022672576,0.5136666666666666,0.7248082504419194,0.41160243407707914,0.49845098473113536,0.43717954299723794,0.5955590800951625,0.3532491325302096,0.10148169093691814,0.3067728847171185,0.557662737057919,0.22592442657443534,0.09353349004530054,0.4837702871410738,0.4662784500552537,0.6911086676616276,0.47461139896373045,0.497054991247456,0.33074984659977447,0.8305929247633282,0.756014709716684,0.026507819269640145,0.020611342191819627,0.45756850568403123,0.2100954979536153,0.35408883354088844,0.2877080146303409,0.2620301343377205,0.0
0.21134994367066362,0.2380486276966446,0.4287517418668301,0.33813690169840466,0.42561205114513423,0.48410652920962205,0.4625681705503223,0.2487286826717649,0.19628339140534262,0.5699933735061857,0.43711417389221563,0.43363349315869504,0.24351371386212012,0.39856721324385663,0.21420775870622089,0.6386150502493018,0.6146453089244852,0.7795902238202683,0.6612418567754035,0.1771266883232154,0.10208748062120526,0.7996666666666666,0.19063456203397455,0.49099391480730226,0.5575348528435496,0.22152087566921244,0.18477398889770008,0.667357638711086,0.2793542219932808,0.10588015731833217,0.34238851870835474,0.35170351819947265,0.0023094688939639422,0.23782771535580524,0.4747073985274007,0.31096355368928325,0.6227979274611398,0.252910471774317,0.5169868411015589,0.37219730941704043,0.9999999999999999,0.004361183615938032,0.23853334554759612,0.4033182454039859,0.29604365620736695,0.34039020340390197,0.37387786997722317,0.4863529761330562,0.0
0.521699623652585,0.25183039035276616,0.4059789067511709,0.41688111168296454,0.3801874414775792,0.4909793814432991,0.6088249876053546,0.3744290003380325,0.49216027874564466,0.5449864747659847,0.29036876303228865,0.5730323938720616,0.2501853224610824,0.13002513897658832,0.19426530409762882,0.6336793778489669,0.382608695652174,0.49632525478012335,0.012764729921392354,0.4135135121635056,0.11067141164338351,0.5556666666666668,0.3069647213988685,0.42133874239350916,0.4815224607213988,0.40776556697784583,0.29738302934179217,0.36540426972307044,0.40617139227837473,0.43817168251025496,0.3782675550999488,0.6370162354402651,0.009237875575855769,0.11828963795255927,0.5579195233488654,0.7556847287418054,0.4772020725388601,0.2800820565015757,0.13781843659607465,0.6477329347284505,0.2855738600893848,0.008381649657864107,0.0,0.4033182454039859,0.3274215552523875,0.4200913242009131,0.4934144023446176,0.6861821347725673,0.0
0.10417122181352012,0.1904389021573157,0.41085633030178925,0.41070509521358733,0.4408501272994843,0.26288659793814434,0.2692117005453644,0.3456508663849681,0.25319396051103366,0.5365173963463323,0.47758660016919074,0.4326979300666588,0.3187546330615271,0.026762784033626974,0.29546582002182764,0.7033021238085968,0.46590389016018313,0.7110949982232492,0.2291160845212626,0.04527872327661965,0.05849329129366306,0.4113333333333335,0.09438931834778867,0.476186612576065,0.23444069484399208,0.27713517360102624,0.14432989690721643,0.665181821394531,0.26932484948770824,0.29542519353744945,0.40953357252690925,0.384397805334891,0.845842943235832,0.31523096129837697,0.5466751337762861,0.19940362183493687,0.29378238341968915,0.4325112858150083,0.4094473872797593,0.3562531141006478,0.37672799963654535,0.0,0.005868507381357786,0.5084168643544186,0.26239199636198274,0.4881693648816935,0.40059796524029734,0.449810021746636,0.0
0.2042099040895594,0.4297404173681532,0.43173870345296605,0.3834276891405044,0.4186536615678296,0.32474226804123707,0.24690133862171537,0.2589013556698964,0.17508710801393726,0.33712389386502306,0.8219132332016881,0.6198105484738627,0.1467753891771683,0.026062214154277265,0.285941065581903,0.7865678717905258,0.3601830663615561,0.696130988439793,0.4971032957523019,0.07877468432505716,0.4230051430825891,0.11133333333333337,0.2391996468063694,0.1909127789046654,0.2066828944456739,0.040584679108411126,0.13283108643933383,0.5210560544382707,0.4260204273165454,0.09737443453633166,0.3593029215786776,0.6854334762323864,0.0,0.2103620474406992,0.4184613651252376,0.2873446501211493,0.3082901554404144,0.43652879197248345,0.3393715372529337,0.3906327852516195,0.35375897301501846,0.006814349664673204,0.0,1.0,0.25056844020009095,0.2420091324200913,0.46903637615791344,0.4600320140008919,0.0
0.1884717720241631,0.14032340158960108,0.34460691817272565,0.5218733916623779,0.1560207056648873,0.3092783505154638,0.49132374814080315,0.47683061670132376,0.0934959349593496,0.4916546020363417,0.4085798671551353,0.3704829844462636,0.6067457375833952,0.2827184109211927,0.2984423057843041,0.3104828450338672,0.4947368421052632,0.7620447090235833,0.19478833625808314,0.1901449196207187,0.04920637538011877,0.4426666666666668,0.20033704791937512,0.15789046653144018,0.3059305156007968,0.4085855199557986,0.29698651863600295,0.43592073074841137,0.19534525694159277,0.26469464724469716,0.6068682726806764,0.27443913638731626,0.13048498722107216,0.1338951310861424,0.5751233540449671,0.552613292115111,0.22487046632124347,0.6833810562382531,0.3505545596008791,0.3472845042351769,0.40427498482985963,0.0,0.0039361938125267405,0.6592363769072921,0.27330604820372906,0.3441261934412619,0.4407436170093422,0.8128364163268351,0.0
0.39911186491320005,0.322618534904663,0.5565228912873312,0.5573854863612971,0.38301302818555166,0.44029209621993126,0.5478433316807139,0.21534463711389717,0.2668408826945412,0.21506321482946666,0.6872856304230829,0.36907963980820957,0.2720533728687917,0.004508047454834678,0.47822204583788086,0.8204391256422332,0.474599542334096,0.8760851708918557,0.10045914565253974,0.08164939321656467,0.392530845856583,0.4103333333333335,0.10922823092277496,0.28860040567951323,0.2524894888249614,0.2934011193370002,0.34179222839016626,0.331822890240386,0.24661028796051432,0.1854878967268403,0.4469502819067146,0.2637043312157852,0.07563510475504757,0.3186641697877653,0.4027595881961019,0.16231269558395178,0.36321243523316066,0.38197578863920617,0.27302610953641976,0.36422521175884404,0.28069916225982655,0.0029301702892387273,0.0,0.4734819761602019,0.32969531605275126,0.18970527189705272,0.37440565187221064,0.38981972084584,0.0
0.6439223211875581,0.2656121530088877,0.5688096481901278,0.5809315491507978,0.39724420426092105,0.42853307560137455,0.43331680713931575,0.45585460087061047,0.20252613240418116,0.43118325497947063,0.6304808571983327,0.5456671734300081,0.5335896960711638,0.05401431762438128,0.3037627740847307,0.8065562551276237,0.5816933638443935,0.9882730153303967,0.20394721026947765,0.02988268810561162,0.4677267834934786,0.31000000000000016,0.12008311281669583,0.47521298174442206,0.3012834697942024,0.11126901128627967,0.20301348136399666,0.7180420191751561,0.4680598284001171,0.35532008354093514,0.40850845720143525,0.38614592302521783,0.02309468829868299,0.2038077403245943,0.5610394174083563,0.1900384392810755,0.3077720207253887,0.5205404422398051,0.36114786464138776,0.22521175884404593,0.3139722235685158,0.0025213092306838117,0.0,0.4210918202355562,0.43184402000909494,0.31792237442922366,0.48122615352522474,0.4358945828713265,0.0
0.560640345030831,0.21314748835206138,0.36475697568089116,0.36026762738033974,0.5837050082483204,0.27362542955326463,0.5156172533465542,0.38129258932097,0.2981997677119628,0.4896928370565501,0.3052970061495638,0.15717459946205128,0.19176241660489254,0.0526078713651287,0.20111122135132461,0.7983232130689901,0.365045766590389,0.5896586643375556,0.2686362652948389,0.06935820670124809,0.12262272083097184,0.4146666666666668,0.21801106558590455,0.42361054766734285,0.40899535295419354,0.18037236443874308,0.13639968279143527,0.5692138268589754,0.37884402571483633,0.3840898967325388,0.3726294208098412,0.16651849906965027,0.01905311829508297,0.17322097378277163,0.43904941664098185,0.6435862233284797,0.5036269430051813,0.3466450266224829,0.12412330949315756,0.3368211260587943,0.11536259915510533,0.007359497541016878,0.0007872387466154844,0.3567618860541021,0.30422919508867663,0.48069738480697377,0.3787529684039857,0.4942852820119598,0.0
0.3997533079069346,0.267491484280177,0.3201796272709331,0.46920569565963277,0.6862919022457642,0.2825028636884307,0.20707321103949755,0.46229195252941613,0.2696476964769648,0.5287183505209518,0.4554393702197872,0.4467313764471992,0.25673338275265634,0.05833970900881815,0.28336144458775675,0.43082603267473013,0.2643783371472158,0.9719454415071423,0.1670953628692997,0.033021956408320036,0.21627954161285803,0.24633333333333343,0.036918296643369944,0.3081812035158891,0.3874751051117505,0.09508384944188039,0.32275971451229163,0.3909082871085125,0.5626223018511882,0.26512142213340906,0.3403382880574064,0.4410209576193584,0.007505774145741473,0.19163545568039955,0.6068439867565071,0.17625872827622696,0.2162348877374784,0.5712376933172699,0.2804154427873437,0.31240657698056795,0.32396454708469574,0.015741146593692343,0.0,1.0,0.33105957253296947,0.3341635533416354,0.42389979111287995,0.4594717915887942,0.0
0.2661503194307028,0.7730315962569985,0.3884452768457912,0.4445016297821237,0.4737840453994452,0.4858247422680412,0.3753098661378284,0.161216319705432,0.8530778164924505,0.37739260782004325,0.40693051600410235,0.3612832807079094,0.818631084754139,0.37896942085086255,0.9822403016172239,0.6769454340050653,0.545995423340961,0.6064464715478463,1.0000000000000002,0.4508452493107034,0.13026329103432996,0.30188888888888904,0.48028459356908326,0.8950912778904666,0.47687541491480423,0.5598802966315946,0.9352365847211203,0.025493174864597345,0.18573526465664753,0.45726395839289113,0.8156500939689048,0.016265182879046103,0.0011547344469819711,1.0,0.0,0.866110973624107,0.8051813471502589,0.0,0.1993133705718221,0.49277528649725966,0.22844093207144917,0.015468573260709148,0.003864626819864817,0.410594852167352,0.16462028194633924,0.7656012176560119,0.943985779869116,0.4672458012793175,0.0
0.2907037870580029,0.10837476997768294,0.3422245603030595,0.5048893463715904,0.35364463681931424,0.2856529209621993,0.3648983639067924,0.4203680818391803,0.19599303135888496,0.69472734470753,0.5728769306616569,0.5501110981171792,0.306893995552261,0.04814188351749444,0.31153884313920044,0.5662067104549591,0.3917620137299771,0.9281972133956717,0.44979446621313024,0.04740017706327035,0.16515762152935348,0.14833333333333334,0.1095071555211105,0.3680324543610548,0.26709448993140084,0.09209165260001403,0.1635606661379856,0.7174354940527115,0.7336455319878024,0.41268628365357674,0.4279856483854433,0.46934105544461496,0.0,0.24843945068664172,0.5878931615105201,0.4200847581030909,0.19060880829015542,0.5398351720704314,0.2525174359877223,0.34205281514698554,0.33681402916992015,0.00804093208385215,0.0,1.0,0.13005911778080956,0.06600249066002487,0.40698455745462636,0.45204485992054017,0.0
0.46208871912742205,0.04249376818970804,0.2905628039452607,0.40607308286155436,0.33325557134282824,0.18599656357388322,0.49628160634605856,0.6676724214528048,0.093205574912892,0.6234721731650523,0.2064905160807235,0.5304642731844228,0.33765752409192007,0.07367206401309023,0.18712173826768533,0.21695010547448867,0.18260869565217397,0.7432646784447058,0.23488545397725913,0.08810153483178829,0.0625757396806759,0.3684166666666667,0.022329006349167707,0.40551724137931033,0.26974994467802615,0.4035348950902844,0.36513679619349704,0.25228740421727014,0.4863013782978423,0.5269458456050307,0.3194515633008713,0.7109310504323301,0.12875288707287075,0.28039169787765295,0.39211143208664134,0.5698741649959418,0.4195595854922279,0.6046922665164471,0.44604913692187104,0.47066517189835577,0.6600176040319019,0.0,7.156716149172535e-05,0.33890955282378193,0.14097316962255577,0.3682025736820256,0.4868557459099214,0.4468710428190876,0.0
0.7166427079432717,0.4447750675384676,0.6028889496541225,0.43437982501286687,0.4628848892547481,0.5025773195876289,0.5413361427863163,0.36892958316766505,0.48479239256678275,0.1905759196999801,0.56417480831199,0.4789498304291895,0.5088954781319498,0.03900522482925241,0.11676505605714854,0.7853168537822555,0.16979405034324935,0.4972779416095372,0.24642419288925227,0.10639359101826987,0.1768697067190747,0.12837500000000002,0.17562307874286198,0.3178093306288034,0.21332153131223733,0.42190070551617453,0.16564234734337813,0.7430444281159685,0.20977774437319624,0.2788401429579531,0.26428754484879546,0.8015024707985448,0.3204388145657462,0.27984550561797755,0.4917105186442099,0.2840753002060559,0.3424870466321243,0.583793089169153,0.25905871437455485,0.4035251619332337,0.33192923130189017,0.014582707810353517,0.0012166417354281661,0.5090123385580251,0.1545020463847203,0.1384910751349107,0.21457362494985555,0.34318743443191585,0.0
0.12604333158448167,0.25339649974550726,0.41496709298875617,0.4781266083376223,0.27370569933828826,0.21993127147766323,0.3279003470500743,0.32631082033763886,0.30974157955865267,0.5285905623743752,0.6828200426735335,0.4159162671032628,0.3380281690140846,0.02903216016808431,0.2813647187220955,0.9029335926005129,0.4237986270022884,0.7587348813146446,0.30768768480011544,0.06463891269737931,0.08107877749029688,0.585125,0.10955932542098805,0.48105476673427994,0.1764770967028104,0.3120582307005997,0.1763977002379063,0.6975983666657568,0.44964356653778853,0.8031312654514163,0.767491030240902,0.32938188071211866,0.2655889218444187,0.30933988764044945,0.15740194346629555,0.5546389352338521,0.9096502590673573,0.04010722886427781,0.4565340158550493,0.34641255605381166,0.3703910754318921,0.0,0.005653805449980193,0.09135221411681854,0.2718849477035016,0.4675695309256952,0.414195652756063,0.4456273825666616,0.0
0.2461229474332782,0.3649034885086723,0.42389753557636495,0.38136901698404535,0.42657209060164825,0.32442010309278346,0.36260535448686165,0.16101762132951886,0.24139808362369333,0.36341396596065645,0.5237880431663315,0.25669512337738276,0.4229058561897703,0.39895182702787174,0.21156612759202306,0.5424981575318708,0.3578947368421053,0.6074105669654308,0.1501838986514099,0.4106364887904504,0.0969294378431183,0.11233333333333334,0.3497308186546445,0.1987018255578093,0.1512502766098695,0.4919861898282234,0.21352101506740667,0.6657022318448176,0.1189544366848091,0.41971014258754646,0.30151204510507434,0.5799406568741455,0.008660508432484336,0.22768414481897628,0.7756561154943008,0.5960365120302225,0.32117875647668387,0.4762742521862208,0.27445148203008257,0.2579098156452416,0.3346490843230685,0.008517936929544345,0.005367536843737952,0.5304346010138906,0.09004092769440655,0.22784350352843497,0.6952504165495983,0.8186215901284051,0.0
0.49500571573929536,0.3413074403247066,0.45544494426998056,0.43489449305198163,0.6351242774803962,0.6713917525773196,0.3896876549330689,0.47287924592012487,0.12804878048780485,0.41561159145344956,0.4786660027518227,0.22687404981873463,0.279466271312083,0.06102520251161187,0.26004563944835807,0.7775939903030369,0.33546910755148746,0.9522087770348144,0.580470684391452,0.027595448950383267,0.1547206826708117,0.05458333333333334,0.16335603584697006,0.14141987829614605,0.24253153352511622,0.18415204575462515,0.17847938144329883,0.7568742611455317,0.9025719801972449,0.5109866397187949,0.39210661199384933,0.33741005552914594,0.0,0.15831772784019976,0.5524865267470392,0.5963499121354348,0.23594559585492225,0.9227466777340854,0.32842891994691703,0.3825984055804683,0.3487859670361189,0.0,0.0002862686459669014,0.9865430254625605,0.04683947248749437,0.08053134080531338,0.39990716528795556,0.4533358661350106,0.0
0.5947870486335964,0.16444148623781368,0.5177847308190575,0.4235717961914567,0.6986548301673059,0.2697594501718213,0.327218641546852,0.4987433777185246,0.2427409988385598,0.4484346572632787,0.586262004503596,0.32089814056835464,0.25648628613788,0.0631466244661405,0.34428018652644127,0.748390823475205,0.3377574370709381,0.990546295400103,0.2190196879732686,0.024803055303635586,0.41618238330348767,0.46333333333333343,0.14565415154217698,0.20973630831643006,0.26443903518477546,0.12722877175229827,0.29381443298969057,0.5301017098093589,0.5851271732680683,0.41811848642364824,0.4438749359302919,0.3318172550348921,0.0034642031807068053,0.3414481897627965,0.39500427599685883,0.29009718565141573,0.466321243523316,0.3638045170996894,0.3677374514733782,0.3537618335824615,0.2756463743397405,6.814349399903175e-05,0.0,0.3487251271116429,0.2492041837198727,0.2395184723951847,0.45688609304198136,0.4602429607028705,0.0
0.20906753752622026,0.2822129125719432,0.42690044579864483,0.37673700463201243,0.30262302982408695,0.2473689862542955,0.2953644025780862,0.26178088930552446,0.2944976771196283,0.40361187855816166,0.4541878999700599,0.37293883756285817,0.3691623424759081,0.028318152027609296,0.23761037801369186,0.7199667359808,0.3967963386727689,0.7037815461942637,0.6408687708839156,0.07735265741526748,0.2478363745987431,0.21937500000000001,0.1780680508987143,0.35286004056795134,0.2680902854613855,0.0721189446900444,0.12331482950039642,0.6505615583960525,0.41780821019907116,0.13415329324710773,0.562532034853921,0.30629486878946877,0.0,0.2839419475655431,0.501642927717126,0.2699972505243536,0.08724093264248702,0.8339018297337812,0.35939992557186307,0.43273542600896864,0.9999999999999999,0.0007495784056211316,0.08294633930489834,1.0,0.09282628467485218,0.2369240348692403,0.44702507195537877,0.4882204647403498,0.0
0.2656212657764476,0.3990446732704279,0.4345429096143349,0.2763767370046321,0.43448656864156915,0.4634879725085912,0.3594447198810114,0.06290623123448104,0.46486643437862935,0.4613123101343577,0.5501815917256031,0.6394573734066192,0.2765011119347667,0.31189635472126875,0.5859708304395278,0.5507839086481565,0.35240274599542337,0.714864859105831,0.5369119449986779,0.02636466906791214,0.06913452883664312,0.5596666666666666,0.346050191420204,0.4500067613252198,0.6229254259791991,0.758997399831584,0.4944488501189528,0.37142617061336614,0.14470925652829053,0.2599381041070493,0.49718093285494624,0.1468892014416338,0.0017321015903534027,0.5642946317103622,0.3317176670262285,0.4523049272187923,0.6590673575129532,0.31391321954541884,0.7453803347642397,0.7120079720976583,0.37672799963654535,0.0,0.0,1.0,0.3051386994088222,0.5620589456205892,0.36375686723824563,0.36719707571984433,0.0
0.5473980012662676,0.2812732469362985,0.1946037735355474,0.3508106021616058,0.7313953532943409,0.2071520618556701,0.3600024789291026,0.5083382411064092,0.3338777584204413,0.445578662507835,0.2841584777569076,0.17974505905742014,0.5780207561156413,0.33056398723123953,0.424608096041274,0.5877401926389219,0.6782036613272311,0.7140230404428766,0.47755955672011347,0.33769313718232896,0.03267154333078225,0.46866666666666673,0.3257015135690207,0.4719675456389453,0.3670059747731801,0.823977511229542,0.5313243457573352,0.3777812924566764,0.1903889073236451,0.5359026571450008,0.4090210148641723,0.2085382375987202,0.36561779257312604,0.45193508114856423,0.2926956551627026,0.8473888362041107,0.5098445595854919,0.472553710840915,0.6713989142436394,0.4678624813153961,0.29746366019558806,0.0,0.004827398427720107,0.7210563251275226,0.29894270122783073,0.49989622249896204,0.8799323175214084,0.4026771660465158,0.0
0.0725499904773494,0.33921929446771854,0.42139946218892615,0.4729799279464746,0.4297199114393693,0.17482817869415807,0.16522062469013382,0.27280455032448114,0.18702816492450636,0.6865092849257943,0.6638434712955436,0.45561922582154135,0.387323943661972,0.018535515052012987,0.28422958626847905,0.6009289196278007,0.43935926773455375,0.6171051979944567,0.34428712228659347,0.0485171505816373,0.32323803097120585,0.077625,0.21035798606235317,0.11951318458417848,0.042376631998229726,0.10934041032465089,0.23988897700237893,0.47422821569218115,0.23794381179000673,0.1609489817142607,0.23872373141978473,0.5530614616499644,0.0,0.19818976279650438,0.6763716634047288,0.5039958173427486,0.24319948186528495,0.8606746750311485,0.36676078548842955,0.2840682610861983,0.3673032740064224,0.0004088609450820454,0.000858805898176045,0.2950704646499837,0.08964301955434287,0.23256537982565373,0.4172268634360419,0.45247285962928163,0.0
0.5092055679670126,0.3893347950354333,0.49102222889703206,0.6742151312403503,0.16034836486952408,0.38359106529209624,0.17104610808130893,0.4327264157348216,0.38182346109175386,0.35372977809131145,0.49975378562203043,0.4574903520056135,0.4299481097108971,0.20492531922355478,0.22819724178986017,0.85076421556708,0.6215102974828375,0.7583178654186165,0.13622923627971825,0.087927221307222,0.08507261667295238,0.3306666666666668,0.28252266368229917,0.20486815415821505,0.31605443682230594,0.3492985952113229,0.33108643933386184,0.20631322878178854,0.6191641466577835,0.4628993149377384,0.4351614556637622,0.10924662908187605,0.0005773672234909856,0.24032459425717853,0.4494718152953012,0.4777906319343555,0.22694300518134713,0.7310032259697122,0.35559377119021507,0.28799202790234185,0.33448645027353174,0.0,0.0,0.3975527406621062,0.22237380627557982,0.1892901618929016,0.5011698757275213,0.5362566037162928,0.0
0.18992353212717678,0.2355428526682588,0.40857786717517625,0.5980442614513641,0.39971100408737215,0.6030927835051546,0.5830441249380268,0.16957503114073008,0.48519163763066203,0.358480937957847,0.6186706667731261,0.5847269325225121,0.7375833951074873,0.012149870527568104,0.3505308066276416,0.886047809088357,0.5006864988558353,0.7263371794898197,0.14199860573571482,0.009308289781747827,0.37774952372552656,0.3214583333333334,0.1010193679281466,0.39302231237322516,0.27572471785793334,0.2293114384649483,0.1736221252973829,0.3467910641072095,0.5254403144720023,0.38237823832720574,0.5176832393644285,0.3580012809122107,0.004041570644556452,0.04416354556803995,0.44273575235494483,0.30213983458471816,0.2667746113989637,0.3891442278955425,0.35729219902396003,0.6210762331838564,0.29681910992687804,0.0,0.0,0.30012529258427684,0.21236925875397908,0.26525529265255293,0.40181293764040327,0.4220643939190487,0.0
0.3789148774173987,0.24192474844367878,0.44128433172626813,0.3661219763252702,0.5762434080742684,0.5077319587628867,0.6236985622211205,0.23304937174142215,0.2726480836236934,0.35136163455557584,0.5050187205934266,0.534206525552567,0.3652705707931802,0.18336921311426657,0.058537553328703265,0.733371090932802,0.3838672768878718,0.5211157843777264,0.16824923676049905,0.5376475274893718,0.03921020847547189,0.24233333333333337,0.2170534984867863,0.3499391480730225,0.16938205355167077,0.5237752732997581,0.26367961934972234,0.6152675332620647,0.1649426936413783,0.2682165491971199,0.2639671963095849,0.7987065122364287,0.0034642031807068053,0.2699750312109863,0.48393016316271487,0.6131518704339094,0.26165803108808294,0.5534614161924553,0.19042476974521247,0.5440956651718984,0.5497724859946084,0.0029301702892387273,0.00021470147454401124,0.7479960886451277,0.4115507048658481,0.20921544209215442,0.505641532192626,0.9540020620846907,0.0
0.35692976048793107,0.06796914764496298,0.32325983662855945,0.2563046834791561,0.6729556796230753,0.4501718213058419,0.6108081308874567,0.2939705146667557,0.22038327526132404,0.4914497240216053,0.5405836873810693,0.4518769734533974,0.11786508524833213,0.03003938471594813,0.23891259053477534,0.6006150141703746,0.20457665903890165,0.13951344026787865,0.1388254525349167,0.10962426717181847,0.28680259743637376,0.11733333333333337,0.3697822385928451,0.3223529411764707,0.16585527771630898,0.4222328561985338,0.4115781126090402,0.43379519208938994,0.35550043358202316,0.6223409317340632,0.3557150179395183,0.7094306398653963,0.19168592749287544,0.09675405742821476,0.4706779684657829,0.5375564875810703,0.33626943005181353,0.46932013238723774,0.29166632439528234,0.41903338315894373,0.40860634076382885,0.017989882340095797,0.0073714177230281945,0.28843751906333503,0.1828103683492496,0.1158156911581569,0.31962871237395885,0.4719744758116119,0.0
0.226629571642323,0.2857758114404291,0.4079789736587314,0.3899897066392177,0.48768433447226606,0.4471649484536083,0.5344571145265246,0.2704281126515515,0.2479674796747967,0.2588938348634142,0.6610256386500255,0.3746930183604257,0.24040956263899188,0.02867678804027786,0.2421867248734995,0.39802690548410974,0.30417620137299767,0.8201563317657197,0.746628524724152,0.08287450025752799,0.1413146055798804,0.5233333333333334,0.1507895247117098,0.2905476673427992,0.24896271298959952,0.10276895416119855,0.30134813639968266,0.5282014328843726,0.28344283154783245,0.08851684922646752,0.6437724243977448,0.10923011066074029,0.0098152427192272,0.2637328339575531,0.2901050287291882,0.22179218009959645,0.33108808290155434,0.49766488021458005,0.34557811181308373,0.6771300448430492,0.37672799963654535,0.0020443048388830974,0.0,1.0,0.3465211459754435,0.4620174346201743,0.36922265700116974,0.4179651152548075,0.0
0.23427677438555694,0.3834879866358665,0.2828043064125747,0.24343798250128673,0.6670515368128352,0.07001718213058422,0.09618244918195343,0.308074276600319,0.10569105691056913,0.4397297032541411,0.6764977153407913,0.2727166413284995,0.37212750185322474,0.013415765476180681,0.3463637265601748,0.7847930516496151,0.35560640732265447,0.6366142052026322,0.6176831173826294,0.051985061093828396,0.13643000705273856,0.26366666666666677,0.18545549876812778,0.1487221095334686,0.24817437486169516,0.19733172285171455,0.18556701030927825,0.45535877822227033,0.4765166343229719,0.42963965136190907,0.3131727319323425,0.6134296411847092,0.006351039218042179,0.30898876404494385,0.41947291787881896,0.4361515283048946,0.30414507772020727,0.5307816194843232,0.09849270516372091,0.2685600398604882,0.2205098978755954,0.020647477480785405,0.0,0.3651912157073257,0.3087767166894042,0.21585720215857196,0.4004702909081898,0.5175709216696426,0.0
0.5097024019113265,0.3451705101601347,0.5140303592102153,0.793618116314977,0.07864092585365429,0.3221649484536082,0.3075111551809618,0.31155600053618404,0.30720092915214864,0.4540683640084875,0.6933361318049844,0.4228745176002806,0.5845070422535213,0.03241106364470018,0.23162020041670806,0.853584385040324,0.7185354691075514,0.6700852817528716,0.2573859948556456,0.04776252095814704,0.23716571319915528,0.17883333333333334,0.09374435750281683,0.1431237322515213,0.2657667625580882,0.32227639521803964,0.13649881046788254,0.5719956344407982,0.3158023635056818,0.38171112653944306,0.4248462327011788,0.40671857270829265,0.09872979048990484,0.16869538077403248,0.7101745199716569,0.30623735906727395,0.6553108808290153,0.2605533307722192,0.2210891293683459,0.4449427005480817,0.349998640916045,0.001158439388527467,0.006011641366681634,0.44912515396436276,0.27467030468394726,0.23038605230386044,0.397700877709349,0.4210430218478281,0.0
0.32506635841950304,0.4164806911762786,0.44337273028408775,0.4544518785383429,0.32894579702245497,0.6890034364261167,0.639067922657412,0.10294196827147335,0.5752032520325204,0.17911000009520867,0.47171844771639904,0.36346626125599346,0.3017049666419572,0.045516430015286796,0.456493699771803,0.4635821752060351,0.4077803203661328,0.5709463452131952,0.21094257073487346,0.7468592771755331,0.18533650834918813,0.6816666666666666,0.25599980057485117,0.5384178498985801,0.6275724717857935,0.5299647608738703,0.5726110229976207,0.3393563585922035,0.07439894297275149,0.15604508323226296,0.44099179907739616,0.5297782617802741,0.0028868360373353738,0.479751872659176,0.48004613806220436,0.6270025367457204,0.7804404145077718,0.18471392330151803,0.5037583311531615,0.707835077229696,0.3190734131130966,0.0,7.156716149172535e-05,1.0,0.36061846293769895,0.5815691158156912,0.321262833805557,0.31792649413590635,0.0
0.6376929289441216,0.3771191417720528,0.5598996975189666,0.5131240349974268,0.41680995706669516,0.32044673539518903,0.4620723847297967,0.3288097561114949,0.37659698025551686,0.5157975343170242,0.5550370609930289,0.30499356800374233,0.5359525574499631,0.06209038144193512,0.33951780930647885,0.7903960902469265,0.44530892448512577,0.3072632041876862,0.2680593283492392,0.6196710908930073,0.357874368960435,0.17233333333333334,0.546313776973141,0.2369979716024342,0.1124557424208896,0.41780446215612155,0.3330689928628071,0.36935278281545303,0.23389014065584363,0.40635560743358556,0.32701178882624293,0.5060697603745821,0.10969977518735208,0.17696629213483153,0.5273385632299766,0.6451080055707565,0.4829015544041451,0.455747549126076,0.16480670724162375,0.4588938714499252,0.2341282731882346,0.020443047178453688,0.006154775987600028,0.4719250488476412,0.2892223738062756,0.3495226234952261,0.2223696341610386,0.1144129722414926,0.0
0.12274303367322142,0.15400075695287313,0.40016479324891635,0.2444673185795163,0.7054462322869682,0.2890893470790379,0.3058998512642539,0.3570846029640473,0.235191637630662,0.38183351906547186,0.5685230354480737,0.4341012747047128,0.26056338028169024,0.11283899197599384,0.2942752257168371,0.7313930449599806,0.25263157894736843,0.7391032430679831,0.26257842736604253,0.038573197889668474,0.05348995464520547,0.5143333333333334,0.08457916684442666,0.38336713995943206,0.2654348307147601,0.3042981878290275,0.11459159397303716,0.6479317251008994,0.2520268554297424,0.24792558056486058,0.49205535622757557,0.36969382338569906,0.8412240368547692,0.31616729088639206,0.5972013242220597,0.18283785257214347,0.09792746113989638,0.4181709017870727,0.3884331480293144,0.4235176880916792,0.35446231568361386,0.0,0.0075145517083520415,0.25362298595364,0.23510686675761708,0.5085097550850974,0.4133747675705366,0.3704595903302164,0.0
0.4723020090228368,0.18820719627265964,0.49892227597757344,0.4539372104992281,0.04587643809309666,0.19286941580756017,0.0649479424888448,0.24130597310923513,0.241869918699187,0.3819060735123444,0.6803955903957958,0.38966202783300197,0.3733784284655301,0.027566340445997463,0.2192677845024308,0.7609669603466285,0.4907894736842105,0.7993272744184259,0.6269141085122238,0.044114232035048245,0.1572895452325485,0.554,0.31024972086753805,0.583610547667343,0.5800647267094492,0.06012426234076948,0.3084853291038857,0.4872077988801723,0.29993710289823633,0.07817863475724596,0.30087134802665305,0.6182572695577433,0.007505774145741473,0.25000000000000006,0.5882988251867495,0.2675455355767427,0.5088082901554402,0.37089998553312975,0.2320523253284565,0.3168908819133034,0.3142889585040164,6.814349399903175e-05,0.0,1.0,0.3110504774897681,0.327936903279369,0.38625206281825136,0.4150884873276037,0.0
0.49098468447763827,0.2014016679065032,0.3095716996896565,0.2918167781780752,0.6145297229462471,0.5923539518900343,0.4040654437283093,0.3538739124477423,0.16879597367402244,0.5864199686482144,0.25155207261310875,0.21720656453436246,0.19298245614035087,0.05032652335260005,0.2192677845024309,0.6975926335850466,0.21037376048817685,0.6123639535692557,0.409985816966754,0.06297135708282917,0.137280190670563,0.47833333333333333,0.20850978137336368,0.2830831643002028,0.36866563398982094,0.18620404111733393,0.33703409992069766,0.39725000525822046,0.3757338508324501,0.3558869955940609,0.44524175636425767,0.34497287173124586,0.020207852581825832,0.2292967124427798,0.4999459223720986,0.5870996792187748,0.33782383419689116,0.45741907500577605,0.095478129159238,0.39179538282677284,0.36373824427019186,0.00974451934872329,0.0007156715950549239,0.3958913765358209,0.20676064877974829,0.3975370139753701,0.39890633613863513,0.4518700374328456,0.0
0.2615048790726523,0.3732038682902,0.2961143693096782,0.6598902041516556,0.12715544740600254,0.40163230240549813,0.39282763179639724,0.3537901091352847,0.32597754548974067,0.4386233568134802,0.6906528019470751,0.48914356995283204,0.46234865332344954,0.03946447794074013,0.36154380394880453,0.6827283974604945,0.548321891685736,0.8537543271834643,0.08651650280054811,0.04658947085828076,0.19068013095592345,0.3905555555555556,0.14898372936916598,0.5081000676132521,0.28797853507413157,0.09538771050222636,0.22495374041765775,0.4350643951090482,0.6039628550763461,0.47256141863829026,0.5679138903126603,0.3027694055403862,0.0017321015903534027,0.2998335414065751,0.46638491116624403,0.24624473202744063,0.3554404145077719,0.5114615271929677,0.4188611264918721,0.785749875435974,0.3691261847241804,0.0002044304725410227,0.0,1.0,0.23677429134455044,0.33305659333056586,0.40885925440534726,0.44737645115880004,0.0
0.4255249785557702,0.3414118476175561,0.4268816527424579,0.42305712815234187,0.5785637065268029,0.43041237113402053,0.3348413485374318,0.2806143139593727,0.13646922183507548,0.4293260604015268,0.4557231404908878,0.2620161384633376,0.31245366938472957,0.03369321996433526,0.20323196745708902,0.8398712921855676,0.4128146453089244,0.11782340812619252,0.19309358398038415,0.03390416592283933,0.40115367436317995,0.3010416666666667,0.2415803542389911,0.433346855983773,0.43239654790882964,0.4192219952491981,0.39289254559873094,0.4382268465942717,0.1947162461986343,0.42478276602554665,0.4243977447462839,0.42543962480600345,0.11374133878138779,0.2377887016229713,0.4874954810314573,0.48692125739059694,0.33840673575129526,0.33373068902035813,0.28238664166520566,0.3943697060288988,0.33323715947812876,0.020374905358179495,0.008373358162673315,0.23761400795665033,0.21896316507503408,0.23982980489829797,0.3132191817956238,0.48512622319456405,0.0
0.19776402089602196,0.3229317567832113,0.40591911141164305,0.5676788471435926,0.206254731559125,0.3745704467353952,0.4238968765493307,0.13417647797858506,0.6077235772357724,0.3265785221202932,0.4589193133647813,0.38311308618874995,0.8339510748702744,0.7489882470269021,0.6746701061613257,0.6263566710124235,0.848512585812357,0.7982725359623297,0.538354287362677,0.07215804447640234,0.06032005301021073,0.49333333333333335,0.34741844542467376,0.46547667342799187,0.6006859924762119,0.7114409722774498,0.6804123711340204,0.2180980007541659,0.19663825657321987,0.35989636213228826,0.4915427985648386,0.17627893829134883,0.01732101686496867,0.6217228464419479,0.2748898544969174,0.5307558616920254,0.8901554404145076,0.2862968756478341,0.8774987055991039,0.7369207772795217,0.37672799963654535,6.814349399903175e-05,0.0,1.0,0.4220100045475216,0.692818596928186,0.2968234988694517,0.5177282152468654,0.0
0.2567290556198151,0.2533964997455072,0.30570913693861235,0.47143592382913024,0.4087949234793628,0.46606529209621994,0.5136341100644523,0.1347131929589268,0.3249128919860627,0.47614774181657016,0.7873871704165112,0.4888317155888201,0.21460340993328397,0.04346917006119562,0.20408770711380106,0.7340908843208125,0.5382151029748283,0.31496178097936156,0.2354623909228588,0.37798631487446166,0.05750559111616809,0.11499999999999999,0.12040134817308597,0.27940500338066265,0.22626687320203595,0.6390458340121571,0.21609833465503558,0.7201082203523412,0.4444716474619234,0.5855600310381737,0.5315222962583291,0.4006711263398197,0.02251732243722442,0.2571785268414482,0.6849362869316666,0.5120868982538636,0.4787564766839379,0.4602134647091975,0.03989536487002051,0.11210762331838565,0.6456549850321517,0.0,0.0001431343229834507,0.4555943636654294,0.1887221464301956,0.3212951432129514,0.5389718396924594,0.33287155928020823,0.0
0.20265754872274855,0.17395560079871578,0.4392357974850751,0.3030751415337108,0.5424440177346093,0.25171821305841924,0.2002974714923153,0.2564346584739195,0.25667828106852497,0.37485066612702844,0.7583423481879212,0.4621681674657935,0.2183561897702002,0.0267160532868594,0.25974799087211037,0.70436945873717,0.390675057208238,0.6839194230044502,0.4942186110243037,0.07523557752639881,0.37142268949451485,0.20933333333333337,0.23209685592381496,0.3369574036511156,0.17344821863244084,0.024503778020327688,0.16375892149088017,0.5408692939919014,0.4352110791061851,0.0977428941292453,0.18349564325986675,0.6064676224634666,0.0,0.24875156054931344,0.33874150948541193,0.2484858589677087,0.36217616580310885,0.6696624293224246,0.31162497272706435,0.5186846038863976,0.37672799963654535,0.0036116051346683194,0.0,1.0,0.4665757162346519,0.38065587380655863,0.45923217962925206,0.47185076747019505,0.0
0.19696695913873177,0.264672487373243,0.4317878308867717,0.7967061245496657,0.07768827621919039,0.32001718213058433,0.6752602875557759,0.26261509967383023,0.32142857142857145,0.5489261288795927,0.4165409391411823,0.48649280785873006,0.2112676056338029,0.027500293005157925,0.24427026490723291,0.6868387644019749,0.5020594965675058,0.6684900708171932,0.7402822183225557,0.07214515895464271,0.2925591470783647,0.2720000000000001,0.22332301697921603,0.7445841784989857,0.39953529541934074,0.08395018110699073,0.2509912767644725,0.4021913027494872,0.40526279472166477,0.15511355811632094,0.35263967196309576,0.26625562944479786,0.0,0.14544319600499378,0.5808849601829068,0.2629313327041985,0.6512953367875648,0.3118305088493586,0.36297995531660177,0.7877428998505235,0.9999999999999999,0.00442932694918383,0.06970641674289055,1.0,0.37744429286039105,0.8032378580323786,0.39604025919266916,0.47733590316896024,0.0
0.15777743039833506,0.4373621497461597,0.40877751575697574,0.24961399897066394,0.5746485569517278,0.3800472508591065,0.30273921665840353,0.29804370394776625,0.14891840882694538,0.7876033764791015,0.35860250012151407,0.1830195298795462,0.4447739065974797,0.029443383859249307,0.3225146343883322,0.6219019570187232,0.22791762013729977,0.7148321170655718,0.2746941032236352,0.07701374174177189,0.07044457068996893,0.194,0.0961019804519251,0.23484787018255582,0.26111971675149387,0.24100559346867048,0.14898889770023782,0.37893043139261995,0.22571290168407954,0.12656774594286047,0.23065094823167606,0.552533164749686,0.028290993870938735,0.10424469413233457,0.5141011986398503,0.3671798420562746,0.3202720207253885,0.719211953465636,0.3678238774467888,0.3328973592426507,0.3662528399665713,0.0,0.0010019402807464844,0.7917796135343439,0.19918144611186897,0.21502698215026983,0.3901090513880316,0.428304491343491,0.0
0.6178992823614753,0.20985865862730513,0.5321548325606961,0.523932063818837,0.3048279523334905,0.29596219931271484,0.11056023797719389,0.36801832302297915,0.2578397212543554,0.4285767918155488,0.4460432680579697,0.24464974856741903,0.4392142327650112,0.04629344962464792,0.20140886992757226,0.6356502832007871,0.4389016018306637,0.6524043252771468,0.6497031178634103,0.06189717785593659,0.12499587452803596,0.3420000000000001,0.13407499526910105,0.14255578093306293,0.4579552998450987,0.4266965124917873,0.16019032513877862,0.5367670656147159,0.24192760608339275,0.3043361791324317,0.35981547924141477,0.5873447222357819,0.07736721003090045,0.14918851435705371,0.6666597049161819,0.3883095980975138,0.3186528497409327,0.5296369561183423,0.316257291183486,0.4344793223716992,0.31239606605284453,0.002589452715226771,0.004222462418768983,0.29824373824187733,0.12414733969986361,0.38563719385637185,0.28699005702574915,0.33790295748090793,0.0
0.0,0.09647233859285068,0.2570625898701336,0.15285640761708702,0.6250648894321768,0.10867697594501718,0.22161626177491323,0.20903757773130216,0.2036391792489353,0.327625925523265,0.6421918909338962,0.3662729505321014,0.23054114158636038,0.06288415480020637,0.34606607798392697,0.764894113986109,0.2123569794050344,0.7771937839118586,0.3744080386547754,0.17585861694723542,0.2250431835810471,0.09388888888888888,0.2563955522841578,0.1227586206896552,0.2793759681345432,0.35461662156623996,0.22627544277028794,0.5742681215476597,0.6559267538163422,0.7273064696736716,0.37314197847257813,0.5340884200887395,0.11200923863318636,0.24074074074074073,0.5462292845043073,0.5453644952359478,0.3488773747841104,0.6359905428441797,0.36228159321263065,0.2752034545756519,0.3601932739603839,0.007904645417360552,0.002791119387557772,0.5000351393891302,0.42443534940124306,0.13574097135740967,0.29088100055157584,0.32566285667265293,0.0
0.39151953166266285,0.13311929838299208,0.4200648335941935,0.35357694287184777,0.5820440994685371,0.19072164948453607,0.15171046108081315,0.1739860246508208,0.15853658536585363,0.26337269986140865,0.6095100667277674,0.3293182083966788,0.2572275759822091,0.01780784073750398,0.23682905050104183,0.7709261535767185,0.3606407322654462,0.771072845755373,0.032380586071780584,0.10482761280307473,0.33135651292721446,0.20666666666666672,0.21981297736433153,0.3479918864097364,0.1416242531533526,0.29614786555799677,0.16732751784298167,0.6444864830875323,0.27578978805786125,0.2035182453744288,0.4495130702204,0.39411118848988963,0.2188221768217684,0.33177278401997495,0.15311470308256303,0.16675649692391575,0.42383419689119156,0.23721537586924682,0.20629467350597105,0.29147982062780275,0.5466079710765012,0.005587766640305618,0.0015029103416704084,0.0,0.17644383810823108,0.22498962224989616,0.34474751165925854,0.47505084044238355,0.0
0.20903873462411404,0.3793116949218904,0.9415553466316666,0.5261622919883343,0.2887365877932477,0.5473940435280642,0.45463559742191373,0.6167505895287474,0.2959736740224545,0.28411595495529396,0.7197841328903684,0.44080614353097103,0.41808747220163084,0.0779250134945137,0.3645202897112809,0.8116647117650753,0.609153318077803,0.6585157541912672,0.6584533282050051,0.07928817803529592,0.1050338781746776,0.3261111111111112,0.20689454921687028,0.24283975659229207,0.35107324629342795,0.19418993142771698,0.1459159397303727,0.3724463664381512,0.5585686505796859,0.37704124904905223,0.5409191867418418,0.2989490978121272,0.0057736720746707475,0.36704119850187267,0.32879036459362365,0.33941550982374014,0.4286701208981,0.3389018225848761,0.14489828088553436,0.49211094502574326,0.3730813678111725,0.006678062392992966,0.0,0.357475719586676,0.26739427012278294,0.2782620727826206,0.45575194204943886,0.5548544856715765,0.0
0.28762393234783523,0.34861595082416497,0.4318140411640182,0.4045290787442101,0.5403399054154,0.6070661512027491,0.3630391670798215,0.11937676202848975,0.3788472706155632,0.37657476571170884,0.6141600466735416,0.6348965033329435,0.29614529280948865,0.01623773365871943,0.14749727155471776,0.6976115186484835,0.39816933638443935,0.2895056777086069,0.2011707012187793,0.9738998277578182,0.2987998845031702,0.43637500000000007,0.595720644925108,0.4187423935091278,0.43704359371542395,0.5293607480978075,0.3699444885011893,0.32995425963267144,0.17727845873379272,0.32320302935614775,0.6114812916453102,0.4113237494239793,0.0005773672234909856,0.43196004993757803,0.4243356230630777,0.5666232763801682,0.4823834196891191,0.36303829965245504,0.31913777790255216,0.5465869456900848,0.5595431811895556,0.02848398047268312,0.002791119387557772,0.45665625345972943,0.014438381082310159,0.48645703611457025,0.7287318203348204,0.06274172328376065,0.0
0.21917311559896124,0.4722341855578612,0.4137301569488234,0.22233659289758112,0.9031862700434024,0.27292740549828176,0.7539043133366385,0.2686163173172712,0.289924506387921,0.1895781053418042,0.9031376588312715,0.7359957899660857,0.18309859154929584,0.02804799352618973,0.24073568806429213,0.6293926563598693,0.40137299771167056,0.7570535607437138,0.6064328469434364,0.08292481425231663,0.2914491040343806,0.13683333333333333,0.21566731398416028,0.3981338742393509,0.15622925425979206,0.10369307398800834,0.19547977795400462,0.5840166227166494,0.3888034816543102,0.14052205486386604,0.3858277806253203,0.2737594195559744,0.0005773672234909856,0.1973704744069913,0.6888786355892538,0.2584242257669352,0.2735751295336787,0.6549337073758839,0.3395543614274561,0.2352391629297459,0.5639905221664209,0.013151694483654214,0.0,1.0,0.3742610277398818,0.3499377334993773,0.42978358236910974,0.4427137536999037,0.0
0.15096533811054166,0.2517912376179476,0.4170727384554211,0.394493051981472,0.5415904563526931,0.4676224226804123,0.37301685671789786,0.3004125810582947,0.24597125435540068,0.7245583856237052,0.457175599318872,0.18097298561571742,0.35521682727946635,0.028956157663403148,0.3339741045738665,0.6668716150168013,0.29736842105263156,0.7361809927358005,0.25417678309574754,0.07840049406340147,0.07175970685258928,0.18433333333333338,0.1740130315576096,0.17955375253549702,0.5034299623810581,0.32440339916359673,0.35249801744647097,0.4207943240209867,0.26226585845764616,0.2991907565507357,0.25269092772936963,0.5793324654018907,0.08198614717787191,0.1401373283395755,0.49850771752348344,0.4600146786028883,0.5046632124352332,0.4466544686844266,0.480521772211931,0.29745889387144997,0.36714860656359494,0.0002044304725410227,0.0019323134099324085,0.5003139649302156,0.2312983174170077,0.2932233291822332,0.39254502921808077,0.44152503844118596,0.0
0.20360005761439998,0.3066442190987041,0.42391952964293783,0.5347400926402471,0.21457398102640973,0.34407216494845366,0.8701041150223104,0.26305187081524,0.3504645760743322,0.4578012007060679,0.3789503197655071,0.4158577944100106,0.30541141586360276,0.027550532750670542,0.2603432880246057,0.7133168447625238,0.4407322654462243,0.696236379339854,0.6580687035746051,0.07796161168077081,0.25754579047962867,0.382,0.1892165033854325,0.5641379310344828,0.4211938481965038,0.07692275727653389,0.13243457573354478,0.6399343434479058,0.41717919945611276,0.16031511154462397,0.5028190671450539,0.2263364132431776,0.0,0.21691635455680397,0.41695014115592277,0.2693649085242618,0.1699481865284974,0.47095450537640227,0.35895712367165616,0.4484304932735427,0.9999999999999999,0.0,0.08208753412176617,1.0,0.1700773078672124,0.23578248235782479,0.4302719849919861,0.4846858575752178,0.0
0.6701613423822821,0.2693708155514663,0.5240007029744671,0.5488076857093842,0.37369008040303764,0.26675257731958757,0.5157825152867295,0.37840381735768885,0.35656213704994194,0.21027545124891986,0.5705584295831476,0.42334229914629873,0.39881393624907335,0.049797150469621375,0.18057346959023715,0.8797154875935469,0.47307398932112904,0.8932566584682142,0.5732589725714561,0.024940474102958347,0.248826458078832,0.5396666666666666,0.15418499918514872,0.3535496957403651,0.5636202699712327,0.0503720196809844,0.384681469733016,0.42333507935800097,0.6657114977912126,0.5201777571785273,0.6872116863147104,0.24614673263630477,0.0,0.2828495630461922,0.43616563620735765,0.15032592352989832,0.24516407599309153,0.7405266103292597,0.25081664631057443,0.36094502574323206,0.38304240527672584,0.00988080662040353,0.0,0.3689126955561251,0.5269061694709718,0.6659748166597479,0.41504594698936303,0.42297330121683335,0.0
0.48001803501487367,0.26488130195894183,0.5282281962375679,0.6062789500772005,0.36352488005051065,0.24924828178694158,0.20730044620723842,0.37990543849570885,0.21294279907084782,0.3583211722537204,0.5983712324602887,0.528885510466612,0.36249073387694597,0.04114856512520684,0.20505506498660583,0.8560059011595242,0.5578947368421054,0.7260725331364606,0.21076227793937355,0.0673647059567331,0.09209179037707715,0.25000000000000006,0.12902138351858045,0.3671399594320487,0.23854835140517824,0.12037845738944938,0.12019230769230761,0.6576664933488177,0.6646981048359979,0.3652528215010584,0.42260379292670425,0.4789590961777915,0.0005773672234909856,0.049898564294631714,0.6371573436712323,0.3593227062660063,0.3130181347150259,0.5585891432499233,0.25209387873746514,0.3215620328849028,0.4850400258328454,0.0,0.0,0.6594257677768296,0.22254433833560708,0.1301369863013698,0.3413190959119721,0.42666624261585834,0.0
0.5910252936327292,0.6502486198660976,0.5275139857329755,0.6474523932063819,0.0,0.24210695876288657,0.3630391670798215,0.2877129175027906,0.3636033681765389,0.0,0.4808089890912606,0.16787510232721317,0.6567828020756117,0.027032512510690526,0.32173330687568213,0.8249504008707049,0.6668192219679634,0.32377854957180646,0.20899540854347462,0.08933231943769113,0.4411570906288398,0.39262500000000006,0.298161259949251,0.2860040567951319,0.2743969904846207,0.5298718863969539,0.33356463124504343,0.5178734882427847,0.14303187468440717,0.29770908265480855,0.4320220399794976,0.2524513902255858,0.5352194175381759,0.21484862671660426,0.5103916023743462,0.3335094919807413,0.3093911917098445,0.304668563423931,0.3058996456291799,0.4915919282511211,0.36187540694001846,0.02310064352952058,0.013311491779250631,0.10393809820720984,0.28700545702592084,0.3484329597343295,0.29781773136507106,0.39388128969310715,0.0
0.10025797758728784,0.48497187528548874,0.4219524248822296,0.33453422542460126,0.567646985519915,0.34659579037800686,0.607709469509172,0.1427380503466239,0.4471907665505226,0.5334808709457162,0.21968113497198516,0.2374576072973921,0.8202372127501855,0.9577974785051009,0.4589865065978768,0.5331433802873011,0.26590389016018307,0.6331696038257462,0.28926176110002644,0.5125315672699202,0.042928766278099474,0.35266666666666674,0.3467993887786512,0.37687626774847877,0.372648816109759,0.5374042506342656,0.5538758921490877,0.43576597687683916,0.10759714598988174,0.2233584576648998,0.6307022039979497,0.3517002843937481,0.0023094688939639422,0.5237203495630463,0.38368692489302914,0.5140902382190986,0.8869818652849738,0.36701474002626183,0.7826131339733392,0.6816766317887394,0.37000364094465527,0.004770044523195786,0.36334648075061743,1.0,0.45054570259208726,0.6589871315898711,0.475001694478784,0.5216190984964485,0.0
0.13803303294602157,0.23209741200422848,0.41549530824129655,0.5244467318579518,0.05091123890154253,0.37102663230240546,0.4038175508180466,0.2773401656889817,0.26832897793263644,0.6925946167597018,0.2414816731010539,0.6934276692784469,0.3847294292068201,0.022880197329060457,0.20297152495287235,0.6974336608122345,0.46086956521739136,0.7600432615379547,0.40915647010745454,0.1082336510830337,0.11983702738532356,0.28966666666666674,0.08659438544769445,0.10685598377281952,0.24585085195839798,0.06833658701158188,0.11880452022204592,0.5571074446614104,0.3017542582863347,0.037907197950036886,0.3387365453613531,0.6417575919793538,0.0,0.18617353308364545,0.4985127632384786,0.267575726430879,0.558743523316062,0.5968225634699048,0.31673003163571695,0.2840682610861983,0.9999999999999999,0.5499861416642614,0.9187791931118066,1.0,0.30371759890859473,0.2732461602324615,0.4104789211393362,0.4501855275997725,0.0
0.6155353957366891,0.29509416232723856,0.3855065625362424,0.5246397323726197,0.30862373091081435,0.3457187857961053,0.36072549991736885,0.38619047455468036,0.3651277584204413,0.488447657079996,0.29499416083655144,0.07414337504385449,0.22613973313565608,0.053158040225963994,0.1970681615239608,0.7876558769377862,0.45034324942791754,0.5930121850443112,0.3030601697156182,0.06939061888977979,0.12282027675515478,0.41433333333333344,0.24019538851446554,0.4890601757944557,0.37032529320646196,0.16584556136593612,0.19085381971979898,0.5596303197309141,0.3662286936713312,0.3718813426194585,0.2921578677601231,0.35407033656027,0.03290993101791019,0.19350811485642944,0.4665659703739062,0.6472145656183765,0.32642487046632124,0.44507056215194474,0.12353187547546962,0.3619000166085367,0.3905881145507243,0.005110761794613422,0.0007872387466154844,0.5694475311217968,0.3303774442928604,0.424830496748305,0.3613321799214346,0.46926389192954593,0.0
0.4052189397340139,0.26412434908578364,0.5054574987479584,0.4606922285126094,0.021345439467348237,0.048969072164948474,0.16955875061973225,0.2590400367723668,0.16231126596980255,0.4255225306728217,0.33951711330055967,0.2975090632674541,0.3412713120830245,0.40722122979588754,0.010616132552832626,0.5627708503314564,0.48278032036613266,0.6924365579530823,0.026250631024784254,0.17153588337769593,0.0329292925411035,0.07933333333333337,0.32291518025875293,0.05720081135902638,0.13888581544589515,0.632854421335136,0.0,0.9999999999999999,0.30531869222175423,0.6940284757198472,0.15274218349564325,0.9214993254419412,0.0,0.0,0.9997782639961199,0.6504966650495747,0.17098445595854922,0.9833329660415324,0.16196217302769095,0.22022919780767314,0.43702366527261766,0.0,0.0,0.3516906989256843,0.10413824465666219,0.06849315068493145,0.45891044058288055,0.7483584211710226,0.0
0.35855882569773007,0.18229513331506209,0.4350991218568888,0.2314290615886087,0.41903966129777764,0.17225085910652926,0.12940009915716408,0.3182705020245821,0.18466898954703828,0.41768917942924294,0.4468430383617801,0.26367286477215135,0.25895725228564376,0.043876798748744374,0.23732513146145456,0.8311751432728023,0.513348588863463,0.849376847254571,0.5371042573138776,0.06643020805296199,0.12201195981956395,0.10722222222222222,0.15717026187012278,0.16559837728194726,0.23677804824076124,0.15413901057763055,0.18662437219138234,0.36416277601888636,0.45935839394656014,0.5392584459828453,0.433623782675551,0.27298518355234347,0.05600461931659318,0.21556387848522682,0.3729872332227433,0.3959399624946634,0.33091537132987897,0.6093162621874575,0.3381562376086084,0.29081547915628625,0.4552023255745567,0.0,0.0,0.38472385768614115,0.24526299833257534,0.20741663207416616,0.4096048154886652,0.4382445669083246,0.0
0.11035954968564365,0.36740926353705805,0.4103262677338644,0.4462171899125065,0.27159784428930533,0.2457044673539519,0.4734754586018839,0.34518861020175673,0.26858304297328683,0.46437704132219587,0.5080940616978444,0.3550461934276693,0.4633061527057081,0.02743284798516136,0.299335251513047,0.6796506018979771,0.5377574370709384,0.7185417494692057,0.2827712204620304,0.04683956239809248,0.06282078290904317,0.332,0.09791912695660816,0.29217038539553764,0.18809471121929636,0.3247024944204002,0.18398096748612203,0.6802998701289065,0.27044311729207104,0.353077983886363,0.4028703229113276,0.534133550684455,0.9688221563111626,0.5284019975031212,0.3065131774332822,0.31301622578216665,0.22435233160621765,0.4038255446711003,0.38472881534103676,0.3712007972097658,0.9999999999999999,0.0,0.011307610899960387,0.17543808632347807,0.4233742610277399,0.2718970527189705,0.3775494285503317,0.4576135435651377,0.0
0.6549130673831467,0.2678047061587252,0.25492683441165387,0.27431806484817295,0.49885752487683144,0.5041523482245132,0.6655098330854402,0.5540101544193369,0.5116144018583043,0.473601352200018,0.2366515951031165,0.18259073012902974,0.3227081788979491,0.2340747610093145,0.6405397360849291,0.6472518192611112,0.350419527078566,0.7091054705849915,0.7496093656097502,0.4743794267123911,0.01759822194504413,0.854111111111111,0.39991782853445745,0.7515077755240028,0.5742420889577341,0.5842821498436481,0.622521808088818,0.2415245236394087,0.0,0.14945854152875349,0.15684264479753965,0.33820880033745515,0.43648960653766533,0.7867249271743658,0.12134643585103033,0.6062064100419131,0.6262521588946458,0.2047142223690948,0.6513477385096559,0.825942534462714,0.32274390590209195,0.0,0.012738954566766146,0.33425636273799086,0.5614673336365014,0.6252940362529402,0.8064065474299492,0.18034457453801644,0.0
0.27832431262637,0.3288829724756274,0.39888375099298595,0.47040658775090083,0.289537304827151,0.32903780068728516,0.6202280614774417,0.3056512437759621,0.1971544715447154,0.5107181828056657,0.5521957274708452,0.21424394807624844,0.44699777613046715,0.03712850393426757,0.27046333961702557,0.6004561353531019,0.4045766590389016,0.828556928218579,0.625183297675425,0.07395684064157235,0.1711459870703153,0.44533333333333347,0.15541976600173146,0.4249087221095336,0.38426643062624494,0.13142429877334202,0.33584456780333055,0.3477230971342159,0.3014047946318061,0.17515122561846025,0.2168118913377756,0.7161707044536735,0.029445728157681598,0.25624219725343317,0.48674166762209264,0.31585243213679065,0.25595854922279787,0.8459088581013852,0.3504083002612612,0.4265072247135029,0.32677246472789995,0.001976161354340138,0.0,0.27670335024205167,0.20691223283310597,0.34537152345371525,0.36412220371772436,0.38557806692128693,0.0
0.5374081147309344,0.25042089189929917,0.49434562988808506,0.540851775604735,0.2421948686327927,0.32302405498281783,0.4576103123450669,0.35920805912202636,0.23751451800232293,0.3389937401117368,0.6499113180127616,0.3499005964214712,0.2955429948109711,0.03922694538721103,0.3380295664252407,0.7437916058617735,0.6485697940503432,0.9214132971896676,0.12440202889492541,0.07043325503957898,0.3603497464779244,0.3923333333333335,0.1487525953324486,0.3937525354969574,0.36746238105775625,0.1772106176797155,0.20301348136399677,0.594501312419326,0.3995317417436183,0.26967927537071523,0.3141978472578165,0.3948382386973984,0.0779445733285333,0.28214731585518105,0.4604464958171457,0.14187144741108493,0.43626943005181335,0.4532421405413118,0.26319618290022373,0.3682112605879423,0.3360464184051296,0.004497470585023949,0.0,0.38051739162284415,0.3801728058208277,0.5205479452054795,0.43470413593323437,0.4272256034089925,0.0
0.38684880549400924,0.24984665178862747,0.3371220640243043,0.26248069994853324,0.695593841769875,0.13912156357388314,0.16955875061973225,0.3442925986070821,0.05821718931475028,0.48132416256678856,0.5556300108606343,0.29271430242076946,0.44922164566345457,0.04223152126240754,0.19906488738962203,0.3274082308059168,0.19221967963386732,0.5803781979513251,0.25709752638284583,0.06025185071110809,0.10793965034935071,0.44162500000000005,0.10714909876962751,0.2388235294117647,0.5133879176809031,0.3044516326169763,0.3002577319587627,0.49553597152923484,0.4780892009056897,0.35076337001625035,0.34501537672988214,0.5309926319320787,0.0,0.22112983770287145,0.3980414462901716,0.6204294302214053,0.5455958549222796,0.43328148891669405,0.1445348194285293,0.42183607374190335,0.5847426984247475,0.03788778164220581,0.00035783579752746196,0.37825355046191067,0.4020009095043201,0.32254047322540474,0.29582115920817653,0.4231804388916019,0.0
0.44171557620545915,0.24024118084648205,0.3541482714777811,0.6309830159547094,0.2966689341212318,0.5996563573883162,0.751611303916708,0.39728169217194603,0.24245063879210216,0.587120066925337,0.13184486292494896,0.30639691264179625,0.47961452928094894,0.04835739882399583,0.23742434765353718,0.36701683269863233,0.2297482837528605,0.5729553078515456,0.09180509146854494,0.06813114888298025,0.11813718646233085,0.256,0.03449286108732327,0.39245436105476683,0.22527107767205137,0.2818782045847007,0.18953211736716885,0.4091772763575326,0.4801509848244902,0.2799403930298975,0.3013839056893901,0.6482546400893662,0.012124711292712927,0.2924469413233458,0.5515152297211595,0.5772325737148971,0.46580310880828996,0.42134511229774335,0.12543041486531117,0.27952167414050827,0.3444647640290508,0.0304601416757261,0.0,0.5403179879183764,0.32105502501136884,0.2714819427148194,0.32562589573358924,0.44022593508907265,0.0
0.0688912626192312,0.36260652806598537,0.42252148544739665,0.299022130725682,0.5919906557076344,0.5124570446735396,0.2543381259295984,0.25304519038937623,0.25348432055749126,0.48786426128209226,0.4532350441975922,0.41539001286399246,0.21645663454410682,0.4156933632463006,0.20617124714753451,0.6995056623245428,0.26681922196796337,0.6125501556001288,0.3871968076155679,0.17420209054577496,0.7047570307662369,0.03333333333333333,0.29182683635865647,0.22348884381338746,0.0739101571144059,0.25036192228145915,0.23295003965107042,0.4333621725132971,0.14666620532326463,0.13314070607096418,0.44816760635571495,0.2486611627626079,0.0011547344469819711,0.1796192259675406,0.6794601992269145,0.25521362562205313,0.34022020725388596,0.6314241235058318,0.4727339872313661,0.2762207274539113,0.30291669982391267,0.017308447192071887,0.000930373129185924,0.4060679309090367,0.2401091405184174,0.35491905354919046,0.4693763315275607,0.522565447054647,0.0
0.19878720083555207,0.1651853881993657,0.43566095665985105,0.17893292159890206,0.6427404631768456,0.22064719358533785,0.30424723186250197,0.2615707226608006,0.19705768486256292,0.5465748956208228,0.5132819586598532,0.33664678595096087,0.17889794909809736,0.0266323920483977,0.27185236630618126,0.6938600618678437,0.27520976353928306,0.6635037634111511,0.5363350080530782,0.07201433878944685,0.2813148446052697,0.39811111111111125,0.20965014453029873,0.4957674104124409,0.3280593051560081,0.04384662512615439,0.22363203806502757,0.42047222037707577,0.3982736805323797,0.13736153678849877,0.34238851870835474,0.3620746114468035,0.0,0.2846441947565543,0.406879494311455,0.21754410933087442,0.43834196891191696,0.4392119449812104,0.3994645750210649,0.5113768476997176,0.3843288776897582,0.003679748770508439,0.00021470147454401124,1.0,0.569652872517811,0.48554033485540327,0.4055347421537156,0.45648099243501233,0.0
0.33627073748065134,0.24466543988097567,0.39934354290992774,0.27080116658088876,0.5931084385996953,0.33004009163802966,0.35580895719715744,0.28327575934978355,0.2888114595431668,0.30371777203888517,0.8030521039454385,0.30171909718161616,0.23857178156659253,0.03592741150598388,0.2329596190098224,0.7666399018653183,0.24904652936689553,0.8948030781150287,0.22599100939926442,0.04410498827915251,0.16792306683338068,0.227,0.17316498922948753,0.29995943204868153,0.3762724053994248,0.14234183909142376,0.11736716891356054,0.5226637468199764,0.7869723270628635,0.4777052266271059,0.4261062702887408,0.46657276318043145,0.0,0.18123179359134417,0.38387467265224573,0.27600744041360653,0.33195164075993094,0.4976673016637075,0.3286112848741111,0.3609035044012622,0.34086814121658926,0.002589452715226771,0.0,0.40004418767086103,0.16522661815976955,0.36128407361284054,0.475277798028157,0.48378502487800545,0.0
0.49802293613560666,0.18605379585764065,0.3972336362418872,0.19454451878538342,0.9631097752240225,0.6005154639175257,0.45314823996033715,0.22964603554663188,0.17857142857142852,0.27976603476879025,0.48052207224460075,0.32604373757455274,0.07931801334321723,0.03089325827821531,0.18801468399642826,0.9664075122339508,0.07139588100686495,0.3897971140440657,0.3341186086203996,0.0719308851976401,0.19434253219118125,0.2847083333333334,0.24094458587291273,0.31578093306288035,0.24883823854835144,0.09575869191886757,0.3439730372720061,0.24394688729344838,0.44985323678544126,0.36407179429706793,0.42394925679138895,0.33942860715060086,0.008083141289112904,0.22877652933832712,0.6396248464447792,0.3172371315819079,0.5419689119170983,0.25835620946499743,0.42847995243947196,0.4597658196312905,0.3284777365140442,0.001976161354340138,0.0,1.0,0.37517053206002726,0.3370693233706932,0.33846165819258944,0.3357742707633072,0.0
0.43191877870996065,0.298918079427848,0.3766814680190944,0.47143592382913024,0.5751569314927063,0.42225085910652926,0.3862171541893902,0.4676607163854807,0.26045296167247384,0.45370642233343844,0.5492629739936189,0.5402876856508011,0.3087472201630838,0.07384107218548916,0.2540926679234052,0.8369114108251063,0.5647597254004577,0.7088990863290405,0.15151806533810913,0.058068208222299376,0.08759603759856466,0.25566666666666676,0.1797052210610165,0.14397565922920894,0.20269971232573578,0.1667996376721557,0.3734635210150672,0.33464157548554907,0.6109868480980372,0.4270926785810957,0.3952460276781138,0.2582944915497871,0.0028868360373353738,0.11571473158551811,0.5829831296853141,0.36488849902190806,0.2908031088082901,0.5424092541879669,0.1600101313240971,0.338129048330842,0.3423065342876662,0.0,0.0,0.4580700444168555,0.28149158708503863,0.40929846409298454,0.42686088602428895,0.6613577868762353,0.0
0.6489134106971214,0.2430601777534161,0.4916607937100571,0.33058843712472125,0.46958068429440825,0.27806414662084766,0.38386217154189395,0.3790414531035649,0.4674312814556717,0.4287269308926353,0.6108730829649962,0.42942345924453273,0.3921423276501112,0.04592249341417968,0.11303204683004268,0.8169492410835255,0.3708619374523264,0.6624141592227327,0.35556143176518673,0.04286667924650367,0.32598848132974617,0.3108611111111112,0.15613601503695368,0.24062204192021636,0.3328169949103785,0.43954671526909805,0.3060401797515197,0.3820256804645631,0.17322476773696882,0.3186888176146384,0.19477191184008194,0.7714721118820589,0.23325635156031563,0.23751560549313364,0.5554350816919124,0.27031173858827356,0.37905872193436957,0.4313403655536929,0.31901168170754063,0.2673559209433648,0.40414493639544147,0.005178905430453542,0.01395559693778886,0.44084622948966073,0.056086099742307105,0.15151515151515144,0.42548873921904784,0.41929253438186403,0.0
0.3939633586971742,0.7271967946961094,0.39669164276427527,0.26917138445702526,0.6732286732177879,0.4862542955326462,0.5671789786812098,0.2657443654815791,0.7546457607433219,0.502122180516461,0.20936927312435394,0.3807741784586599,0.8139362490733879,0.2469517371441808,0.7624764361543805,0.44080260767962515,0.3615560640732266,0.5706170227833689,0.5547969903122671,0.5730021872641801,0.0715683077934407,0.8536666666666666,0.5082481556775841,0.8300608519269778,0.8705465811020139,0.5448220947253694,0.6593477398889767,0.08589815256681871,0.32499301529532143,0.5178479946281545,0.846424910302409,0.07742420202897066,0.0,0.8167524968789015,0.15674746863277528,0.9999999999999998,0.9572538860103625,0.0634947100479425,0.10566808383193674,0.3455406078724464,0.15623857911802075,0.013356124785985931,0.0,0.4060679309090367,0.42746703046839474,0.8625985886259859,0.7784867675004489,0.640129268088842,0.0
0.21504289691208534,0.5459457343095414,0.3522177485574999,0.5445187853834278,0.1805327677508512,0.47079037800687284,0.3648983639067924,0.3299418441433916,0.3403019744483159,0.23972464716607247,0.6421225519996041,0.5767746462402059,0.5170496664195702,0.03299186314041405,0.3749379898799485,0.8390456109045552,0.4320366132723113,0.8389148251038764,0.31969518498040816,0.03821207736360987,0.18815271799846633,0.6506666666666668,0.1156430628821176,0.46515212981744436,0.16485948218632449,0.09441015733126554,0.303330689928628,0.4520366825915767,0.5519988768857065,0.38162427094008244,0.4725781650435674,0.5119533408210821,0.0,0.41822721598002494,0.2544228240555928,0.22193589264513053,0.33367875647668394,0.7884490391920055,0.4330428589425522,0.266068759342302,0.3300190909442021,0.0017717309007112604,0.0,1.0,0.23601637107776266,0.6044001660440016,0.42697276423399155,0.475327650640715,0.0
0.43068336987622446,0.222700755647782,0.4419723936916435,0.6654657745753989,0.31850147539064,0.28092783505154645,0.48041646008924155,0.18864355530519805,0.3580139372822299,0.2959138720951042,0.3826949270496769,0.22640626827271668,0.4521868050407709,0.07596563331781667,0.20617124714753451,0.9254299311531391,0.8421052631578947,0.48460732261608197,0.16478761508690112,0.4619948910157932,0.14328267727939398,0.4426666666666668,0.24301871897012262,0.36876267748478697,0.4114848417791549,0.39456950302916693,0.30769230769230754,0.6014287328201905,0.3942899061016545,0.41194081662308846,0.4325986673500768,0.2140760220061786,0.0,0.32553058676654195,0.2670303983321565,0.49731452692444506,0.37927461139896373,0.48445932310330064,0.44095639021540217,0.21624314897857494,0.35266928724085084,0.001090295903984508,0.0,1.0,0.4761255115961799,0.33084267330842676,0.3123287643067125,0.29937073080112425,0.0
0.4567272104003218,0.43725774245331034,0.3748046500881734,0.5247898438840282,0.09852612505782787,0.3858104238258877,0.30664352999504213,0.1948014210055795,0.36580526519550904,0.06099752927809787,0.5598565247176641,0.6005145597006198,0.700765999505807,0.019907193842082185,0.27329100109137816,0.823166279131385,0.6286803966437835,0.3358836515353393,0.13844082790451692,0.11624826612710876,0.31242891955176494,0.41780555555555554,0.23857507467301076,0.3772008113590264,0.688869218853729,0.5327107558351952,0.5743457573354478,0.23248842846216355,0.24804304127369553,0.5012176404719549,0.44652315052110036,0.21865875560979225,0.5075057741457415,0.2606377444860592,0.4503799983331097,0.3715356207370505,0.3234455958549222,0.5408775035191355,0.3556521174698354,0.47313569174555714,0.2216347310183873,0.02398650897987621,0.013311491779250631,0.40791126427337726,0.22135061391541608,0.2882593053825929,0.3531613473138986,0.37111293472951234,0.0
0.5223495764318711,0.4726518147292588,0.5550077702149849,0.37622233659289755,0.47329066562414773,0.18936139747995417,0.3667988762188069,0.21742192287114565,0.3324380565234223,0.23822334619522675,0.5543872225951989,0.4771761587338713,0.5959970348406228,0.06402043395755228,0.38371862287925396,0.6568069097158673,0.33333333333333326,0.3362791873944732,0.191663261136085,0.9108173767415559,0.32881603152720057,0.3104722222222223,0.829569458218172,0.24997971602434077,0.38769639300730263,0.4706068890441466,0.27200634417129244,0.6388424102477488,0.2118395282919967,0.41488602398905106,0.5904664274730906,0.35724832867641665,0.07332563618156185,0.3468580940491052,0.29822064135051474,0.5871789642095924,0.5364421416234888,0.387015794072048,0.25626953039814787,0.3120744062448098,0.2871503848316337,0.03134600712608173,0.012023282733363267,0.4927062700932568,0.19296649992420797,0.41175453161754516,0.12820637499892235,0.20727435215384865,0.0
0.10721113138974225,0.47269096746407735,0.40519278606061365,0.3742279979413279,0.4991757080834147,0.18041237113402064,0.3331680713931582,0.2831576361810331,0.0627177700348432,1.0,0.4839623659875818,0.4069699450356683,0.3120830244625649,0.02312923733435638,0.31511062605417217,0.5281551867403931,0.270137299771167,0.6655552070412419,0.2960407702108225,0.06851795543078695,0.13249640584314495,0.20266666666666674,0.1477646827243539,0.17598377281947264,0.1760621818986502,0.14786547582774465,0.3842188739095954,0.2717813092735123,0.2709672929112031,0.17842177344982457,0.1255766273705792,0.823096089099876,0.02598152529745301,0.13951310861423225,0.5486668332363099,0.40220612866859246,0.29689119170984457,0.5027948308291825,0.2150359652847837,0.2446437468858994,0.9999999999999999,0.0013628698421563447,0.0005725372919338028,0.48125020579480215,0.050477489768076395,0.1083437110834371,0.40790655591587005,0.4323492686918409,0.0
0.11178515903141678,0.44884695195959434,0.4174593417124441,0.3067421513124035,0.41266853258443575,0.4052298109965635,0.45370599900842834,0.23073059397556867,0.2693452380952381,0.6046440568660377,0.21011308997735284,0.5063735235644954,0.4670126019273538,0.656290614355812,0.18083391209445385,0.5224922045088889,0.3491990846681923,0.6207755581834994,0.2826991033438304,0.33547637399022906,0.09108987975786581,0.24183333333333337,0.1878906380701525,0.21849898580121707,0.24385926089842894,0.41304218014335936,0.0995241871530531,0.4890827111123038,0.23605568711478608,0.13444634185490123,0.4197847257816504,0.4788856707918203,0.0,0.23470661672908863,0.4867648866657672,0.32915129939158283,0.17512953367875644,0.7291641086025042,0.5571258886179528,0.304932735426009,0.35042783860198523,0.9871101984801844,0.8343386371274591,0.8580177872396216,0.2858117326057298,0.4178082191780821,0.423966538832566,0.5202758143906068,0.0
0.3149746696347958,0.39434634509220473,0.47388606360022334,0.5748841996911993,0.21424711499026378,0.42525773195876293,0.23648983639067922,0.35436318277526335,0.3034262485481997,0.5364517381437068,0.565399347704806,0.576306864694188,0.6204595997034842,0.04019392825583946,0.3463637265601747,0.6938890001740057,0.6700228832951944,0.8501817765998365,0.16998004759729804,0.009598758396846062,0.11914752801446829,0.3906666666666667,0.2715177997816229,0.43107505070993923,0.22726266873202042,0.3468500990799992,0.1550356859635209,0.4758729185989492,0.4322406976306746,0.6094891523102449,0.7749871860584315,0.14439775671469135,0.011547344149341495,0.3124219725343321,0.44380285765068084,0.37665630238669917,0.4321243523316061,0.2523786333286428,0.5013328054540432,0.36422521175884404,0.21048528453030813,6.814349399903175e-05,0.0,0.38911650955780847,0.1869031377899045,0.27853881278538806,0.4174438639339714,0.4547115605417079,0.0
0.34417797577530523,0.12497552954073844,0.2936971860820066,0.458569222851261,0.2461337207354139,0.25000000000000006,0.15617253346554277,0.41962026576258193,0.17857142857142858,0.4083840725869438,0.5048891548535523,0.19272599695941997,0.17939214232765016,0.045000314783203904,0.2520091278896717,0.5936704783802667,0.3162471395881007,0.8168234938175248,0.2596937426380443,0.05757763732624662,0.18997880444594573,0.35966666666666675,0.130203185130932,0.2947667342799189,0.1369772073467582,0.08229078935334985,0.17367168913560654,0.7352931296913704,0.4417808130748428,0.2595382549290196,0.44490005125576626,0.3561943130429056,0.0005773672234909856,0.20661672908863926,0.6489917787469728,0.16327135719890884,0.29015544041450775,0.21052697949953175,0.275814484362772,0.3507722969606378,0.3741905988081882,0.003066457258324646,0.0,1.0,0.16689404274670308,0.3096720630967206,0.42246031830986863,0.47262508988588064,0.0
0.23913584044604802,0.22249194106208317,0.29072000855428515,0.34997426659804437,0.08113673620636636,0.21907216494845366,0.14972731779871096,0.2960902330186039,0.21980255516840883,0.43701279134601245,0.6735860632331216,0.37890305227458776,0.30504077094143817,0.017905649777278397,0.3430895922214507,0.7296451900589027,0.33501144164759733,0.6313439731950304,0.589990143993846,0.052742279157906725,0.14153704715531512,0.42133333333333345,0.16139018808539984,0.14580121703853954,0.31522460721398554,0.2037026865902766,0.2648691514670894,0.27000857952097024,0.4824573575486712,0.47351227138077123,0.30189646335212716,0.6737942490374923,0.006351039218042179,0.24313358302122354,0.45690886560071803,0.48039370913716334,0.2818652849740933,0.5412249904108969,0.09938667382618671,0.34479322371699056,0.20413946534636235,0.020920052024145885,0.0,0.353207015299361,0.1932696680309232,0.25985886259858865,0.40053079818445664,0.5199418911638375,0.0
0.14421579686534458,0.2280255275831017,0.4047313591503383,0.39114770972722607,0.5207914314106767,0.2939755154639175,0.14309618244918193,0.3655732881125336,0.17025987224157954,0.43680866544050034,0.5789092448867197,0.3942228979066775,0.29392142327650117,0.032350920438268656,0.2529764857624765,0.6944595921653107,0.3194508009153318,0.7826928592692051,0.3445395322002933,0.04777101841182942,0.0518249595922217,0.4115833333333334,0.053252365910381974,0.4090060851926979,0.48849302943129025,0.21656955794155366,0.28865979381443285,0.2734351899679719,0.39303188461573757,0.39949192561095714,0.3854433623782676,0.38052440138681976,0.16685913135451383,0.5312109862671661,0.41632507583536565,0.22539764125792366,0.7233160621761657,0.20132806272809672,0.31652505424483196,0.23368211260587946,0.3355054821473021,0.0,0.002934253690678893,0.27216942795870924,0.2324920418371987,0.3353569946035698,0.40771985607463346,0.4467819010639065,0.0
0.39677485431146853,0.38334442660819856,0.3093710496744401,0.2311717275690513,0.32827462269859653,0.35409507445589933,0.5409023301933563,0.4637665170480567,0.2797135114208285,0.6288855247073462,0.49917238269471365,0.46232409464779944,0.2487336298492711,0.055315111199605825,0.308760789760889,0.5502473285621459,0.33447749809305866,0.9701969779447215,0.32022404384720793,0.035444127476065276,0.20976784254397612,0.2478888888888889,0.03811874659352167,0.208870858688303,0.24402522682009295,0.046651406156791336,0.33412635474491126,0.42449636165957305,0.5951915040566904,0.23282818737255395,0.4001366820433965,0.29558883417229354,0.0,0.11839367457344986,0.40543712637738083,0.17968855210069357,0.2335060449050086,0.5221090426795818,0.22787068158358487,0.3695399435309749,0.30596136654108275,0.009676376318071812,0.0,1.0,0.23355313021070181,0.25411650754116494,0.4047447331288801,0.4500523235459864,0.0
0.4950876045174297,0.1717499967372721,0.5064754728473387,0.2465259907359753,0.55688830013389,0.4841602233676976,0.46975706494794245,0.23671494901635093,0.16162166085946572,0.2288764641180693,0.581149761376974,0.43679101859431646,0.4429206819866569,0.01904111188834788,0.08056354797102888,0.8009414720878762,0.3295194508009154,0.760689107041402,0.07824707324695306,0.10440937181710444,0.3358938444055638,0.18145833333333333,0.2119741891098758,0.5716024340770792,0.407833591502545,0.3605047601045335,0.14898889770023782,0.7284145063239151,0.27533548927950624,0.23070613744744262,0.39255509994874427,0.4965340333883917,0.297344118575586,0.20337858926342076,0.4925090748739537,0.180974145307289,0.44993523316062173,0.4539598011565551,0.21899249036308438,0.5343173891380169,0.327841952901644,0.006541775121312726,0.0015029103416704084,0.3184314649685527,0.2221464301955434,0.3197384806973847,0.36662823323054883,0.4951235723622786,0.0
0.6602045494574267,0.202341333542148,0.39839228335103005,0.4436438497169327,0.5341970638239161,0.4192439862542954,0.6688150718889441,0.6878708461830816,0.3263646922183508,0.47225426251916025,0.47427633802553826,0.38732312010291203,0.36879169755374364,0.17645129089231817,0.330290703442802,0.7798094619241418,0.3729977116704806,0.7130489808337435,0.3139258155244117,0.5136261942327722,0.04524926884869241,0.3573333333333334,0.38974132059699207,0.44470588235294123,0.40219075016596606,0.48371993879910036,0.43774781919111794,0.5538352860540616,0.05468968147879577,0.2272851950380711,0.21527421834956437,0.4102462690210757,0.47113165052290557,0.5976903870162298,0.27794797884265343,0.48768901625107713,0.5601036269430049,0.27922114298548706,0.5568985393215012,0.48031888390632793,0.6058076369192156,0.0,0.02533477578380299,0.518855036046392,0.22737608003638013,0.3931091739310916,0.8140146940438648,0.15191771942628585,0.0
0.6537606647741324,0.4326768724795427,0.503721503701189,0.17653113741636645,0.923524305979168,0.3715635738831615,0.3837382250867625,0.3490474278061461,0.2633565621370499,0.5086187687791601,0.6346729116238816,0.3307215530347326,0.304299481097109,0.042275968579844704,0.3311836491715449,0.8799428599991057,0.1211670480549199,0.2654167458939665,0.2513281569268492,0.17250647302331648,0.3982510501340163,0.14166666666666666,0.3506363088115369,0.38077079107505085,0.3003706572250499,0.34565090082901617,0.28786677240285474,0.3895560415966536,0.2645023940663717,0.35707666561876417,0.5238339313172733,0.4023388108256336,0.10796767503915064,0.15543071161048694,0.42257629325170165,0.6175501475017016,0.272538860103627,0.3831175036715026,0.19517894182608847,0.31439960139511713,0.32373483001874115,0.01867131748811971,0.01402716361265351,0.5684642323370533,0.3296953160527514,0.17351598173515975,0.3838014262587543,0.2615739820685859,0.0
0.11396860131244962,0.2383618495751928,0.42143716922268204,0.24601132269686066,0.1581632301379171,0.1718213058419244,0.14328210213187909,0.3252770620920266,0.17944250871080136,0.43848752795628343,0.68881447630755,0.4635715121038474,0.2501853224610824,0.02803813306770643,0.30052584581803754,0.7709420320628917,0.5995423340961099,0.7291248721208456,0.32748383374600354,0.061634890415397846,0.05986983721978736,0.10766666666666672,0.033491232061284126,0.24563894523326574,0.40152688647930984,0.32084942442533704,0.31720856463124497,0.40626009504119026,0.3241193760216608,0.4652520616926441,0.3275243464889801,0.2566345249484484,0.5548499132319332,0.4584893882646691,0.3881768033596793,0.27412088601589213,0.24248704663212434,0.7083453261413732,0.3104699438273544,0.5002491280518186,0.9999999999999999,0.0,0.01946626776685066,0.4130993559041891,0.297862664847658,0.5047737650477375,0.39817476814498204,0.43034323175521616,0.0
0.2168135196825466,0.3226185349046631,0.450755676660521,0.4539372104992282,0.480380763410574,0.4153780068728522,0.27615270203272185,0.2855021326015714,0.23983739837398377,0.1735304819104098,0.7599163844624621,0.1684013565664835,0.3169014084507043,0.027113649506182447,0.3689850183549957,0.8908677282640438,0.4604118993135013,0.853767398257846,0.16449914661410134,0.028781346784555316,0.17818878526140255,0.07200000000000004,0.11921261605136647,0.29736308316430027,0.21232573578225286,0.09168979910623812,0.31245043616177626,0.40788080065245524,0.7612524853650922,0.3597317686345387,0.5499743721168632,0.26858602624979805,0.0,0.3117977528089888,0.49347611389470214,0.27007663751129984,0.2844559585492228,0.642896714297382,0.3808256941663466,0.29845540607872456,0.398135156494278,6.814349399903175e-05,0.0,0.36155233455236696,0.12460209185993645,0.22997094229970944,0.4341076888701764,0.44249653746110673,0.0
0.3288351332771382,0.34736306330997224,0.36239575464170976,0.37931034482758624,0.48052511663394587,0.4647766323024055,0.2865642042637581,0.2518821380316905,0.23199767711962835,0.5336834185150942,0.47599814984319877,0.2521342533037072,0.393254262416605,0.025687736044333304,0.24278202202599472,0.7730749167647877,0.42700228832951964,0.27987166664721735,0.1812303180364913,0.1229924858667926,0.06334017405725573,0.42066666666666686,0.04594970574797598,0.3921298174442191,0.2495435937154238,0.5057029706368631,0.3291038858049166,0.4631501241587614,0.36870981808543735,0.3759825509997654,0.31624807790876475,0.6510460616646305,0.011547344149341495,0.054307116104868935,0.4571926757240368,0.48884096053018394,0.45440414507772026,0.5631938266730978,0.06192298255553124,0.27752864972595925,0.6669313766586444,0.0029983136224845264,0.000930373129185924,0.6317365487261916,0.14552069122328334,0.11664591116645912,0.26506288833909664,0.26209428354803177,0.0
0.2892767647869773,0.2129908774127873,0.3813586934484873,0.47538171212901026,0.3867252009149966,0.34865406643757163,0.4116674929763675,0.22694553432966008,0.3579171506000774,0.30516272009343914,0.5989275426958494,0.38966202783300186,0.4400790709167285,0.018571890812287856,0.1601349340212323,0.7923348628042421,0.4471395881006866,0.22738621186421093,0.5969133873410419,0.08236347217865234,0.052740644309669675,0.269888888888889,0.048154836833732034,0.24457065584854631,0.4520911706129676,0.6250626377424336,0.49986782976473676,0.46263741002532305,0.4056472166592427,0.4891122778391428,0.47531180591149824,0.544715522225033,0.004041570644556452,0.3992925509779442,0.33446168702637147,0.6147557935586112,0.4462867012089808,0.4772994546846935,0.06607008434063519,0.08553396445773125,0.222667876155379,0.0010221524194415487,0.0004294029490880225,0.32780136441589647,0.2819463392451115,0.35187491351874906,0.12463352274582107,0.375887319826299,0.0
0.403211633180565,0.26247993422340554,0.4386091953732741,0.5676788471435924,0.48868715054693634,0.6877147766323025,0.435299950421418,0.2467528910934913,0.20905923344947736,0.4062667872038324,0.5504067663418188,0.6787510232721319,0.484803558191253,0.027461139287543235,0.24456791348348056,0.777400347936154,0.46361556064073234,0.12832128277521848,0.1419986057357148,0.04403867129766241,0.44846556747658683,0.32800000000000007,0.1442648064793921,0.23926977687626783,0.3779597256030097,0.4100848464456337,0.29143536875495624,0.5806789941988789,0.18748252334130794,0.294472346297881,0.29984623270117894,0.8415339792532305,0.06062355646356463,0.07459425717852684,0.46179559145089843,0.5173305192374729,0.4803108808290156,0.4257241742272522,0.26616502005769543,0.28898854010961633,0.5792336763244318,0.011856968428635149,0.005796940070898589,0.3430105621614854,0.16371077762619365,0.2756330427563303,0.33425603219116506,0.330152853800172,0.0
0.21603222395050778,0.9525077326651266,0.42273911271109943,0.38291302110138964,0.47462746542594925,0.9999999999999999,1.0,0.1908623255195151,1.0,0.5701260650454838,0.1131909392162247,0.7035434452110864,1.0000000000000002,0.5924929577410732,1.0,0.3509097996755152,0.29748283752860405,0.7429085846240233,0.9407678069184355,0.0055836926381919155,0.015997829287997437,0.9999999999999999,0.2768674300097697,1.0,1.0,0.9393683673968749,0.9999999999999999,0.0,0.07499301529532143,0.23785493737754027,0.5879036391594056,0.18263757188995489,0.032332565156451616,0.9971910112359553,0.003141025188474089,0.7095284885557454,0.9145077720207252,0.02932257036501551,0.8582365605130592,0.9815645241654211,0.9999999999999999,0.0,0.0,0.3668731675567958,1.0,1.0,0.5755017000879686,0.4230657395037891,0.0
0.39911186491320005,0.322618534904663,0.5476371385175072,0.4012695144964832,0.5921406814842471,0.3377720504009163,0.4658734093538257,0.2281207770323409,0.2106078203639179,0.24117975939585612,0.6975925084534602,0.38872646474096584,0.2053372868791698,0.006438332183604088,0.45877567218970144,0.8065002576260893,0.3864225781845919,0.8750905679584893,0.076708574725354,0.08218618289209609,0.40216717379125433,0.4150000000000001,0.12422948887219702,0.3953752535496957,0.20668289444567384,0.30635513681019666,0.2979117102828442,0.3073855308447743,0.24308079244548325,0.17010704750797084,0.48419613873227385,0.2606576915601352,0.05311778231782316,0.2875572201414899,0.46072797968045526,0.15906143298237257,0.3098445595854921,0.45525045479453397,0.25957737955962035,0.31904999169573156,0.3011410226081301,0.003679748770508439,0.0,0.5401941793420403,0.3110504774897681,0.18306351183063502,0.3712083219090534,0.40537148882887064,0.0
0.0725499904773494,0.33921929446771854,0.4217869329007456,0.3974952822096414,0.48029591832239793,0.1925830469644903,0.16410510659395144,0.2723684587841861,0.17634533488192022,0.6501670312198398,0.6814193185550146,0.5593108018555335,0.3600197677291822,0.018310539209679372,0.29824387340013897,0.5805929947501403,0.42151029748283747,0.6154507203191653,0.3220990889204068,0.047865019426689435,0.2655493178071894,0.09327777777777777,0.21132722451107777,0.18098715348208255,0.09006417348971013,0.14313653096291498,0.21884086703674316,0.4660148014142643,0.20757618691018082,0.1662026769949957,0.2811805911498376,0.31539192615002754,0.004041570644556452,0.15285580524344572,0.7384581718799001,0.4879129997500074,0.25725388601036264,0.8657640372083681,0.3581862442276472,0.28712007972097664,0.3601160866247042,0.0004088609450820454,0.002003880561492969,0.3174819410937064,0.05335758678187058,0.2168257921682578,0.4155972069182061,0.452960011158346,0.0
0.5156081644315205,0.5269436070109497,0.6332625478108383,0.5702521873391664,0.4667944476141117,0.4050687285223368,0.40902330193356473,0.3542739851289578,0.432636469221835,0.29210777287145456,0.5778372242087927,0.5968892527189803,0.4692364714603412,0.041502027944872615,0.11598372854449851,0.7170365445708167,0.5931350114416476,0.6984357484903339,0.13651770475251812,0.05747697627264723,0.09258704065609857,0.23900000000000007,0.05964705704518271,0.5086409736308317,0.259460057534853,0.1903472616837342,0.21728786677240275,0.5682481484393618,0.46613783788819235,0.35927369913676266,0.283444387493593,0.6054016156916641,0.027713625445654443,0.29744069912609244,0.1034257786636662,0.27642916040764587,0.36994818652849737,0.6336378191243675,0.15696031355439377,0.3228699551569508,0.3291233945417211,0.0,0.0,0.6104023557460628,0.2055479763528877,0.36778746367787457,0.36120516615649545,0.45254959966631664,0.0
0.10746669178247258,0.33577385380368807,0.4180551957308653,0.16417910447761197,0.5734646306981919,0.16494845360824745,0.03569657907783838,0.27713428902629444,0.1640534262485482,0.6491900340898257,0.28816446889410857,0.3508361595135071,0.4273535952557451,0.02031015676536823,0.2817739855144361,0.6234121044048988,0.325400457665904,0.6305901349112208,0.3153681578884108,0.052384516991808204,0.1609364748618006,0.22833333333333342,0.13809233577537045,0.32332657200811354,0.40750165965921686,0.1617762459697413,0.2712133227597144,0.4055250282191606,0.36877969492621443,0.3846025774600934,0.5520246027678115,0.24674854440085803,0.01905311829508297,0.12390761548064923,0.24388310554325332,0.20853465527569365,0.3694300518134714,0.3545142528396301,0.4086869611797003,0.33233682112605883,0.3333401012774401,0.004088609677766195,0.27710805660529786,1.0,0.28649386084583894,0.14985471149854712,0.4268414534007153,0.47059225324253395,0.0
0.4390009259620864,0.23898829333228927,0.4370361643130877,0.44981986618631,0.5009837589738037,0.3118556701030928,0.20079325731284092,0.3090774103206997,0.15127758420441345,0.42245695909699593,0.6277928082370094,0.5028651619693604,0.3187546330615271,0.043712280030622164,0.2811786883619407,0.820364243077262,0.5043478260869565,0.9343561777959,0.4160436548955505,0.01065999778251412,0.19553452112268707,0.23833333333333337,0.21689790803504305,0.17720081135902638,0.4151360920557646,0.10102920109954835,0.27111419508326706,0.4456623305861567,0.9641110321151021,0.35638675957857224,0.24948744233726292,0.6412562500777846,0.0,0.17470349563046195,0.5450326494048,0.18184179237661213,0.17791450777202072,0.33542364852279805,0.2711793229466987,0.44843049327354256,0.31962395864890764,0.0029301702892387273,0.0,1.0,0.16780354706684855,0.3233706932337068,0.3664289448503158,0.5622682222608466,0.0
0.5669034898917071,0.3383840361249233,0.43341942082277735,0.20535254760679372,0.7857399135312244,0.247852233676976,0.07486365889935548,0.30271086460303276,0.3025551684088269,0.557674009603471,0.6897521072568916,0.6174716407437727,0.3302446256486287,0.03809654466281178,0.3850580414723683,0.8514707612240229,0.31075514874141885,0.3027089215316805,0.2441164451068536,0.07886356041649006,0.4101861528639658,0.42100000000000015,0.26613338273447235,0.4226369168356998,0.4709006417348973,0.3270881195079469,0.20222045995241855,0.5534856934915562,0.21666200357599402,0.28942080754337784,0.485904664274731,0.2696641532594973,0.0779445733285333,0.15168539325842698,0.5075590481774259,0.6581981887459443,0.29844559585492225,0.47737650588450115,0.22774263905465797,0.35426008968609873,0.25525633610072607,0.010289667830255606,0.015530073954323919,0.5029091148951899,0.3983628922237381,0.47198007471980075,0.5075375899241584,0.30790928968651854,0.0
0.434261663069396,0.1865627814102815,0.3429523321690243,0.46789758106021617,0.5788546167132591,0.5949312714776632,0.6812097174020824,0.3885349285001489,0.19715447154471546,0.5561705754384654,0.29906368670582434,0.25494094257981526,0.4097016308376576,0.045530969138763484,0.23712669907728948,0.36773493488693204,0.18003432494279176,0.5754271066510431,0.1258443712589245,0.06584098828522683,0.11873716302950113,0.46466666666666673,0.028865271987556104,0.5508316430020284,0.24692963044921448,0.25817239345849563,0.2628865979381442,0.493030089390295,0.5043681765056425,0.3260713536081876,0.2142491030240902,0.6693112592584631,0.0017321015903534027,0.232521847690387,0.38981350435724865,0.5441340819350542,0.5160621761658031,0.41668463734018923,0.12317516058040717,0.37767812655705035,0.4856099287845396,0.034139889538451575,0.0,0.802109498122862,0.10231923601637113,0.2349522623495226,0.3779141157351194,0.43086406139589684,0.0
0.04132018778718556,0.20933662216305807,0.42195992144020533,0.19454451878538348,0.7987513367407826,0.2555841924398625,0.18244918195339604,0.199658700072686,0.241869918699187,0.5703355286349043,0.6288797290407542,0.533270962460531,0.1994069681245368,0.7139248866846314,0.22700664748486965,0.6985375444456681,0.21052631578947367,0.6018611915682932,0.18815356138368716,0.2518898459208422,0.026150335877593266,0.17533333333333337,0.12818963976539532,0.19707910750507104,0.341779154680239,0.6067489929099985,0.23513084853291027,0.4080364558176355,0.16221694069657003,0.24262121556049643,0.39928241927216823,0.43452122039730273,0.09295612674766769,0.22347066167290883,0.5695435265240563,0.33459928661867566,0.17823834196891192,0.7370952488190188,0.64035453839076,0.4598903836571997,0.368860713962241,0.0,0.00214701486461409,0.380515570683859,0.2728512960436562,0.2926525529265255,0.5791542713003559,0.3896669390188261,0.0
0.2444205963514452,0.21580987431972123,0.543330638743209,0.46680391147709743,0.7062045893628491,0.22637457044673542,0.47397124442240945,0.24232981342607962,0.2047038327526132,0.24123088997768755,0.7386695969309525,0.6450707519588351,0.23313565604151235,0.00838665213386455,0.6163309852167873,0.869690713396895,0.48283752860411905,0.6806655763903333,0.30931031995961444,0.09331099824001274,0.30774227416590505,0.5000000000000001,0.13592582342959497,0.4018661257606492,0.46193848196503673,0.3677623041631841,0.29738302934179206,0.46887921630335855,0.20981270265624558,0.27675052735452754,0.27934392619169657,0.34367977406553285,0.4301385794977953,0.16822721598002496,0.722580419725632,0.15404152350801675,0.47616580310880835,0.48560346617240424,0.25955535755678016,0.30891878425510716,0.5564195434102188,0.002793883320152809,0.0,0.4420370584779592,0.2951341518872216,0.5006226650062265,0.3731044517844404,0.3884532200253818,0.0
0.05725926683412512,0.33890607258917027,0.4301890339212249,0.496654657745754,0.40658653995490823,0.5757445589919817,0.5643695256982316,0.2660962926713244,0.31204026325977546,0.6502354940174446,0.6415538138619266,0.22250808872256653,0.3491475166790216,0.01611019058484872,0.2762178787578133,0.7520473851609628,0.4279176201372998,0.5982849012845005,0.594990264189043,0.037519447505008435,0.5819987546350208,0.17366666666666666,0.35371783430919335,0.2055172413793104,0.037618942243859275,0.23242944782496297,0.28284430346286,0.5735267970171005,0.14855325741480083,0.11117687675052734,0.23987698616094302,0.44437695260385623,0.01674364972159724,0.13171036204744072,0.7547588941891379,0.4515217329441478,0.35371329879101887,0.7018121885833977,0.526985923837029,0.23700381996346115,0.29915668079490093,0.0002044304725410227,0.004580298335470422,0.4189969499384706,0.11217219948461418,0.11941331119413304,0.40187914540842784,0.45170404150409144,0.0
0.037047673738374864,0.5659919345366273,0.423287899926636,0.47915594441585196,0.4428230332738548,0.5846219931271476,0.3807635101636092,0.26969072420455703,0.24390243902439027,0.5743129497344501,0.7246908014803359,0.5398199041047831,0.6297257227575983,0.01346127065353363,0.2502232364321858,0.7287106143076247,0.5638443935926774,0.5894142109349919,0.27267482391403647,0.040076326122263375,0.11862305248738864,0.15566666666666668,0.2344094357263451,0.09711967545638947,0.47953086966142977,0.2255077637933007,0.27914353687549553,0.23970215277896267,0.20160050540143215,0.23666512488875924,0.2516658124038954,0.13612737069299097,0.06351039346233465,0.15823970037453186,0.4781309530631798,0.348864805185184,0.23834196891191706,0.5370657833295099,0.2831789307822837,0.21923268560039866,0.32525218602004025,0.001158439388527467,0.0002862686459669014,0.4033182454039859,0.2251023192360164,0.33084267330842665,0.4063184769177,0.4458391735433259,0.0
0.3597417718468043,0.3852629106143065,0.5915836792494784,0.5247898438840279,0.2972984185066132,0.45833333333333326,0.378615104941332,0.3312180076116068,0.346109175377468,0.32778944139147614,0.7346073516019725,0.533115035278525,0.5223622436372622,0.024933787241672098,0.5230677646591927,0.7638678376282917,0.5365369946605643,0.732811773153878,0.20094233034447948,0.08882111186840974,0.31527104761675223,0.125,0.10650680271067199,0.26494929006085194,0.478203142288117,0.37720202279953363,0.2093576526566217,0.46398980272158846,0.3102110642091894,0.34756115745414784,0.42747309072270634,0.6180963713480623,0.33833718960069625,0.24927174365376623,0.5400815317568916,0.17630714243871587,0.39447322970639026,0.44747197596109745,0.2830873874815001,0.20245806344461048,0.42409537265821845,0.002316878777054934,0.0,0.23639180354284628,0.2801273306048203,0.2420091324200913,0.4608366409186453,0.47430440986343075,0.0
0.22770428306102547,0.19357112094279788,0.4396407944171009,0.21152856407617093,0.7175378552016651,0.22594501718213056,0.4610808130887456,0.26222116464018197,0.25715011614401856,0.2181270906989725,0.8980537288930172,1.0,0.1515937731653077,0.02939546624525914,0.2936055164202798,0.7969904537413661,0.26453089244851263,0.8567128661931562,0.3433495997499941,0.07008215291221984,0.1674469624185306,0.13275,0.20528615461209315,0.18855983772819473,0.3119052887807039,0.1756299203766872,0.3359932593180014,0.3323733868359268,0.5988607731159363,0.48925156021909066,0.6585084572014351,0.15860693760558964,0.006351039218042179,0.235330836454432,0.41646101373175315,0.3611686662044428,0.4213730569948186,0.496921166441148,0.2694966844734807,0.45932984554060785,0.6303315987089468,0.005860340578477455,0.0,1.0,0.1205093224192815,0.2868410128684101,0.4020972283900208,0.46130946370400794,0.0
0.6459138975313513,0.24420865797475955,0.5396931691577183,0.5399511065362842,0.4337198085426741,0.33376288659793824,0.39662865642042644,0.4384935957443845,0.1930894308943089,0.4212601901169561,0.643092400620919,0.5505788796631974,0.4625648628613789,0.050680927925605475,0.32910010913781135,0.7940065197627961,0.5656750572082379,0.9827707794616296,0.18905502536118657,0.03621218581596411,0.4459186114378594,0.23766666666666672,0.11932100467328587,0.49663286004056806,0.27219794202257147,0.10442782942381515,0.19904837430610617,0.6856936459962915,0.4744548504041714,0.3296752673813298,0.41209636084059453,0.3613292329393985,0.01327944557945579,0.21598002496878907,0.5607009224646999,0.18549529371162243,0.33212435233160625,0.4539030724308975,0.32544107869761996,0.2745391131041355,0.27263879075049646,0.002589452715226771,0.0,0.4210918202355562,0.4520236471123238,0.28684101286841013,0.4756903571694345,0.4308112094648785,0.0
0.6076866514730224,0.1641282643592655,0.37756901052528774,0.5656201749871334,0.20112015389545967,0.29166666666666674,0.4843827466534457,0.4225916942114396,0.15950445218737902,0.33321240787273937,0.539620995905801,0.25899504931197126,0.33382752656288606,0.06349113417871413,0.24982637166385557,0.7998731036483688,0.4410373760488176,0.9168434264909091,0.35229212240678875,0.007779734135292055,0.1924724340891337,0.3338888888888889,0.17426007168140112,0.18788370520622039,0.21132994025226826,0.0663792738443745,0.20089875759978837,0.5617330605679622,0.7370701725163462,0.4136030399934656,0.463010422005809,0.24169311460998735,0.0011547344469819711,0.209945900957137,0.44479553098964364,0.21038143118316083,0.3043177892918824,0.3117633685275669,0.2931108103253725,0.2639096495598737,0.2841674562989875,0.010289667830255606,0.0,0.3667202566287623,0.40321358193118073,0.25695309256953086,0.42249535204199035,0.45009004567180283,0.0
0.4175714521851625,0.24556595278180182,0.42668095333681794,0.5723108594956254,0.4752511252717826,0.6456185567010312,0.3520079325731285,0.2558933349485186,0.18931475029036007,0.3972474972821111,0.5212367732372735,0.5678867968658637,0.44885100074129003,0.028762560698327562,0.23861494195852767,0.736571686385429,0.4530892448512586,0.09738659741800226,0.1852688766556889,0.04225234026882804,0.4480069803358023,0.32866666666666683,0.15594398518573155,0.24154158215010146,0.28933392343438824,0.43325040796041314,0.29262490087232346,0.6233675300435727,0.17535644835920716,0.3186105098599388,0.24654023577652492,0.6674051047281329,0.07448037303213044,0.07771535580524346,0.4585905597241378,0.5010216102258054,0.5020725388601036,0.3272815971540123,0.2618698110092,0.2924763328350772,0.5481937128237021,0.014718995082033757,0.005582238775115544,0.2591295752743909,0.20827648931332418,0.2498962224989622,0.3382960249205074,0.3814024331510801,0.0
0.43517670856222246,0.36051838220899723,0.4403576413484437,0.6083376222336593,0.09771994702775988,0.41500214776632294,0.43635349529003464,0.22205057987575694,0.37529036004645755,0.4118435197398576,0.6740256626608394,0.5939656180563676,0.4477390659747963,0.024836369524061652,0.251674273241393,0.8342445767923055,0.5386727688787187,0.09834533355208075,0.31190653621481285,0.09357295031689863,0.4136652582688944,0.21937500000000001,0.6099746472981412,0.30016227180527383,0.2631113078114628,0.3266326683319667,0.36999405233941296,0.355033789885531,0.21844424040636462,0.2895769956605442,0.3795489492567914,0.6130279595460184,0.17551963209552102,0.12718476903870163,0.6744425965931586,0.6129595057349193,0.34112694300518126,0.4942754547448113,0.18525819356348194,0.5495764823119083,0.47994786935799894,0.04047723617299851,0.01402716361265351,0.276423872854884,0.4115507048658481,0.2897467828974678,0.2541884287100942,0.6216180940949139,0.0
0.17725541264623473,0.30797541208253393,0.46714211576421333,0.6313690169840454,0.06732037331209195,0.34396477663230235,0.33527516113039163,0.12191791802159703,0.3247314169570267,0.23982353991917502,0.6975959089437397,0.6402175184188983,0.46386212008895483,0.10164442593060585,0.20713860502033934,0.7806931137730178,0.7318649885583524,0.7086099638883683,0.013377725426091974,0.08777985023724397,0.358511465465506,0.4276666666666667,0.19288576912910577,0.45054766734279916,0.31090949325071926,0.4262150019959443,0.23909595559080077,0.31994855025334107,0.4175636213936907,0.4506355797385688,0.5151204510507433,0.06493107845586404,0.016166282578225808,0.2999375780274656,0.26431064021962314,0.3541128460010428,0.33264248704663213,0.17334055028355239,0.33393234310952896,0.3004484304932736,0.47286291098396627,0.0,0.0,0.36087451449466706,0.35862892223738063,0.362961809879618,0.44898307194953513,0.27888313270725995,0.0
0.5038736572482443,0.29098312517129327,0.3849835599603649,0.40641619488763087,0.4115404951885798,0.28593928980526917,0.42720211535283426,0.3476591301540039,0.5323267518389471,0.4793145041012,0.3827820975738965,0.2870619420730518,0.4104274771435633,0.12805850858924897,0.1654926083936899,0.6931558650993881,0.5762013729977116,0.4848595342876304,0.0009375225365994347,0.4209234807118152,0.08025114587326762,0.221,0.2804235353054014,0.3484246112237999,0.23921221509183452,0.4069776364434,0.2513877874702616,0.4022755643578659,0.3312832021755493,0.4171112653944308,0.6711088330770544,0.21975780847902948,0.008660508432484336,0.22742405326674994,0.38097120218237057,0.7317134625472423,0.3554404145077719,0.4015390536288155,0.08612361098356139,0.42766982228865635,0.3128025984149662,0.005724053306797216,0.0,0.2890301912824118,0.2676974382294983,0.30593607305936066,0.43523956958579585,0.7768605079271093,0.0
0.41227578684929833,0.37868525116479385,0.3052964918711038,0.3499742665980443,0.25272589708730875,0.33161512027491413,0.5770946950917205,0.4935012320451443,0.43844367015098734,0.3544343954401237,0.5391969189273802,0.2521342533037072,0.27687175685693116,0.04548679703691417,0.20408770711380106,0.6324848271199284,0.3299771167048055,0.5187707778599224,0.3837351859419698,0.14557443832542627,0.1426090765229258,0.18633333333333338,0.3020192090686841,0.406369168356998,0.16552334587298084,0.4662836244020456,0.4320975416336239,0.36998598966729035,0.28375733691931165,0.4814335115400651,0.5091619682214249,0.27814976524222834,0.16281755750517524,0.1061563670411985,0.8718977505606321,0.6192591266391074,0.31845854922279787,0.6252751951744073,0.2959125251931672,0.540857000498256,0.16742430002537478,0.0015673002957852223,0.001860746258371848,0.5493609717975678,0.46111869031377906,0.5114155251141552,0.3705911627962511,0.4700797376653583,0.0
0.068825555327259,0.23272385576132495,0.5245271708278821,0.3642134156802196,0.33340786811408574,0.2216852806414662,0.33296149396793906,0.29731190097243326,0.22674699961285322,0.1645887514051894,0.7029797302524708,0.4785405215764239,0.2876204595997035,0.007218705982942088,0.3970880047623772,0.9588719961004695,0.42273073989321114,0.8048971252102527,0.38938436020096645,0.07346098422541367,0.25832560708836694,0.16288888888888892,0.24581558748092003,0.18745098039215682,0.2670944899314008,0.47888393943105056,0.33078905630451994,0.42872461827718866,0.4272784488024623,0.7229853442454485,0.3347001537672989,0.7851292501730472,0.20438800208322122,0.20601851851851857,0.5838037713561941,0.4649266081755133,0.37875647668393775,0.5812694760941588,0.3727687465135303,0.44407075236671656,0.6212012023338465,0.016627012044047974,0.0071567164272451494,0.48248653770786293,0.20039411853872965,0.15459388404593885,0.39081439509055305,0.30481095265319197,0.0
0.47170503467279173,0.32919619435417574,0.3206731318420838,0.3741636644364385,0.3833939711672256,0.26478379152348225,0.3812592959841348,0.41063912465634944,0.24317653890824623,0.6732122268793115,0.4324418964818153,0.2905313218726855,0.4185816654311837,0.04767620584212793,0.20592320666732816,0.7239884088930046,0.45934401220442395,0.6819976389978621,0.17853794562369285,0.04626901907941801,0.11170782056764222,0.15686111111111115,0.10146454212229063,0.1928600405679513,0.34011949546359826,0.29221464554670695,0.21560269627279927,0.37880559226551813,0.4071847852335895,0.501816796894663,0.22108320519391764,0.8095827603897061,0.05138568216962173,0.16905950894714947,0.5852410360922571,0.3152647644411304,0.3884283246977546,0.2611688372443488,0.22425336532956852,0.24904500913469524,0.5477612972627186,0.0008177218901640908,0.0052959698510760276,0.32554058786847784,0.31233894194330747,0.30642036806420364,0.4352827409192621,0.4418090340661042,0.0
0.42874964288269474,0.16318859872362085,0.45071132292469934,0.368502316006176,0.5012204341500784,0.38745704467353953,0.6038671294000992,0.2455965285592785,0.23519163763066198,0.4585886241674571,0.5194936563009016,0.4336334931586949,0.2379540400296517,0.02923675715618662,0.22254191884115496,0.7727856276587071,0.3121281464530893,0.1335993654493921,0.11949806485732833,0.051069900919560166,0.3926947773533364,0.5003333333333334,0.26168314877271553,0.4972819472616632,0.32319097145386166,0.361469095800645,0.388183980967486,0.26090437320115956,0.19405227717262652,0.26594576677490767,0.5945668887749872,0.23726788366739554,0.08083141032730333,0.13514357053682902,0.5322984555558132,0.4919913489603415,0.5523316062176165,0.12424096666995871,0.2772582267495687,0.38066766317887396,0.5429838109349944,0.02936984592303875,0.011522313466932527,0.2149358875007843,0.1382446566621192,0.21627231216272302,0.3150411207345803,0.49468491655303143,0.0
0.2941558517654954,0.3885517403390627,0.4170228359609735,0.5146680391147711,0.3897595344183442,0.5609965635738832,0.4561229548834904,0.2216352374069953,0.3591753774680604,0.24077525609716324,0.5835881105024536,0.5547889135773593,0.32876204595997044,0.02411602282457905,0.11717432284948906,0.845038940812896,0.45903890160183086,0.6932546727803828,0.5340272602706797,0.05135858762003823,0.5408003504487577,0.3916666666666666,0.13502289477243917,0.2532251521298175,0.5292376631998231,0.3118233681457283,0.21966693100713697,0.5384764262974318,0.25744340303630964,0.40723370852039653,0.3808303434136341,0.5031378142516402,0.06697459888638896,0.1941323345817728,0.45252824643593353,0.26398695863897176,0.35284974093264243,0.4852578847922291,0.2636144697406651,0.351270553064275,0.4868935407241919,0.0038160357395943577,0.00035783579752746196,0.30516743674440566,0.3765347885402457,0.2652552926525528,0.3549019801287689,0.3745160610787852,0.0
0.10836343013352885,0.3258551609829946,0.4177127565958538,0.29541945445187856,0.47016260408594834,0.3359106529209623,0.5587506197322756,0.19909182779287904,0.28948896631823456,0.5879511608827164,0.09099352869473026,0.45982925973570354,0.27761304670126025,0.827022186765854,0.3008234943942852,0.45638292594837787,0.20732265446224252,0.5776598613848314,0.5573932065674654,0.5069981614667844,0.07696416444869328,0.216,0.217628472548632,0.1623529411764706,0.22693073688869222,0.5393441909215644,0.28469468675654225,0.46036097269478743,0.19479009557157612,0.15546178781020364,0.519733470015377,0.24925915669009743,0.0,0.24406991260923852,0.38693557031294257,0.42034654816711087,0.3025906735751296,0.5140846515642702,0.6554662248124198,0.43597409068261084,0.4662017506700844,0.9195650264253442,0.7233034222200274,0.674820460360019,0.3128694861300588,0.2739726027397259,0.4466696642738835,0.5128389729852869,0.0
0.46471076456641053,0.31165576915547555,0.4214813458342259,0.3443129181677818,0.7673039600654703,0.3780068728522338,0.3108577094695092,0.21305268235453984,0.1762485481997677,0.28323906996505244,0.46231391302298086,0.4022921295754882,0.17420311341734618,0.05259366336040613,0.19962297847008634,0.8866565470286938,0.3180778032036613,0.42781985405244494,0.3032524820308181,0.3836628973401991,0.1835045828103536,0.35133333333333344,0.22278241659125525,0.5300608519269778,0.19440141624253157,0.28551613259127506,0.40642347343378266,0.2103115570283463,0.37748112937977135,0.36664070654584446,0.2532034853921067,0.1733582849133558,0.0017321015903534027,0.20599250936329594,0.6924925674652449,0.38286915858395504,0.31502590673575126,0.6893680734155114,0.46139915083802185,0.28898854010961633,0.3600017304076804,0.001090295903984508,0.0,1.0,0.2860391086857662,0.3416355334163553,0.302372199957226,0.3107094841787601,0.0
0.5758022041605287,0.23115774636858386,0.5319555268733318,0.5002573340195574,0.6641721193599955,0.19802405498281778,0.2007932573128408,0.4802890218239403,0.25058072009291527,0.3910824125635583,0.5964669544792947,0.33212489767278675,0.3862120088954783,0.056416644388986144,0.40261930747097935,0.7856596035903043,0.5409610983981694,0.9792468521306252,0.17373013774369578,0.03481316674213156,0.355202488144075,0.4168333333333334,0.14100383139938122,0.2851115618661258,0.17946448329276396,0.15225994580060573,0.2971352101506739,0.3137374759633948,0.6032988860503381,0.44749396189750745,0.43964633521271135,0.29173226713687284,0.0011547344469819711,0.3246332709113608,0.28038112624389777,0.2830336817396432,0.33251295336787556,0.47970816194391214,0.3487521669195648,0.3163303437967115,0.5783460409811549,6.814349399903175e-05,0.0002862686459669014,0.30798436646915844,0.2760345611641656,0.37442922374429227,0.44628275452739663,0.459823291842419,0.0
