X,Y,V1,V2,V3,V4,V5,V6,V7,fault_distance,granite_distance,strata_distance,SA_TMI_mean,SA_TMI_dissimilarity,SA_TMI_VRTP_1VD_mean,SA_TMI_VRTP_1VD_dissimilarity,SA_TMI_VRTP_1VD_correlation,SA_TMI_VRTP_AS_dissimilarity,SA_TMI_VRTP_BigE_dissimilarity,SA_TMI_VRTP_BigT_mean,SA_TMI_VRTP_BigT_dissimilarity,SA_TMI_VRTP_CAUCHY_3rd_mean,SA_TMI_VRTP_CAUCHY_3rd_std,SA_TMI_VRTP_CAUCHY_3rd_dissimilarity,SA_TMI_VRTP_dissimilarity,SA_TMI_VRTP_PseudoGrav_std,SA_TMI_VRTP_PseudoGrav_dissimilarity,SA_TMI_VRTP_Tilt_std,SA_TMI_VRTP_Tilt_dissimilarity,SA_GRAV_1VD_ONSHORE_mean,SA_GRAV_1VD_ONSHORE_dissimilarity,SA_GRAV_ONSHORE_std,SA_RAD_DOSE_mean,SA_RAD_DOSE_dissimilarity,SA_RAD_K_std,SA_RAD_K_dissimilarity,SA_RAD_U_dissimilarity,AlOH_Group_Composition_std,AlOH_Group_Composition_dissimilarity,AlOH_Group_Composition_correlation,AlOH_Group_Content_mean,AlOH_Group_Content_std,AlOH_Group_Content_dissimilarity,AlOH_Group_Content_correlation,FeOH_Group_Content_mean,Ferric_Oxide_Composition_dissimilarity,Ferric_Oxide_Composition_correlation,Ferric_Oxide_Content_std,Ferric_Oxide_Content_dissimilarity,Ferric_Oxide_Content_correlation,Ferrous_Iron_Index_std,Ferrous_Iron_Index_dissimilarity,Green_Vegetation_correlation,Gypsum_Index_mean,Kaolin_Group_Index_mean,Opaque_Index_correlation,Quartz_Index_dissimilarity,Silica_Index_dissimilarity,DEM_9s_dx,DEM_9s_dy,label
139.5381077,-29.88229296,0.609499636881061,0.9171180480911824,0.1976686840900237,0.7845058094459376,0.732592181897787,0.405690499931633,0.546005681994522,0.7946248286440875,1.0,1.0,0.0667461949582701,0.2126776555342391,0.4245022162879635,0.305712815234174,0.4886734155193362,0.4845360824742268,0.6122954883490332,0.2121140045523823,0.0891405342624855,0.4122897465173658,0.4732070899451904,0.4359724008887848,0.094885100074129,0.6722863507331261,0.0763964679035618,0.7006263639995445,0.4352402745995424,0.606096941866268,0.1754609485804947,0.2818946902369987,0.7943831108969713,0.1136666666666666,0.3732555496066675,0.1380121703853955,0.1993803938924541,0.4458954698936148,0.1934972244250594,0.6292490134768445,0.1516634124345262,0.2377713109639404,0.4438749359302921,0.3236965648838587,0.0011547344469819,0.2434456928838951,0.5939614858940652,0.4506018638568591,0.2585492227979273,0.5020187315533576,0.6739837331589325,0.2635774788241156,0.5305295650822952,0.0095400890463915,0.0002862686459669,0.9530423980988,0.2964984083674398,0.151238411512384,0.4844372449286387,0.5667176583959124,1.0
139.6474649,-30.00383199,0.6663183435675906,0.4514091230099716,0.4412126243350505,0.3304202780318964,0.5818820504278673,0.3488132576764434,0.3448762383663206,0.9820987680728444,1.0,1.0,0.6525698678464688,0.2736515145582919,0.6570129151393407,0.519300051466804,0.4054225783325826,0.54553264604811,0.4476945959345563,0.4703508324479183,0.3002322880371661,0.3448410382395936,0.5723137730323075,0.4167933575020466,0.5244625648628615,0.0443073993373911,0.5011409862089494,0.7545433140674369,0.317620137299771,0.8082085117234666,0.11661338012933,0.0899850221278783,0.3346279135110809,0.4630000000000001,0.1424647331967438,0.2655578093306289,0.4845098473113522,0.1570667164720526,0.3263283108643931,0.328814592592203,0.3757688091154995,0.3335033246366928,0.2778062532034854,0.6084209889235506,0.1720554317991181,0.1891385767790263,0.6651830107724934,0.1700737850195633,0.3569948186528496,0.4936912150654896,0.2147564148753435,0.4275037369207772,0.3630117010236285,0.0038160357395943,0.0,0.4777046498507837,0.2628467485220555,0.3428808634288086,0.4559365762092149,0.5237608012553264,1.0
139.3628149,-30.203943,0.3993474978608791,0.4695719669486387,0.3740735131765584,0.4967904057200485,0.6788842126309947,0.4603745007173278,0.4190962637826144,0.8162951964018726,1.0,0.9095437514904012,0.4502118091354238,0.2272946765331558,0.3891024260830414,0.5599588265568709,0.4178762472673209,0.456615120274914,0.2806147744174517,0.2101004313996379,0.3182346109175377,0.3568256183617853,0.4887398140936491,0.5126885744357386,0.4736842105263159,0.0294211171980951,0.2508185335846811,0.8283131635844867,0.5052631578947371,0.2949390973739553,0.2640207697300415,0.1145500601640621,0.3989749782969266,0.5770000000000001,0.3181804132536727,0.337079107505071,0.6099800840894005,0.3642743933223062,0.312747819191118,0.5705278801451681,0.2365110386141646,0.3824294304191198,0.4185674013326499,0.4022210270652446,0.101039264191042,0.1222690387016229,0.5892260466179962,0.5140946580513484,0.1951424870466321,0.8721884875945113,0.241903683506642,0.400909317389138,0.3628449868309648,0.0341398895384515,0.0080870889208365,0.3843788237913614,0.4397453387903592,0.3719385637193855,0.4500438796959382,0.5379353328694108,1.0
139.34856,-30.22373002,0.3551741500910506,0.5643131682951502,0.3705016232622338,0.4431109394414812,0.5336275071841641,0.5441525059172991,0.3321685879717386,0.6609880987250649,0.8813805756420291,0.9433201528436324,0.4189651946046126,0.6072589170353548,0.4475884141265894,0.4854606278950076,0.3449280923848421,0.2570160366552119,0.2526855065278466,0.2242294659996544,0.2282229965156794,0.6337499065446117,0.5777432104005593,0.5992281604490703,0.5538052878675562,0.0257194288393712,0.3190792737374739,0.7180998394111919,0.6468344774980932,0.2242053644833339,0.2570975263828457,0.0667422662936404,0.3832179320839097,0.2418888888888888,0.2336636881296399,0.2227180527383367,0.3532308032750609,0.3470444875200567,0.2606397039386728,0.4707814310521166,0.273588210732185,0.3151228942622117,0.3205193917649069,0.364149212735007,0.0658198620358203,0.1662505201831044,0.5572414618056505,0.4814279498835901,0.4407599309153712,0.3635674950727713,0.2381189169291427,0.5738249460222555,0.3266037177039248,0.0166951562850767,0.0098762685043437,0.2617395426829768,0.2019099590723055,0.2840736128407359,0.468606159808233,0.3876117696595397,1.0
139.7008178,-29.94309998,0.7925318921946969,0.3706782293542249,0.3689968848764688,0.4669200851599528,0.6692163836803949,0.581729176221256,0.447782732712735,0.942606898837298,0.9625675518272362,1.0,0.671501991762585,0.3033162366391292,0.5447172039230539,0.5512094698919198,0.4018189845746114,0.3319372852233677,0.5439390183440753,0.3927401727727614,0.3663980836236933,0.1901715626734396,0.560579482212542,0.4785405215764238,0.380513343217198,0.0512186217798729,0.1448928465125508,0.8796793147108444,0.3914759725400457,0.8995348642450227,0.6736820596648958,0.0230801363457773,0.2374224743319427,0.596,0.1602503000453514,0.3940770791075051,0.6883159991148486,0.0538981743345256,0.3774781919111813,0.4840970588287276,0.680982705938749,0.504519720352513,0.6740133264992311,0.2497603853117483,0.0011547344469819,0.3018102372034956,0.4542084562088509,0.1645842173706139,0.349740932642487,0.4995150179825123,0.2567407837637918,0.3418036870951669,0.5617873869075397,0.006746206028833,0.0,0.3901531132515068,0.4879490677580718,0.6720630967206308,0.4154691897618834,0.4196825277424297,1.0
139.462242,-30.13565303,0.4070007951879863,0.7329123669588811,0.3423884919544032,0.5370275902792947,0.5616140722557498,0.6185605114284781,0.551870368150152,0.7739043472777422,0.9469848372454464,1.0,0.8243830684836884,0.4654477115226499,0.597619820304786,0.556699262309144,0.3653327265221999,0.3245990836197023,0.3158155676747644,0.4570492122050604,0.2510646535036778,0.5178780249950825,0.5065191445897881,0.3700152029002455,0.6985421299728194,0.0441275373502465,0.2998313324734597,0.8503046790234488,0.4990083905415711,0.3348051877921542,0.1074785451573355,0.0775936657958622,0.5125829216140863,0.7265555555555556,0.1690742534928618,0.6722109533468562,0.7581323301615402,0.3615078795811975,0.3283108643933385,0.481683186555986,0.258002536938491,0.5044248392767763,0.5788484537843841,0.2451129533482758,0.160508083804038,0.1231793591344153,0.5357035828434067,0.3648108119704424,0.3737478411053538,0.5158100681994628,0.3424088678690901,0.6336156784587277,0.3800963109956689,0.0121976847922698,0.0022185820161746,0.5180476371727256,0.2504168561467333,0.3468935934689358,0.3735003547132969,0.4397486200909337,1.0
139.5737097,-29.90327496,0.575410896201139,0.4637311773567795,0.1478067361530467,0.5139838079334662,0.6636706445199091,0.2685951834634293,0.2179011233011276,0.924502551699733,1.0,1.0,0.0906786129920586,0.2393015152108374,0.4218337431005098,0.2966203465431463,0.6973778188281232,0.429410080183276,0.2050900677573955,0.2713274160641254,0.2069299264421215,0.7092996399755025,0.6401990117189064,0.4139866682259384,0.3024462564862862,0.020082615827751,0.2976485762476437,0.7224822076394875,0.2173913043478261,0.6240341848923778,0.3640231736339816,0.0518997748105103,0.4382334933368494,0.0927777777777777,0.1781593766272269,0.2540906017579445,0.1473777384377075,0.1089933283563162,0.1519957705524715,0.4292639716314593,0.2760343768632417,0.1882150390778965,0.4671108833077054,0.3462585783231812,0.0017321015903534,0.1352476071577195,0.8152925279882497,0.4226854213975162,0.1523316062176165,0.8676562029166077,0.4343196539910349,0.1928251121076233,0.3422844770372901,0.0016354437803281,0.0015744774932309,0.4522915202669091,0.1285432772472335,0.1022554310225542,0.4119371118908619,0.4509254882035993,1.0
139.5229919,-30.10867945,0.3431361157954152,0.4716127199022695,0.5053020839846938,0.5297329387614544,0.4769371180565067,0.5479092795312037,0.6567862298922031,0.7053995676943225,0.9794589556724406,1.0,0.0973059057596549,0.1381308484397635,0.6352257933060321,0.4967189912506433,0.4387382820892312,0.2650343642611683,0.3773549826474962,0.4400326374187832,0.299324912891986,0.2728014652504045,0.7049574673517411,0.5947842357618991,0.37986471460341,0.0112696687241042,0.3943967655521381,1.0000000000000002,0.3990846681922196,0.8033429687458885,0.3170268516070098,0.0440888058020453,0.2973911540616001,0.1423333333333333,0.1620239526976519,0.3259229208924949,0.2348971011285683,0.4918145739469648,0.3271213322759713,0.5846188829912438,0.3712259007825928,0.7608605590100456,0.274218349564326,0.8856636034451413,0.2234411242240427,0.2278401997503122,0.4181599566725942,0.393350994756345,0.4284974093264249,0.5631695940257019,0.3381544443571358,0.2346786248131539,0.4689446536504845,0.0350257549888072,0.0086596267689155,0.3932621437195736,0.1262505684402,0.2213055209630551,0.3471948476374096,0.315115512621836,0.0
139.5852411,-30.00656605,0.3993474978608791,0.4695719669486387,0.3740735131765584,0.4967904057200485,0.6788842126309947,0.4603745007173278,0.4190962637826144,0.8168146858976595,0.9816136840910418,1.0,0.2187417597268066,0.3013194471633844,0.403841134800913,0.4101904271744725,0.7367936343691555,0.5454252577319587,0.263262270699058,0.2876187927484033,0.4014590592334494,0.2771248120567126,0.6470074218729461,0.3565664834522277,0.3706449221645664,0.2037552917547492,0.2824064887389622,0.9172666980603444,0.2965675057208238,0.8408880854039402,0.384925118392269,0.028888301810935,0.1598940580289196,0.2217083333333333,0.2737356660656662,0.1474239350912779,0.1469351626466032,0.3621203909822967,0.2679916732751782,0.4553876446864088,0.5051369806554766,0.4549575599512582,0.3450153767298821,0.4191903841673368,0.0046189377879278,0.1970973782771535,0.7073872355552715,0.3982975690140656,0.3198186528497408,0.6237824249320963,0.4555034211124006,0.1423766816143497,0.4066230787309812,0.0049063314922817,0.0,1.0,0.2722828558435651,0.2111353258613532,0.4541215698437822,0.4527565459945362,0.0
139.6429074,-29.85147393,0.4574316163587489,0.4567780504553925,0.2817393749144441,0.7512267003943855,0.5035667104335995,0.2150462314773695,0.5558360840987847,0.6458452592636816,1.0,1.0,0.1994462364499215,0.3013194471633844,0.4218777068222967,0.2305712815234174,0.6004987683922453,0.0343642611683848,0.1214675260287556,0.2697150624194775,0.2032520325203251,0.5712568761702046,0.448360593020868,0.3176236697462283,0.2464788732394367,0.0271835628659825,0.2683797995832921,0.6834216953863697,0.5203661327231122,0.7473139657193484,0.5859515853746484,0.101836839747096,0.1302746315825061,0.3286666666666668,0.0912563252969567,0.5320081135902638,0.5186988271741536,0.0178414663903267,0.2842981760507532,0.2626858143979222,0.2840019654500138,0.0641813966608319,0.2936955407483342,0.6038593421394267,0.0023094688939639,0.2431335830212235,0.3946273835309948,0.162680221634868,0.3088082901554404,0.3400853284073319,0.3209372620174536,0.5226706527154958,0.3214377415397872,0.004361183615938,0.2776090271429177,0.4033182454039859,0.4133697135061391,0.2349522623495226,0.4169500058283921,0.4562535563602464,0.0
139.6233634,-29.83074983,0.5247521291422589,0.5437306871045655,0.254709693644207,0.6935811100448166,0.5325813099373704,0.4179853786179822,0.4053082756765088,0.8708192465996182,1.0,0.8460886288839989,0.1304710332666141,0.3454837320386829,0.4146653436149223,0.3165208440555843,0.2904525434118082,0.3479381443298969,0.5275161130391671,0.2761757541290665,0.3008130081300813,0.6071803093940835,0.2878485854143194,0.7044790083031225,0.4814677538917718,0.0216442256252608,0.2270066474848696,0.5192071430262628,0.3299771167048055,0.7208423872689909,0.3029640135580183,0.1316662652556615,0.1161066920957109,0.3566666666666668,0.0613186112099976,0.1740365111561866,0.2212878955521133,0.0858213576574624,0.1197462331482949,0.5404857271535981,0.2910609564800759,0.0266876057202176,0.2854946181445413,0.2994255257704657,0.0,0.1947565543071161,0.6865867774935657,0.2484307810581357,0.360621761658031,0.5625507051168774,0.3087058217567356,0.2675635276532137,0.3756403933067127,0.8866150321654375,0.9534176925603344,1.0,0.2537517053206003,0.4009962640099626,0.4110575407795843,0.4466174012189889,0.0
139.544843,-30.10202222,0.3603774067562563,0.6154911680484494,0.3592735472595589,0.3622356164851008,0.4830223448144544,0.5151417647180357,0.6017874577958047,0.8324668869232552,1.0,1.0,0.0633826735666032,0.2894170157785521,0.252516236573798,0.3571796191456511,0.4814751833691499,0.309278350515464,0.5374318294496779,0.1508580943654499,0.4285714285714286,0.4224914288393198,0.7920240788389574,0.6759443339960238,0.2249814677538918,0.0,0.6172239309455304,0.72740914217465,0.348741418764302,0.7296520053831089,0.2340200485588596,0.0796152284482855,0.3815207028633429,0.291,0.0887474912343645,0.502474645030426,0.2136534631555654,0.3523834082845934,0.1974623314829498,0.391102442934979,0.3212887879530261,0.5439898679547951,0.4120963608405945,0.313046042749166,0.1726328053520539,0.2259675405742821,0.4315781462996134,0.3855074244512124,0.3093264248704663,0.5054413627635569,0.3360800460439184,0.2521175884404584,0.3641076546468012,0.0057921969426373,0.0032205222969211,0.5588605161126605,0.4624829467939974,0.2395184723951847,0.3588281659275469,0.3023086500492461,0.0
139.4738723,-30.07622068,0.3746748386097737,0.4107035809668667,0.5829539574381842,0.8336650374280707,0.1977589761025672,0.5475417519394129,0.6317715141620885,0.6923634065285064,1.0,0.8126620632043259,0.2681590299555053,0.1234094201479973,0.3322806943475156,0.5959855892949047,0.1265596624108044,0.2534364261168385,0.3009419930589985,0.2594001616505582,0.1837979094076655,0.2047503933602017,0.6879591419435396,0.4715237983861537,0.4785025945144553,0.0203012961135126,0.2445679134834806,0.7151711512898404,0.5697940503432495,0.6097016767528454,0.5017187913170991,0.0566035759583045,0.1342234263461361,0.1776666666666667,0.0856409188138804,0.2853549695740366,0.1409603894666962,0.2266480351137831,0.2414750198255351,0.3868283514343138,0.5220855507842355,0.4468856402858019,0.3926191696565863,0.5812460253018378,0.0,0.3411360799001249,0.1472384079091855,0.53500984823622,0.2585492227979274,0.5541267841600391,0.1572502954388635,0.3432984554060788,0.2382363006951003,0.0152641429583774,0.0,0.3764042416634075,0.2669395179627104,0.348692403486924,0.3910890873257713,0.4572995237364252,0.0
139.2957769,-30.12876302,0.3993474978608791,0.4695719669486387,0.3740735131765584,0.4967904057200485,0.6788842126309947,0.4603745007173278,0.4190962637826144,0.3008089727936152,0.1031570021853373,0.1007512292824651,0.163084209313562,0.1114678360283465,0.3665853523926565,0.5660705095213587,0.5053963070875263,0.4106529209621993,0.2652454139811602,0.3625511444304907,0.0377468060394889,0.4783082189054597,0.3547386940548136,0.2240673605426266,0.0214974054855448,0.4201126375481415,0.0234150213314812,0.5325352060802013,0.0663043478260869,0.7390065042466977,0.0196879732685881,0.2364610584742179,0.0323650804084835,0.0353333333333333,0.2920997806813973,0.0260446247464503,0.0180626244744412,0.6331968079305225,0.1482950039651069,0.837473682477438,0.1572896302887463,0.243391661292605,0.4777037416709381,0.5171833135218298,0.0490762135961359,0.0561797752808988,0.9777241101004952,0.6704016855744257,0.1984455958549222,0.7693217610597127,0.4578153596389747,0.1071250622820129,0.3139688540638697,0.0,0.0022185820161746,0.3570690320108298,0.136425648021828,0.0,0.4323608381568414,0.9053869151652744,0.0
139.6591919,-29.90691628,0.465347942963576,0.5592909229215338,0.3326766673203993,0.6841458721723737,0.6095408001078464,0.3873860871551249,0.4192967129531325,0.8741844928655805,0.9121506838530518,0.8646721539182582,0.3431027772645005,0.2089189929916604,0.4357861795503172,0.2410361983187511,0.3777875687454911,0.1006586483390607,0.169393488679557,0.3189431372278657,0.1502129307007355,0.4796146863827588,0.447453656159295,0.2808248547928117,0.302940449715839,0.0426949069079565,0.2615338823295963,0.8751773410807819,0.5380625476735315,0.8370505523944721,0.5249885814562851,0.0705912160434958,0.1393919159339265,0.1605555555555555,0.1461667406910826,0.2843813387423935,0.2808143394556318,0.1587512049941019,0.2796722178165475,0.4259198511890192,0.424098397079299,0.4924837852135584,0.5439945327182639,0.2720103300756047,0.0588914563153631,0.1541822721598002,0.4361837274878544,0.3979752612469345,0.2003454231433505,0.8960902385378131,0.3339183470004746,0.3486131871782095,0.3592251563744187,0.0,0.0,0.7210432797580358,0.2931635591935728,0.3039988930399889,0.384610228757702,0.4107499829556102,0.0
139.669115,-29.90429525,0.4510727360155631,0.607308709344901,0.3430421277751731,0.6139895489860308,0.5419742229191038,0.3747945529769839,0.3966627789746316,0.877858620753177,0.914715609844724,0.8691804046746995,0.3687893787102987,0.1913785677929603,0.4167007275139003,0.2923314462171899,0.5141540467311821,0.0722186426116838,0.0489588497768963,0.324524021581859,0.1778818234610917,0.3902539285344228,0.4448014380730395,0.4335165477721904,0.3246849518161602,0.0433136904550367,0.2290157753745411,0.8043215226209237,0.5556064073226545,0.8643762626314629,0.5383903459217769,0.0620360798128225,0.1027831169962399,0.3188333333333334,0.1557396229527129,0.1526166328600405,0.0792210666076566,0.1229996962915392,0.1441316415543218,0.5839087713350901,0.4169345709254106,0.4607447832029153,0.4634161968221424,0.4757407505017527,0.0317551967311673,0.3273642322097378,0.3068979076786415,0.2779183718861134,0.6308290155440412,0.1918009384696746,0.3491334296777734,0.3215620328849028,0.3796002208363769,0.0,0.0,0.1057237602294077,0.2026489313324238,0.3785803237858031,0.4092989678171315,0.4422038109505226,0.0
139.6369142,-29.84882902,0.4664401899868218,0.4785782223080075,0.3074485548571137,0.6840358532845079,0.5253125310546127,0.1996819371841121,0.6174509878504221,0.5513333739470249,1.0,0.9413525365743808,0.1921657997334575,0.3789984730433421,0.4266918348419296,0.4681763595814034,0.3856625399030983,0.4474513172966781,0.4625681705503223,0.2712709666965349,0.2578397212543553,0.5632278137919806,0.4209319465777752,0.4794760846684597,0.270323696565357,0.0266060788580534,0.2178787578132751,0.6925133971203754,0.4035087719298246,0.7002619592036038,0.4603716435491239,0.1022169909795951,0.124830572632291,0.3790000000000001,0.0719192952409436,0.240054090601758,0.3668953308254041,0.0165865575393127,0.3407348665080622,0.2807191641930884,0.3055633207524564,0.0432671714327232,0.338971467623441,0.4449719937438567,0.0,0.225759467332501,0.6085797691934416,0.1719713889979019,0.4487046632124351,0.2595494876444181,0.3145156503630357,0.4489287493771799,0.3646048600413751,0.0018398743852542,0.3733658915030141,1.0,0.2194937092617856,0.2677459526774595,0.4132767105452203,0.4514035916145613,0.0
139.5268294,-30.05158527,0.3993474978608791,0.4695719669486387,0.3740735131765584,0.4967904057200485,0.6788842126309947,0.4603745007173278,0.4190962637826144,0.7954547082007423,0.899735678326469,1.0,0.4121100036196674,0.3370267413178811,0.4105988767577632,0.6078229541945447,0.4046535808150595,0.3715635738831615,0.4903321764997522,0.4527409658884999,0.3957607433217189,0.377062758795469,0.541854201111302,0.5702257045959538,0.4636767976278726,0.1125926826253586,0.1406885603730529,0.933643994192796,0.5427917620137299,0.703095629410272,0.2464241928892522,0.0737416788794044,0.0897794704787234,0.3450000000000001,0.1467273786173056,0.1840162271805274,0.2398760787784909,0.208724716634536,0.2961934972244249,0.3425180316594391,0.6552627847903343,0.422180232254437,0.4797539723218862,0.2457465832120329,0.0005773672234909,0.181960049937578,0.3921210610437697,0.3991942509813982,0.3580310880829015,0.3818396803105306,0.1518725748306959,0.3741903338315896,0.2049380042108252,0.0,0.0,0.310883020178914,0.3219645293315143,0.3682025736820257,0.4158151442030303,0.5919444741050245,0.0
139.6188124,-30.05636327,0.3993474978608791,0.4695719669486387,0.3740735131765584,0.4967904057200485,0.6788842126309947,0.4603745007173278,0.4190962637826144,0.9027818280098454,1.0,1.0,0.1603021415835198,0.3079754120825339,0.4303741536996329,0.281008749356665,0.3981675340075282,0.4879725085910654,0.4224095190877541,0.0466921379394665,0.4721254355400696,0.1835266333207476,0.4805688140138695,0.3681440767161736,0.5102390659747962,0.2913543320483228,0.5823990475245561,0.6242124176902497,0.2989702517162471,0.6364087164323655,0.2172888771364697,0.2561882065826545,0.2342522052214793,0.522,0.4179820617657014,0.5225963488843814,0.4043483071475992,0.9231539299021434,0.7240285487708165,0.1803245360926367,0.2153690238070277,0.5171927548468653,0.6140440799589955,0.3234560873622606,0.0190531182950829,0.560861423220974,0.2908245023045636,0.6323920801909884,0.604145077720207,0.2662913662196403,0.3318251851535562,0.5774788241155954,0.4750124861316529,0.0019080178697971,0.0,0.4566411922277508,0.4811277853569804,0.7418015774180156,0.2384647657891244,0.1907648018170751,0.0
139.4469653,-30.18488129,0.386799220943393,0.5577638158785561,0.5076045909372299,0.7051081424375841,0.4187727086155235,0.2722003150218896,0.4028324002492426,0.8642955997191032,1.0,1.0,0.3494413354437983,0.3666262088406875,0.3342664028344535,0.3886387030365414,0.7017137794528983,0.1274699312714776,0.1925508180466038,0.1205919312966597,0.2721399535423925,0.2485240881555509,0.493422550395552,0.4314700035083615,0.4129447739065975,0.0084466555823803,0.2295366603829745,0.6771636927232938,0.5036041189931351,0.3442978195960632,0.2718454770547369,0.6118242238033939,0.3580479528326939,0.484,0.3374641682466154,0.2369979716024341,0.3540606328833813,0.3860358505106411,0.2188739095955589,0.4575010552106913,0.3507478550014637,0.4596518937749846,0.1491542798564839,0.7647241768880448,0.0975750638946391,0.0558676654182272,0.6110218320582383,0.5451286801860722,0.3948186528497408,0.1501146440305921,0.4409651377835611,0.2112605879422023,0.3760454426899646,0.0027938833201528,0.0045087310250112,0.3804134985431431,0.1652455661664393,0.2845060190950601,0.3130946524846759,0.3026680145341378,0.0
139.6029353,-30.06571382,0.4975264021572483,0.3481012338094462,0.5142330175052028,0.2848956034716251,0.6249806776353067,0.4405777299050881,0.3879893465752366,0.977696883832383,1.0,1.0,0.1490889035347614,0.3576732834788509,0.4507165526325427,0.6390247040658775,0.1226941793174483,0.2603092783505154,0.3584531482399604,0.100200690987619,0.2601626016260162,0.2850949971527243,0.6486431155365834,0.733481464156239,0.5400759822090437,0.2080779997872046,0.0817541422760194,0.7757020076043857,0.6401601830663615,0.7553117614270937,0.0808432895021515,0.1665741261762595,0.3211581227974715,0.1013333333333333,0.361948800567678,0.2308316430020284,0.2989184554104891,0.6602231868057297,0.2224425059476604,0.4676298721710792,0.3661937353882818,0.4714833929624644,0.5202460276781138,0.1914557145540892,0.0034642031807068,0.1885143570536829,0.3945999998544831,0.5231494663851528,0.28860103626943,0.5525351486507268,0.3668172510408957,0.4055804683607375,0.3218132198036433,0.0,0.0,0.070326076566215,0.2228285584356525,0.2436695724366956,0.3603300206197958,0.2487744510900854,0.0
139.6181793,-29.85086556,0.3862853940713952,0.7137684822303492,0.2902904629845331,0.6865391079390325,0.5567863854040057,0.3426677726609337,0.5567167292360464,0.4903373246279635,1.0,1.0,0.1658241776015739,0.4034297795701029,0.4364851550961943,0.3244124206553441,0.5469174376922652,0.2584478808705613,0.3432490497438439,0.267958527150837,0.2305458768873402,0.6111775606269634,0.4258078383304643,0.3806182512766538,0.5144551519644182,0.0243351374349402,0.2474451830538744,0.8519489009644725,0.5045003813882531,0.691350936581092,0.13324839539412,0.0388846609779489,0.1630754690790098,0.2361111111111112,0.1013521356640908,0.3598918187964841,0.3005089621597699,0.018196647876997,0.2529738302934177,0.4699581986970622,0.4686888391430756,0.2364428334395482,0.3225696224158551,0.379619826250733,0.0,0.2981689554723263,0.3840682860261811,0.2259605918916953,0.2870466321243522,0.4555449834266138,0.35999790933121,0.4645407739578143,1.0,0.0007495784056211,0.2891313291691483,1.0,0.3143853266636349,0.2137816521378165,0.3974846941401768,0.4668699228039539,0.0
139.5011963,-30.08117687,0.339271042710574,0.6381705502450036,0.3091562793201408,0.6542754082107661,0.4894668476110451,0.2627516408860106,0.3019792890343842,0.8983527654417388,0.9235251300283026,1.0,0.5562762576667939,0.1603696018166868,0.4255853692830459,0.4057299708354778,0.4051236726971364,0.2209335624284077,0.5260287555775903,0.3545125675952904,0.1655052264808362,0.4637360705431805,0.3629660363554797,0.4938213854130121,0.3261675315048184,0.050139264946532,0.1891060621093362,0.7540229882897576,0.4724637681159419,0.6641574994674324,0.508257410033895,0.0496396457916967,0.1417466387575974,0.3625833333333333,0.1682155933351863,0.4757538877620014,0.2443018366895331,0.2215899446052811,0.1258591065292095,0.5901370152734958,0.3857981418957504,0.3596635758293546,0.5487784042371433,0.2858405075770978,0.0098152427192272,0.2207657095297545,0.2883580938303923,0.3434941310237511,0.4008203799654575,0.395307642214575,0.1494222060380061,0.3109533300116259,0.4625862238928816,0.0083816496578641,7.156716149172535e-05,0.3964729252710035,0.2783083219645293,0.3590701535907012,0.2704835701569587,0.3653790015196004,0.0
139.6289154,-29.91663106,0.5466338947010513,0.6036911746641623,0.2454312064071507,0.6803047083726103,0.6612068751895835,0.3085934828984811,0.2327520143356006,0.8286556340692305,0.865868818696891,0.853459287314553,0.2621891575189098,0.351956984195346,0.4725257673132714,0.4246011322696862,0.7030532721420711,0.1576460481099656,0.443728309370352,0.2827058288649604,0.3821138211382113,0.6036950572593216,0.4123380280667456,0.1702724827505555,0.4203113417346183,0.035059536350685,0.3014187915467805,0.7675078631390997,0.2764302059496568,0.7522760544552971,0.3687348253563788,0.0829531076083797,0.14220798655722,0.3080000000000001,0.1462127650573179,0.3236511156186613,0.3172161982739546,0.2786491027007304,0.1586042823156224,0.339159009862254,0.3486161545165645,0.5890610382592029,0.3147104049205537,0.3539855794415821,0.1189376494812949,0.1782147315855181,0.3910601534543786,0.4485242027124101,0.393782383419689,0.5438057416062477,0.3821329744898634,0.2187344294967613,0.3767279996365453,0.0,0.0003578357975274,0.6202925992528896,0.2201000454752159,0.278123702781237,0.4195623236263116,0.4448584654112399,0.0
139.5727031,-29.9616404,0.3030243962441418,0.4023113680722017,0.5291068795233863,0.5873879985180772,0.5895457454253669,0.3805956690831665,0.4750900664455748,0.7272843070448607,0.8095949869119173,0.8317834673860095,0.1448424319010141,0.1799851219607689,0.3820234090715534,0.5858852290272775,0.0737108352448507,0.4909793814432988,0.3455627169062966,0.3708393472501377,0.3420441347270616,0.37198153519858,0.4906933089599956,0.3990176587533621,0.4881856931060045,0.0321766573682392,0.3023117372755234,0.4845941571680748,0.3782608695652174,0.7680728053694715,0.2862328421356283,0.0455745754230322,0.0470224559090137,0.2096666666666666,0.1087685140204488,0.2629614604462475,0.3860505642841338,0.2431135811537872,0.1593973037272005,0.6353741019567457,0.3127271469063449,0.2907818618535336,0.3024090210148642,0.5122043575928692,0.2869515176863774,0.1142322097378277,0.7645807087649954,0.2853290026230344,0.2932642487046633,0.6231963488680162,0.3535660411531258,0.384653712007972,0.3767279996365453,0.0,0.0031489549864619,0.7216532513004372,0.3757389722601182,0.3357202158572021,0.3920200992598437,0.441941695551715,0.0
139.5849141,-29.97880417,0.216111096433673,0.3364000525893321,0.4095013038672402,0.823498417252251,0.574336408417191,0.1486056381632691,0.4505203900614101,0.7633316473266601,0.8079781010117418,0.7475038604779995,0.3368531133938667,0.338592850710622,0.4115151985528638,0.5217018356493396,0.2550722260771402,0.2728021191294386,0.1215501569988431,0.46455608611814,0.4272890050329074,0.5346858798862595,0.2816546873565506,0.1685572837484894,0.1798863355572029,0.0548989121266417,0.2576644508383768,0.8309525625997574,0.3549961861174676,0.8329374971541096,0.331714704680401,0.0216843693546909,0.0623618978554343,0.3763888888888889,0.1311133438276669,0.2798106828938472,0.2637751714981191,0.3560872123736317,0.1977927570711074,0.5873234731149187,0.2696393548591874,0.4086569721444737,0.4710404920553563,0.2713087066977605,0.0894919161959619,0.1051550145651269,0.5781317718872676,0.5377900587161115,0.3854058721934369,0.6902185197755256,0.4370384419126826,0.3007806012290316,0.3722244378795921,0.0,7.156716149172535e-05,0.3724480217039222,0.1843262088828255,0.2707900927079009,0.4111031898035556,0.4400550740029645,0.0
139.4406131,-30.09326833,0.3993474978608791,0.4695719669486387,0.3740735131765584,0.4967904057200485,0.6788842126309947,0.4603745007173278,0.4190962637826144,0.5578921866759483,1.0,0.7959795137783676,0.335471963737884,0.2076661054774676,0.3645710315223808,0.4863612969634586,0.467698532522895,0.3371993127147766,0.3559742191373327,0.2819869383108069,0.150116144018583,0.4427682056740517,0.3850121516040363,0.1253654543328265,0.2127501853224611,0.281464081477635,0.1484274233554916,0.6283891172426079,0.2659038901601831,0.5896451856859093,0.1541142815933075,0.4195643415720795,0.1272672214826288,0.2056666666666666,0.4407604047460851,0.1496957403651115,0.2544810798849304,0.4970241841405068,0.1895321173671688,0.4241341180318595,0.3699329210136265,0.4883924068546116,0.4536135315222963,0.5057842327761838,0.0,0.1744694132334582,0.3793026477868803,0.910591893395278,0.2316062176165803,0.557794393661763,0.1480493189532971,0.3617339312406577,0.2924150205528983,0.0259626701829191,0.0,0.4033182454039859,0.1959981809913597,0.5350767953507679,0.8512672555024028,0.3899874881289048,0.0
139.2883161,-30.1330197,0.3993474978608791,0.4695719669486387,0.3740735131765584,0.4967904057200485,0.6788842126309947,0.4603745007173278,0.4190962637826144,0.2746244612744721,0.1410070544511406,0.1674349651097449,0.2039556563384135,0.0313221878548216,0.3589672144960107,0.3700463201235204,0.2944103096701768,0.2436103951890034,0.5907907783837382,0.5027354820915363,0.0866724738675958,0.5135818982425994,0.3880489853432894,0.47117296222664,0.4077094143810231,0.2104924145364569,0.1995857723980554,0.3603305337088048,0.5505720823798628,0.7639789134110253,0.4053703214019568,0.1239823754544621,0.0501604114084742,0.3468333333333334,0.2059136600757953,0.312292089249493,0.3231909714538616,0.5532770058395531,0.4095459952418713,0.35880255886084,0.3307939848394666,0.3899288344443947,0.3791004613018964,0.4115765225847607,0.0300230965829658,0.3281835205992509,0.4360593405586656,0.7094902740061404,0.468523316062176,0.3552197104737729,0.4217222810853069,0.4309915296462381,0.2987471253641266,0.0,0.0002862686459669,0.3766559369662446,0.419906775807185,0.3364466583644664,0.4683100769201385,0.7756714110942792,0.0
139.6293763,-29.86234092,0.3511889841941703,0.5500705433025546,0.4353420274117861,0.609988863333179,0.6511870343369414,0.2043666357193456,0.6703166340664757,0.6136242220320158,0.959856476228504,0.9669161876587968,0.1827572110619075,0.3677224854156063,0.4316751697693057,0.3443129181677818,0.2441074096997583,0.1026632302405498,0.1462568170550321,0.2573045054256778,0.2737127371273713,0.4947475407299193,0.5323127934733386,0.5565041125794253,0.3355572028663207,0.0253993488104624,0.2194662168865958,0.7341908530148267,0.4877192982456139,0.6510243571462567,0.3578691795475852,0.0766217535893573,0.1685890807432581,0.2101111111111111,0.1330911934549385,0.3473427991886409,0.3693294976764772,0.0678250730825995,0.2162305048902985,0.4878756379638314,0.4290257273497835,0.2158937198985275,0.3649410558687852,0.2992600647695241,0.0,0.268622555139409,0.3651332756453039,0.2540911582241807,0.2176165803108807,0.5274388375369864,0.3413047060782245,0.2439794054143829,0.4770257718038309,0.0012947263576133,0.1352619332927149,1.0,0.3195391844777929,0.39753701397537,0.3967709524420857,0.4655272228086303,0.0
139.5423814,-30.08753409,0.4932497059255088,0.351265882602236,0.4314183014978302,0.2951633483700624,0.6329079828061286,0.6450045100598419,0.5931641101085078,0.9247141655213422,1.0,1.0,0.5925869395650789,0.1938843428213461,0.6429211800960417,0.3926917138445704,0.3415590010372795,0.3642611683848796,0.6113039167079822,0.4052289900824269,0.2842624854819977,0.3905026875291868,0.6774179541956385,0.6184072038358087,0.4355077835433656,0.0347190215643787,0.4005357674372458,0.7982813088983789,0.3597254004576659,0.6758571121060001,0.246712661362052,0.0341619661032345,0.4093035761917187,0.3993333333333335,0.1262587440808763,0.2477079107505071,0.2953086966142954,0.5129119175854993,0.3219666931007134,0.5040600893694881,0.0854766567852577,0.1375132610312309,0.4161968221424911,0.6286421540148232,0.2419168728119285,0.3124219725343321,0.3855747477573886,0.2149418820958069,0.4181347150259065,0.1837985028896362,0.1759667453542314,0.4763328350772297,0.306690980737281,0.0134242678166374,0.0078008203145942,0.2787157535045085,0.3115052296498407,0.4014113740141137,0.4034724604722919,0.346077729650055,0.0
139.6789564,-29.89734919,0.357705015457248,0.7388199373021479,0.2678693492928442,0.8112872342400971,0.4779532270493191,0.4584259284923464,0.333232944195643,0.9334064950611638,0.9534953269340531,0.9328101468178902,0.3162501059783478,0.1558800882241624,0.3860997335760196,0.359752959341225,0.2006341070149745,0.1924398625429553,0.0475954387704511,0.3067730953160685,0.2375145180023228,0.4128083284510163,0.4968285501340512,0.3433516547772191,0.3065233506300964,0.0397642350185838,0.2552832622283957,0.6874103899042143,0.5267734553775743,0.8991214521900714,0.5902786124666459,0.0588550091393031,0.0897397586992518,0.2753333333333335,0.177603531184382,0.2376470588235294,0.0871874308475326,0.0806714726078222,0.2684377478191909,0.6604296785653214,0.3995667000266676,0.2248785968618012,0.4100461301896464,0.3055893825687781,0.0034642031807068,0.1423220973782772,0.7298952088746757,0.2240607779972318,0.2932642487046631,0.796690499215889,0.2636571578732808,0.255107125062282,1.0,0.000136286987998,0.0,0.5040149248059514,0.2983174170077307,0.3403902034039018,0.3937794691864399,0.4273485340553709,0.0
139.2978013,-30.18594897,0.3658858281977871,0.2437290009002786,0.6529220049755254,0.33427527465531,0.7643409633148649,0.4973230831148009,0.3289997290114645,0.8635661823137428,0.8377235892676765,1.0,0.1931653700322658,0.0907299374861333,0.4983287279809998,0.2017498713329902,0.894059956342105,0.0416666666666666,0.1621219633118492,0.325750361793352,0.1289198606271777,0.4665275001454652,0.7110173844318007,0.1974038124196,0.0971089696071164,0.1107167099727532,0.2222442702649073,0.785986287001101,0.4141876430205949,0.5865009451788271,0.3303685184740019,0.6095075127958857,0.087091790352251,0.4156666666666667,0.3723049026882893,0.4275050709939149,0.3178800619606109,0.4910330291197287,0.4095955590800949,0.2638556537640415,0.2850503166882779,0.6471849573130135,0.4397744746283957,0.4690554469690408,0.1004619008934091,0.3361423220973783,0.556765598184005,0.4566817171021091,0.4310880829015543,0.4050343606506252,0.4576581221013173,0.3069257598405582,0.3002608377073111,0.000204430472541,0.0025048506224168,0.4020020957094709,0.5093224192814916,0.3399750933997508,0.8896495536513827,0.2325067806950659,0.0
139.317682,-30.16636948,0.3523858109446177,0.4468539208818852,0.3428055347204181,0.7018899185612066,0.6324570408601116,0.3592698579507907,0.3629563809374948,0.9570350978435508,0.6138559240375914,0.8488436321438195,0.7360189452467504,0.6239379820680475,0.5518118578291183,0.48327328872877,0.2532621871446688,0.3729059278350515,0.3296355974219137,0.6776911860359895,0.5216318234610917,0.3145117338697214,0.3694552025945185,0.4138697228394339,0.4699777613046702,0.0771289180047199,0.1256201012005159,0.7440525203949291,0.6421052631578947,0.5997981069594862,0.3829058390826703,0.1419560156611566,0.099444398044522,0.2415416666666666,0.2009270191490335,0.3019066937119675,0.3816109758796195,0.4365261348977596,0.2367168913560665,0.5289870615207217,0.2405647296109886,0.4639891651320119,0.4069707842132242,0.4551274533237435,0.3885681349197494,0.2390761548064919,0.3778045525000623,0.5295920858619731,0.3901554404145078,0.5262529195546065,0.3688926115866106,0.8071748878923768,0.4729410530270679,0.0017717309007112,0.0143849995293549,0.4525556610774849,0.2993406093678944,0.3255500207555001,0.392018460241648,0.4648140104381847,0.0
139.5478033,-30.10290043,0.3370040106707228,0.6372581466181113,0.3303926714298766,0.3393440369415632,0.4482407409056257,0.5604907876294682,0.6306608398917377,0.7799311535182343,1.0,1.0,0.0707980634478722,0.4362397713480286,0.3265667741450729,0.5157831531995196,0.2332086433288738,0.3457903780068729,0.5200793257312841,0.1148837491588675,0.3850174216027875,0.5416616510881846,0.7151698063762287,0.4275523330604606,0.2986780331109464,0.0669852712820099,0.431193570790753,0.7835346111537254,0.5921052631578947,0.7034143762826528,0.1844034712372894,0.1761312723204216,0.3668005124438211,0.2725555555555556,0.2007206738194447,0.2928194726166329,0.3226377517149812,0.4373087596607737,0.2270684641818661,0.5261583017684457,0.277781655410563,0.5062430608122162,0.5310097385955919,0.3450996063564923,0.1662817578015781,0.2018310445276737,0.5645280489729672,0.4167040964127247,0.2466321243523315,0.5428941737509293,0.3723559050342678,0.2871616010629463,0.5437146024629739,0.0036116051346683,0.0032205222969211,0.6310089029936403,0.419281491587085,0.3644665836446656,0.3417219697407753,0.2648350106659923,0.0
139.6321918,-29.84925002,0.3734080001605261,0.5551763972403218,0.355239742704021,0.7082681425133281,0.5512869577131222,0.2478813391176445,0.5349688096056809,0.5339489736974063,1.0,0.8604185239336588,0.1843397374865824,0.279080693786461,0.4277077324146203,0.4390118373648998,0.2767761779693528,0.4110824742268042,0.6465047099652952,0.2709292972361148,0.3896631823461091,0.5536734789873727,0.4191736844919055,0.2947023739913461,0.3925129725722759,0.0259499734971151,0.2115289215199921,0.7188625704807481,0.5894736842105264,0.6640717008779872,0.3652732036827809,0.0754673374276661,0.1285340063938745,0.391,0.0929372578559686,0.3252738336713996,0.3049347200708122,0.0077264592165598,0.3481363996827913,0.4897698784726188,0.3385169051702149,0.0922752890358695,0.4807790876473602,0.0185495197591341,0.0,0.1944444444444444,0.6878918769577781,0.1614720604894161,0.4347150259067358,0.5735405729394727,0.2782347396520745,0.6865969108121575,0.3767279996365453,0.0018398743852542,0.3429498551088499,1.0,0.1132332878581172,0.3354088833540888,0.4054595660027713,0.4505003251235234,0.0
139.6288085,-29.91508744,0.5511000576748883,0.6000600199646938,0.2398752891524401,0.6838491703853831,0.6702419486656412,0.3019062861619296,0.2250922056408693,0.8326087927730459,0.8831252979640549,0.8270583459002128,0.2549894491552777,0.3331897733056654,0.4725257673132714,0.3958440555841482,0.7124062686954328,0.2079037800687285,0.5111551809618247,0.2892974924518748,0.3463995354239256,0.6365237626557321,0.3317743707596997,0.1777569874868436,0.3895941438102299,0.0355008187443351,0.2969540629030659,0.7675078631390997,0.255720823798627,0.7454201972868454,0.3205605903988077,0.0823793429092653,0.1787892384890916,0.211,0.1520805412362182,0.3616227180527384,0.1876797964151361,0.2492980916325742,0.1554321966693099,0.2874964092295152,0.2913754618515551,0.4269350658231526,0.3065094823167607,0.3957812750150597,0.1195150127789278,0.1616729088639201,0.420023751267352,0.4213842907806276,0.3,0.8093545916008031,0.3280150724973163,0.2660687593423019,1.0,0.000204430472541,0.0003578357975274,0.7327289659613123,0.2096407457935425,0.2934827729348276,0.4155362298614488,0.4313994451236538,0.0
139.5518463,-30.10031555,0.3205936447745007,0.6613092883959903,0.2922121710248709,0.26656533170261,0.4118907340587383,0.609640122066643,0.6906712791998153,0.7715902418272162,1.0,1.0,0.1629197190269378,0.3000665596491915,0.4375847091181543,0.3355635615028308,0.5227958645898613,0.1851374570446735,0.6152702032721865,0.1155807225770716,0.3278164924506388,0.4740760015452219,0.6560271525173564,0.6544263828791954,0.2012601927353596,0.0953961032338873,0.3582696696100804,0.8108702237231724,0.5482837528604121,0.7019537337738485,0.3220029327628068,0.2157825545341655,0.3670845226695994,0.3773333333333334,0.2545766189268358,0.3353346855983772,0.2743969904846206,0.48395677341061,0.3076923076923075,0.4975811017271747,0.2073315583794786,0.3717191235230036,0.6360840594566889,0.2786046463386033,0.1807159325401253,0.2627965043695381,0.5142019316436418,0.430518180112992,0.2031088082901554,0.6698175445924832,0.3692361285882132,0.336322869955157,0.3756391871643804,0.0032027442274105,0.0032205222969211,0.4612892433850077,0.3860845839017736,0.2312162723121626,0.3503293042313201,0.245997289798811,0.0
139.5672509,-29.9570591,0.3751808981795217,0.3961436757273362,0.5810438472539159,0.5569201122263066,0.6075140195782511,0.4605857277774001,0.4132328730222679,0.7526868367452906,0.8273292834167268,0.9539816028294428,0.1198467732884536,0.1205904232410633,0.3963397263449891,0.1734431291816778,0.557550701605771,0.1993127147766323,0.1536936043629151,0.3558138338296802,0.1376306620209059,0.311586940827307,0.5177966612426714,0.489767278680856,0.2509266123054114,0.0296365680009431,0.3380295664252407,0.6474105101673049,0.2123569794050343,0.7474273437037007,0.330080050001202,0.0461844507577229,0.0560973770568267,0.4660000000000002,0.1431927155533401,0.473265720081136,0.2259349413587077,0.3343482929754485,0.3310864393338618,0.42059079012982,0.3095820534662309,0.3797635001334413,0.5181957970271656,0.4684058102038185,0.7696305367149688,0.6882022471910112,0.1847492767825146,0.3366239777735475,0.3155440414507771,0.6472009482392472,0.415978277929403,0.5729945191828599,1.0,0.0,0.012094850679417,0.3337598871149563,0.3856298317417009,0.5296803652968036,0.3748384067837732,0.4499388863740058,0.0
139.5648847,-29.9551814,0.387553586500766,0.4284680275152719,0.6031738953289398,0.5951545898637349,0.6231415516288359,0.4709402943738354,0.3054821582224524,0.7468876515899587,0.8232806912861357,0.9760913181970312,0.1155066125331606,0.1190243138483223,0.3999761808721185,0.249613998970664,0.5499403206335356,0.1348797250859107,0.285572632622707,0.350557161682473,0.1303716608594657,0.2984514557412925,0.5347807574680894,0.3578528827037773,0.1586360266864344,0.0287048041270718,0.3094553031054669,0.6677216307825407,0.2489702517162472,0.7388869911519409,0.325176085963605,0.0477755670765854,0.0588350370247795,0.4573333333333333,0.1317713187438812,0.3554563894523327,0.1721619827395442,0.3310159867940757,0.3271213322759713,0.3371175136561031,0.3052138570979278,0.3825750761945374,0.4751409533572527,0.3076460958596602,0.8296767298809007,0.6819600499375782,0.212856479238115,0.3446881997040684,0.3321243523316063,0.6495116868392694,0.4118851595743001,0.571001494768311,0.3767279996365453,0.0,0.0128105212416307,0.4324877900020742,0.4197362437471577,0.5064342050643419,0.3681444941487546,0.4573327755145024,0.0
139.2867117,-30.13103957,0.3993474978608791,0.4695719669486387,0.3740735131765584,0.4967904057200485,0.6788842126309947,0.4603745007173278,0.4190962637826144,0.2346566631293073,0.1133175864085749,0.1316009007608277,0.1893886656017305,0.0366469597901413,0.3676925925864025,0.5141533710756564,0.1157753121888067,0.3127684707903779,0.2229176995537927,0.4046995383389987,0.0422110917537746,0.4672574438890664,0.3186458567042047,0.1457724242778622,0.4896219421793923,0.3811588296560763,0.2008879849191388,0.4820417609823691,0.4361556064073227,0.7548846204537545,0.5421764946272747,0.1679315459868454,0.0429782098764963,0.329625,0.2657955952853346,0.3720081135902637,0.2504978977649923,0.6793619964800901,0.3877874702616969,0.2825047921008792,0.3024531855953918,0.4254655013738285,0.5540748334187595,0.4285169800521118,0.0300230965829658,0.199438202247191,0.6412935910399841,0.7753022561781688,0.4854922279792746,0.450838466614683,0.4984520125700915,0.5714997508719483,0.3520699251294976,0.0,0.0,1.0,0.410356980445657,0.1944271481942714,0.5839302846518748,0.8398422849680156,0.0
139.6365515,-29.93895223,0.6681295992043632,0.973758044272394,0.1362411847408145,0.8932900719087129,0.7039621619698303,0.4393910137160792,0.5249581028773179,0.9157014801373756,1.0,1.0,0.1952839341523682,0.4121999921694531,0.3882377598585738,0.4040144107050953,0.2966099419647946,0.2469931271477663,0.384234010907288,0.2994102968393074,0.136759581881533,0.5764815930835672,0.9547107566333832,0.6291661793942229,0.1612305411415864,0.0322666313642471,0.3508284552038893,0.3570618204900496,0.420137299771167,0.880272819922125,0.3372917618211977,0.0702482760061662,0.1946580615937644,0.1276666666666667,0.0487673761155053,0.196105476673428,0.6398539499889362,0.105585027563776,0.2716098334655034,0.3693727825192801,0.6038929385102472,0.2331887639531691,0.2711430035879036,0.6707627189625173,0.0,0.2240948813982522,0.5269679880933622,0.132007435789782,0.4523316062176165,0.3815104695031901,0.2897684520075129,0.3393124065769806,0.3516092587830559,0.0340717477181773,0.0,1.0,0.2237380627557981,0.2220838522208385,0.4154698163707139,0.436549574417524,0.0
139.323858,-30.17168505,0.3523858109446177,0.4468539208818852,0.3428055347204181,0.7018899185612066,0.6324570408601116,0.3592698579507907,0.3629563809374948,0.977511413714386,0.7100893025349209,0.9897361021493808,0.5376952411989835,0.2392754133876251,0.5426507267654368,0.3494595985589295,0.3853631289182917,0.4716494845360824,0.6152702032721864,0.5439407595531064,0.4840301974448315,0.1886379976060394,0.4364907647030102,0.3821775230967138,0.4703484062268347,0.0517544192267304,0.1094354598670503,0.7816011940621603,0.5644736842105262,0.5366654290618779,0.3470996898963916,0.1519241381532882,0.14860828609069,0.5470000000000002,0.2593475567870677,0.5021501014198783,0.5382413144500997,0.4852593637739134,0.5467882632831085,0.2830864406781965,0.2577928666908382,0.4405371085680745,0.5269092772936956,0.4373317010141554,0.2442263260024599,0.2016229712858926,0.4927773271707499,0.525744859879588,0.5523316062176166,0.4200925337747093,0.3127731566546899,0.6676631788739413,0.2656735026629016,0.0027938833201528,0.0057969400708985,0.2646997517368218,0.2164620281946338,0.1320049813200497,0.3425096137998785,0.5057845068861124,0.0
139.6234478,-29.84363512,0.405101204716201,0.6545096345199697,0.2719088496798453,0.755617476932835,0.5545647583167934,0.3823908368358913,0.4529157968038746,0.6371833179442459,0.984969634567626,1.0,0.1639427951012402,0.249220208031531,0.4296133024377821,0.3993823983530623,0.0693275274884259,0.1348797250859106,0.4541398116013881,0.2742578773082871,0.3368176538908246,0.6472259048101779,0.3914790059659513,0.7952286282306165,0.3276501111934767,0.0244148381490831,0.2276019446373648,0.8411629929424358,0.5647597254004577,0.7367292699624766,0.1494987860285103,0.054502801355768,0.1320797052454489,0.5333333333333334,0.1194905904159287,0.4638539553752535,0.2631113078114628,0.0066614312475731,0.1597938144329896,0.4264236737033887,0.3659491068575797,0.0420275440047791,0.132752434648898,0.4124351608513794,0.0,0.2930711610486891,0.6342069422332988,0.2300458768387904,0.7082901554404142,0.1360146573463722,0.2648342743825922,0.412057797708022,1.0,0.1552308768523033,0.6948455458469703,1.0,0.4815825375170532,0.3798256537982565,0.4070825085186562,0.455988758473049,0.0
139.6827876,-29.89669705,0.360776730097255,0.7586082565681384,0.2635365627560158,0.8272809329840438,0.4873635734602518,0.4682821333225145,0.3035827488074685,0.9000406653732371,0.9302015934873132,0.9121142096664312,0.3235074058199541,0.1773879905511399,0.3923344831757006,0.339166237776634,0.105098688622839,0.1755798969072164,0.1305156172533465,0.2962389807125858,0.1885525551684088,0.4944411975110162,0.496131957904116,0.4007718395509296,0.3250555967383248,0.0380068501826352,0.2329224129377914,0.7123851816329698,0.4700228832951944,0.916626366570816,0.5709512247890576,0.0541544246485171,0.0857853532440986,0.2546666666666667,0.1692733894401275,0.2447870182555781,0.2441911927417571,0.0661680759691622,0.3394131641554321,0.3377148482260767,0.3797525835462246,0.1846415651293526,0.3854433623782676,0.3695168065880166,0.0017321015903534,0.2094257178526841,0.6755803391918505,0.2623360492975849,0.238860103626943,0.7970056239688137,0.2916370637797906,0.3044344793223717,0.3625627269010122,0.0,0.0,0.3546006054373113,0.3681787175989085,0.2634391863843918,0.3879634097371623,0.4176936515699924,0.0
139.5989215,-29.95100655,0.3571788560602083,0.3765611534343218,0.5380795672279498,0.5276044362409609,0.5754971421750954,0.5658710077126503,0.393666829059248,0.9603539578129212,1.0,0.9907754774469492,0.1579045506923484,0.1428291766179867,0.3811307481278963,0.2048378795676789,0.6413944772031875,0.0992268041237113,0.1026276648487852,0.3683622861371614,0.1414053426248548,0.5811824079352726,0.5554684271102468,0.3078002572798503,0.2605633802816901,0.0340323844741637,0.3270165691040778,0.7804146295539782,0.3459954233409611,0.8038825152385274,0.3623885189547826,0.0580683215846609,0.0797006228349216,0.207,0.188346729624061,0.1584584178498986,0.3421110865235673,0.1188471084561072,0.244052339413164,0.1903303420395303,0.5771945826896674,0.718225524434014,0.1786263454638646,1.0,0.0773672100309004,0.1170802122347066,0.6572490800313993,0.460671533672611,0.3238989637305698,0.592687909827327,0.3621354213486943,0.2709890383657199,0.3589202281975895,0.0,0.0007156715950549,0.3662219031765554,0.1450659390632106,0.2129514321295142,0.4203805820428211,0.453690736773464,0.0
139.6277728,-29.89915681,0.5613342081832834,0.7179048590963071,0.2531543040217766,0.6889492315813208,0.6148091722701317,0.4191053270444813,0.2281565449264127,0.8743195138687524,1.0,1.0,0.2039260225144857,0.3401589601033631,0.4118013507715424,0.3731343283582089,0.7764099777280382,0.1808419243986254,0.0609816559246405,0.2709452253872408,0.2195121951219512,0.5221795537035863,0.709823743573238,0.5150274821658284,0.1796392389424265,0.0293359981770665,0.2648080166683203,0.7443060124404652,0.306788710907704,0.7011518076294803,0.448352123849131,0.0797877470687944,0.4866850420289702,0.1956666666666667,0.2111729767809706,0.1490872210953347,0.2332374419119275,0.192574277073089,0.2220459952418713,0.2973053771081681,0.3545568777422638,0.2054587485765463,0.2116863147104049,0.7122146816162848,0.0034642031807068,0.2194132334581773,0.4093660752963086,0.2551279488738284,0.2590673575129533,0.6464182724006214,0.3524387420444797,0.2142501245640259,0.2705236465861307,0.006337344818981,0.0011450745838676,0.3803916015982524,0.1978171896316507,0.2565379825653797,0.4516380943034888,0.4184824961816628,0.0
139.5872339,-30.04513276,0.6270593829764921,0.3506645712174201,0.4737791258174015,0.2312893638088899,0.5571116984543483,0.5039824002227425,0.4114743282630397,0.9772176149616938,0.8417992237163182,1.0,0.3477187055716488,0.3066050663638855,0.4492552637157047,0.4251158003088008,0.378706664755704,0.2164948453608248,0.0193356470004957,0.2783572312322139,0.3281068524970964,0.3397725672114172,0.6516757961239678,0.6427318442287452,0.4058098591549296,0.0219636520171484,0.1793828752852465,0.8253278202728245,0.7302631578947367,0.6744001377925776,0.1852688766556889,0.0630648290733354,0.2125577166995912,0.6466666666666668,0.1582610682700567,0.3746044624746451,0.2117863465368445,0.1827540923667427,0.2462331482950038,0.4460371144885021,0.7086594964314943,0.4247690419860631,0.407483341875961,0.4997497577178216,0.0051963049312993,0.4279026217228465,0.2430861717768545,0.311698673788535,0.4507772020725387,0.25607869471,0.3522111303209834,0.5640259093173892,0.2990493058166951,0.0,0.0,0.503468609357749,0.442019099590723,0.2801992528019925,0.4134275748993891,0.4214422804097156,0.0
139.6597326,-29.85053098,0.5470004590999182,0.5020771418344303,0.2582426906310504,0.6313174408555592,0.5149975505769786,0.2495693729258433,0.6043912407504664,0.7530347268497906,1.0,0.8672661239422829,0.1969410286474051,0.390587682549626,0.428880496456438,0.3520329387545035,0.426558611310363,0.3642611683848797,0.451165096678235,0.166680588755648,0.4308943089430893,0.4978334141566155,0.3749320352706229,0.4153900128639924,0.6556708673091179,0.8030604728061246,0.4526242682805835,0.5988027057692085,0.3734553775743707,0.7227882898389758,0.2247890574292652,0.2785477987691637,0.0568748202933985,0.40575,0.2985369741202954,0.4583367139959432,0.4519805266651915,0.567857359640835,0.5101605868358443,0.4326553612352923,0.211874486575046,0.2612939347343567,0.5925807278318811,0.4933191204228001,0.0005773672234909,0.4742899500624219,0.3820539434763043,0.4975191311588959,0.7124352331606215,0.3220634041537353,0.808015984431297,0.7169905331340308,1.0,0.0046337575541098,0.1318982754214835,1.0,0.5093224192814915,0.5483603154836031,0.3413938279273117,0.4988861034799272,0.0
139.5837874,-30.0423464,0.3642974939088186,0.548963233980706,0.3258345433044031,0.6047228593254598,0.5360695580163855,0.2437528541337077,0.3463483227194794,0.9054893614439792,0.88799402215652,1.0,0.3998851092993131,0.3777455855291492,0.460457777060157,0.5126093669583119,0.327484487562969,0.2813573883161512,0.4432325235498265,0.3102906257356649,0.2587108013937282,0.2575167021301485,0.6334783287452459,0.6235528008420066,0.4592290585618978,0.0296540656919891,0.2921916856831035,0.8811782813878211,0.4755148741418765,0.6937658926531295,0.2063270751700762,0.0667693787917709,0.1670663291334229,0.522,0.1462444946024423,0.3620689655172414,0.1585527771630892,0.1573093029154239,0.1578112609040443,0.4931576564435529,0.7027187334804734,0.4112078864314362,0.3849308047155305,0.4474485224074145,0.0051963049312993,0.2059925093632959,0.4819679204568558,0.3340146448081709,0.3326424870466321,0.6015808796492839,0.3720883606621258,0.7703039362232188,0.340366071625564,0.0,0.0,0.4130118834728308,0.3997271487039563,0.2353673723536736,0.3824001896986584,0.4191345537474418,0.0
139.5171066,-30.06053996,0.2249407426320638,0.4085470719368979,0.2409759545749942,0.6577719450384478,0.603311257823631,0.3404124522581403,0.4960452949934028,0.8963124087324713,0.8363100544631437,1.0,0.3346153979498064,0.2744867729010871,0.4194278816339672,0.3602676273803398,0.1742201911537215,0.1549076460481099,0.3777887952404561,0.3587437216604012,0.4202598722415795,0.2741701377235855,0.5550361503402946,0.6590457256461232,0.2475908080059304,0.0273237250045803,0.1490599265800178,0.9589964871902898,0.3615560640732265,0.6866692574279741,0.5046034760450973,0.0411007865067652,0.0909231876022744,0.3762916666666667,0.0291017924037599,0.2811359026369168,0.2880061960610757,0.1937819269953788,0.1316415543219666,0.8127363507193059,0.6654668692605104,0.3645085891592434,0.2920937980522808,0.7130195350336638,0.0005773672234909,0.3415652309612983,0.4450337725458305,0.3231696344196952,0.3257124352331605,0.4566682324339371,0.1226157864000218,0.3342052815146985,0.4213817144251923,0.0,0.0,0.4909750568712501,0.4931218735788993,0.2590805313408052,0.3794026779221661,0.41951693352953,0.0
139.5807337,-29.99969203,0.3993474978608791,0.4695719669486387,0.3740735131765584,0.4967904057200485,0.6788842126309947,0.4603745007173278,0.4190962637826144,0.9220176747008896,0.9996874258505032,1.0,0.2764817864658708,0.3551936102736776,0.4772645684082664,0.2655687081832218,0.3874432788204411,0.2560137457044674,0.6078334159643034,0.2953506146304517,0.210801393728223,0.5087390209665031,0.5515182865603853,0.3101391650099402,0.5370644922164568,0.2851587819405737,0.1594404206766544,0.6160001398058428,0.4054919908466819,0.8358605125874732,0.1301713983509219,0.0124329756698475,0.1204704595626563,0.3330000000000001,0.3834411467367467,0.3246247464503043,0.3211993803938925,0.546010164942465,0.3647898493259315,0.4089813562625217,0.397330164417942,0.625821899008165,0.5879036391594055,0.5786783188927488,0.0230946882986829,0.2125468164794007,0.4317962865733007,0.5395078775180167,0.421761658031088,0.2687723997845817,0.4813820080646838,0.5166915794718486,0.3755124113035681,0.0018398743852542,0.0,0.4017561550645545,0.3115052296498408,0.2685761726857616,0.4520142230527103,0.4259487266265378,0.0
139.6356388,-29.93721026,0.6681295992043632,0.973758044272394,0.1362411847408145,0.8932900719087129,0.7039621619698303,0.4393910137160792,0.5249581028773179,0.943389963065056,1.0,1.0,0.1870210434103071,0.3718335225715516,0.4099294843725157,0.3904400411734431,0.2849548851918599,0.1550687285223367,0.4343083787803669,0.2847101424525169,0.1527293844367014,0.4982343213435003,1.0,0.7072856975792307,0.1392234988880652,0.0308132995494588,0.3523166980851276,0.5707659030085692,0.3189931350114416,0.870973079421564,0.3381571672395971,0.0716739966395688,0.1930668098952082,0.171,0.0636541515525056,0.1694929006085193,0.5838404514273071,0.1578975627152454,0.2605075337034099,0.5151905083237872,0.6194786123039411,0.2782239383339491,0.3331624807790877,0.5509064487790185,0.0,0.164481897627965,0.6656978546781942,0.1375889529488797,0.4222797927461139,0.3845701325175531,0.3064043584430318,0.3323368211260588,0.3516092587830559,0.0351620434708647,0.0,1.0,0.2005457025920873,0.2357824823578247,0.42106623216392,0.4456658661622243,0.0
139.5911487,-30.05835643,0.5386506095515636,0.3487050642080711,0.5094802508576125,0.3026086446603337,0.6723929476160394,0.3236686604205255,0.4253658261173587,0.8265790801678586,0.848339924109632,1.0,0.1929131995856737,0.5483340511334716,0.3711763410069989,0.7817807514153372,0.2355257628454297,0.3041237113402062,0.1968269707486366,0.1736599647785041,0.497677119628339,0.3392554082359629,0.6210384658734472,0.3606595719798855,0.7599610822831728,0.0120092439626657,0.4106558190296657,0.8739646569326223,0.7350686498855834,0.6789333158118013,0.1168657900430298,0.0129270678842551,0.3636385451707266,0.2810000000000001,0.107181489346942,0.5063691683569981,0.4226460500110645,0.2387807379508718,0.2383029341792227,0.4139782219279651,0.6197232408346434,0.4344480514238334,0.4777037416709381,0.3455978269505069,0.0005773672234909,0.1073657927590511,0.4787575565798385,0.3228576962589961,0.2362694300518134,0.4040507365025868,0.353997252525522,0.5789735924265073,0.2618160541507389,0.0,0.0,0.3299322148061029,0.3645975443383356,0.3182855956828558,0.399657753837521,0.4470518860091628,0.0
139.4855518,-30.07783384,0.6567232302577423,0.5958371334303685,0.3691295049662785,0.5882425212808582,0.5849964887260545,0.6640854718834996,0.2049952531189756,0.6767453427268264,1.0,0.859114199881811,0.3303428265960425,0.1454393589392219,0.2097470091248614,0.3407102418939784,0.3232912831438607,0.2276632302405498,0.2835894893406049,0.2806075604232952,0.1097560975609756,0.4580461830468588,0.5662648422507671,0.2680388258683195,0.4766493699036326,0.0305675449302428,0.260045639448358,0.490111884135532,0.3263157894736842,0.6271717548969907,0.5749897834082551,0.0567265410565332,0.1471542331781252,0.5206666666666668,0.1445627667390767,0.2152535496957404,0.2890019915910601,0.2019936177908432,0.2347343378271211,0.2948996133704135,0.4251817066006124,0.4502023939663613,0.265504869297796,0.5321477322651107,0.0063510392180421,0.2175405742821474,0.3788227595682165,0.4979831455476938,0.3471502590673576,0.425410790103523,0.0937335797723748,0.4260089686098655,0.4249896432326676,0.0216696314131985,0.0007156715950549,0.3821709377061645,0.2078217371532514,0.2187629721876296,0.3990525638410889,0.5143762399703972,0.0
139.616742,-29.85464346,0.3434754813775191,0.8353733021498058,0.2870087979052916,0.7251026941058545,0.5588153556983524,0.3442805892154588,0.5641739185625315,0.4140270298795548,1.0,1.0,0.1621786191380149,0.2897302376571004,0.4388286324837641,0.2012352032938755,0.7309135250048537,0.1542096219931271,0.2121963311849281,0.2643094514404748,0.164924506387921,0.6788007438212558,0.4434100621056956,0.1679335750204654,0.4010378057820609,0.0238329721929663,0.2314713761285842,0.7922782076139316,0.331350114416476,0.6585826969693641,0.1192095963845285,0.047207210706802,0.1698198182027705,0.186,0.1130956513940567,0.4223123732251521,0.4101571144058422,0.0388121992973116,0.2846946867565422,0.2895998086056148,0.5041235877002619,0.2723471051774294,0.4008200922603793,0.3177626985799932,0.0,0.3074282147315856,0.3627514513273502,0.2108339540081095,0.3870466321243524,0.5851387148242633,0.3770020446483806,0.4299950174389636,0.3527559996225663,0.0006132914365352,0.129035588087872,1.0,0.398362892223738,0.3046907430469073,0.3886879549774733,0.4702686112560719,0.0
139.6009464,-29.85678724,0.3404623968489458,0.938268884467679,0.2094666677028114,0.7830371401744003,0.5507140952843226,0.4499165949625627,0.5853734277815845,0.4156172541899555,1.0,0.993148759100823,0.1234932271419065,0.271354554115605,0.4186497428900316,0.1883685023160062,0.2015719995487269,0.127147766323024,0.2523549826474963,0.2732730503429338,0.204123112659698,0.7321766298997371,0.3615410566463269,0.4607648228277395,0.2705707931801335,0.021026620344916,0.2603432880246057,0.6143467102219493,0.4077803203661328,0.6350681351471723,0.3522921224067887,0.0504841670444418,0.1749571262482901,0.4493333333333334,0.0358864615448319,0.37947261663286,0.4058420004425759,0.039600435030999,0.2517842981760506,0.3553660074501598,0.496016205706614,0.3820375592294402,0.3649410558687853,0.6646648132893854,0.0075057741457414,0.1981897627965043,0.354442503017821,0.1194079219917287,0.4233160621761656,0.3898135998756624,0.4018924625635861,0.4778276033881415,1.0,0.002044304838883,0.1308247714849465,0.4008640557569531,0.3224192814915871,0.266085512660855,0.4183827517365567,0.4842832689119857,0.0
139.6330015,-29.8772813,0.4127323959818737,0.3340680886615964,0.4368413024415962,0.4650776598708427,0.2337294958011765,0.9777419634400266,1.0,0.7838925314249674,1.0,1.0,0.2082911342045615,0.4100074390196156,0.4372250832511355,0.4393549493909761,0.4292355332678307,0.3764318442153493,0.3042472318625019,0.2594505158456512,0.3350754936120789,0.3967189306344358,0.5194913271662951,0.3085798931898802,0.2680998270323697,0.0279304463684744,0.2573668022621292,0.7151051005455811,0.429443173150267,0.6815373269555642,0.5501814947474699,0.0759567132954912,0.3068220015909637,0.449,0.2140330151804338,0.5602434077079108,0.4195618499668068,0.0721322091186232,0.2453079566481626,0.3088184041209579,0.3760483562039293,0.0994522968533483,0.4650606526567572,0.1260586815729201,0.0,0.1862255513940907,0.4368534430244825,0.2640969444645697,0.4093264248704663,0.5509529650789875,0.3554117342968269,0.4774954326523833,0.3532468886498505,0.0038160357395943,0.0,1.0,0.2401091405184174,0.3507679535076793,0.4188391774413363,0.485623325863164,0.0
139.568089,-29.97521634,0.3993474978608791,0.4695719669486387,0.3740735131765584,0.4967904057200485,0.6788842126309947,0.4603745007173278,0.4190962637826144,0.5027123058797858,0.651404099216074,0.6889153595528676,0.202679439214874,0.5002153400415018,0.3826952868737503,0.2955910104649168,0.5635038934226974,0.1685280641466209,0.2034374483556435,0.3575137285929166,0.2990708478513356,0.5165815708120784,0.1664748538085579,0.3537987759716213,0.331850753644675,0.4225760234710562,0.2905050104177002,0.6194413553950961,0.4111365369946605,0.7786404257840985,0.3178682179860093,0.0297769706183451,0.0312525994445544,0.3243333333333334,0.1044305935592401,0.3517511832319134,0.3339234343881391,0.5279237292069957,0.3451295268305575,0.3801771828112752,0.2166969618590433,0.2626607825836715,0.5033316248077907,0.2524959662465376,0.124711323478835,0.3401997503121099,0.4391959635480469,0.4027654754391451,0.5208117443868737,0.5587087634018414,0.5219388831741908,0.4809832253778442,0.359807391140108,0.0,0.0025048506224168,0.4244101420072161,0.4596028497802031,0.458419814584198,0.4754043022771234,0.3778195126607946,0.0
139.520267,-30.1197305,0.3431361157954152,0.4716127199022695,0.5053020839846938,0.5297329387614544,0.4769371180565067,0.5479092795312037,0.6567862298922031,0.8436812896737388,0.8777753472051137,1.0,0.122792377714883,0.1051642457225637,0.2285886178013423,0.3017241379310345,0.4814431377365335,0.3088487972508592,0.2166584035696579,0.2021245690048044,0.1637630662020905,0.1417801497486935,0.5872015715580267,0.5674190153198457,0.231977390659748,0.0066714741884583,0.4960809604127396,0.6522134233903443,0.2937643020594965,0.7646142620122888,0.2095002283708743,0.0989911043858207,0.1734667081103127,0.1026666666666667,0.2665262011134354,0.1798782961460447,0.2562237220624033,0.2434611796131461,0.3628072957969864,0.3158423465092894,0.6572896501514072,0.5591697953361059,0.4582265504869299,0.4226656435388015,0.0230946882986829,0.2409488139825219,0.5779844981004185,0.4508115678977519,0.4549222797927461,0.4088035375873469,0.3652702436119824,0.8470353761833583,0.5759649623383167,0.0012265828730704,0.0009303731291859,0.3355688816007293,0.1584811277853569,0.084371108343711,0.380184938246123,0.3581879117464419,0.0
139.6010077,-29.83455681,0.3993474978608791,0.4695719669486387,0.3740735131765584,0.4967904057200485,0.6788842126309947,0.4603745007173278,0.4190962637826144,0.6050444732527174,1.0,0.9215250627696052,0.1076748484434413,0.397269749291988,0.4209312795770294,0.6525990735975298,0.1849299539145519,0.3157216494845359,0.593455627169063,0.2228031956352278,0.0804297328687572,0.6302373104730238,0.1569952125097867,0.3349315869488949,0.1208302446256486,0.703660652532009,0.0760988193273142,0.5976447977005697,0.557437070938215,0.6517705694449307,0.4446020337027334,0.4059354272330597,0.0941248964461229,0.156,0.2513394410056683,0.1062068965517241,0.3255144943571588,0.4325607046280447,0.2993655828707374,0.374772321814209,0.1948560197428492,0.1396957157252798,0.3470015376729883,0.4990487301949374,0.0,0.1385767790262172,0.5090462184106482,0.4484174467642255,0.4782383419689119,0.1695113844404246,0.6336242031870918,0.4319880418535127,0.2969526435924681,0.4599685820916218,0.856873626556454,0.4033182454039859,0.3810823101409731,0.278123702781237,0.4571604831748087,0.4980613483802351,0.0
139.2989876,-30.19252234,0.307701405351111,0.0618112665842591,0.9917817370306654,0.2334649926583975,0.7086463407343642,0.6777113534278942,0.5261427373198024,0.9559242576861952,0.9158465067835164,1.0,0.1685109489852109,0.462628714615716,0.2423395475675513,0.3129181677817808,0.3152660688555188,0.4540914948453608,0.4871095686663361,0.061264665360668,0.462434668989547,0.4746942984485561,0.5088117930940045,0.2521927259969594,0.5122312824314308,0.1281965206060667,0.4733108443297947,0.664165789435113,0.3144164759725401,0.4933814600567416,0.4858890838722084,0.7966829419631435,0.0861593331427982,0.4392916666666667,0.386539363297203,0.410628803245436,0.5064173489710116,0.4782587505229911,0.5146708961141948,0.5380196646531276,0.3273693045856011,0.6702253876684994,0.8253459764223475,0.1320138007735576,0.0484988451708517,0.6318664169787767,0.1971261463559179,0.3688490087047236,0.5700777202072537,0.1924020422718363,0.2585184208272162,0.0839561534628798,0.0810209525606392,0.000204430472541,0.0019323134099324,0.6329807332137659,0.4318440200090949,0.5474782067247819,0.9265180212282572,0.1347058936849748,0.0
139.3082721,-30.18639943,0.2888535786784474,0.1226071537678269,0.858353715328882,0.3234217989210678,0.7888861266114153,0.5904293560002222,0.479579672221113,0.8363512112466992,0.854244197703516,1.0,0.1857495467822882,0.153400415018989,0.4127307150447145,0.355120946989192,0.3231695331641169,0.1078178694158075,0.0832920178482895,0.2907854366174613,0.0754936120789779,0.3252090269371118,0.8394240400263436,0.4294234592445326,0.1267605633802817,0.0002835032322474,0.2451632106359758,0.698101966564606,0.4320366132723113,0.4806788069203817,0.2565205894372461,0.1778694196221776,0.1494192246591342,0.164,0.1853360171997684,0.210709939148073,0.1246542376631998,0.4357914968462764,0.3084853291038856,0.5311403209433271,0.432345532754501,0.6903815852832708,0.671450538185546,0.3782249200755805,0.1241339499258992,0.2777777777777777,0.4115032833808281,0.4334110283178311,0.4326424870466321,0.5974967097178553,0.4375197331127889,0.2197309417040359,0.0,0.0012947263576133,0.0060116413666816,0.2698959477902893,0.4124602091859937,0.3383146533831465,0.4113059935058267,0.5665787519911678,0.0
139.6070996,-29.9390155,0.2598980110938871,0.4364418665407442,0.5299206917317609,0.5846369218783076,0.5218652132875261,0.4935721916445626,0.4167239644610884,0.970270716439659,1.0,1.0,0.137456370515719,0.2161230961982694,0.4064540131056706,0.4095042031223195,0.2820789419361089,0.2152061855670103,0.3736572467360767,0.3175088815503413,0.1393728222996516,0.636325679598734,0.6715391987047319,0.4208474642342026,0.2871262663701507,0.0290174103326731,0.3159043555908325,0.7751495490322016,0.4294431731502671,0.7788808105644942,0.2974831125748216,0.0718895079356847,0.114528896126383,0.3485555555555556,0.1675518757018206,0.5680324543610547,0.2624197831378625,0.333670938473934,0.2786148559344435,0.4574803068098092,0.5639851981862531,0.8202384468756202,0.4274730907227063,0.791376154505733,0.1206697496294964,0.2207657095297545,0.683186933101126,0.4137483165963918,0.3464594127806562,0.4917333892303058,0.6426859402564878,0.3349941870121242,0.4324487833949484,0.0011584393885274,0.0015744774932309,0.3488018291174151,0.3986660603304531,0.3228172132281721,0.4017147340728824,0.4584243863160335,0.0
139.5826955,-30.08809046,0.3091674568206101,0.0883743760209442,0.9012695258449244,0.3747749137276997,0.6305278998553296,0.3850127722350647,0.5367657281780401,0.5623700611263942,0.9364521042513104,1.0,0.1602995109280116,0.300849614345562,0.3529478094141317,0.8736489963973237,0.1804706522589778,0.8861683848797252,0.5969261279127417,0.1008503896532811,0.5638792102206736,0.2890467736247624,0.480766117599359,0.5384165594667293,0.673044848035582,0.2632334225172671,0.5621589443397164,0.5418072084944827,0.5768878718535468,0.7432924509025276,0.3394913339262963,0.2953443220012723,0.1891411530275944,0.5633333333333335,0.5502776978155485,0.5792832995267072,0.4848002876742644,0.756201962593114,0.5479777954004755,0.3705299418076642,0.1695205602573343,0.4115254388605912,0.4156842644797539,0.4632665926191971,0.0282909938709387,0.5343320848938828,0.2621536484656947,0.6454194337508115,0.5481865284974093,0.4650306959382653,0.6212460443394275,0.8654708520179373,0.1565934622723952,0.0012265828730704,0.0001431343229834,0.3433327038784368,0.5270577535243293,0.6708177667081775,0.3025695133994405,0.2480021540384568,0.0
139.3158216,-30.1422974,0.3993474978608791,0.4695719669486387,0.3740735131765584,0.4967904057200485,0.6788842126309947,0.4603745007173278,0.4190962637826144,0.6290682152592861,0.3087433970489162,0.463456088689046,0.3240437801819816,0.079558357151247,0.3426054047502297,0.4709212557900155,0.3556899101381864,0.2943513745704467,0.3964427367377292,0.5615841814175637,0.1151277584204413,0.5609016088691616,0.3099158407852716,0.5317506724359724,0.3832468495181617,0.1630109140471821,0.275114098620895,0.6110163621692906,0.4773455377574371,0.7352979015119429,0.1640664439049015,0.1948326611006306,0.0583259536602858,0.22375,0.1308501910442419,0.2434888438133874,0.2544810798849304,0.3801379455966152,0.2169904837430609,0.5505093970539626,0.1392927089217233,0.2435397289573433,0.4517555099948743,0.1818971871540043,0.5842956362619635,0.1921816479400749,0.4066674382592247,0.3665067696020664,0.5378886010362692,0.1230176835484749,0.3563384516675879,0.3176382660687593,0.3606698204790607,0.0,0.0312748492044308,0.1603168346331097,0.3431105047748977,0.3498858447488583,0.1431088965673196,0.4656993429459394,0.0
139.6661196,-29.87269727,0.5821259756855067,0.5773943242256567,0.4140473362963692,0.50291129350855,0.7513208111046098,0.1089676902531545,0.6302897730915196,0.80890798750131,1.0,1.0,0.2112099476699763,0.2256241598475653,0.4117287582029432,0.2949047864127638,0.560791809953488,0.4702534364261168,0.5079325731284084,0.2613940051334413,0.1136033681765389,0.4508490857543176,0.7236016235690972,0.2837095076599227,0.2197924388435879,0.0283213385080873,0.2305784303998413,0.7126018431070271,0.1665903890160183,0.8266740213626547,0.6274910454578235,0.087286780645806,0.1436265878437,0.3027916666666667,0.1372263836063479,0.2567951318458418,0.3683337021464928,0.1170736426166886,0.3453608247422678,0.4167802177632267,0.3373637188081244,0.1543543195583233,0.3503972321886212,0.2792834720134751,0.0178983840083401,0.2080212234706616,0.3536084610679008,0.1791203656656415,0.254080310880829,0.7510051810786603,0.3341268452875436,0.4039611360239162,0.3589202281975895,0.0027938833201528,0.0692054462052707,0.4060679309090367,0.3220213733515233,0.388750518887505,0.3545188015722599,0.5283176958219545,0.0
139.4933966,-30.07532979,0.4730816845828858,0.6604195453480735,0.3400641661008785,0.6494334461690017,0.5085951512294061,0.4455232726979178,0.2283946127373168,0.7149304599344677,1.0,0.9633279088025556,0.3918617281907448,0.3072706628558005,0.1815535837455212,0.3299022130725683,0.4309380525929208,0.1620489690721649,0.1751983143282102,0.2875628106065792,0.1763574332171892,0.5700766705492587,0.4978250823502058,0.3082680388258683,0.4499629355077836,0.0324785086646967,0.1972417898601052,0.5932122572141882,0.2503432494279176,0.6450209031363028,0.5863482295247482,0.0518687843749294,0.1365918332988673,0.1105833333333333,0.2085245513113611,0.2191480730223124,0.361031201593273,0.1306606667939034,0.1024980174464709,0.6780627495931614,0.4166550238369806,0.2882704101160892,0.4907739620707328,0.3790476016444514,0.0063510392180421,0.2833957553058676,0.4241873602455088,0.3998151354163503,0.4490284974093263,0.1828043497794308,0.0523457512945273,0.3158943697060288,0.1857700160688163,0.0189438908211029,0.0,0.3588010110349536,0.2050363801728058,0.3393524283935242,0.3690647205765708,0.4822040010773772,0.0
139.5394286,-30.0582179,0.3195168575691435,0.871487200154283,0.0,0.9912480668779498,0.7804034065155823,0.0884242934015416,0.3605444810645993,0.8441176672539858,0.8336729312701038,1.0,0.464160637015613,0.5350873758532032,0.4222527175224198,0.3282938754503345,0.5065425055811958,0.4325601374570447,0.5627169062964801,0.4147637937217992,0.2845528455284553,0.6867718073292246,0.4522929732288605,0.2076950064319963,0.4145663454410675,0.0440744551437406,0.2930846314118464,0.8172476438769365,0.5656750572082379,0.6942732727190146,0.1298829298781221,0.0519479774313156,0.0852214141982342,0.232,0.0358696465384964,0.2632860040567952,0.2141098694401416,0.2022232684817421,0.282315622521808,0.515712908722936,0.4484554218926486,0.4487042417254488,0.3705791901588928,0.2735932373107331,0.0167436497215972,0.2759051186017479,0.3383919182010338,0.3013170998107937,0.5518134715025905,0.2605040623544709,0.1305851927644872,0.3208769307424016,0.5955111086387321,0.0,0.005295969851076,0.4048591689355479,0.328331059572533,0.3997509339975093,0.432318523531648,0.4599078334475235,0.0
139.5745968,-29.98315753,0.216111096433673,0.3364000525893321,0.4095013038672402,0.823498417252251,0.574336408417191,0.1486056381632691,0.4505203900614101,0.6766608782686367,0.7701539821214487,0.714587701867812,0.2811914943289442,0.4065619983555852,0.4145685383846295,0.5301080802882142,0.4177818701676321,0.4664948453608246,0.5146256817055033,0.4018683200951195,0.3437862950058072,0.606688850201172,0.1537517594798914,0.1412700268974389,0.2372127501853225,0.2710973983224369,0.3130270860204386,0.7585811473324333,0.37162471395881,0.8143893422864186,0.3078679775956153,0.0189629310993922,0.0497591526255015,0.243,0.1306957160843194,0.2172008113590264,0.3172161982739546,0.4667647123143233,0.1744647105471847,0.68363630046719,0.2324923257630509,0.319423314911145,0.5002562788313686,0.2145480719923326,0.0658198620358203,0.1532459425717853,0.4881195534811559,0.5999232445131777,0.2849740932642486,0.8639465208851813,0.5174913570951273,0.2934728450423516,1.0,0.0,0.0,0.3746140578088393,0.1391541609822646,0.3752594437525944,0.4969805722731905,0.4328573933692597,0.0
139.6648204,-29.86904365,0.6271298671360052,0.5822189033929291,0.3918106508997575,0.4967232487988768,0.7215828796323156,0.1647467380741916,0.6035189480110101,0.8847402037384582,1.0,1.0,0.2122495812941962,0.2947417877138718,0.4176488635542836,0.4698919197117859,0.4834815726962193,0.4935567010309277,0.389646339448025,0.2543185292654584,0.1537456445993031,0.4942146381469023,0.6832750223072286,0.2526020348497251,0.3395107487027428,0.2239584036322368,0.2215497569203294,0.7947103407090939,0.2872616323417238,0.8192608630638781,0.5590278612466646,0.1025167305103215,0.1369184649193672,0.2173333333333334,0.2337727790982613,0.1942393509127789,0.3593715423766321,0.2845988445321049,0.288230240549828,0.4140489653768877,0.3355814819777538,0.2101621051251926,0.3373910814966684,0.489895207393228,0.0138568127228272,0.2136652101539742,0.6337633158898759,0.2819421531675186,0.4246977547495681,0.454644709942532,0.471718613257314,0.3626889221059624,0.3589202281975895,0.0022487352925119,0.0935382834562122,0.4104306967582133,0.2091859936334697,0.2569530925695308,0.3425667562416789,0.5524344687976307,0.0
139.3020643,-30.1240783,0.3993474978608791,0.4695719669486387,0.3740735131765584,0.4967904057200485,0.6788842126309947,0.4603745007173278,0.4190962637826144,0.2599252175434395,0.0497360398639656,0.0775475520634635,0.14568391036938,0.0792451352726988,0.3804665865859043,0.1943729627723452,0.9240367168960538,0.0462485681557846,0.1089076185754421,0.2533660258281235,0.0060007742934572,0.4900255132769154,0.3484075061517432,0.3609714263438972,0.0210032122559921,0.4655028435892697,0.0180573469590237,0.5767641186049632,0.1008390541571319,0.7176563772427618,0.0036298949493978,0.2645348505367627,0.0142858682782717,0.0265555555555555,0.3165150665942678,0.0,0.0,0.5819812762378174,0.0422944752841659,0.9720233783473012,0.0804445112536076,0.20935480868499,0.2665299846232701,0.7461319177512686,0.0871824527501276,0.0260091552226383,0.9921231829284451,0.5621914085872783,0.1050086355785837,0.9153570700908064,0.5049898575364217,0.0563029397110114,0.638085170770388,0.0,0.0011450745838676,0.3706451693634768,0.0,0.0023522900235228,0.4345901993691814,0.9520443921845314,0.0
139.5718808,-30.04822359,0.4052409953312187,0.5008887825492454,0.4211379120502555,0.4885511044677325,0.7108853265348154,0.3008378523260526,0.307604159307233,0.947456097398238,0.8657081150394785,1.0,0.3909389751817119,0.2089189929916604,0.5058910808134331,0.6671813347057816,0.0296259504242119,0.1808419243986255,0.2715253677078169,0.2907137811749291,0.1629887727448702,0.2216215103722231,0.6451189436580832,0.6101430631894904,0.4655300222386954,0.0310752703871399,0.1954558984026193,0.9103851124816928,0.6881769641495041,0.69423632262226,0.2605591480564436,0.0609880400571241,0.1244879033714193,0.3307777777777778,0.1403857869588998,0.5483434753211631,0.2513830493472008,0.1786241831826508,0.2675125561723499,0.5423990574086927,0.6529214537831041,0.3590634696461287,0.4264479753972322,0.5274861177418074,0.0005773672234909,0.1231793591344152,0.5214600079689325,0.2535920911657718,0.324006908462867,0.514453704266909,0.2893830778922696,0.2991197475502407,0.5143817822028343,0.0,0.0,0.4099822493841394,0.2391996361982719,0.3720769337207691,0.3431697931949516,0.4050868546827563,0.0
139.5859051,-29.95810825,0.1667170103506371,0.5828929494821585,0.330308484185365,0.778054900677612,0.4558756921343002,0.3177848990461923,0.359557493008383,0.8704660364640746,0.9095546195018852,0.8031083771609175,0.1543074005880118,0.3028855565561255,0.3804167056642854,0.4256304683479158,0.3906583892660781,0.2368449312714776,0.1630515617253346,0.3688834977170738,0.0866724738675958,0.5009301981325538,0.5514498252384628,0.3811250146181733,0.5859896219421793,0.0337353881526855,0.2972517114793134,0.6927019658881262,0.5034324942791761,0.791092769276145,0.3281328878098031,0.0481215915148348,0.0533192605273417,0.2330833333333333,0.0629450292705828,0.226288032454361,0.171830050896216,0.1765995148905007,0.1256938937351308,0.5897261380665683,0.389467450680318,0.4198286727001786,0.5294720656073809,0.347850777371044,0.1553117833594337,0.4937578027465669,0.302627996930483,0.3134079589143273,0.4730569948186529,0.337679548297698,0.3035624922373875,0.5271549576482312,1.0,0.0,0.0029342536906788,0.2568902034470181,0.2277171441564347,0.280873806558738,0.4120002383272235,0.4465120246602598,0.0
139.6087869,-29.95586194,0.2591158962791869,0.4199261124006993,0.557268497148786,0.5314507710980275,0.5406444570081168,0.5372467415761846,0.4171413166764938,0.9691488340178518,0.9784471223351634,0.9500983514469248,0.222566564502441,0.3493598527857171,0.360685292740833,0.2197632527020072,0.4080122964823179,0.156786941580756,0.3406048587010412,0.4004440035838977,0.1718931475029036,0.6491378459949503,0.493585769557034,0.3372704946789848,0.3545681986656783,0.0420506229165649,0.3163012203591626,0.5929723887218776,0.3922768878718535,0.842437050621039,0.3824851558931704,0.0530530290079959,0.0829908217179978,0.1323333333333333,0.2417359446907343,0.173603786342123,0.1987165302057978,0.1636091082769553,0.2260111022997619,0.4229106920144223,0.4873497295361064,0.6469895915744844,0.2781479583119768,0.772302652633617,0.0017321015903534,0.1856013316687474,0.5437660700646774,0.3104470112941333,0.3934369602763385,0.4636787408653974,0.385958810899869,0.2127553562531142,1.0,6.814349399903175e-05,0.0,1.0,0.3237835379718053,0.3194963331949631,0.4158826209701841,0.4357477834214341,0.0
139.5761586,-30.03763495,0.21706502663795,0.6931256567648453,0.1871139487122647,0.929065464798842,0.5034456194668725,0.0,0.2615713122549358,0.7726492395308353,0.9390314388121872,1.0,0.5221561722147938,0.1862887122665518,0.4409711237741546,0.3116314976839938,0.7601806218568394,0.350085910652921,0.1864154685176003,0.4338412588884326,0.153019744483159,0.4462377455982014,0.5390062463047048,0.2404397146532569,0.2653817642698295,0.0468426380299515,0.2784998511757119,0.8253978171497423,0.251716247139588,0.7517630791401212,0.2510396884540495,0.0685939412770284,0.11757873894286,0.242,0.1862390491432039,0.0464908722109533,0.4734731135206905,0.1297299030143719,0.1375892149088025,0.6508925285124532,0.6263628516440782,0.3841044755564884,0.5325474115838033,0.1000934978125988,0.0,0.2462546816479401,0.6647130387390826,0.394344267057688,0.1113989637305699,0.898882029785839,0.4307223915370231,0.2167414050822123,0.3049533954930835,0.0,0.0,0.4387312934864625,0.3406093678944976,0.1863843918638439,0.3441384416761485,0.4418637152589414,0.0
139.2878623,-30.17559479,0.50035021658253,0.4379910692308609,0.2899507516862325,0.3805656711222958,0.7225333804116107,0.4139250821451397,0.2339513128059956,0.5915789278455159,0.6642766879114657,0.9044345399346578,0.6602045494574267,0.1953329940096315,0.39839228335103,0.4016984045290788,0.5500596927016141,0.3725300687285223,0.6016360932077343,0.774110188836355,0.3005952380952381,0.5102939225539719,0.4456958197919668,0.3410127470471289,0.3140289103039289,0.1801353611531763,0.2662590534775276,0.7798094619241418,0.3185926773455377,0.7236378381690016,0.2842135628260295,0.4671415044414174,0.0489926328591519,0.2976666666666667,0.3567726293176628,0.3531845841784991,0.402190750165966,0.5253007999706445,0.3366375892149086,0.6535300620869886,0.0560875063029188,0.2053876590017826,0.1230138390568938,0.520777984702236,0.5311778436888374,0.4912609238451934,0.3328145028387731,0.5446091799031858,0.527979274611399,0.2911293438336269,0.568744058743966,0.4862979571499751,0.6420395606288891,0.0,0.0259073117250983,0.6448826615056071,0.1194861300591177,0.3495226234952261,0.8094105453898652,0.1872069824132692,0.0
139.5889725,-29.98392386,0.216111096433673,0.3364000525893321,0.4095013038672402,0.823498417252251,0.574336408417191,0.1486056381632691,0.4505203900614101,0.8632764750435942,0.8772085725014467,0.8288431243789951,0.3684199050244897,0.3485376453545279,0.4716207757948901,0.2936181163149768,0.4517836162932767,0.4037800687285224,0.3782845810609817,0.4497933234786569,0.3074912891986062,0.50795391333758,0.4275204528922626,0.0912174014735118,0.3237583395107488,0.0543798426272331,0.3862486357773589,0.9146337819772984,0.6085240274599542,0.8430054278422923,0.3980504339046612,0.0155259755970441,0.0819331716093706,0.1683333333333334,0.206107218563957,0.196105476673428,0.333771298959947,0.34522592262347,0.2347343378271212,0.516482832261221,0.3642367865933078,0.543944564378092,0.4561763198359815,0.208944195232882,0.0715935360333604,0.3055555555555556,0.3198459264365978,0.5519951955743472,0.1927461139896372,0.7175571218352489,0.4526592368011942,0.5470852017937221,0.2871120160808552,0.0,7.156716149172535e-05,0.5389404937393506,0.2887676216462027,0.4533001245330013,0.418491041212213,0.4496174448728577,0.0
139.6651852,-29.88723745,0.4862846526102768,0.6309300028505542,0.4547905400878815,0.6345413632305419,0.6289190095125481,0.1612547242467239,0.5016359831463965,0.7992345548101448,1.0,1.0,0.2408451612428149,0.2167103872205473,0.4006174366116718,0.2643463715903242,0.7768060024015955,0.2804982817869415,0.5374318294496778,0.2799543363268506,0.1536004645760743,0.3531166384699181,0.6136677461560174,0.4476669395392352,0.1736008154188288,0.0306960534087928,0.2686774481595397,0.4495238427214335,0.2861556064073226,0.8319343422486641,0.5979590855549413,0.0806947971107821,0.1450010185887721,0.3130000000000001,0.1357224114303497,0.4021906693711968,0.4026056649701263,0.0978280366846201,0.3687549563838224,0.4709750873965145,0.2927732767443478,0.1575364921734984,0.3910814966683753,0.4863910995097094,0.0196304854384544,0.1822721598002497,0.5372253762420397,0.2113100039401104,0.3419689119170985,0.2833472114392806,0.3665368914814008,0.5620328849028402,0.3546652739599628,0.0018398743852542,0.0,1.0,0.3451568894952251,0.240763802407638,0.3655790180997749,0.4027767199633273,0.0
139.6689144,-29.86583643,0.5454404215469951,0.5577821038622074,0.3886333555620552,0.5223369832539608,0.7561383202592151,0.070107333061616,0.6658840217961312,0.9142998721375944,1.0,1.0,0.1968202727847574,0.313848322305313,0.4175734574346562,0.3520329387545034,0.6109786582057457,0.5558419243986255,0.5800694100148737,0.1897890442215755,0.227061556329849,0.5166394046203905,0.6058328111374675,0.2652321365922114,0.3762045959970349,0.6704464657244771,0.234150213314813,0.7035520455436324,0.2961098398169337,0.7894772760086922,0.2594052741652444,0.1516684304531494,0.0991712814976836,0.2983333333333333,0.3720235095478689,0.2752941176470588,0.2488382385483515,0.5332027370127128,0.3168120539254559,0.3708445620359876,0.2634889613858353,0.2842459898736533,0.4905176832393644,0.1900306424517746,0.0161662825782258,0.2606117353308364,0.4839345402964534,0.4076414683757092,0.4668393782383418,0.2054207251898963,0.6905121757196184,0.5251619332336821,0.3767279996365453,0.002180591807969,0.0692054462052707,0.4033182454039859,0.1728058208276488,0.2793690327936902,0.326050994378587,0.5476642866110089,0.0
139.3087537,-30.16879635,0.320421580404746,0.3356242298588133,0.5002572489610745,0.551802379262825,0.7123505262630756,0.4852633626197727,0.3298901078999978,0.8375797526396743,0.6374811229905603,0.7985990526645099,0.9216670515171816,0.2919227908069379,0.5717542893505109,0.4482758620689656,0.2074029364525504,0.2710481099656358,0.3024293505205752,0.8529532626579676,0.1939605110336817,0.3944047422875202,0.4599962648100836,0.6179394222897907,0.407709414381023,0.0920817851153005,0.1531898005754539,0.6899428675155488,0.6013729977116704,0.646761078400533,0.5611432967138632,0.1364943021048198,0.0864711783567882,0.4263333333333335,0.1488677595343164,0.4373225152129817,0.4725603009515382,0.451874557805916,0.3211736716891354,0.4789721739377258,0.1795848513206345,0.4519790634791436,0.2813941568426449,0.5078345299405806,0.5236720695430959,0.1573033707865168,0.4424991671822708,0.5310541663701696,0.549740932642487,0.4015952245780824,0.3882785347621046,0.3079222720478325,0.3080047398239261,0.0025213092306838,0.0276249246337409,0.3202883256967924,0.1796271032287404,0.2312162723121626,0.4249587389005327,0.4734766245505526,0.0
139.5366514,-30.07434256,0.4208333699888769,0.6466262271064566,0.1923852442490442,0.8882018796566593,0.6111293970247547,0.144467643829311,0.2610598562517363,0.9973238645537478,1.0,1.0,0.7199419260143199,0.1058689949492972,0.5447485867117624,0.2485846628924344,0.7048346973269577,0.2164948453608247,0.5255329697570651,0.4517383418689552,0.2569686411149825,0.429234040016366,0.5946210996173374,0.3952754063852181,0.3615023474178406,0.0591286488933278,0.1341402916956047,0.8110102174770082,0.4221205186880243,0.6640081080989864,0.3981586095819612,0.0402472198822571,0.2923937856000549,0.2496666666666667,0.1575445713477632,0.3956997971602434,0.3210887364461164,0.5336162585082652,0.3485329103885803,0.4735931562604303,0.0977774635946228,0.295180630204094,0.4023577652485905,0.3282439083138911,0.3019630659778604,0.3046192259675405,0.3554610361845394,0.2539874281611515,0.5253886010362693,0.3159956842011387,0.3251906576901491,0.2685600398604882,0.1939544651391163,0.0064736320906612,0.0130967904834675,0.4235070533135604,0.3269668030923146,0.2901618929016188,0.4418886887778683,0.4152245313670123,0.0
139.5632852,-30.03589281,0.3993474978608791,0.4695719669486387,0.3740735131765584,0.4967904057200485,0.6788842126309947,0.4603745007173278,0.4190962637826144,0.9556681931115688,0.9690305520789834,1.0,0.4600668857683349,0.3422340550487451,0.439127239604785,0.5286927431806485,0.3016399227985823,0.277061855670103,0.1507188894397619,0.4240297726452343,0.3005226480836236,0.4229606370738602,0.4829191839729778,0.2582154134019412,0.4074314306893996,0.2634170601182575,0.1725369580315508,0.8371348370980067,0.5672768878718535,0.7709409194302408,0.168249236760499,0.0890299631257862,0.0990159100294134,0.2926666666666667,0.3651505512949076,0.2431643002028398,0.2617420889577341,0.4230030851769646,0.2248215701823948,0.3627502192343721,0.5826111302962345,0.4945905439943318,0.4951307022039979,0.2500463530885629,0.0,0.1857053682896379,0.3988747489161167,0.5358498203559181,0.4072538860103627,0.4951209998820919,0.3952107201010409,0.3956153462879921,0.3715354776981315,0.0012265828730704,0.0,0.4033182454039859,0.3165075034106411,0.2096305520963054,0.5462098702965319,0.5423957977272094,0.0
139.5305051,-30.099019,0.4019394800396059,0.5146387686188308,0.4299052296056428,0.3711875264988969,0.52841726110352,0.5450534410559335,0.640871135825542,0.919419141074937,1.0,1.0,0.3660281825186828,0.2739908382600524,0.7924434822771083,0.4669969119917654,0.1186500450461714,0.1481958762886598,0.6197322756569164,0.5125039835642293,0.3580139372822299,0.2478358980673156,0.7000604068105842,0.4102444158577943,0.454132690882135,0.016706548361763,0.6591923801964481,0.7994267208802659,0.7138443935926773,0.7435434040898905,0.2922906800644247,0.0209105082789117,0.3839880168737227,0.4083333333333335,0.0831901729549927,0.3070993914807303,0.1403380172604559,0.502643512577513,0.2184773988897699,0.5025610768391603,0.1137475593258946,0.3496133050051428,0.335725269092773,0.6360550965972476,0.4116628309099095,0.2028714107365793,0.518230757107165,0.2704827180989172,0.3093264248704663,0.5691657090794666,0.2275530355148123,0.3044344793223718,0.1823516469808239,0.0347531828662012,0.0219711179125716,0.611161789734072,0.2478399272396544,0.4176006641760066,0.3048810024994599,0.3358845669425208,0.0
139.5108411,-30.10026088,0.5179156771895516,0.2862743930234115,0.4275103787273136,0.3596765562871227,0.6382171125248169,0.5932343449730675,0.1521187922685698,0.964368878882926,1.0,1.0,0.5422944794385101,0.5136838808190752,0.7165791376013296,0.7097272259392694,0.1694409532909932,0.6473367697594503,0.5076846802181457,0.5169319246271181,0.7113821138211384,0.3038556487904846,0.6357019257850374,0.7362881534323471,0.6742031134173462,0.0366870538311186,0.441313622383173,0.8106356167410733,0.6562929061784899,0.7313470334209925,0.4907569893507056,0.0529525096573484,0.2781249331092612,0.6053333333333335,0.3197843252339108,0.4375659229208926,0.6883159991148488,0.5827182150220451,0.3144329896907215,0.6458366638169238,0.1030542376569751,0.2870471185690527,0.4782162993336749,0.4247562942902578,0.3452656107041078,0.1619850187265918,0.4016090452154289,0.3832290349252084,0.3569948186528497,0.4600634259227258,0.2848966251348988,0.4180368709516691,0.4899298798467791,0.0393869404203111,0.0179633574251802,0.1454235197997045,0.3601637107776262,0.4503943545039435,0.4718077011689,0.3962915758676937,0.0
139.6889817,-29.8945535,0.3900566010738535,0.9920097153532657,0.209217588491598,0.9673405735916136,0.6005781525359474,0.4208329842089177,0.168680272977829,0.9087043230621537,0.9362499594114077,0.922941441646227,0.2921002228102538,0.1021494851415371,0.4176308036904197,0.2497855549837023,0.2933238524234755,0.1582187857961053,0.1912080647826804,0.2220864925471623,0.1202090592334494,0.4613201942324689,0.4210642156424887,0.4255252796943827,0.1585742525327403,0.5419255680711241,0.1095346760591328,0.6480472468584086,0.3595728451563692,0.8878279581185615,0.1557489362725065,0.0767726105519521,0.0575809431998466,0.1327777777777777,0.2275912811733937,0.2527924273157539,0.222726266873202,0.5124151940813039,0.1691779011366639,0.4164682326688739,0.3172001783984745,0.3102425498410575,0.2678968050572357,0.2976056602556525,0.0,0.0942571785268414,0.4849907967628941,0.409184771801171,0.2003454231433505,0.7909018558108778,0.6004111302362414,0.2519515030725793,0.3843288776897582,0.0,0.0,0.410594852167352,0.3316659087463999,0.3657119136571189,0.3338237281786934,0.476680866863336,0.0
139.6502494,-29.88985612,0.5299149339331843,0.5072190951793365,0.4396430241207972,0.583038789576529,0.6608513427503043,0.3057484236087184,0.4715243065282478,0.8694696298244994,1.0,1.0,0.2214606362104784,0.5318507497748718,0.4098277832455184,0.1955738548636129,0.9590406089647444,0.190721649484536,0.4189390183440754,0.2713940382109018,0.2398373983739837,0.2154391963218985,0.8740504497711822,0.6909133434686002,0.1434395848776872,0.0285098052825957,0.2442702649072329,0.5358450718252517,0.3876430205949657,0.7656342777456292,0.610182937089834,0.0830590447352216,0.2743712712455103,0.201,0.2139055599112814,0.4784989858012171,0.1884266430626245,0.1369558706899455,0.2922283901665343,0.3528868506552696,0.3732177681352946,0.1607537584398093,0.329062019477191,0.3338133524409383,0.0144341811481115,0.1860174781523096,0.6324842751815017,0.2511667932155302,0.2217616580310881,0.8099946514113819,0.3988267460887538,0.3318385650224215,0.3767279996365453,0.0127428338789907,0.0,0.4033182454039859,0.3829013187812643,0.4176006641760066,0.400217332009157,0.4297248198504691,0.0
139.4957448,-30.04454992,0.3993474978608791,0.4695719669486387,0.3740735131765584,0.4967904057200485,0.6788842126309947,0.4603745007173278,0.4190962637826144,0.4185503356717274,1.0,1.0,0.6667969685794363,0.2872244626287146,0.8859667359516286,0.191628066563733,0.8478403311594838,0.1129725085910652,0.0941993058998512,0.5985231354563367,0.1704413472706155,0.2903211517854817,0.3539833100035178,0.152496784001871,0.1727205337286879,0.3939326171464745,0.039488044448854,0.4578960799118171,0.2524790236460716,0.651987590037393,0.2253659943748648,0.2436298485983903,0.0752648200470743,0.0146666666666666,0.6855998697477385,0.0591480730223124,0.2201814560743527,0.7551813763290824,0.0475812846946867,0.9891246005912876,0.3601132187557068,0.8671240396733962,0.2450025627883137,0.914322433157898,0.0098152427192272,0.0015605493133583,1.0,0.6555232382710146,0.277720207253886,0.8904733308213586,0.1825172524254717,0.1619332336821126,0.3029679995935329,0.0008858654503556,0.0,0.371968885057004,0.3069577080491132,0.1357409713574096,0.591928278619855,0.7004009871709457,0.0
139.320773,-30.14986781,0.3993474978608791,0.4695719669486387,0.3740735131765584,0.4967904057200485,0.6788842126309947,0.4603745007173278,0.4190962637826144,0.7850007354826946,0.4234739784353172,0.6212318596989789,0.3854017981205522,0.3614580478446419,0.3393603335647999,0.6754160233316178,0.1472857407986362,0.3833046964490264,0.1918277970583374,0.4987014972998306,0.1532375145180023,0.506653656688512,0.2380181997418777,0.4324250574981483,0.2987398072646405,0.2350581407066375,0.17484373449747,0.599615327230232,0.5478260869565217,0.6775464126107438,0.308444914541215,0.3773733645857147,0.0521253848146157,0.1302222222222222,0.2589872942434668,0.1293035835023664,0.1243637973002877,0.4457910447992458,0.3282447792757069,0.5018978467835788,0.0979871338422756,0.2192625204554671,0.4157269776183153,0.4107330628637726,0.5190531221408216,0.2848522679983354,0.3546848972994194,0.3526147268606567,0.4008203799654576,0.2806106624322534,0.4717799774479492,0.5452167414050823,0.3435092273594076,0.0,0.0334218647046395,0.3844405677301896,0.2301045929968167,0.2464369724643696,0.089702875174286,0.5520567708515728,0.0
139.4945807,-30.04615821,0.3993474978608791,0.4695719669486387,0.3740735131765584,0.4967904057200485,0.6788842126309947,0.4603745007173278,0.4190962637826144,0.4328509823930559,1.0,1.0,0.6368354749292692,0.2483849496887357,0.9197741471075442,0.1116829644879053,0.5838526315169705,0.0768900343642612,0.091224590976698,0.6509432754629799,0.1910569105691056,0.2917409424181678,0.4077231372342996,0.2989124079055082,0.1426982950333581,0.3848144495055409,0.4323841650957437,0.478089427258306,0.2892448512585813,0.6516606451416104,0.5351811341618788,0.2495139786543467,0.0772061491053983,0.4293333333333334,0.6677721620970123,0.4077079107505071,0.3450984731135208,0.7521609368189324,0.5249801744647103,0.4930215068193286,0.3606024758171112,0.8364054603631693,0.5909789851358279,0.4411285357674547,0.0098152427192272,0.4419475655430711,0.5156995270639421,0.6425924410464925,0.749222797927461,0.4337397272137449,0.1827871586410166,0.5386148480318884,0.3118811176322777,0.0008858654503556,0.0,0.3711879832898178,0.4060936789449749,0.4545454545454545,0.5962107919342738,0.7145659850271482,0.0
139.6620086,-29.87611194,0.5980585148369435,0.6054970525237336,0.4343341970395025,0.5313869673610021,0.7358251390516894,0.1508813060434666,0.5865091843758017,0.7955772360850437,1.0,1.0,0.2158527591632984,0.2432950941623272,0.413673211493509,0.4944673185795163,0.1641185177848733,0.2573024054982818,0.1849281110560238,0.2621509958250882,0.3060394889663182,0.3677611121779696,0.698812053423554,0.3611273535259034,0.2919755374351372,0.0284504533209792,0.2639150709395774,0.6401332778118733,0.4491418764302059,0.8104477555163366,0.7307267001610616,0.0836392616420792,0.1389675887679298,0.52,0.1471892748601334,0.3054766734279919,0.3439367116618722,0.0959309651523388,0.1800158604282314,0.305717189584846,0.3237000355263552,0.1260762923628806,0.4264479753972321,0.2057500541436288,0.0127020784360843,0.1966292134831461,0.3899942502569583,0.2128453516675227,0.3367875647668393,0.208915483946602,0.3294551627744066,0.4857997010463378,0.3656332687606021,0.0028620266533986,0.0122379840291463,1.0,0.3916552978626648,0.5758094645080944,0.4001117235513144,0.4849058680610982,0.0
139.6249564,-29.94882415,0.1906699515335454,0.5585734721907847,0.6282558452780207,0.6312900697659901,0.4602290683164832,0.4766515283783129,0.6994803820264816,0.8687145971570995,1.0,1.0,0.2325632846534441,0.110984952298918,0.3651250444718187,0.2573340195573855,0.3975787233139538,0.1045425257731958,0.0489588497768963,0.3675144837465615,0.0782883275261324,0.8365313923764641,0.5770296026683808,0.28493743421822,0.3480355819125278,0.0397771529502383,0.3003770215299137,0.4903556987605009,0.2791762013729977,0.8868874414032601,0.3962835645087622,0.0590355150828675,0.1693065938500197,0.3949583333333334,0.15467344000186,0.1896146044624746,0.4025226820092943,0.0915622493000989,0.3219666931007136,0.3439163318772795,0.6903480299676703,0.3829424910508815,0.4243977447462839,0.4408221370993985,0.0,0.1919475655430712,0.5325935183200199,0.2168133750651627,0.3689119170984455,0.3303930162025714,0.2716540316017654,0.3617339312406577,0.3202055362037941,0.01233397206395,0.0,1.0,0.1688267394270122,0.2659817351598172,0.4184155626770658,0.4512113565909043,0.0
139.5780026,-30.03299941,0.21706502663795,0.6931256567648453,0.1871139487122647,0.929065464798842,0.5034456194668725,0.0,0.2615713122549358,0.7298551193476865,1.0,1.0,0.5035201716443802,0.1096276574918758,0.3560645018313378,0.1178589809572825,0.9386999100512166,0.0910652920962199,0.1517104610808131,0.4478201016420984,0.1071428571428571,0.4694377432826653,0.4704380079364777,0.2689743889603555,0.1486286137879911,0.0480179762995537,0.2802857426331977,0.7460754771156253,0.2329519450800916,0.7707159653820747,0.258539868746845,0.0684731206168051,0.1390161882799913,0.2153333333333333,0.2380475503280602,0.0079513184584178,0.3099136977207348,0.0922751008211021,0.1296590007930214,0.6555500913990993,0.5707995606856131,0.3668235354455373,0.5263967196309584,0.0750764327439818,0.0,0.1732209737827715,0.5516343691350349,0.3563439093232655,0.1305699481865285,0.7665960432405128,0.4739711995339296,0.301444942700548,0.3334524456042561,0.0,0.0,0.4033182454039859,0.3233287858117327,0.253217102532171,0.3535070606649376,0.4646168988749914,0.0
139.6759425,-29.88400227,0.4106284162474747,0.6913109684550264,0.3800332041603112,0.6558512700820719,0.5743781160083438,0.2697198569723464,0.3584663561568803,0.8266438645453211,1.0,1.0,0.2461448450885228,0.415018989076387,0.3987960903712408,0.4194544518785383,0.3748063789785854,0.4491695303550973,0.2751611303916707,0.2685252295303653,0.2531939605110336,0.3623117622168924,0.5757936249376308,0.5072311230655283,0.2994810971089696,0.2074743315962381,0.2375235638456196,0.7157595008781086,0.4282227307398931,0.8852835033087838,0.6736460011057959,0.0818481646706292,0.1231649519623763,0.4570833333333334,0.2214214545981324,0.34342123056119,0.2914361584421333,0.147877143829521,0.1661049431667987,0.6281590337491401,0.3302697694950129,0.1875968874448307,0.2291559883820263,0.5360281816678997,0.0138568127228272,0.2254993757802746,0.5617383857547652,0.2140834146780793,0.3666666666666666,0.3716078922411434,0.3940443631005652,0.3036870951669159,0.3756486251292689,0.0015673002957852,0.0,1.0,0.2425344853721388,0.5281582952815828,0.3226607562573341,0.4730770034373091,0.0
139.5818205,-30.01780072,0.3993474978608791,0.4695719669486387,0.3740735131765584,0.4967904057200485,0.6788842126309947,0.4603745007173278,0.4190962637826144,0.8063530991503168,1.0,1.0,0.264241634701725,0.1757174738655495,0.3216097196066366,0.3088008234688627,0.4636853295409426,0.5480562714776632,0.3062097174020822,0.3526572565521338,0.2182781649245063,0.3818323586757014,0.5993588447763679,0.1936615600514559,0.32060785767235,0.1639402482834419,0.235005952971525,0.763447762411245,0.3359267734553776,0.8267172817565327,0.2683477968220391,0.0481850649904234,0.1840834075670026,0.3127083333333333,0.2746744557191346,0.4473022312373226,0.447001549015269,0.3092623708785644,0.2912371134020616,0.4520541060416729,0.4559687117010657,0.3187234363855153,0.2656330087134803,0.6216352341461062,0.0,0.2241338951310861,0.5916652429558458,0.3826270537728011,0.3166450777202071,0.2906610066798213,0.3969655260115705,0.2914798206278027,0.3796002208363769,0.0046337575541098,0.0,1.0,0.1389836289222374,0.4029161477791613,0.4965877309491617,0.5203265894842274,0.0
139.6638876,-29.85507844,0.3993474978608791,0.4695719669486387,0.3740735131765584,0.4967904057200485,0.6788842126309947,0.4603745007173278,0.4190962637826144,0.8636276384933692,1.0,0.9105395794415928,0.1940671565915438,0.456990720801848,0.42703122057012,0.3108594956253218,0.6475455162005668,0.2547250859106529,0.1179970252850768,0.1543987524604812,0.5031939605110336,0.5426311413885064,0.4047391978015927,0.4079055081277044,0.8587842846553003,0.8126204990733453,0.5267387637662466,0.5505463890443332,0.417391304347826,0.7124859235683656,0.2504627515084498,0.2527664392750344,0.0577191151677304,0.342,0.359161475709125,0.2580933062880324,0.489820756804603,0.5962026218234759,0.5380650277557493,0.3148318811651247,0.2260274070555588,0.3041129379227028,0.547924141465915,0.3706068786848476,0.0005773672234909,0.5227840199750312,0.2460830265366481,0.4816549252689663,0.6347150259067357,0.3319943441275286,0.7955929505589773,0.6467364225211758,0.3767279996365453,0.0028620266533986,0.1029851404706662,0.4033182454039859,0.4042746703046839,0.5417185554171856,0.3508497184351609,0.5340443690528597,0.0
139.2939002,-30.16321774,0.50035021658253,0.4379910692308609,0.2899507516862325,0.3805656711222958,0.7225333804116107,0.4139250821451397,0.2339513128059956,0.6235139009929191,0.53627819197962,0.6895236033163701,0.928068014790523,0.0848831290865667,0.0,0.1878538342768914,0.937188353240489,0.081615120274914,0.4427367377293009,0.89268231907318,0.1332752613240418,0.5998474982632309,0.0367659503167324,0.3527072856975793,0.4677538917716828,0.101567374166496,0.1392003174918147,0.1281413564849804,0.7061784897025172,0.7352837435648555,0.4919108632419049,0.1052709068709412,0.0637538955267093,0.4190000000000001,0.0587261669039866,0.3634888438133874,0.279044036291215,0.5577887897055263,0.2898493259317999,0.6290735959915247,0.2156136523377299,0.491591010326746,0.3413634033828806,0.5971741173092036,0.579676688859689,0.16354556803995,0.5507938288293069,0.6844137777594788,0.3036269430051813,0.7705288367638375,0.3406426026442723,0.4369706028898853,0.3360228654779184,0.0,0.0284121618708193,0.6383079514270615,0.3124147339699862,0.2552926525529265,0.478048352001698,0.427402132349829,0.0
139.5746735,-29.84441111,0.3993474978608791,0.4695719669486387,0.3740735131765584,0.4967904057200485,0.6788842126309947,0.4603745007173278,0.4190962637826144,0.4190630077563667,1.0,0.980599359572216,0.1016910634386748,0.5233937590540698,0.4235766743794146,0.1670741121976325,0.4366852570061629,0.2087628865979381,0.1487357461576599,0.0889935907615279,0.5862369337979093,0.5373710456601384,0.186480440950497,0.1033797216699801,0.4755374351371387,0.9866202565890612,0.5972814763369382,0.4999907453793605,0.2769450800915332,0.6269822556017991,0.3475684511646915,0.5196546534686725,0.0381504580814337,0.3613333333333333,0.3714938575055565,0.3035294117647059,0.4795723611418456,0.5602979500553413,0.5483743061062647,0.4588207488949853,0.0675146738386232,0.1827061906340316,0.3147104049205536,0.4723194525212291,0.0034642031807068,0.519350811485643,0.4796418160780998,0.5362088467294313,0.6202072538860103,0.5113289035154204,0.8854597799048979,0.501245640259093,1.0,0.0035434618014225,0.1405579002836155,1.0,0.4729422464756707,0.5093399750933996,0.4696874609183213,0.535636363388966,0.0
139.5895869,-29.83254073,0.3993474978608791,0.4695719669486387,0.3740735131765584,0.4967904057200485,0.6788842126309947,0.4603745007173278,0.4190962637826144,0.4784560294901502,1.0,0.8549889950936262,0.1109994257470639,0.572882815864688,0.4235367266100033,0.3412249099330932,0.5799075953803626,0.4914089347079039,0.675260287555776,0.0856931398042441,0.5043554006968642,0.5224275171638418,0.1371232311710848,0.3681440767161736,0.6363973313565604,1.0000000000000002,0.5225716836987797,0.4228028872913107,0.3180778032036613,0.6587639472939959,0.6130676218178324,0.5538061985006526,0.0263861189823403,0.4960000000000001,0.2962463736380858,0.492738336713996,0.5223500774507636,0.5387564241359025,0.5785091197462328,0.4101799435574825,0.0713936230768524,0.18689563176645,0.6258329062019478,0.3418033063796294,0.0,0.5433832709113608,0.4160083038313885,0.4963723546836503,0.7160621761658031,0.3282537294898209,0.6998842327694538,0.7598405580468361,0.2897651968110467,0.1561848865436877,0.5404036369106452,1.0,0.1882673942701227,0.4184308841843087,0.4691480322998137,0.5215827986014147,0.0
139.4934488,-30.04513204,0.3993474978608791,0.4695719669486387,0.3740735131765584,0.4967904057200485,0.6788842126309947,0.4603745007173278,0.4190962637826144,0.3933774270490896,1.0,1.0,0.6406311831149122,0.2153400415018989,0.9845380860433772,0.0,0.4729182502019773,0.0150343642611684,0.1328705999008428,0.5591552870335924,0.2354819976771195,0.3035475429960865,0.3333858215893812,0.1361244298912408,0.0678743513713862,0.3791958200738145,0.6737771604325827,0.4047673698424516,0.1231693363844393,0.6480046520511462,0.6427798745162145,0.242592375159472,0.0581409398660034,0.7113333333333335,0.6870241462303186,0.4369168356997973,0.5620574242088959,0.7409075364738624,0.7902458366375886,0.1988913452307414,0.2682764982494441,0.8065304583449283,0.8323936442849823,0.1866476512911692,0.0057736720746707,0.7187890137328341,0.2215378726960467,0.5846227372286312,0.882383419689119,0.170196747885119,0.1798792701646925,0.6292974588938716,0.3327969335316322,0.0008858654503556,0.0,0.3812918649407537,0.4138244656662119,0.7941054379410541,0.5789578416203597,0.6849639622161688,0.0
139.2948537,-30.19154626,0.3993474978608791,0.4695719669486387,0.3740735131765584,0.4967904057200485,0.6788842126309947,0.4603745007173278,0.4190962637826144,0.8795539366069665,0.8898780085417507,1.0,0.1208475854930448,0.4594964958302338,0.2466076249985103,0.3223537484988849,0.6250351018598206,0.5969358533791523,0.5769294331515452,0.0610333673687836,0.7175764614789005,0.4780417092687803,0.5275221170518983,0.2200132538104704,0.3301210773412404,0.1375227684323863,0.7857922412937791,0.6439423293382185,0.3906941266209,0.5540943553094418,0.4719103824611168,0.7789795954137702,0.0517545330005706,0.695888888888889,0.4022481735770963,0.7235970250169032,0.6160655012170837,0.448821814129882,0.580227332804652,0.243607909080286,0.2386776576567916,0.6521538194144346,0.9612164701862296,0.0212318400479216,0.051963050594906,0.5746982937994174,0.2767639471522439,0.3658858851671143,0.494991364421416,0.3558523009922347,0.2228672256790986,0.0808835741571167,0.0984106641169399,0.000204430472541,0.0019323134099324,0.4719540669890025,0.5547976352887676,0.7548083575480834,0.9335749527214268,0.1454253287794734,0.0
139.6447061,-29.87158227,0.772300231518624,0.5131826578211324,0.187339902527557,0.5479327103080516,0.605438978168067,0.4526131096562902,0.4209753233370508,0.9444441903176972,0.9763448780734826,1.0,0.210115086397102,0.2552758310167965,0.4193568934025766,0.5187853834276894,0.3948509537807294,0.426975945017182,0.5761031234506694,0.2615660504031369,0.6585365853658537,0.4498513879809944,0.5249543368857157,0.2558765056718511,0.4336545589325427,0.0279158685428057,0.2615338823295963,0.6924080729606106,0.3313501144164759,0.7416200827304622,0.5568162696218659,0.0810726149680065,0.2194663945372043,0.5090000000000001,0.1463870090111753,0.2876267748478702,0.499778712104448,0.0882884474656613,0.2034099920697857,0.619554115862333,0.4368185642466305,0.1707242018924927,0.1445412608918503,0.7359018594712707,0.0023094688939639,0.1669787765293383,0.631813638054465,0.262799961690254,0.2958549222797926,0.2490017653177039,0.4035928586001668,0.3228699551569507,1.0,0.0010221524194415,0.0894589562939561,0.4033182454039859,0.3587994542974079,0.440431714404317,0.4690241342475932,0.5027864667760802,0.0
139.3046928,-30.19770334,0.1542311605848542,0.0,1.0,0.1458169790886359,0.8250047582354713,0.6813518062548077,0.6145219158099493,0.984365453564848,1.0,1.0,0.2343353758633313,0.4707724834579695,0.3577585774656935,0.4048507462686567,0.5049744433378263,0.6430412371134021,0.5984134853743184,0.1073007599209405,0.3536585365853658,0.4262762048751464,0.5298804921979662,0.2058238802479243,0.3850537435137139,0.1106446206897117,0.2648080166683202,0.7204270241687472,0.4211098398169335,0.3997013559823876,0.2870982475540278,0.806724050922368,0.1219358033712599,0.3336666666666667,0.3873152498303252,0.3262474645030427,0.4110284354945785,0.4521594730364158,0.3984932593180014,0.312256042807991,0.3372588836842979,0.6921772974944367,0.397744746283957,0.7418798964924969,0.0115473441493414,0.5617977528089889,0.2893659256262299,0.3999058779723074,0.366839378238342,0.6237114247708261,0.1443936227439833,0.227204783258595,0.4101809210359837,0.002180591807969,0.0013597760385492,0.6426861492978715,0.147794452023647,0.2606890826068908,0.869506304092335,0.0,0.0
139.4291066,-30.17738385,0.3271327053156611,0.8778347318851867,0.3529718564514282,0.5015874534632165,0.7748648545640157,0.5730098552356044,0.1690706486138306,0.9177745744047232,1.0,1.0,0.4925001999226555,0.2008143768842253,0.5095445279171115,0.4012480699948533,0.2948646652559497,0.2959621993127148,0.4496777392166584,0.3741261955663598,0.2531939605110337,0.4701624025887377,0.5646455912033245,0.5692901415039175,0.3850537435137139,0.0320710777883517,0.4526242682805835,0.7725861600483759,0.4843821510297483,0.3152058125037039,0.1471549796870117,0.0703459093400266,0.5492587310763726,0.5553333333333335,0.283871458551673,0.2071399594320486,0.4996127461827839,0.2824882274381373,0.3453608247422679,0.2129546578161845,0.3797176649884969,0.4065749071371652,0.2588416196822143,0.6890836760201433,0.1004619008934091,0.2187890137328339,0.3598293375603359,0.6265181231311545,0.6248704663212435,0.1833578903855645,0.2963953034798605,0.4853014449427006,0.2634727426883747,0.0117888241876063,0.0160310444919437,0.4036843997260721,0.1664392905866303,0.3429846409298463,0.3659324643702244,0.3978892233193891,0.0
139.5320433,-30.046469,0.3993474978608791,0.4695719669486387,0.3740735131765584,0.4967904057200485,0.6788842126309947,0.4603745007173278,0.4190962637826144,0.7063983427491024,0.9491103850419396,1.0,0.4092193125600394,0.2364825183039035,0.3927830958257239,0.3494595985589296,0.6577853319574659,0.3333333333333334,0.1710461080813089,0.3911670660924879,0.156794425087108,0.3782123196135007,0.4435342383401613,0.3583206642497952,0.2753891771682729,0.326442840214933,0.1838476039289612,0.7705850949683803,0.3803203661327231,0.7018833945185463,0.3046948243948172,0.160060230414597,0.0682944543939879,0.1373333333333334,0.2819987750143941,0.1519675456389452,0.1319982296968356,0.5196025423143782,0.2854877081681204,0.520463925470718,0.5026209376836428,0.6355810682336448,0.3987698616094312,0.3090083934342693,0.0005773672234909,0.1363920099875156,0.4473282869083745,0.6250673301945497,0.3031088082901554,0.5323850975345605,0.180188168665306,0.2461385151968111,0.4080128594282812,0.0,0.0,0.4734620082885928,0.2605729877216918,0.3781652137816521,0.4372646870368928,0.7440003569295721,0.0
139.699373,-29.99726556,0.3896593756916653,0.380514524661316,0.5260454184474803,0.3013862108698635,0.6328953293485923,0.4738260078639621,0.5101584694735043,0.9187103479526628,1.0,1.0,0.2065317360418099,0.1652767445806089,0.4247897860685706,0.5162120432321154,0.1685156849825917,0.3785438144329897,0.3717154189390183,0.0176216268443332,0.2868757259001161,0.2241033815982712,0.4832735280370654,0.3631154250964798,0.5296515937731654,0.2923119790881822,0.5100332374243477,0.5768530005453181,0.6393592677345539,0.780355110486903,0.3569076179715859,0.0453629798518205,0.1884726565108483,0.4845000000000001,0.5069615391485909,0.4670993914807302,0.5897322416463823,0.9382561274528936,0.5767743854084058,0.3894362442122873,0.1330724187449333,0.2873904095082424,0.5598411071245515,0.4170593213940151,0.1293302606258064,0.4737437578027465,0.4141426015685467,0.5660653575554193,0.5274611398963729,0.5079433743089287,0.6783577359276197,0.6908320876930742,0.3185025064886967,0.004565614220864,0.0,0.5420915031511889,0.3657912687585265,0.515151515151515,0.3225564542796078,0.3078731330216501,0.0
139.5265758,-30.09909382,0.3741553645156238,0.531914486497017,0.4380290802197664,0.4369070567709227,0.4930059481045932,0.5332135813587254,0.6488089906057954,0.8453294883423399,1.0,1.0,0.5294949596998619,0.1671038722054735,0.8668210366816931,0.4809572825527535,0.3499234224840336,0.4634879725085912,0.5339613287059991,0.6007343451082526,0.2813588850174217,0.2843187704326497,0.6729105848372686,0.2628932288621214,0.2498146775389177,0.0215351929497945,0.329397757714059,0.8114416613143329,0.4227116704805492,0.7509602162830922,0.1636337411957018,0.0187355828833608,0.3823957324107092,0.2850000000000001,0.0758857879117157,0.2765922920892495,0.0915440362912148,0.4893141000371039,0.2355273592386993,0.6806791365814162,0.074853231819776,0.2757036063356624,0.5310097385955921,0.4504739454481374,0.4336027797941982,0.2862047440699126,0.434524474994124,0.2356661695262017,0.4683937823834196,0.4166820744210532,0.2323170267409468,0.5166915794718486,0.5940291255132475,0.0425215416170702,0.0232593282296481,0.379072263185736,0.3792633015006822,0.2478206724782067,0.3148209557264347,0.3658008546400736,0.0
139.4308791,-30.17366971,0.3467021104197501,0.6488912002526637,0.4071252668789522,0.5405133315237108,0.5418500792544745,0.5026282749354405,0.3162959499653652,0.8859369181317454,1.0,1.0,0.4961294658717056,0.3068791355076152,0.5181335384801857,0.4566392177045806,0.3291522712987995,0.5429553264604812,0.2573128408527516,0.405579664257617,0.3162020905923344,0.4588551783569111,0.6031706527298902,0.5702257045959537,0.4907802075611565,0.0362190153220376,0.5201904950887986,0.8437348379248153,0.5100114416475972,0.3430966536447876,0.4432318084569341,0.0626106947296483,0.5323155946057699,0.3920000000000001,0.2722262610313555,0.1782555780933063,0.3509072803717638,0.2749046366819602,0.339016653449643,0.2038830794706522,0.357212753846295,0.3761206936670918,0.4725781650435673,0.4501144337272671,0.1183602759283592,0.2191011235955056,0.3699320908297916,0.6373089055777976,0.4642487046632125,0.3035528835188518,0.2747181953832495,0.3358246138515197,0.2338235490855237,0.0064054884548211,0.0151006713627578,0.4300375025908627,0.2778535698044565,0.309931506849315,0.356870664176886,0.4234289947018445,0.0
139.4992497,-30.08038624,0.3579964042251249,0.6452065850710811,0.3091470701099881,0.6612669676382523,0.4893054412712846,0.2835415153237332,0.2893889539291111,0.8594384231104599,0.9513499474028624,1.0,0.521643550755871,0.2421988175874084,0.3798783159844796,0.7090410018871162,0.2586409669905781,0.3306128293241695,0.5015699884316642,0.3271315661088594,0.1871854432830042,0.5410444651220596,0.3747592247394855,0.2418430592913109,0.4573758339510751,0.0460853565385312,0.1978370870126004,0.7080572136620376,0.625019069412662,0.6555698858291706,0.5874900838962474,0.0516986510874442,0.1484689423323641,0.3990000000000001,0.1800536263397076,0.6115212981744423,0.2628070369550786,0.1494042199734802,0.1361353423209093,0.5765815297331959,0.4020478244407737,0.2863398319113834,0.6837519220912354,0.1073005467925997,0.0063510392180421,0.2898460258010819,0.3093925789493365,0.3583117206369549,0.3561312607944731,0.4962783572439319,0.0526467660493375,0.3416376017272878,0.3460003897957075,0.0128791199402937,0.0,0.4064556197353463,0.3025617705017431,0.4567593745675935,0.2733374547915045,0.391396613351386,0.0
139.3182734,-30.1658713,0.3523858109446177,0.4468539208818852,0.3428055347204181,0.7018899185612066,0.6324570408601116,0.3592698579507907,0.3629563809374948,0.9570350978435508,0.6138559240375914,0.8488436321438195,0.7388668295063319,0.5309110841392272,0.5337084395594558,0.3854863612969635,0.2852406309240972,0.3874570446735397,0.2647496281606346,0.6776911860359895,0.4860627177700349,0.3145117338697214,0.3694552025945185,0.3934042802011462,0.3602668643439586,0.0771289180047199,0.1189602143069749,0.7524135298983439,0.5377574370709381,0.6113346028864594,0.4140243755859517,0.1392835924569209,0.099444398044522,0.2126666666666667,0.2009270191490335,0.3019066937119675,0.3225271077672053,0.4365261348977596,0.2367168913560665,0.5289870615207217,0.2405647296109886,0.4639891651320119,0.4069707842132242,0.4551274533237435,0.3885681349197494,0.2390761548064919,0.3778045525000623,0.5295920858619731,0.3901554404145078,0.5262529195546065,0.3688926115866106,0.8071748878923768,0.4729410530270679,0.0017717309007112,0.0143849995293549,0.4525556610774849,0.2905866302864939,0.33208800332088,0.392018460241648,0.4648140104381847,0.0
139.580993,-30.07227085,0.4661128441310569,0.3464407070356692,0.5268084573368761,0.3259959144602739,0.6137670737044729,0.3978633658086316,0.3249460731884701,0.7191252428080301,0.925152797690129,1.0,0.2080575448890471,0.347049841431424,0.3914963379055982,0.6181163149768402,0.2821389334672974,0.5158934707903778,0.4311684019170385,0.2054105253445634,0.2711962833914053,0.2717300411433392,0.6056309437566719,0.5087903948855884,0.5458364220410183,0.0158094638020822,0.058140688560373,0.8592694468236075,0.6241037376048817,0.7592034092565402,0.4101781292819539,0.0309219186611334,0.4350478519246551,0.2550000000000001,0.1462141284362099,0.2954158215010142,0.3438813896879842,0.1879881184996156,0.1519957705524715,0.4848041209228048,0.3568283716340387,0.3760097616386028,0.3994532718264136,0.4627552522104616,0.0386836050154502,0.2062005826050769,0.6269694236848901,0.2606344478801651,0.2124352331606217,0.679576589081167,0.393674734608008,0.4044178707855838,0.3908062094580184,0.0008858654503556,0.000214701474544,0.6005463352120058,0.2182810368349249,0.2475439324754392,0.3603475876483805,0.3963931931940749,0.0
139.6477864,-29.95692209,0.5513494996230048,0.3408440191401952,0.329889648882166,0.6389164117674402,0.7404573276923513,0.4552292222186376,0.3429267123197351,0.8231240918016834,1.0,1.0,0.4984404886771573,0.565678712658079,0.3761083483558943,0.4014410705095214,0.0508327480428689,0.2525773195876289,0.3515121467526029,0.5228373185133851,0.3275261324041812,0.6649201087702442,0.3513763172860046,0.5608700736755934,0.5144551519644184,0.067417609169055,0.3704732612362338,0.7951444153015241,0.5899313501144166,0.984158687304892,0.4446020337027333,0.0237914993346202,0.2696822425570565,0.2266666666666667,0.1198557797150714,0.2186071670047329,0.2256030095153796,0.0788837797883703,0.3009516256938935,0.4222636861580066,0.6628809097225778,0.3403057943939435,0.5699641209636085,0.0163604869203182,0.0,0.1289013732833958,0.4233247005217788,0.2805313427134186,0.2740932642487046,0.4730505679850686,0.3289311615727641,0.3871449925261584,0.3425104684491902,0.0052470490662936,0.0,1.0,0.3342428376534789,0.3192195931921959,0.4053205177410937,0.4598328860255269,0.0
139.6259993,-29.88046768,0.4127323959818737,0.3340680886615964,0.4368413024415962,0.4650776598708427,0.2337294958011765,0.9777419634400266,1.0,0.6863630954570685,1.0,0.9304077579938572,0.1985765621537975,0.1945107865784424,0.4378375165561242,0.1806484817292846,0.7054316935967189,0.2594501718213058,0.3589489340604859,0.2603080237896706,0.0978513356562137,0.5344388973388068,0.5434618706632135,0.2343585545550227,0.1312083024462565,0.0265219488930437,0.2782022025994643,0.7016776325308653,0.1752860411899314,0.666729800027435,0.6422029375706149,0.0728619869539972,0.2883666199027941,0.4693333333333334,0.2117964747370204,0.6514401622718053,0.4841779154680242,0.036384104561448,0.2137192704203012,0.5378129490409262,0.4049832476332349,0.1134401085766224,0.3552024602767811,0.2253209700150765,0.0,0.2606117353308365,0.2392441177276786,0.2215419155981353,0.4450777202072538,0.4529680453889933,0.39925520197718,0.4997508719481814,1.0,0.0049063314922817,0.0,1.0,0.627557980900409,0.5699460356994602,0.4045242152921958,0.4679080707082925,0.0
139.3193309,-30.14319604,0.3993474978608791,0.4695719669486387,0.3740735131765584,0.4967904057200485,0.6788842126309947,0.4603745007173278,0.4190962637826144,0.6536142186311191,0.3297446781951739,0.4935860146007184,0.29765573745644,0.1844876864648996,0.3498075594679775,0.5898095728255276,0.1499777131014149,0.2740549828178694,0.1621219633118492,0.4792572599066025,0.28397212543554,0.5560587100660144,0.3056352963017554,0.3166881066541924,0.3862120088954782,0.2731939906706496,0.3085623573767239,0.6836304645951099,0.4416475972540046,0.719065822326745,0.2074809490612755,0.3192764012919006,0.0466696576121178,0.2810000000000001,0.2395454079563002,0.2749695740365112,0.1552334587298075,0.4487077635209691,0.3663758921490879,0.3934415504857944,0.1092395894133765,0.2441358461463941,0.3013839056893902,0.6032256444498897,0.5415704445780459,0.1560549313358302,0.3982360425822131,0.3189282273980573,0.210880829015544,0.6929034398916193,0.4529810160959218,0.3811659192825112,0.3205473292068318,0.0,0.0330640275167489,0.3491128304144254,0.3337880854934061,0.3777501037775009,0.0,0.4769420179762451,0.0
139.5105916,-30.10129993,0.5189571947792404,0.2868782128430408,0.4274736188098137,0.3588030266142054,0.6384552098919379,0.5933258832258926,0.1522744597445879,0.9542854002876248,1.0,1.0,0.4880278921544849,0.3533142790023883,0.6768036737791541,0.6037056098816264,0.1864793822979869,0.6757230813287515,0.5417699553792763,0.5169319246271181,0.634775454897406,0.3038556487904846,0.6357019257850374,0.5254746033602308,0.64393377810724,0.0366870538311186,0.3644458775672191,0.8297333955193731,0.5926773455377574,0.736544480151073,0.4731844515493162,0.0578856664796593,0.2781249331092612,0.5616944444444444,0.3197843252339108,0.4375659229208926,0.5403850409382608,0.5827182150220451,0.367961934972244,0.488020384717481,0.1030542376569751,0.2870471185690527,0.4384076541944302,0.5043114694398897,0.3452656107041078,0.1410736579275905,0.4075359419128346,0.3832290349252084,0.3360967184801381,0.4856983773218701,0.2848966251348988,0.3492775286497259,0.5256802040680544,0.0393869404203111,0.0179633574251802,0.1736761823483069,0.3574351978171896,0.3940777639407775,0.4718077011689,0.3962915758676937,0.0
139.520086,-30.0822933,0.6737244482834888,0.4220016730122121,0.218984186446348,0.6887953818729478,0.4885106685796113,0.2754201614864934,0.0950042885049106,0.94363257495893,0.9606344540330762,0.9427870528067064,0.7277285803611857,0.3518264750792843,0.4576381311401266,0.2494853319608852,0.3826171102407105,0.4759450171821305,0.375805651958354,0.5098978407145279,0.4340882694541231,0.3087421872139985,0.476909901259386,0.7573383230031577,0.2945700518902892,0.0613764206041392,0.1847405496577041,0.7689458526709494,0.4627574370709381,0.6853285212902346,0.3159450948340105,0.0320563594300381,0.2222060207297971,0.7596666666666667,0.2371987230242123,0.4083569979716025,0.6059139190086305,0.5811307563819714,0.2577319587628864,0.6798106110727922,0.1401663481953839,0.3742721272831055,0.3229113275243467,0.636331433016226,0.2482678998517985,0.4188514357053683,0.1095601544874976,0.3194290963880756,0.3642487046632124,0.3650682722650392,0.3436424061930268,0.57847533632287,0.2452288820152872,0.0179898823400957,0.0187505959334477,0.1488611709432221,0.2587539790814006,0.3312577833125777,0.4126995504089673,0.4211167943348745,0.0
139.6872054,-29.89415864,0.3900566010738535,0.9920097153532657,0.209217588491598,0.9673405735916136,0.6005781525359474,0.4208329842089177,0.168680272977829,0.9223525563335292,0.945778216975,0.9358867248662588,0.2981490471461316,0.2145569868055283,0.4117724636184917,0.4067593069137073,0.2476690984541113,0.1516323024054982,0.189885969261279,0.244859904663538,0.1968641114982578,0.4776326440746743,0.4375139608747469,0.4305149495185749,0.3051643192488263,0.4595660993399416,0.2214505407282468,0.6854212571777334,0.3958810068649884,0.9038906782245856,0.540373566672276,0.0698705715113033,0.0674998116570299,0.1963333333333334,0.2108610522162702,0.3548073022312373,0.1684000885151582,0.4147079576042098,0.3116574147501981,0.4827989820018827,0.3296757170351038,0.2708120072523713,0.281223304288399,0.2823182255946733,0.0,0.2230545151893467,0.4560720982031898,0.374176674498496,0.2632124352331607,0.8663644285492332,0.5557211603851451,0.5263245308088357,1.0,0.0,0.0,0.3898627951039816,0.4356525693497043,0.4927355749273556,0.3379594467850516,0.4706165352315054,0.0
139.4187873,-30.16205484,0.3690160776148103,0.6385347804445953,0.2351506529852051,0.3781643925724948,0.5024746599053912,0.6435868082654881,0.3763732310678172,0.7316055931027315,0.9261899172330664,1.0,0.3613361532336741,0.4141837307335917,0.3095807648193616,0.4662892434379826,0.1205214141312787,0.2319587628865979,0.2002974714923153,0.3010169588246196,0.2485481997677119,0.4890431216709063,0.5396628840139958,0.6329084317623668,0.4162342475908082,0.0320311199251913,0.2612362337533486,0.7939850039442538,0.5794050343249428,0.3575434800565722,0.4148897810043511,0.0400439139337316,0.1213336719013276,0.3970000000000001,0.1252589535506159,0.4677484787018257,0.2790440362912149,0.3817491628238071,0.3770816812053925,0.4127618742719376,0.3991124012483126,0.4470703212185046,0.3562275756022554,0.6578404561197054,0.0121247112927129,0.2372034956304619,0.4198520077606111,0.6161002385315466,0.4875647668393782,0.3609857094842821,0.2746178826453865,0.8111609367214747,0.4304384971926931,0.0047700445231957,0.0012166417354281,0.3079735696278006,0.2069122328331059,0.2615193026151929,0.3221278476396821,0.4076474900095169,0.0
139.6320801,-29.90842857,0.5923459748177544,0.5384429431401855,0.2407043820514876,0.607481911864016,0.6828745061612255,0.2804480738162868,0.2230612735272908,0.945132599110854,0.9616816856749792,0.9389409285777238,0.2540448916115491,0.4491601738381426,0.4132868341834814,0.3124034997426661,0.5123773483017683,0.3737113402061857,0.3807635101636093,0.2921310892996555,0.3536585365853658,0.6158577414602124,0.4599680114002863,0.1768214243948076,0.3702742772424018,0.0352836994469857,0.3032046830042664,0.7130025634829393,0.3020594965675057,0.7385368322282698,0.3975816726363615,0.081230774356056,0.3082893215546348,0.1663333333333333,0.2154117010991535,0.1547667342799188,0.1499225492365568,0.2360280286062309,0.1475019825535288,0.81059176229975,0.2383981105683617,0.2019947345276888,0.3582778062532035,0.5592950250737538,0.1454965355125551,0.0711610486891385,0.6391130260253526,0.3730545130890101,0.3652849740932642,0.7886726120326666,0.2909372801959936,0.1624314897857499,0.3703377547412889,0.0028620266533986,0.000429402949088,0.6188262618159504,0.2601182355616189,0.6587795765877956,0.4227958362688367,0.3959427477518414,0.0
139.5967093,-30.01991338,0.4412648087961588,0.3407788886783953,0.377617430776641,0.5792529381086825,0.5297640084081245,0.5762484769076541,0.5764867485713272,0.9955033459459708,0.9968480146001908,1.0,0.3257068558815096,0.2402411808464821,0.3256969576916045,0.4446731857951622,0.3175934613328112,0.3311855670103093,0.2102131879028259,0.4186082547526404,0.343205574912892,0.5132888761414341,0.4412334633302557,0.0879429306513858,0.6148999258710157,0.0451021789526554,0.3555908324238517,0.6556901541735238,0.3981693363844394,0.7974847534640921,0.2513281569268492,0.0627254882909841,0.1905546103526424,0.4006666666666668,0.1696177458966543,0.3711561866125761,0.2724053994246516,0.0967149046197786,0.3663758921490879,0.3927616008027981,0.5023063925868418,0.4242323323174061,0.6104561763198362,0.1707498674060121,0.0294457281576815,0.3533083645443196,0.3220383088992526,0.2249468523671652,0.4715025906735751,0.2470327338917896,0.3333599897248878,0.3906327852516194,1.0,0.0026575963510668,0.0,0.4033182454039859,0.5216007276034561,0.4263179742631796,0.4451406722198437,0.482760830724933,0.0
139.547736,-30.11180127,0.3034777990516181,0.6701118214783809,0.3273398298081725,0.4513218899059404,0.4272940330969396,0.4696786969424205,0.5658368242770281,0.7819648548857521,0.9680757218376442,1.0,0.0660489512663492,0.3223053130261147,0.286669012821545,0.4753817121290101,0.2409083174152849,0.4334192439862543,0.4047264914890101,0.0576446744542618,0.5652342237708091,0.4893768201958137,0.4911706058464574,0.3756285814524616,0.6367679762787251,0.1954017762226979,0.3911102291894037,0.6337118864656295,0.6427154843630818,0.6711351400075097,0.179980287987692,0.4419636105851212,0.1881930951165787,0.2576666666666667,0.5056919855130044,0.408789722785666,0.390351847753928,0.7502672929089034,0.3782712133227593,0.4536445236811702,0.3375035122150001,0.7860370957463075,0.8214590808132582,0.2215155982737258,0.0941108533429333,0.3907615480649189,0.3849031324908545,0.7374307535531797,0.4908462867012088,0.3570636808531736,0.4909912991629903,0.3303437967115097,0.3586983848407373,0.0017717309007112,0.002647984925538,0.7286501740225659,0.5775352432924056,0.409160094091601,0.3157751934726838,0.3136152840622996,0.0
139.6223789,-30.04591504,0.3993474978608791,0.4695719669486387,0.3740735131765584,0.4967904057200485,0.6788842126309947,0.4603745007173278,0.4190962637826144,0.8237586358462301,1.0,1.0,0.1724260484593033,0.5816530284640383,0.4036135641662944,0.2068965517241379,0.5884782823335267,0.2229381443298969,0.5185919682697075,0.1093354644208454,0.3005226480836236,0.2950947092220459,0.6185987545532293,0.7044790083031225,0.3732394366197184,0.2274899872564539,0.3002281972417899,0.6374226604976712,0.2961098398169337,0.6287777362406491,0.3871968076155678,0.1861193088007271,0.3204313743931584,0.3413333333333334,0.3263540349696667,0.3223123732251521,0.2963044921442798,0.7180038828621363,0.4438937351308483,0.2843359028106818,0.25978473404354,0.4433672999353212,0.3988339313172732,0.6040485635980616,0.0317551967311673,0.2566323345817727,0.4638804448396033,0.4810770832003841,0.3919041450777201,0.528744288597897,0.3319736313852139,0.465869456900847,0.2686824645764047,0.004565614220864,0.0,0.4790618291252529,0.1696225557071396,0.5570776255707762,0.2818831558853026,0.2082975705514196,0.0
139.4807765,-30.08711936,0.5280256558686449,0.5547764615495637,0.3878103432189304,0.6826120493599737,0.5113743656745302,0.5998971953696602,0.3950657088510217,0.717860878094627,1.0,0.8933167747278117,0.5172839618306606,0.253083277866959,0.3293376155140957,0.337107565620175,0.6344214749571501,0.3644043528064147,0.3300280945298298,0.36760843860067,0.2437088656600851,0.5120809774123254,0.2318884436033745,0.054418586520095,0.2008895478131949,0.0519687562664963,0.213513245361643,0.7183308760827907,0.265903890160183,0.6050260290281962,0.3526767470371885,0.0643289469369573,0.1312091841121561,0.5572222222222222,0.2187427042768023,0.2934685598377282,0.4560743527329058,0.1753681533348222,0.1879460745440126,0.5597241645404581,0.3846449555336598,0.388433531485036,0.4876131898171878,0.2748840516454369,0.0248267910107101,0.1930919683728672,0.5077950614962424,0.6098414160788941,0.3246977547495681,0.3569499406651121,0.1017690084075201,0.3871449925261584,0.2593422859641399,0.0062692011831408,0.0007872387466154,0.4046090395689791,0.207973321206609,0.426594714265947,0.4014138626364416,0.451436371180687,0.0
139.5842696,-29.9633729,0.1433704564570991,0.6281297287583489,0.2730653966023841,0.8185989770128972,0.4310894460090482,0.2901461431306824,0.3387371758278005,0.771516644954934,0.8404750380773109,0.7095609918950019,0.1788209302444856,0.2449395090247054,0.3689760986864536,0.2702007205352548,0.672167587669883,0.3539518900343643,0.3103619236489836,0.398157485633458,0.1823461091753774,0.5841929491639094,0.3601096852513725,0.3583206642497953,0.4122961452928095,0.0372144098998676,0.2898104970731224,0.5371900453730092,0.233695652173913,0.7961039817982,0.3923892401259646,0.0435148899531155,0.0473486406602773,0.4510000000000001,0.0426365297822036,0.2545233265720081,0.3038559415799957,0.206974328553158,0.1399682791435368,0.617246040230927,0.3138803332684354,0.2327367729227074,0.3505894413121476,0.3850356971961385,0.2188221768217684,0.2247191011235955,0.6109971227304893,0.1511009581142357,0.5730569948186528,0.339922974978163,0.2808806384620376,0.1205779770802192,1.0,0.0,0.0030058206833408,0.2164307818216405,0.1932696680309232,0.2976338729763387,0.4097574313039904,0.4454773042090189,0.0
139.2881836,-30.17783494,0.50035021658253,0.4379910692308609,0.2899507516862325,0.3805656711222958,0.7225333804116107,0.4139250821451397,0.2339513128059956,0.6343443653410283,0.6989518880706277,0.9566775101153288,0.5817016058309166,0.1641282643592654,0.3946999892599104,0.4297478126608339,0.5002227083424224,0.3943298969072165,0.6410510659395142,0.6007441143742765,0.3080720092915214,0.456581919723973,0.474721726608473,0.4355046193427669,0.3865826538176428,0.1705697961722502,0.4785196944141285,0.745848386576685,0.4604118993135012,0.7021871110854838,0.3046948243948172,0.5526350141563197,0.0417163107355681,0.425875,0.389741320596992,0.4733874239350912,0.5429298517371102,0.4875927293605461,0.4806701030927832,0.5009249505124826,0.065662570098806,0.2489471904659239,0.2961301896463352,0.336072251657003,0.3002309453190531,0.6507100499375781,0.2407375791741428,0.4369957502632944,0.5401554404145076,0.2907882681407344,0.5316618926585639,0.4113726955655206,0.5696649765139665,0.0,0.0158163431961607,0.4807977762656988,0.2928603910868577,0.4881693648816935,0.8140146940438648,0.1519177194262858,0.0
139.5958591,-30.06233139,0.4708963283152616,0.3638334059637527,0.5328402543894397,0.2978020720760672,0.624959190965788,0.3795245492861112,0.3461171018336798,0.8798994447136491,0.9294246945754584,1.0,0.1826061265527744,0.3226185349046631,0.4144463805389577,0.5265054040144107,0.4331736580210971,0.5338989117983964,0.5385886630309039,0.1680711163489479,0.4526955090979481,0.3367053166214055,0.6366448937175689,0.6040619030912563,0.5226093402520385,0.0113319835535335,0.2993352515130469,0.8933393226857906,0.4358504958047293,0.7511588851729283,0.1243539508161254,0.0095730735559559,0.3777495237255265,0.2124722222222222,0.0996880490972983,0.2713995943204868,0.320203584863908,0.2293114384649483,0.1415873645255088,0.3819834200219408,0.5254403144720023,0.3823782383272057,0.56910985819238,0.2861398369417171,0.0040415706445564,0.0394298793175197,0.5083240653281521,0.3021398345847181,0.2463730569948186,0.4114835954893585,0.35729219902396,0.5652715495764823,0.5657405148892338,0.0,0.0,0.3158409817199977,0.1736016371077762,0.296976615469766,0.3929262396000575,0.4120090611520474,0.0
139.6370457,-29.88070692,0.4127323959818737,0.3340680886615964,0.4368413024415962,0.4650776598708427,0.2337294958011765,0.9777419634400266,1.0,0.8853192902903355,0.9976645659943484,0.994581195462684,0.2117237438804398,0.2725030343369485,0.4310132482533366,0.362497855549837,0.4971558415736777,0.2953894616265749,0.2662369856222112,0.2574820936919653,0.2934572202864885,0.1841492948185075,0.6097648001303709,0.4791642303044477,0.3157894736842105,0.0267460173839861,0.2607401527929358,0.6779205985494017,0.3818459191456902,0.7017487295602147,0.6697997548017982,0.0788476802390135,0.2650762918248565,0.3123333333333333,0.1897490267863206,0.2567951318458418,0.3427749502102236,0.0472617342094695,0.1900607983082208,0.5442305778007696,0.4260553458742731,0.1380314978578151,0.362890825217837,0.3638744467830364,0.0,0.3075322513524761,0.223457684376346,0.2790022167498654,0.4048359240069084,0.5504219123997214,0.2777803909618977,0.3067596744726789,1.0,0.0038160357395943,0.0,1.0,0.0932241928149159,0.2361975923619759,0.4731644565336703,0.5135084844894979,0.0
139.5997383,-29.83577104,0.3993474978608791,0.4695719669486387,0.3740735131765584,0.4967904057200485,0.6788842126309947,0.4603745007173278,0.4190962637826144,0.5642309034023911,1.0,0.9582681781011158,0.106903124429368,0.5471986218237342,0.4196107806173938,0.5134671470235033,0.2448262509688242,0.422537227949599,0.4860353660551973,0.2422432704716283,0.5077429345722029,0.6417327683345597,0.1964115752418637,0.2340467001910108,0.4855448480355821,0.5743306554523366,0.2283956741740252,0.6136737066926035,0.4666666666666667,0.6628791190759431,0.3465227529507922,0.3251178126312903,0.1053217215454611,0.3036666666666667,0.2230788895285121,0.1397160243407708,0.3595928302721842,0.3467119142541321,0.2193034628601638,0.3650116806434238,0.2328417695549187,0.152656670120629,0.333205193917649,0.4213053964266641,0.0,0.1146223470661673,0.485201082477537,0.3993000889644234,0.434369602763385,0.2760820074112489,0.5766445124024184,0.4164590599568178,0.2945757551413106,0.4135628719925126,0.8573746174330994,0.4123863571759618,0.4423222676974382,0.2586135325861353,0.4505616268316558,0.5005524924591108,0.0
139.5389486,-29.94228821,0.3993474978608791,0.4695719669486387,0.3740735131765584,0.4967904057200485,0.6788842126309947,0.4603745007173278,0.4190962637826144,0.3068673191994107,0.5160887780683974,0.6930252474572048,0.0830405038285869,0.5349829685603539,0.4095197482306466,0.6623777663407104,0.2713725205081073,0.7147766323024054,0.5880019831432821,0.2077802094814156,0.5037746806039489,0.6487431958684091,0.4652333001027968,0.4022921295754882,0.6408450704225354,0.7276256690787926,0.5163210635975791,0.5147020688633974,0.5546910755148742,0.6623380584695184,0.3675809514651795,0.1598422723808449,0.0193778339919416,0.5426666666666666,0.1796379197211626,0.535578093306288,0.4791989378181016,0.5468603561222046,0.5146708961141949,0.2788880314633397,0.1503005359621221,0.2728148147444621,0.5771399282419273,0.1684409801348614,0.1333718242198422,0.5970661672908866,0.3453025769435517,0.0104669872359664,0.3678756476683938,0.2750114724138641,0.6005013176639604,0.6268061783756852,1.0,0.0,0.0114507455208787,0.2309954377213242,0.5397908140063665,0.4790369447903694,0.6018808299674319,0.4968117905138518,0.0
139.623139,-29.96195943,0.8661441111173218,0.2413852730621581,0.3299031209540415,0.6650729561437386,0.6953944175640514,0.6058885852163267,0.397412667809883,0.8901925111975284,0.9233257530447924,0.9562302408997344,0.43205327343514,0.1343721858971849,0.407427874176581,0.3098301595470922,0.154788170287984,0.088756443298969,0.1370228061477441,0.4745602817524281,0.1771196283391405,0.5032121848159401,0.3862109010187897,0.1691030288855104,0.1764269829503336,0.0592380900919323,0.2657381684690942,0.869720027525215,0.4851258581235699,0.9114841429848544,0.5964446260727421,0.0383052045435998,0.1256093664069994,0.3862083333333334,0.2562220519915141,0.5826369168357,0.2611197167514938,0.2240836102243671,0.3703409992069784,0.286511570653361,0.8378180374491402,0.6266421121914109,0.3508457201435161,0.5438890712889652,0.0011547344469819,0.1684222846441948,0.3911684791979501,0.4905653070843348,0.2826424870466321,0.601254266753717,0.4064439534902189,0.4305555555555556,0.4783865373786161,0.002180591807969,0.0,0.3606127362571517,0.229706684856753,0.3604192611041925,0.4282000292705654,0.4661295616032583,0.0
139.6274688,-29.81787601,0.3993474978608791,0.4695719669486387,0.3740735131765584,0.4967904057200485,0.6788842126309947,0.4603745007173278,0.4190962637826144,0.9244923310063192,1.0,0.6069689933446302,0.119420968833641,0.1948762121034154,0.4176313180320726,0.2601932864413565,0.3836355159266144,0.2195971744940816,0.3361427863163113,0.2301325874696941,0.0041295651051748,0.5802917357248843,0.2970015776329134,0.3515638196962019,0.005930318754633,0.6539013302299249,0.0,0.6125824131014612,0.3100940757691329,0.6021273788497317,0.3564588892361194,0.4233830282948403,0.0919496859599132,0.0527037037037037,0.2099563470351035,0.0388100067613252,0.0458803570111381,0.4569939698851221,0.0826063970393866,0.9286511804969876,0.2231612250987283,0.1238286366092789,0.2454012187482202,0.8012795667370203,0.0,0.0258357608544874,0.9910821932604787,0.3297139780356776,0.2590673575129533,0.8668760331654245,0.5953171151323895,0.2120356529923046,0.2919195114358887,0.8381239485210468,1.0,0.7056859911154276,0.1848314890606841,0.0993035376597019,0.4015914492434256,0.5366670834664479,0.0
139.6115004,-29.96180868,0.6420868578470192,0.1319677832742293,0.4198453564641517,0.6398329733442042,0.6784586986013015,0.5607664815291278,0.3575113952434119,0.8610172709959969,0.9029573665279824,0.8509732217892506,0.3484182414616981,0.2637328217375984,0.3477092090236517,0.2192485846628925,0.6103209672339969,0.2188036941580756,0.7239712444224095,0.4540792703836412,0.160605400696864,0.5909936345372467,0.3670403175385077,0.378259852648813,0.371015567086731,0.0511293530238088,0.2925637464034131,0.6856076649680758,0.3249427917620138,0.8709180350394031,0.531827688165581,0.0407961487773347,0.0824323841289544,0.3774583333333334,0.2680008606432543,0.3944016227180528,0.2186324408054879,0.2809827500097399,0.2835051546391751,0.3793242146144601,0.485916996085586,0.7076793836434142,0.4177344951307022,0.3264147719564311,0.0075057741457414,0.1204744069912609,0.3493281498185797,0.3684429621158158,0.3492227979274611,0.5806735422594015,0.4103493927704711,0.1748878923766816,0.3533901049603449,6.814349399903175e-05,0.0,0.4033182454039859,0.4338335607094132,0.3971046077210459,0.4281722786860108,0.4510553274674851,0.0
139.5034201,-30.06158313,0.2249407426320638,0.4085470719368979,0.2409759545749942,0.6577719450384478,0.603311257823631,0.3404124522581403,0.4960452949934028,0.7181229074638789,0.8602945723093857,1.0,0.2418111293496859,0.2772013625151716,0.4540198704554815,0.5079773546062791,0.2368463492449157,0.2358247422680413,0.2627664848785325,0.469273537255895,0.2453542392566782,0.2208200019677615,0.62308888780693,0.6099871360074847,0.2613046701260194,0.0216148549617453,0.2716539339220162,0.8838545109745708,0.3995423340961099,0.6711286151960364,0.7336474434481599,0.0421137453350045,0.0979631953432412,0.432,0.1160916661807477,0.1909127789046652,0.3016154016375305,0.1558947748610342,0.3132434575733544,0.4243469378701199,0.6261183025640193,0.3691916683208328,0.6324961558175295,0.0943535510172581,0.0005773672234909,0.3093008739076155,0.3576359089518367,0.2787426366019703,0.4227979274611399,0.3706195913808455,0.1178026994475951,0.4050822122571003,0.2145659707367024,0.0011584393885274,0.0,0.3360765899301215,0.2569349704411096,0.2108758821087588,0.4255151235793568,0.472332656409668,0.0
139.3979662,-30.15632055,0.3188769804558667,0.7222348686065074,0.2546238432414481,0.6076049044993017,0.4593567135151208,0.876349337179961,0.1415317751834102,0.9672398972713916,0.9845147964992108,1.0,0.2778906430667296,0.3075838847343487,0.3870937686480073,0.4791559444158518,0.3256450034579677,0.3470790378006874,0.4402578086266733,0.2162506940625486,0.4700929152148664,0.3632074411822975,0.6375292405693443,0.0781195181850076,0.5081541882876204,0.0185087288348771,0.0984224625458875,0.8196623012417541,0.4864988558352404,0.2371411518150659,0.6038366306882377,0.0782429865089307,0.0517141558824582,0.4686666666666668,0.059408403767303,0.2490060851926978,0.5233458729807483,0.6733483506228899,0.5364789849325929,0.3473163598283306,0.4066955678975067,0.5054302557610098,0.3659661711942593,0.5377252159967846,0.0046189377879278,0.1988139825218477,0.4622098862862746,0.6931750412344848,0.4808290155440414,0.5015876035504514,0.0726921465194157,0.2321873442949676,0.0732132188341494,0.0014310133266993,0.000429402949088,0.3805462673301147,0.2824010914051842,0.3769198837691987,0.1244898662954336,0.395755116235218,0.0
139.2823973,-30.16593819,0.50035021658253,0.4379910692308609,0.2899507516862325,0.3805656711222958,0.7225333804116107,0.4139250821451397,0.2339513128059956,0.3971502833036165,0.5255097583507311,0.7315532636272621,0.844492694578324,0.2668650405230805,0.1080148172542517,0.2969634585692229,0.5797684024051417,0.1619415807560137,0.2469013386217154,0.7942844027769203,0.1591173054587688,0.4544348117145912,0.2251525658628176,0.6399251549526371,0.2142327650111194,0.2361956927360773,0.0698481992261137,0.5802831293809119,0.2306636155606407,0.7341507145215574,0.1428640111541143,0.345258412165923,0.0449186650572025,0.1313333333333333,0.2914905982037142,0.1370385395537525,0.2178855941579996,0.7723679438390197,0.3536875495638381,0.6152401528724878,0.0952614007601281,0.3149156090291832,0.4761660686827268,0.2327957661053779,0.6397228820256209,0.2471910112359551,0.3779875842348235,0.7539311432973872,0.3196891191709844,0.8649448620370705,0.6013566548785442,0.2580966616841055,0.3689680520738849,0.0,0.0167467163253466,0.6195439504875111,0.2664847658026376,0.2760481527604814,0.7739984458049414,0.2205302502467318,0.0
139.4439925,-30.19045958,0.3788553749019753,0.572635680231355,0.5468529963045328,0.7521085601381376,0.4485734528064912,0.1592191699332886,0.3790387684064667,0.8731935942143518,1.0,1.0,0.3510100012329161,0.4987275361183979,0.4088814195833252,0.672349459598559,0.1630827656532506,0.5078393470790378,0.3860312345066931,0.0964451515151306,0.5094367015098722,0.3192120483539003,0.3647729512538271,0.5190620980002338,0.6383432171979244,0.0080693328613213,0.384499950391904,0.5978672844180752,0.6501716247139588,0.4444742762400245,0.2541767830957475,0.819723161768228,0.2568203926134521,0.539,0.4603896316873754,0.3129411764705882,0.5993582651028991,0.4806825020388776,0.3826328310864391,0.4978267651416498,0.2697791482660632,0.5063049851979823,0.4141465914915427,0.4397412789365165,0.1108545017826177,0.3043071161048689,0.3731961257451417,0.605204536067038,0.4668393782383418,0.3957610238404733,0.4516265863800281,0.4215246636771301,0.4492659610383365,0.0052470490662936,0.0084449248375379,0.3840883056883506,0.1234652114597544,0.3611457036114569,0.277227307141531,0.3266702391850661,0.0
139.4918734,-30.07833504,0.5538253312066937,0.6330331892622612,0.3887525801037826,0.5798917179922144,0.5463145290761328,0.5817986488623055,0.2085553345949742,0.734691949622231,1.0,0.958502330996538,0.4205941165520286,0.2972475627422575,0.231039945139797,0.4674901355292503,0.3053530775245047,0.4065005727376861,0.2315319781854238,0.2925078431676224,0.1124661246612466,0.6033499020061254,0.4012897560444628,0.2381008069231668,0.3886829750432419,0.037857679033779,0.2339517809306479,0.5934527833952752,0.337299771167048,0.6435735962695783,0.5028726652082984,0.053570051121737,0.1453703510474135,0.1514444444444444,0.2050378130811774,0.3508045977011495,0.4534188979862801,0.1464588125230432,0.1697065820777159,0.5586247808828294,0.394569492915406,0.2685311573686695,0.5542456859730052,0.3698640063364122,0.0063510392180421,0.2303370786516854,0.4977892883193809,0.3998102056034565,0.4386873920552677,0.2608021914507845,0.0320445700625605,0.4967613353263577,0.2399467467221788,0.0192164653644633,0.0007156715950549,0.3816837869608727,0.2034257996058814,0.3452331534523314,0.335587501134913,0.4638118692546352,0.0
139.2893382,-30.1539271,0.2411154446711656,0.9557012382887412,0.1536322300324623,0.7988344018084051,0.7040683315801948,0.1732175595058569,0.7104781792491242,0.5083916734226266,0.4100595761974323,0.5372637865911465,0.5036853818244791,0.0479229474178771,0.2617138007389298,0.5645908389089038,0.4208930676371719,0.3715635738831616,0.3986117997025283,0.6929619929837875,0.1251451800232288,0.6295777203766584,0.2190348240813713,0.6890422172845281,0.5290338522362243,0.0787186578454781,0.1743228494890366,0.1901081353095065,0.4569031273836765,0.7428975657369215,0.244981850525253,0.0874560212046942,0.0624891364226684,0.2903333333333334,0.0280531732847703,0.4083569979716024,0.1593272847975216,0.4518507992187979,0.2479513613534231,0.6143132227661157,0.4382163791394233,0.5884693374565603,0.3191525713309413,0.6356877432890384,0.2344110986661871,0.2053682896379526,0.4962941830825972,0.5248525977445051,0.2739205526770293,0.6642640314293402,0.489117482587658,0.2695565520677628,0.4897352558972895,0.0,0.000429402949088,0.316254603423904,0.3087767166894042,0.3034454130344541,0.510163887751521,0.455045850795776,0.0
139.5972283,-30.07297563,0.6459968225207092,0.2942008771969657,0.4867148135666054,0.2674599633896267,0.6540894186459966,0.5780090588575737,0.5277303769000479,0.9319541888752872,1.0,1.0,0.1498210011736914,0.2482283387494617,0.4059515455918981,0.3188368502316006,0.3880616470008377,0.4506013745704467,0.375805651958354,0.0947748831129885,0.4506387921022067,0.3121886842494796,0.5457636683686181,0.4710560168401356,0.5585618977020015,0.2560407835357254,0.2921916856831035,0.6924754390824228,0.3982837528604118,0.7998688087440396,0.348542032260391,0.1963869913331794,0.2698788848819117,0.3363333333333334,0.4709237167251695,0.3174847870182556,0.3183779597256031,0.7632046418081336,0.3469468675654241,0.410608185891411,0.2968968445819488,0.4588208058338089,0.485904664274731,0.2514664442271421,0.0167436497215972,0.3071161048689138,0.4240714937282272,0.6435667760665811,0.4979274611398964,0.3039422662376305,0.448846521743427,0.4808171400099652,0.7017248117242021,0.0,7.156716149172535e-05,0.5777214044882604,0.4083674397453388,0.3192195931921959,0.2686037898826108,0.2846443333599024,0.0
139.5789792,-30.02420177,0.3993474978608791,0.4695719669486387,0.3740735131765584,0.4967904057200485,0.6788842126309947,0.4603745007173278,0.4190962637826144,0.7828162397124528,1.0,1.0,0.36175813258286,0.1490936141889511,0.3298883630185145,0.3010808028821411,0.5769103283646975,0.2757731958762887,0.4209221616261774,0.4161113153070589,0.1922183507549361,0.4593967560674358,0.5614886397121956,0.3433516547772191,0.4140103780578207,0.0821073701776546,0.2841551741244171,0.7025952023294961,0.3295194508009154,0.8180832650891682,0.2386355441236569,0.0566174439538639,0.1786928736208765,0.3333333333333334,0.1813831066747772,0.1634347532116294,0.1721619827395442,0.1094562451752842,0.2509912767644725,0.4694705194774257,0.5131744460830256,0.3080545865360049,0.4095335725269093,0.3465394730814006,0.0,0.2584269662921348,0.3577518074294326,0.2317309208846287,0.2512953367875647,0.4936763125671646,0.3773591641184705,0.4105630293971101,0.3767279996365453,0.0017717309007112,0.0,1.0,0.3083219645293316,0.195101701951017,0.4028521337933755,0.5124708356527667,0.0
139.5833129,-30.08522056,0.3091674568206101,0.0883743760209442,0.9012695258449244,0.3747749137276997,0.6305278998553296,0.3850127722350647,0.5367657281780401,0.597333104424586,0.94632475409187,1.0,0.1605569229870424,0.3201127598762773,0.3509534627124147,0.750900669068451,0.1618259809638461,0.7762027491408936,0.4705007436787307,0.1019370293606317,0.4988385598141694,0.2948313685118,0.5002518126222567,0.4836861185826219,0.6434395848776874,0.2645938131679911,0.4874491517015577,0.577452906664943,0.5693363844393593,0.7624415176678595,0.4714296016731173,0.2747709427578043,0.194323743822399,0.5203333333333334,0.5549789174369814,0.5771196754563895,0.5425979198937819,0.7697134616964563,0.4698651863600315,0.3844387861337372,0.1827299447607485,0.4048688998069136,0.6012301383905688,0.0730137091167976,0.0271362595841958,0.4993757802746566,0.2463873482808821,0.6609227773369089,0.5227979274611398,0.3972027198661188,0.6256170291971,0.8096661684105632,0.2523494932853049,0.0011584393885274,0.000214701474544,0.1965621504694304,0.4474761255115962,0.6384391863843919,0.3005478261631781,0.2390247916377073,0.0
139.4937641,-30.05916674,0.3993474978608791,0.4695719669486387,0.3740735131765584,0.4967904057200485,0.6788842126309947,0.4603745007173278,0.4190962637826144,0.56130220406191,0.9514749586400396,1.0,0.4717623682784764,0.4209702047688031,0.9793877117098369,0.0784010979584834,0.3810705655314567,0.0330756013745704,0.1892249215005784,0.7687986813742046,0.1128532713898567,0.2996541141685408,0.6484404151702011,0.4857131719487,0.1744502100321226,0.1793119849182373,0.2190693521182657,0.758679706693355,0.4782608695652172,0.6560483028825923,0.5267193922930842,0.1558620442929159,0.1027943185184314,0.2918888888888889,0.3190024480965658,0.2138471940500338,0.2759460057534853,0.3662130658589091,0.2149088025376683,0.4721714651150372,0.5432625238744218,0.4794658926751619,0.5248590466427473,0.244905275728751,0.0057736720746707,0.1710362047440699,0.3669073231806284,0.424979722319619,0.4127806563039725,0.4516107514744604,0.1815358190158764,0.1692409898687925,0.3416212061695651,0.000340717460539,0.0,0.2281844706265027,0.3443989692284371,0.2652552926525528,0.5182757247219928,0.5954115213915325,0.0
139.283814,-30.13000402,0.3993474978608791,0.4695719669486387,0.3740735131765584,0.4967904057200485,0.6788842126309947,0.4603745007173278,0.4190962637826144,0.1835048421663551,0.0930747309871231,0.1100141594969161,0.175598400527068,0.0306957440977252,0.376919318674298,0.3875450334534225,0.2397825185079757,0.1890034364261168,0.323748140803173,0.3752610444777851,0.0528455284552845,0.4909196023312587,0.2981085409097174,0.0299380189451525,0.4381022979985175,0.413884784010769,0.2412937791447564,0.5721678136132557,0.3734553775743707,0.7386311541878807,0.5793168105002524,0.2137624372518516,0.0386114632813084,0.2793333333333333,0.2908584242001695,0.3716835699797161,0.3972117725160436,0.7352507389607291,0.3199841395717682,0.3693264109415376,0.2852949452189801,0.4309611006584689,0.3915940543311124,0.3843483327808954,0.0433025395985959,0.1900749063670412,0.6361926016523718,0.7961069505567986,0.4295336787564766,0.4720132610757344,0.5291412371557168,0.526656701544594,0.4775496783327732,0.0,0.0,0.4033182454039859,0.2710322874033652,0.2071398920713988,0.7009283543348304,0.8184759608577739,0.0
139.5547608,-29.95072892,0.4051701768996193,0.4129596478791184,0.5816469768992525,0.5580160197186362,0.5899729811391984,0.552905733931365,0.3073505896772675,0.5968939857371073,0.7185654323411707,0.93326031748462,0.1057204737589588,0.3573861634235151,0.4071711507024949,0.3262995367987648,0.4592169964977789,0.2951030927835051,0.4428606841844322,0.343882969035191,0.191855400696864,0.5011689700672217,0.5068986376655256,0.2931236112735352,0.4484803558191254,0.0263124625280135,0.2745932136124616,0.6554920019407457,0.4155606407322654,0.7107215001383188,0.2238875934517656,0.0479519305705226,0.0595486971256809,0.3074583333333334,0.114142302909418,0.3096957403651116,0.3304934720070813,0.3026617094953741,0.1691118160190324,0.6791750197859558,0.2902921523302417,0.3634817080873057,0.3293182983085597,0.6918279243794645,0.8614319061014621,0.4013732833957553,0.4501878965286037,0.277431204376069,0.1715673575129533,0.4857023176809275,0.4119503726949252,0.340308918784255,1.0,0.0,0.009446865277183,0.2765959698489157,0.3192360163710777,0.2914072229140721,0.3812214921304221,0.4636958998180905,0.0
139.5401485,-30.09322951,0.4700166982850929,0.4153880800497011,0.4232126225177919,0.2783249717678834,0.6055668119888358,0.6069902155542569,0.6066239530723793,0.9839717544209048,1.0,1.0,0.441313983093377,0.2095454367487569,0.8045027934406102,0.4273460284782982,0.3211959395545448,0.3692726231386025,0.428854734754586,0.4161106357059442,0.3906310491676346,0.3813673043047457,0.7235942458029895,0.5362335789186451,0.3496417099085742,0.0148573791272677,0.5885504514336741,0.7707150354794909,0.4535469107551487,0.6993933906012282,0.0901704367893459,0.0299468795428232,0.4112195528686996,0.4154444444444445,0.1072096245295329,0.3966734279918864,0.2688647930958178,0.5156525128679337,0.2323552735923868,0.7109411122612714,0.092325977567667,0.1583997769962303,0.4636938322227917,0.6248236100246533,0.2904157179827802,0.2538493549729504,0.442267229057154,0.261577572084829,0.3126079447322971,0.4946973515718498,0.1894229982396476,0.4814814814814816,0.3754446918573212,0.0135605550883176,0.0087311934437802,0.3343735694878347,0.3671365772320751,0.3444029334440292,0.3951915724146285,0.3082134568464341,0.0
139.6341314,-29.84083214,0.4211448935245724,0.4822372266848203,0.306580948672819,0.8170642978505316,0.5691146819356744,0.0955861971125738,0.6227887901516284,0.660629955635231,1.0,0.8180430564667241,0.1719959819485959,0.2060216906150894,0.4176270375286923,0.2913664436438497,0.5054267879659552,0.228576030927835,0.3070773425880019,0.2785743637883635,0.174324912891986,0.6318428871494957,0.2263823945529,0.4400654894164425,0.303326538176427,0.0256109594958113,0.2047946224823891,0.5729854147178721,0.186441647597254,0.6724657975460474,0.4548426644871271,0.1005910251814281,0.1006863370262259,0.4806666666666668,0.0857407346745845,0.3437728194726167,0.4151360920557647,0.0189013529259351,0.2307692307692306,0.4780705697716928,0.3218828801382568,0.0294587457272648,0.4085084572014351,0.2601692758573033,0.0,0.2833957553058676,0.3117740944184684,0.1549068416657313,0.5341968911917098,0.1924206313233762,0.2426088031070159,0.3716990533134031,1.0,0.3733582055213655,0.7977591437953646,1.0,0.2066280127330604,0.3480697384806973,0.4126120906395369,0.4440858581208352,0.0
139.6692515,-29.87232039,0.5691161338997599,0.5723619072489345,0.4111859935794656,0.5143677354620726,0.7449961586198426,0.1069566057595609,0.6311081493002088,0.808240745847535,1.0,0.9998845720944888,0.2081549418201434,0.272620492541404,0.40562306407706,0.4152084405558415,0.3974834405283098,0.5107388316151202,0.4888448190381754,0.2335524039915161,0.2781649245063878,0.4684702311429967,0.6789608975805012,0.3082680388258684,0.2530578206078577,0.4367180796583804,0.2904057942256177,0.6686940706162319,0.2316933638443936,0.8226646766599464,0.6194139282194284,0.1099194911018109,0.1268938969921425,0.5166666666666667,0.2676582600534823,0.5125354969574036,0.1850658331489268,0.3452491177658344,0.451229183187946,0.1166745361837451,0.2925286482136456,0.2186444163104273,0.4146591491542799,0.0781880138441759,0.0248267910107101,0.3767166042446941,0.2986090187813405,0.3021043399318822,0.272020725388601,0.4311677558828788,0.5398088527877359,0.6706527154957648,0.3442613923974623,0.0027938833201528,0.0542479081922421,0.4033182454039859,0.3688040018190086,0.5454545454545453,0.3257552496648107,0.5473711034143994,0.0
139.6290997,-29.92778245,0.4433899259757986,0.4868442629934537,0.4389728433331942,0.6210733437569951,0.4541651769061173,0.515163014693481,0.4807324101006361,0.9838310219671292,0.993454774279148,1.0,0.2149747899751975,0.1920050115500568,0.4651018961453688,0.3988677303139477,0.4839552075623322,0.3445017182130584,0.3376301437778879,0.2645851995927681,0.3478513356562138,0.6053350245612943,0.8057387218780349,0.7077534791252484,0.3206078576723499,0.0284603997843337,0.368687369778748,0.6779715224518037,0.3519450800915332,0.7995906837390343,0.3776773480131735,0.0801818702123509,0.1373396342094269,0.3576666666666666,0.2282477894244362,0.2551724137931034,0.2773843770745741,0.2861369548024925,0.1720856463124503,0.7216624006793172,0.5730360565690169,0.5592595477050462,0.4941055868785239,0.4172069186117022,0.0409930735889359,0.2556179775280898,0.6512895409639516,0.4653550599140559,0.3528497409326424,0.5960879380893678,0.4415256382133469,0.4275037369207773,0.2491982675093597,0.0145145635693247,0.0,0.468093160535398,0.0582082764893133,0.2893316728933166,0.4318339016976495,0.4724947392455451,0.0
139.5811277,-29.95677297,0.1859495197744977,0.5182039757133243,0.3922528380483188,0.7218542656423557,0.480614778373732,0.348833089762198,0.3915337106249623,0.8642601645024233,0.9052221160210736,0.8010624119800808,0.1417171433168514,0.2750088093653341,0.4057410152211339,0.2907874420998456,0.2747355844015006,0.3228808705612829,0.188894397620228,0.3655732881125336,0.1864111498257839,0.4368086654405003,0.5789092448867197,0.4308268038825869,0.1932295527551273,0.0323509204382686,0.2962595495584881,0.7427269956438454,0.1829138062547673,0.777838385232077,0.3459458160051924,0.0496043900972635,0.0518249595922217,0.315888888888889,0.0532523659103819,0.3455037187288708,0.3507413144500997,0.2165695579415536,0.255088554057626,0.3216393252797148,0.3930318846157375,0.3994919256109571,0.3632325303263283,0.4678527177067467,0.1668591313545138,0.4854348730753225,0.4534423261051002,0.2253976412579236,0.6507772020725388,0.2046168442531566,0.3165250542448319,0.2203952831755521,0.3417746792571625,0.0,0.0029342536906788,0.3035822972759843,0.3462179778687282,0.382316313823163,0.4077198560746334,0.4467819010639065,0.0
139.6348596,-29.87013921,0.4127323959818737,0.3340680886615964,0.4368413024415962,0.4650776598708427,0.2337294958011765,0.9777419634400266,1.0,0.7849061144053301,0.9745189917035424,1.0,0.1999992005959027,0.3197995379977291,0.4195046593313357,0.5388574369531651,0.2265723666050536,0.4004868270332188,0.5104941332011238,0.2636289795868372,0.3658536585365853,0.4894679801924966,0.3720254563767374,0.3793708338206056,0.2999752903385224,0.0265146212780173,0.2484373449746999,0.6462434884113359,0.4035087719298245,0.6874564249850755,0.5124882809682925,0.0792380246371861,0.2554166273856195,0.3203333333333333,0.1940167332345878,0.4390804597701149,0.3005089621597699,0.0791558766507214,0.2059212265397831,0.5307409656011987,0.4165501887131542,0.1631097818685018,0.3892021185716726,0.3560827045901661,0.0,0.1431543903454016,0.5214520500999057,0.2411367658951871,0.1689119170984455,0.5866917060047276,0.3436443743958625,0.4137186513868127,0.3556085338362282,0.0012265828730704,0.0971882029421458,0.410594852167352,0.2094891617401848,0.2480974124809741,0.4161028181048899,0.4781567373428755,0.0
139.5624619,-30.03343169,0.3993474978608791,0.4695719669486387,0.3740735131765584,0.4967904057200485,0.6788842126309947,0.4603745007173278,0.4190962637826144,0.9932885826574194,0.9952720450400416,1.0,0.4301204633208615,0.3379664069535257,0.4388985732975505,0.447246525990736,0.3512083627265104,0.272766323024055,0.1621219633118492,0.3818303237029837,0.337979094076655,0.443665600362636,0.487570358626893,0.1897633805013058,0.4304423029404498,0.3442701019274153,0.2631213414029169,0.8164110637533435,0.4758199847444699,0.7661430056766789,0.2340200485588596,0.0952830026467241,0.0946428178910692,0.3794444444444445,0.3995883039876958,0.3257065584854631,0.3567160876300068,0.5604752003841378,0.3407348665080621,0.3050663636910213,0.5218758805365826,0.5947432654856077,0.5706475311805912,0.2366143888179544,0.0,0.2690387016229713,0.4068689509204991,0.6333436360756364,0.4911917098445593,0.3503435136938296,0.4045688247796628,0.5505729945191826,0.3865055464532436,0.0012265828730704,0.0,0.3934204988085117,0.3465211459754433,0.2854573128545731,0.5855148162014465,0.5592693048660515,0.0
139.5178411,-30.11750883,0.3431361157954152,0.4716127199022695,0.5053020839846938,0.5297329387614544,0.4769371180565067,0.5479092795312037,0.6567862298922031,0.7785186379367557,0.9177258422080352,1.0,0.0864265890455794,0.1437688422536313,0.3809271642079758,0.2043232115285641,0.7669461324828539,0.211483390607102,0.215005784167906,0.222110427248921,0.0954316686024003,0.1253631533385075,0.6399318155716357,0.3862316298288698,0.1939708425994564,0.005875335696229,0.5460859212223435,0.8781928441206195,0.3254004576659038,0.7826506571461194,0.2551744032308469,0.0910364391372637,0.2016532533155376,0.1983333333333334,0.2751678955917834,0.1119405003380662,0.1951759238769639,0.3458023266065972,0.3436426116838485,0.3358131661175458,0.5704151784733567,0.6471526654554054,0.4619853066803346,0.5207338157592808,0.0363741338781387,0.1943404078235538,0.5179586779595323,0.4433086646629413,0.3651122625215888,0.5168956284029774,0.388545772969361,0.6316226540441788,0.3597241992404331,0.0038160357395943,0.0009303731291859,0.4514334407565397,0.1815976959223889,0.1313131313131313,0.3806789523081867,0.34636518364005,0.0
139.565373,-30.06540655,0.3993474978608791,0.4695719669486387,0.3740735131765584,0.4967904057200485,0.6788842126309947,0.4603745007173278,0.4190962637826144,0.9449957147765318,1.0,1.0,0.3081574718338276,0.3683489291727027,0.4196193348116822,0.6330416881111683,0.3142278195329736,0.3702749140893471,0.6113039167079822,0.2076556301020755,0.3925667828106852,0.1175038856899184,0.5756425834245075,0.6156005145597007,0.5385470719051151,0.0167688653413141,0.1939676555213811,0.8932852982505854,0.4874141876430206,0.6762567845168461,0.3243106805452055,0.0365297326843128,0.4581853507237561,0.2946666666666667,0.1364002999412905,0.2441379310344827,0.2488382385483515,0.2692458201584592,0.1899286280729579,0.4459184264916102,0.3999161239558745,0.4097366599012059,0.3341875961045618,0.5670752266809197,0.0461893765973659,0.1750936329588015,0.5732757495657697,0.3346152660121937,0.3414507772020726,0.5315928767814452,0.2958496520470245,0.5211758844045841,0.3123656765482334,0.000136286987998,0.0,0.7527934896318237,0.2733060482037289,0.3067662930676629,0.390404787083826,0.4805811272128075,0.0
139.6248107,-29.82801775,0.7441978490761082,0.3981527975180954,0.2311946158797137,0.5572569885496315,0.5135303466674747,0.4150513127171328,0.4507625707797146,0.9355387741520428,1.0,0.785521222962302,0.1259925643205837,0.4118867702909049,0.4141050745451594,0.4487905301080804,0.1765066957248411,0.1770833333333333,0.2454759543877044,0.2756359809437086,0.3575058072009291,0.6317078655233657,0.2680962323609192,0.3516547772190387,0.5355819125277984,0.0218189445211075,0.1847405496577041,0.4752720294734769,0.4938215102974829,0.6968005985579602,0.1711339214884973,0.1328213521446584,0.1103765971125127,0.1715416666666666,0.0493322487791962,0.2415415821501014,0.2212878955521134,0.1290772931282946,0.1479480570975415,0.4613467975624765,0.2826740273979982,0.042577811504829,0.3207970271655561,0.4188684835609263,0.0,0.1359238451935081,0.4899469285309055,0.2127195224432451,0.2182642487046631,0.7948881162206856,0.3140787749402565,0.3520802192326855,0.3378111494101795,0.9807892790861216,0.9572823514777238,0.9290016602495867,0.2957594361073214,0.3851183063511829,0.4114361973818346,0.4675296812290924,0.0
139.3960119,-30.16650511,0.3919308500839791,0.6047355283500642,0.2512226387040154,0.4570724097572008,0.606118756602786,0.6176942971905901,0.2376628993562191,0.8950384181486006,0.9812280676066852,1.0,0.3341384774767322,0.3840100231001137,0.2955858577145961,0.4379825012866701,0.5388134181007317,0.2199312714776632,0.1352875557759048,0.2343466877943326,0.443125725900116,0.4735549971187153,0.6792578016709364,0.2861653607765173,0.371015567086731,0.0251592834134764,0.2287553328703244,0.693139234968899,0.368421052631579,0.2558068176435821,0.4995192192120003,0.050956198470954,0.1127333258825336,0.119625,0.0534907713011903,0.3840162271805273,0.0988050453640186,0.6608462627959624,0.5750396510705786,0.2959537654283283,0.4275929541739415,0.522107005718508,0.6141081496668375,0.4572169180394634,0.0294457281576815,0.2896769662921348,0.469683958130313,0.6633685765090471,0.5972797927461138,0.3857857379316531,0.0941133663784566,0.3250498256103637,0.1688605838125352,0.000817721890164,0.0042224624187689,0.3455792883643308,0.1990677580718508,0.2794209215442091,0.2828160390506027,0.2719500765529426,0.0
139.6428301,-29.83280459,0.5567150771565418,0.5385459171957401,0.2248833241307603,0.8201483485598129,0.5248707509823353,0.0539763990730581,0.6509257501029655,0.6456224335640888,1.0,0.7733428753116623,0.1567892082710416,0.3595787165733527,0.4187831379086357,0.2264539372104992,0.8424185253834622,0.2731958762886597,0.6395637084779375,0.2029771923158118,0.2180603948896631,0.5673811897988629,0.0722704825754486,0.3508361595135073,0.2108969607116383,0.7706660844308896,0.2287925389423554,0.3568528163924606,0.3354691075514874,0.5982104004508119,0.2922906800644247,0.4452744717157194,0.0530109803368151,0.1723333333333333,0.1928058048913604,0.2159026369168357,0.228258464262005,0.4848117069170273,0.1641554321966691,0.5014852761605728,0.2325622026038279,0.1805545081807621,0.4351614556637622,0.3217295687171142,0.0,0.1719725343320849,0.5072823736512848,0.422242078224163,0.226943005181347,0.695851976403527,0.6431497800581171,0.2331838565022421,1.0,0.5970051354081021,0.7973297462885549,1.0,0.3128694861300591,0.2615193026151929,0.3622008280022332,0.4853931684152563,0.0
139.6426093,-29.91087386,0.606131688865007,0.4683246704960102,0.2905810969750589,0.633283825573924,0.6907754709802328,0.3325713807235214,0.2316794813532849,0.8777575744449433,0.9146450684546452,0.8589329500933414,0.2825874716415694,0.3805645824360832,0.4354861520288378,0.4263166924000687,0.3768041687185138,0.1785509736540663,0.3868782019500908,0.293110097180464,0.213704994192799,0.4333548195526767,0.4632658942450908,0.3952754063852181,0.2614282184334075,0.037454686008788,0.2559777755729736,0.7995169181981734,0.4315789473684211,0.7839097705737567,0.4013317627827591,0.0806627627967888,0.2039014027915494,0.1954444444444444,0.1974398058019632,0.2081135902636917,0.1708342553662315,0.2068592449621964,0.1691779011366638,0.5308940201472464,0.3910050192546648,0.5578269289398677,0.3406799931658979,0.3108594888696289,0.083140878900789,0.105076987099459,0.4600825393159466,0.417068018600422,0.3326424870466321,0.7547632776000723,0.3903035967909054,0.3406410895200132,0.4488533621240193,0.000340717460539,0.000429402949088,0.3355858682229643,0.4523268152190388,0.2082468520824684,0.4182964444370217,0.4057848488481322,0.0
139.5717044,-29.94899418,0.2746027977040128,0.3908038667312079,0.5401194710223967,0.593991916820646,0.5714150722720748,0.393711871048021,0.5050526859361817,0.9128251240455904,0.9391268191747032,0.8801592134622206,0.1164775679617404,0.199522336635214,0.4081476618251002,0.1930005146680392,0.4446366586219355,0.2219358533791523,0.2832176499752107,0.3407426172342584,0.1764421215640727,0.2982172541510173,0.6069356089483808,0.246053093205473,0.2164566345441067,0.0280997942601146,0.2767635678142673,0.6048833203737327,0.5591151792524791,0.7330745603828721,0.2857520613476287,0.0545604461166017,0.0591426320158104,0.3987500000000001,0.1004583065281767,0.2246653144016227,0.3540606328833813,0.3534681333430981,0.2523790642347342,0.5612955407224762,0.3446673383688886,0.5086810010855762,0.4501110541602595,0.4173212010355616,0.6616628309099095,0.3888108614232209,0.5392697177419217,0.370674331426425,0.470034542314335,0.4801785698172863,0.3947872503264654,0.4289569838897193,0.7669727842415883,0.0,0.0190368651752845,0.4787424788019067,0.1688267394270121,0.2981873529818734,0.3915941348885913,0.4434691322477417,0.0
139.548744,-29.94748419,0.2395654749418007,0.3391049679529579,0.6210290918402747,0.6078991399256903,0.4837596881568492,0.6726809646269309,0.4805999586156685,0.4905352223315214,0.6443130604976268,0.8350264016185993,0.0870664740608986,0.2444174725604583,0.4044392880287096,0.3767370046320124,0.2514968134029523,0.2096219931271478,0.2126921170054536,0.3397007462503393,0.161149825783972,0.6337697485782071,0.4875532218157493,0.4032276926675242,0.4158636026686436,0.0255343205550832,0.2722492310745115,0.5382615143453198,0.5286041189931352,0.6934685686138162,0.1965191470948821,0.0490076742433727,0.0528609315776715,0.2683333333333333,0.0779302571893951,0.3118052738336714,0.1545695950431512,0.1945132782857982,0.0844567803330689,0.7413410101310173,0.2820450166550397,0.2568730844517555,0.4044079958995386,0.4009620882594876,0.5369514971757716,0.5733458177278404,0.3130461729974139,0.0848400909791869,0.4088082901554404,0.3273423692287494,0.3153866238557036,0.2685600398604883,1.0,0.0,0.0017891791068112,0.3568886271817575,0.0864029104138245,0.3420506434205064,0.4128395142776115,0.4667571984258432,0.0
139.6554304,-29.90302722,0.4426508705705346,0.4252469320662034,0.3481605155593521,0.7670186957941649,0.67162570055763,0.3778410498660284,0.4299068476975618,0.9664383316702536,0.9765558695450794,0.9486626047277396,0.3011260537915292,0.3141615441838613,0.3944326019959708,0.2722593926917139,0.3420993618697121,0.2335337915234822,0.1726987274830606,0.3127427539827452,0.2057684862562911,0.5522728283577333,0.5103817700420082,0.1878922543172339,0.2033605139609587,0.0377426475185464,0.2426828058339121,0.7494127778782058,0.2723112128146452,0.8081722730993056,0.4519099016803289,0.0784481062552405,0.2368283765778376,0.2878888888888889,0.1697014284404689,0.2657741717376605,0.2029210002212879,0.1399943404322168,0.2027491408934706,0.5911201292406091,0.3048294748856715,0.2171827823614275,0.4811207927558517,0.2917208723396166,0.0594688247406474,0.2767374115688722,0.4984078489668428,0.3292834523758485,0.3571675302245249,0.7823234080903325,0.3709310136568537,0.338315894369706,0.3233545073460597,0.0051789054304535,0.0,0.5917665247918215,0.2986205851144459,0.3510446935104468,0.3638980121806963,0.373108484532467,0.0
139.607862,-29.95571553,0.2625727272105966,0.434031239358655,0.5390982508013835,0.5493291059446526,0.5435784096147072,0.5205218032918726,0.4107000068273299,0.968431340846294,0.977946117595162,0.9490647244080906,0.2135843784061527,0.3714811479581849,0.360685292740833,0.2038085434894493,0.4303458349247387,0.1709621993127147,0.3257312840852752,0.4004440035838977,0.1896051103368176,0.6491378459949503,0.493585769557034,0.3644018243480295,0.3958487768717569,0.0420506229165649,0.3320765949002878,0.5929723887218776,0.3491990846681922,0.842437050621039,0.4296016731171422,0.0530530290079959,0.0829908217179978,0.1156666666666666,0.2417359446907343,0.1724137931034483,0.1987165302057978,0.1636091082769553,0.4353687549563835,0.3050190878260443,0.4873497295361064,0.6469895915744844,0.1881086622245002,0.8806856153290212,0.0017321015903534,0.1401373283395755,0.6936457596008538,0.3104470112941333,0.3870466321243523,0.4967212822934022,0.385958810899869,0.1828599900348779,1.0,6.814349399903175e-05,0.0,1.0,0.3042291950886766,0.2880863428808634,0.4158826209701841,0.4357477834214341,0.0
139.2806069,-30.12826335,0.3993474978608791,0.4695719669486387,0.3740735131765584,0.4967904057200485,0.6788842126309947,0.4603745007173278,0.4190962637826144,0.1182764326301771,0.0589483657711368,0.0682616417928777,0.1610146266022142,0.0,0.3896558622431643,0.1106536284096758,0.9878832893975642,0.0455326460481099,0.2454139811601388,0.2618110253674549,0.0008710801393728,0.5169431603390577,0.1807609093447807,0.2324874283709507,0.0,0.4859271427945145,0.017759698382776,0.6937404564660767,0.0,0.7139829477108973,0.0147840092309911,0.2391191602334481,0.0207286352848376,0.0673333333333333,0.3439821522134965,0.0299391480730223,0.0383934498782916,0.8792422386453584,0.1102299762093576,0.9222711450524206,0.2085546613076678,0.4599375817387645,0.2854946181445413,0.71472560451123,0.034064665304653,0.0237203495630461,0.9919389946341984,0.8982389382393379,0.2533678756476684,0.8815468417700681,0.6026948578555028,0.1778774289985052,0.2817312383188594,0.0,0.0,0.3894981213264186,0.0272851296043656,0.1137401411374014,0.7220811669585908,0.7695250824307505,0.0
139.5773557,-29.98948455,0.216111096433673,0.3364000525893321,0.4095013038672402,0.823498417252251,0.574336408417191,0.1486056381632691,0.4505203900614101,0.7894972040391184,0.8509164759021067,0.8258457412939835,0.3237223566994375,0.3984182295133315,0.4379680509041004,0.3722765482930177,0.6415619406996074,0.4374284077892323,0.4090233019335647,0.4119458701747265,0.2448703058459156,0.6629974132769503,0.3206635806797164,0.1682454293844774,0.4519705955028417,0.0466602776012984,0.3248338128782617,0.6481646912827674,0.2327612509534706,0.8353866074858758,0.2739488930022357,0.0132463576989122,0.0722857613176374,0.2825555555555555,0.1993742132199921,0.261446923597025,0.337547023677805,0.4250950616403277,0.3378271213322757,0.287701769829607,0.2521666091112965,0.3997769962304004,0.3451221595762856,0.4465016066120335,0.0588914563153631,0.1747815230961298,0.4342933085244054,0.5651766992835554,0.2791018998272883,0.5920211786690796,0.5156042442161934,0.4253446271383491,0.3588331453003844,0.0,0.0,0.3813551363896258,0.1931180839775655,0.2713435727134356,0.4607401034232656,0.4543204705751887,0.0
139.509325,-30.08421989,0.3722620107658986,0.6531249169831016,0.2492471035443877,0.7379691508410765,0.4787193630596821,0.1729378688117788,0.2761168079930246,0.9702021439219668,0.8683200133591027,0.9235962346431564,0.5874581176004801,0.32907873614972,0.3519510629781992,0.2814590838908904,0.7210949698035192,0.3831615120274914,0.3901834407535945,0.3926273589877196,0.3530778164924505,0.2836102145495694,0.4100537079229654,0.2689743889603554,0.2799759080800593,0.0506048523167837,0.1427721004067864,0.7152351350122312,0.1800343249427917,0.6813172173564648,0.4945070794971034,0.0406107682522249,0.1579000877745519,0.3370000000000002,0.2380917155412608,0.4099797160243408,0.400282142066829,0.4513773647644259,0.318001586042823,0.4687881561239424,0.3141599200821869,0.4852890168743951,0.5668887749871862,0.4158976621331356,0.0779445733285333,0.2534332084893882,0.5710508684502089,0.3683472217495456,0.2616580310880829,0.6911345401333397,0.2921152495932005,0.7548579970104634,0.3319276836255951,0.0098808066204035,0.0092321639814,0.3850190960775557,0.2514779445202364,0.3437110834371108,0.4035763566408364,0.4121863689069082,0.0
139.6512549,-29.88831706,0.5310740039040793,0.5704428125751663,0.4524559545645248,0.6049019901084659,0.6697449455364254,0.232808223527163,0.5178440096680054,0.8555970196883963,1.0,0.9745257030734428,0.2209187534098238,0.4952037899847304,0.4149428962228311,0.2599073597529593,0.7923628820683383,0.2757731958762887,0.4923153197818541,0.2674601246833371,0.279616724738676,0.1681181080974519,0.839556891247509,0.6567652906092853,0.20941438102298,0.0283248518070759,0.2436749677547375,0.6017389103337187,0.4649885583524029,0.7626608228381473,0.6263371715666244,0.0821594199279135,0.2449401455648732,0.216,0.2094910010305337,0.5313590263691684,0.2285903961053331,0.1170949361330089,0.2795400475812846,0.385843040064908,0.3786692740249112,0.1574217611029378,0.372629420809841,0.2945400661825601,0.0121247112927129,0.2318976279650437,0.5723050823646872,0.2609705931221086,0.3466321243523316,0.751341688507094,0.3549379222674965,0.4000996512207275,0.3767279996365453,0.0127428338789907,0.0,0.4033182454039859,0.4815825375170532,0.5151515151515151,0.4058129096936776,0.4391529825517818,0.0
139.4957953,-30.07564306,0.433236437362728,0.6645960688618461,0.3160233865395365,0.6731817137957397,0.4954327328736638,0.3752337966507323,0.2443456371052112,0.7675949004379492,1.0,1.0,0.4148423324411048,0.3674092635370581,0.2430373082225486,0.492537313432836,0.1109781624822259,0.3479381443298969,0.1755081804660387,0.2903555464373379,0.3048780487804878,0.5601781321152702,0.4361002563249109,0.2423108408373289,0.4747961452928096,0.0371618781245374,0.2165889473162021,0.6728608108814045,0.4837528604118993,0.6531003483684439,0.6860501454361885,0.0496490501442712,0.1382304332756231,0.3026666666666667,0.2115075210409257,0.4234077079107505,0.1980526665191414,0.1439510607851125,0.1413560666137984,0.4906029520884318,0.4289558505090066,0.2845002882523171,0.6208354689902613,0.0437568871118848,0.0063510392180421,0.2798455056179775,0.4337519706106696,0.3394158498108362,0.3243523316062175,0.3605257232550565,0.0459522083994395,0.3333333333333333,0.2955035198033673,0.0156730035630408,0.0,0.2689470320383021,0.2942246475670759,0.3926940639269406,0.3226746619853001,0.4422713224330164,0.0
139.6927556,-29.89651684,0.3993474978608791,0.4695719669486387,0.3740735131765584,0.4967904057200485,0.6788842126309947,0.4603745007173278,0.4190962637826144,0.8477273185779696,0.8936800124423836,0.8704879179421113,0.3154914027241113,0.2216436318076817,0.4095858428361568,0.5470063475724825,0.3452113048793116,0.3526632302405497,0.309866137828458,0.1964266870714069,0.2559039876113046,0.4591933030121571,0.3935669430599163,0.3288504268506607,0.2735977267111441,0.6127535724754465,0.3079670602242287,0.6545573322339282,0.4207093821510297,0.8696037199190818,0.2843818361018294,0.0905831880753102,0.0464154684600462,0.3198888888888889,0.2822543052703771,0.2923867478025693,0.288753042708564,0.6005201111568506,0.3092783505154638,0.4403777228181414,0.3251677272599249,0.5003790969107139,0.3577652485904663,0.500598674759185,0.0,0.2709113607990012,0.3916702684886825,0.4399228351687139,0.4811744386873919,0.3391093593426931,0.6147995239846771,0.4957648231190831,0.5198206711809739,0.0,0.0,0.3994291525446996,0.5532817947551917,0.5179189151791891,0.3340802266355905,0.4907879818289618,0.0
139.620214,-29.92796033,0.3626494313114611,0.418639117357776,0.5898747587314703,0.5102385378211984,0.4304895269927126,0.5914533201073516,0.569688950703429,0.9400876611398312,0.9581596401687974,0.9889096515474156,0.1865863817586643,0.2369915038565443,0.4430005354058169,0.2122576771315834,0.528378497554276,0.2598797250859106,0.3789456288216823,0.2839949472294247,0.2624854819976771,0.8437630415630856,0.5467527580591657,0.1152301875024363,0.3466765505312578,0.0293467573864539,0.362734398253795,0.6764497245787315,0.2925629290617849,0.7755329995146827,0.2928676170100243,0.0815037509225998,0.1105319685807829,0.4598888888888889,0.228574483927134,0.329817444219067,0.2904956848860368,0.2938746007451016,0.2548242135871,0.6962564274149212,0.4461140511600966,0.5013879800208377,0.4230309243123185,0.2395618051822574,0.0409930735889359,0.1733250104036621,0.5192316388370355,0.4917838888342831,0.4538860103626942,0.6262104570365374,0.5162651667284441,0.4864640425178542,0.3897886393126856,0.0102896678302556,0.0,0.6199198625592737,0.3086251326360466,0.288224712882247,0.4301312898213787,0.4644382886208145,0.0
139.5453978,-30.05046156,0.3993474978608791,0.4695719669486387,0.3740735131765584,0.4967904057200485,0.6788842126309947,0.4603745007173278,0.4190962637826144,0.6998270276036793,0.8332271945599035,1.0,0.558668366981035,0.4767236991503856,0.6022582782255803,0.4848172928461143,0.2609282085733679,0.3715635738831616,0.5304908279623203,0.4410601943042237,0.2680023228803716,0.5041964312331095,0.5018398228928347,0.346158344053327,0.6134173461823574,0.1719917663107547,0.212421867248735,0.7743929250727124,0.7244851258581235,0.7134145204362958,0.0646890550253612,0.0997602018807002,0.0693399297985311,0.2606666666666667,0.1255007983745383,0.1987018255578093,0.2860146050011066,0.2739522272331373,0.2085646312450434,0.3336336238386852,0.5303676447424868,0.451632638330245,0.4689902614044081,0.3618783660040349,0.0098152427192272,0.2137952559300874,0.2107831319803452,0.3715497302015398,0.3844559585492227,0.5620376960633275,0.1449406628532645,0.2805181863477828,0.6026792091649119,0.0,0.0,0.444525624943856,0.1396089131423375,0.2146118721461187,0.4214110079266617,0.6428500683100467,0.0
139.5948425,-29.98597245,0.3394311261819395,0.3696176780470162,0.4105246209781332,0.7334311940065169,0.612378698913233,0.2766178111804498,0.3740862807753354,0.9683356542148516,0.9555518276137408,0.919092970488094,0.3676717029029285,0.264672487373243,0.5227758295520176,0.4884199691199178,0.3960518984944426,0.3044995704467353,0.3391794744670302,0.4177300402121572,0.2091318234610917,0.3685360559566181,0.585732432807187,0.4150976493977312,0.3780578206078577,0.0494269554022632,0.3605392400039687,0.8517970688126615,0.6924485125858124,0.8515422695091934,0.3985552537320609,0.0137822286669721,0.1084744237297216,0.3375000000000001,0.2504230231603834,0.3106693711967546,0.0968134543040496,0.2937659967688086,0.1463124504361617,0.1322058048776702,0.5312063257330981,0.690911456676199,0.5325474115838033,0.5558866468712902,0.0242494225854258,0.0521223470661672,0.401019022922008,0.4176222995632423,0.1518134715025907,0.803960942871238,0.4511584602700011,0.2466367713004484,0.572244047163601,0.0,0.0,0.3633970665803219,0.1923033196907685,0.3422581984225818,0.4341788779459086,0.4555305551031869,0.0
139.5670345,-29.97786695,0.3993474978608791,0.4695719669486387,0.3740735131765584,0.4967904057200485,0.6788842126309947,0.4603745007173278,0.4190962637826144,0.5477202226612953,0.6845379656896766,0.6398077037376984,0.1997888126233185,0.7379507458595983,0.3867225070784311,0.1924858466289244,0.8510948406551149,0.3354810996563575,0.3356470004957859,0.3180748618536851,0.5734610917537747,0.5220452376443149,0.165601999478462,0.436440182434803,0.5578206078576725,0.5192094110580898,0.5630518900684591,0.5946339924377066,0.2553775743707094,0.7668283218204912,0.5749897834082551,0.0273751528179247,0.0254501315059201,0.631,0.1567323073869299,0.6472210953346855,0.5518920115069708,0.6491622967515379,0.5765265662172876,0.2321350195141322,0.1702194677037306,0.2463052891213479,0.6032803690415173,0.1675683985616229,0.1362586612186122,0.5699126092384522,0.3038204104130113,0.4579628564777452,0.672020725388601,0.4875517932851919,0.6354157926217298,0.8659691081215747,0.3536185089753488,0.0,0.0025048506224168,0.1594781773055135,0.7862664847658026,0.7496886674968865,0.4901562100221593,0.3653722786537138,0.0
139.3338393,-30.16405782,0.3993474978608791,0.4695719669486387,0.3740735131765584,0.4967904057200485,0.6788842126309947,0.4603745007173278,0.4190962637826144,0.9678636907106698,0.6079189846041457,0.9284324523468432,0.3134755147539195,0.6010727849340276,0.3797315117497161,0.7783496311545722,0.212606742451836,0.1819873997709049,0.3548173855561063,0.4272390614842402,0.1335656213704994,0.4795982821673057,0.602206954489628,0.4935095310490002,0.3970842599456388,0.1417944411742704,0.1809703343585673,0.6918076031077487,0.5261632341723874,0.5359993334038085,0.3030601697156181,0.4956557281722003,0.086929100158932,0.1916666666666666,0.434686221265828,0.3328465179175118,0.2308585970347423,0.4969782164393435,0.3214380121596615,0.4487133608780494,0.2067374860569086,0.4114427622075093,0.4305484366991287,0.5389274428168381,0.1143187123343235,0.2740324594257178,0.4382661284634538,0.6457466373321266,0.5706390328151985,0.4637170710949821,0.2159766568956785,0.3120744062448098,0.3462174002422665,0.0,0.0014313431901098,0.3591950498317526,0.3031681067151733,0.2998477929984779,0.3050128995015545,0.767959397685644,0.0
139.4118782,-30.17036142,0.3975397223005769,0.6022893878169724,0.2153090755186208,0.4565778247284195,0.5693657539424499,0.5904404426080591,0.315343571301396,0.8612817864353266,0.9550722193364364,1.0,0.4133811707442054,0.3031987784346736,0.3484189051299842,0.3621547435237605,0.5227047320896048,0.5068370561282933,0.3769211700545364,0.3146169664319046,0.2663811459543165,0.4197016950379315,0.5316170556122193,0.1882041086812458,0.3123301210773413,0.0336274907415191,0.2680821510070444,0.7905987523456002,0.4807017543859649,0.3098263932506807,0.5551816149426669,0.0760149909961767,0.1823056227187605,0.1908888888888888,0.1390413094560174,0.1872346179851251,0.2392122150918345,0.4182672850676305,0.266950832672482,0.4334602779948698,0.3988677727176105,0.38122109760024,0.3992824192721681,0.4961412545349344,0.0883371896006962,0.156861215147732,0.4660921936451438,0.7422759776575438,0.4473661485319516,0.330464918222726,0.2668638632779153,0.4103554226872613,0.3525393342950513,0.002044304838883,0.0067988805105437,0.2678499518350336,0.27952099439139,0.2674692126746921,0.2306050535543672,0.3899219961357933,0.0
139.5649277,-29.95260223,0.4684966184872384,0.4180563141614351,0.5672631349908285,0.5397909576463559,0.6337821276137049,0.4829451001410504,0.2776324503137189,0.7720665137727655,0.8408588407261179,0.9747275791709435,0.1139564956410844,0.1212168669981598,0.4076980318458915,0.276376737004632,0.5372563654344439,0.1575386597938144,0.2437407040158651,0.3472325530293147,0.1489184088269453,0.2961910403938257,0.5328500672066809,0.2841188165126885,0.1586360266864344,0.0279715480964218,0.2855317987895625,0.6036710120477309,0.234324942791762,0.7336559872270719,0.2912810404096252,0.0497079229973547,0.0597522609584861,0.40575,0.116008345138912,0.3087221095334686,0.1993803938924541,0.3358218888215272,0.275971451229183,0.3101408305292431,0.2921442660013894,0.3771763999707473,0.4575858534085084,0.4021621093792594,0.9128175369945696,0.5125234082397004,0.4260941964986703,0.3468156349593907,0.26360103626943,0.6998395122567418,0.3877948379807546,0.5216741405082211,0.3796002208363769,0.0,0.0170329842959943,0.5333769653074703,0.4051841746248293,0.4388750518887504,0.3782612449093042,0.4527748637899031,0.0
139.5972991,-30.04652038,0.6607973256727736,0.3509081603041981,0.4533293295828199,0.2275010931751089,0.5465832005118302,0.4998141609208992,0.4660398081024925,0.844325074860955,0.8814859177347025,1.0,0.3061784166223102,0.2847186876003288,0.5033734317870608,0.4143077714873908,0.6080701666062612,0.3616838487972509,0.3267228557263262,0.232918229963818,0.2105110336817653,0.4182896733304814,0.6287368453237856,0.7942930651385802,0.3443291326908822,0.016881733834036,0.3892251215398354,0.8589297035928223,0.3487414187643021,0.6527396478520993,0.1408447318445155,0.0541364330970573,0.2939419591042256,0.4220000000000001,0.1192397183711603,0.6098985801217038,0.0908386811241425,0.2191033220456176,0.2042030134813639,0.5053331207481965,0.6176265383581152,0.4611980564100761,0.3336750384418248,0.3894538200015978,0.0202078525818258,0.2712234706616729,0.5524434705842706,0.3032998705567128,0.3917098445595854,0.2693719231877312,0.3168104436560182,0.5062282012954658,0.5457624295104611,0.000136286987998,0.0,0.2842098606783518,0.2469304229195088,0.2345371523453715,0.4956328619441853,0.4190304298931667,0.0
139.2905579,-30.13562177,0.3993474978608791,0.4695719669486387,0.3740735131765584,0.4967904057200485,0.6788842126309947,0.4603745007173278,0.4190962637826144,0.3391908182565474,0.1722491479688727,0.2024188508556332,0.2205222389492197,0.0836302415723738,0.3502232020232643,0.3129181677817808,0.1058025409588521,0.2487113402061855,0.9286068418443232,0.5413168621242832,0.2000580720092915,0.5241940719427608,0.3924496673110863,0.7222547070518068,0.1764269829503336,0.0855829990326677,0.2311737275523366,0.2429686962691759,0.1478260869565217,0.7697980155763732,0.2490204091444506,0.0686727895228984,0.0612993123243521,0.4323333333333334,0.0362519503741858,0.4755375253549697,0.3105775614073912,0.3405348224646033,0.3588421887390958,0.2585850284039375,0.4006150512649317,0.3853688917339493,0.3900563813429011,0.4863608412826645,0.0311778308697087,0.102059925093633,0.589075006508443,0.5918995490445156,0.4155440414507772,0.3861844123685515,0.2812523445020324,0.1873442949676134,0.2620713005111108,0.0,0.0022185820161746,0.5034812477710985,0.2369258753979082,0.3383146533831464,0.4658742659227529,0.5593310549710929,0.0
139.4163382,-30.16170357,0.365418111529144,0.6340038111565776,0.2296511557285571,0.3535225065809565,0.5017361249680885,0.6500571268212546,0.3850037696224489,0.783287956237219,0.9521849284488378,1.0,0.3390401999117676,0.2746955874867859,0.3151918076079364,0.2784354091610912,0.1904359635930381,0.0811855670103093,0.226078334159643,0.2915030953945943,0.2598722415795586,0.4610708743503557,0.5430384094146017,0.6796865863641678,0.3324684951816161,0.0315462287615983,0.282666931243179,0.8143865097884762,0.3862700228832952,0.3336253874701195,0.443448159811534,0.0405286183275756,0.1204791884084066,0.4836666666666668,0.117056494305329,0.4696957403651116,0.2820314228811685,0.4003315708038,0.3306899286280729,0.5002453983620188,0.3869863262662119,0.4400728181389062,0.3372629420809842,0.5662018793278644,0.0178983840083401,0.1997503121098627,0.4185477937235125,0.5861586629341069,0.4766839378238341,0.3647048950231577,0.2744224619727152,0.6686596910812157,0.6476993076687265,0.0034753181655824,0.0013597760385492,0.2912120737814301,0.26193724420191,0.195101701951017,0.2933005160558132,0.4126100526879324,0.0
139.641143,-29.93251734,0.6681295992043632,0.973758044272394,0.1362411847408145,0.8932900719087129,0.7039621619698303,0.4393910137160792,0.5249581028773179,0.9365544077657448,1.0,1.0,0.1967297667742844,0.4106338827767121,0.4184930605705443,0.4225424601132271,0.4192335221424307,0.2225085910652921,0.3406048587010412,0.2718902744498487,0.2166085946573751,0.168589221363238,0.9227477239216704,0.4046310373055783,0.1582653817642698,0.0301606429838557,0.3183847603928962,0.652436943618784,0.2686498855835241,0.8710117063054863,0.3176759056708094,0.0701914909099073,0.191533015650021,0.2626666666666667,0.0684991353466559,0.2572819472616633,0.2724053994246516,0.1542338336343204,0.1923076923076922,0.5380978679652694,0.6294380682434151,0.3070324542666566,0.460276781137878,0.159971186880072,0.0,0.1860174781523097,0.6210770868539015,0.1294607114481576,0.4367875647668394,0.5524994859706409,0.3188264300828541,0.3328350772296961,0.3301878263023416,0.0280069756269909,0.0,1.0,0.2364711232378354,0.4229970942299709,0.4086609704028394,0.4574604640879364,0.0
139.646001,-29.8480633,0.4799889334475302,0.5029441927685318,0.2613375959806346,0.810304109280231,0.5387259538188908,0.0905128654146571,0.6244260994356774,0.6220497528998115,1.0,1.0,0.2036924761776862,0.2068438980462785,0.4243373476476879,0.3263424258020244,0.4411633671551357,0.1416093928980527,0.2146752602875557,0.2724251630021946,0.3917924893534649,0.5950792297202004,0.3724022944691874,0.2278096129107707,0.2625710402767482,0.0269824103729718,0.2281972417898601,0.6604409220721481,0.396414950419527,0.7423293243747564,0.398254765739561,0.1153083126596894,0.1155736764010029,0.4312222222222223,0.0957366052374788,0.3263556457065585,0.4312624474441249,0.0020468656677628,0.3169442241607188,0.3304508216416106,0.2530053298272294,0.0268557133318833,0.2532034853921066,0.6293512560797567,0.0,0.2053682896379526,0.5657325076897415,0.1504841025263726,0.3979274611398962,0.3739427846498402,0.302909180109435,0.3416376017272877,0.3751852471603981,0.0070187799670049,0.4421419402014751,0.410594852167352,0.2634530847354858,0.1952400719524006,0.4134553108297232,0.450344820804382,0.0
139.5095767,-30.08787065,0.3659765045108845,0.6426972676191046,0.2749095907231175,0.702321505494409,0.4822340712451565,0.1977497559707676,0.288525105732442,0.8961112252143604,0.9098703597581924,0.9172503697115406,0.6476022733677207,0.2430210250185975,0.3785034909650995,0.3760293360782296,0.3668368302798196,0.1554982817869415,0.2464055528011899,0.4289133437804661,0.1626016260162601,0.2967855732001458,0.4420956687910631,0.2147117296222664,0.3951074870274277,0.051527026647516,0.130568508780633,0.7255504197369771,0.3562356979405034,0.6867310053835666,0.4275823938075435,0.0395105440227728,0.1840562974999965,0.3196666666666668,0.2851058741949048,0.3694117647058824,0.4554658110201373,0.4711732918828939,0.3025376685170498,0.6137825702398247,0.2568493108510788,0.4410530659694157,0.5017939518195798,0.4644985862267667,0.1045034644874448,0.2078651685393258,0.5635327134987375,0.3630379492576738,0.2860103626943006,0.7891486347618839,0.3621265863048538,0.6557050323866467,0.4218549336811621,0.0145145635693247,0.0162457457877267,0.347998638851049,0.3296953160527514,0.4748858447488584,0.4307232752379313,0.4470009341158069,0.0
139.5641462,-30.00366171,0.3993474978608791,0.4695719669486387,0.3740735131765584,0.4967904057200485,0.6788842126309947,0.4603745007173278,0.4190962637826144,0.8180902010724543,0.9675704787126124,0.9367020340704824,0.1952083345928484,0.4776633647860303,0.4286400882146574,0.3252702007205353,0.3933587489644349,0.3595360824742266,0.2470666005618905,0.0433893720908857,0.5725900116144019,0.4885226277594923,0.1172544934106359,0.3385179121350328,0.6252779836916236,0.4878113031108582,0.5772398055362636,0.0935063145638978,0.3185354691075515,0.6942225508010023,0.5464314046010723,0.0,0.0,0.4876666666666668,0.3995173256562845,0.4014334009465856,0.4005310909493252,0.746308905698611,0.3802537668517049,0.3542658432149659,0.0188356122889647,0.3318299890682564,0.2219374679651461,0.3769727807391337,0.0236720567239672,0.5568039950062423,0.2998771571353301,0.6335209053475583,0.5284974093264247,0.2971978502297641,0.6047794033477847,0.5401096163428002,0.3594500883417078,0.0,0.0,0.3806719081833451,0.3310595725329694,0.4210599142105989,0.5319966471865033,0.4404104895599822,0.0
139.5268298,-30.07324867,0.4201901144274698,0.5249966253509702,0.2808681963250426,0.7359857994277468,0.519105831345596,0.2143011245446945,0.1815042058495208,0.8739066466342611,0.9119566187315624,0.894101015691109,0.6904592152482063,0.1819036059668767,0.4253283531565072,0.3062274832732887,0.373995344215054,0.1593642611683848,0.3455627169062965,0.454749059757257,0.1997677119628339,0.4410780363968272,0.4706186365534003,0.1356566483452227,0.4191067457375834,0.0562620678339748,0.1650957436253597,0.7652345149056705,0.5232265446224256,0.6772531929459902,0.4730161782735162,0.0398025796363475,0.1805802109450202,0.5543333333333336,0.1991588613268132,0.357079107505071,0.5684471121929632,0.5423047644266243,0.5408406026962724,0.442867863997111,0.2387126159398409,0.5114929570508796,0.5345976422347515,0.1763192618679519,0.1506928462124623,0.2194132334581773,0.3241708729169521,0.3152257339224946,0.2709844559585492,0.5327382989066081,0.3475727760425321,0.208769307424016,0.3206317619645686,0.0037478921037542,0.0099478351792083,0.1545148465111732,0.2702933151432468,0.3916562889165628,0.4365146434529867,0.4031728699830322,0.0
139.6212324,-29.85439373,0.3090033202944132,0.6321978475195459,0.4213168587296682,0.6234164326753442,0.6304499109095957,0.2255103634771298,0.6369906205322757,0.4484695767190821,1.0,1.0,0.1719543427369711,0.2850319094788771,0.4407700207295354,0.3746783324755534,0.4886201764108624,0.2512886597938145,0.1487357461576599,0.2624778627237286,0.2961672473867595,0.5839365956811959,0.514523943112679,0.3330604607648226,0.3776871756856931,0.0240821154041076,0.2651056652445679,0.7734502691450384,0.402745995423341,0.6542735595247002,0.1344984254429193,0.0512825687097745,0.1625455417472465,0.494,0.136728832939767,0.535578093306288,0.1240318654569595,0.0412010172384631,0.2434575733544804,0.3833771631594591,0.4906695746661454,0.2356450346045244,0.2819067145053818,0.5139224876226507,0.0,0.3236579275905117,0.2516437319120294,0.2187870001581959,0.3580310880829015,0.3918568853611158,0.3326307487053155,0.3418036870951669,1.0,0.0004770044674492,0.1341168563253678,1.0,0.1864483856298317,0.1975923619759235,0.390918992407184,0.4612526169941588,0.0
139.4550746,-30.08607592,0.615321625069226,0.7356892286559176,0.4127114113949931,0.7061664266318822,0.0240523311516432,0.4479621985017223,0.42370878773319,0.6857513248393232,1.0,0.7766762450696881,0.3644042174497193,0.2150659723581692,0.3416102751410381,0.2571410190427174,0.808433241828282,0.3032646048109966,0.0852751611303916,0.3250222966241499,0.0595238095238095,0.4116331348377616,0.6232084515475325,0.2918956847152379,0.2968402520385471,0.0397798879051426,0.2674868538545491,0.3774582997129095,0.1564073226544622,0.5823875145383526,0.2969061756292219,0.0602487001821441,0.1022651260383012,0.466,0.0897253644160722,0.3801217038539554,0.4113188758574907,0.3130467945211241,0.2505947660586834,0.6510534397974695,0.4897260188263861,0.3335655814386402,0.3659661711942593,0.4016669147866631,0.0,0.3014981273408239,0.3923061596079195,0.6026818318137552,0.6683937823834197,0.3875627115452448,0.1326671358552417,0.2859990034877928,0.631491201369694,0.0350257549888072,0.0003578357975274,0.3607827116912009,0.6134606639381537,0.3399750933997509,0.2964828265702498,0.4263632112263946,0.0
139.6146105,-29.935127,0.3031258341006609,0.3672445144908112,0.5989867892209396,0.55748861470634,0.4664174264636129,0.5914172280324567,0.464755120635236,0.9893503328758444,1.0,0.9303087590350853,0.1479310086041381,0.3417250694961042,0.4063518487305621,0.2458397666838223,0.3313803583425113,0.0803264604810996,0.2804495124772764,0.3044040058301918,0.0826558265582655,0.894658095985716,0.5451066221660348,0.4180407749580946,0.1519644180874722,0.0296193498257284,0.3319773787082052,0.6463204379981757,0.3723874904652934,0.791201656760108,0.3101757253780138,0.0747552139663147,0.1285606199395069,0.0985555555555555,0.2123501098534796,0.1052332657200811,0.1573356937375525,0.2885908506127068,0.2849590272270683,0.4773648818524462,0.4994758442435288,0.5784719682931948,0.3358961216470186,0.7139180112492709,0.0692840674598746,0.214107365792759,0.6593034228604933,0.4012242119362602,0.4438687392055266,0.2820281900259804,0.5800502031137489,0.4210264075734926,0.3021611397265228,0.0109711029782795,0.0013597760385492,0.3864030388797988,0.2155525238744884,0.2021585720215856,0.4242651721186439,0.4669106337404865,0.0
139.4424458,-30.07457544,0.3993474978608791,0.4695719669486387,0.3740735131765584,0.4967904057200485,0.6788842126309947,0.4603745007173278,0.4190962637826144,0.9099880756466012,0.9564609550953712,1.0,0.2690066848233591,0.4172115422262246,0.4170787550038062,0.525990735975296,0.3613870421160225,0.3994845360824742,0.4318294496777392,0.2131907900435697,0.3057491289198606,0.3520460713550668,0.6119172403639032,0.4004210033914163,0.5819125277983692,0.3713693767944372,0.1793828752852466,0.6699991130597074,0.5739130434782609,0.6004559938684362,0.1203634702757278,0.392045363800548,0.1413217952093721,0.2346666666666667,0.3967910223317796,0.1753346855983773,0.2657667625580882,0.5260840820858715,0.2494052339413163,0.5948934277531265,0.2313740579586881,0.4746917314799073,0.5453613531522297,0.4081541046618203,0.0086605084324843,0.2749687890137329,0.4602823176250721,0.7677617503705263,0.5005181347150259,0.4281627688943547,0.2700521113137342,0.4608868958644744,0.3514635794940171,0.0145827078103535,0.0053675368437379,0.4903579884177311,0.4570259208731242,0.2756330427563302,0.7139870232684493,0.8317084945299325,0.0
139.6114673,-29.82515054,0.3993474978608791,0.4695719669486387,0.3740735131765584,0.4967904057200485,0.6788842126309947,0.4603745007173278,0.4190962637826144,0.8485233326194065,1.0,0.7199507846638435,0.1086411693339304,0.3041384440703183,0.4177906197471298,0.2557900154400412,0.4400847129721893,0.2109106529209621,0.4100148735746158,0.2126313933760245,0.1437282229965157,0.5893715076486323,0.0915353755992751,0.4532803180914513,0.094885100074129,0.7659488892552051,0.1511062605417204,0.4914793600349966,0.1702517162471395,0.5871933545971397,0.5810476213370515,0.4637001632327079,0.0838608066082069,0.0953333333333333,0.1912835717011107,0.2055172413793104,0.1187209559637088,0.4978434797662469,0.1597938144329895,0.4508687030788455,0.2067483509323791,0.1364661975482881,0.3511019989748847,0.4310236292668123,0.0,0.101123595505618,0.4179218262675858,0.413903792695452,0.1518134715025906,0.6940794562095298,0.6243279875531947,0.2197309417040358,0.4662017506700844,0.9101682381817988,0.7528579788492032,0.7514641667303918,0.238744884038199,0.1278538812785387,0.4492750494014063,0.510267011285606,0.0
139.4884806,-30.05976264,0.3993474978608791,0.4695719669486387,0.3740735131765584,0.4967904057200485,0.6788842126309947,0.4603745007173278,0.4190962637826144,0.4762164908990314,0.9535803564269626,1.0,0.4001457035740268,0.423475979797189,1.0,0.2557900154400413,0.4029272750522032,0.1628006872852233,0.2999504214179475,0.7011647784383294,0.1890243902439024,0.3076461075470207,0.5995803183816174,0.4397146532569291,0.2557449962935508,0.2678875245194378,0.152296854846711,0.6938216340521934,0.540045766590389,0.6467674029986131,0.56720113464266,0.2421636764956514,0.0822393167579901,0.3896666666666666,0.3829152543150155,0.4161460446247465,0.3600354060632885,0.5576006461114899,0.1938937351308484,0.4675812848294806,0.4822826455840677,0.6466751258670126,0.4495130702203999,0.4034194726308961,0.0057736720746707,0.1900749063670412,0.4017830384486486,0.5796245869284276,0.3725388601036269,0.5086520014822628,0.1871249464775258,0.3876432486297956,0.4892012033895329,0.0002725739759961,0.0,0.2514555281509759,0.1577989995452479,0.1859692818596928,0.5639518928184726,0.6820202063388086,0.0
139.5368385,-30.05846829,0.3195168575691435,0.871487200154283,0.0,0.9912480668779498,0.7804034065155823,0.0884242934015416,0.3605444810645993,0.8670415251900744,0.8231346082006723,1.0,0.4487486990701154,0.3984182295133315,0.3375830322281166,0.3273932063818837,0.5583804068386059,0.3800472508591065,0.4146628656420426,0.4138625576935553,0.190585075493612,0.6307359769975303,0.4906004522564505,0.1576423810080692,0.3899184581171238,0.0431084785321053,0.2607897608889771,0.7600802079649494,0.5016018306636156,0.6950243017586516,0.1100507223731339,0.0509710111528595,0.0851596171480587,0.1836666666666667,0.0404457348320702,0.1282758620689655,0.1877627793759681,0.2258326836013195,0.2854877081681203,0.3569461158201494,0.4549552790205293,0.4577055970337079,0.2496155817529472,0.7040413173868496,0.0173210168649686,0.2684144818976279,0.247737991185856,0.3026910216649637,0.6347150259067356,0.2285150387300678,0.131103595522508,0.1943198804185351,0.5212773078590159,0.0,0.0012166417354281,0.2655719918434753,0.2022510231923601,0.3694997924449978,0.437020455289766,0.463441162731024,0.0
139.5971995,-30.07444845,0.596576929873637,0.3112163695072087,0.4954023873397122,0.2700193527991871,0.6408736835358473,0.5393691631965274,0.4823135490522763,0.9258153331227016,1.0,1.0,0.146063381978744,0.2485937642744345,0.4092659473071441,0.3304168811116831,0.3735197083072543,0.4162371134020619,0.4695091720376797,0.0796524840586152,0.5174216027874563,0.309319353666697,0.4940505914264618,0.4102444158577943,0.62824314306894,0.2726443679407464,0.4323841650957436,0.6867962964981267,0.4265446224256292,0.7971565608098414,0.4469097814851319,0.2094744492461185,0.2423170628691242,0.4490000000000001,0.509583068870966,0.4635294117647058,0.3145607435273291,0.8124817357328833,0.4595559080095159,0.3973307643392413,0.2546477732507243,0.4623297910431884,0.4838544336237828,0.3964770430561858,0.0167436497215972,0.4388264669163546,0.354413027325466,0.6677770531897231,0.510880829015544,0.2080627095595505,0.471976141663914,0.4992526158445441,0.6997176997210837,0.0,7.156716149172535e-05,0.5543976241900958,0.5793542519326967,0.4229970942299708,0.2662287871366353,0.283850104189203,0.0
139.4822332,-30.0595691,0.3993474978608791,0.4695719669486387,0.3740735131765584,0.4967904057200485,0.6788842126309947,0.4603745007173278,0.4190962637826144,0.5343362628920587,0.952180395590203,1.0,0.2567053313691869,0.1672604831447476,0.905636977416164,0.3746783324755534,0.5739161044471661,0.6194158075601375,0.2459097669806644,0.445000861367866,0.2767131242740999,0.3992941683423021,0.5911054440896603,0.5295287100923869,0.312083024462565,0.3270285333878183,0.2948705228693323,0.5460256243063732,0.2196796338672768,0.6366704457816089,0.4278708622803434,0.3072376585853973,0.0611397502156876,0.2893333333333334,0.4370760178910635,0.3077484787018256,0.3729807479530871,0.6555414304390299,0.3223632038065025,0.6421097670488009,0.4186818494727318,0.770136110179818,0.2860071758072785,0.7878725957199109,0.0,0.3096129837702871,0.6666989974049257,0.7030405148003012,0.4533678756476684,0.556867731760327,0.1910721772646575,0.2431489785749875,0.2834473298723662,0.0016354437803281,0.0,0.5295016525104004,0.27512505684402,0.2876712328767122,0.4836900375000149,0.7776484528743035,0.0
139.543595,-30.09008489,0.4951462557847211,0.3319293255259871,0.4300419502526784,0.3050288690519466,0.6383687956560203,0.6539658681003637,0.5907125466664926,0.9912447350160664,1.0,1.0,0.4275956357349906,0.2759484750009788,0.6545907815151868,0.319287184765826,0.415174139853686,0.2443621134020618,0.435485870104115,0.3882848777650056,0.2147212543554006,0.3980280221675805,0.6990483841206026,0.7716056601567067,0.3198665678280208,0.0270600727716671,0.4467457088996925,0.7647410604122846,0.4030892448512586,0.6824389700954412,0.1602802951994038,0.0344731599559063,0.411647117354053,0.3873333333333335,0.1240481284936681,0.2538742393509128,0.4559637087851295,0.5061441478790806,0.3707375099127675,0.5285987145052269,0.0928850916071876,0.1600834174662858,0.4254228600717581,0.6254255278670735,0.2430715994071942,0.2556179775280899,0.4951982489614424,0.226764321386946,0.4886010362694302,0.1180561694494341,0.1741996053725978,0.5445939212755357,0.2974287281729504,0.0119932544899381,0.0078723876250534,0.3126461110651751,0.2901887221464301,0.3716791199667911,0.4034353796582972,0.3381923540300205,0.0
139.542696,-29.96054579,0.3993474978608791,0.4695719669486387,0.3740735131765584,0.4967904057200485,0.6788842126309947,0.4603745007173278,0.4190962637826144,0.3384829358811586,0.5381606142707046,0.9086284463586464,0.1165941441443635,0.3887083512783367,0.4184778346951253,0.3829130211013897,0.3663758585989254,0.1658075601374571,0.3862171541893902,0.2789521370580026,0.4939024390243901,0.5683268087276399,0.4957114583943683,0.4565547889135772,0.554855448480356,0.5528854440239763,0.2978470086318088,0.678905628425384,0.4242562929061784,0.7084987381979925,0.2210389672828674,0.0794805161753441,0.0369084197954551,0.4753333333333333,0.185918985619663,0.7124543610547668,0.5037618942243861,0.5128418156673819,0.2993655828707374,0.3637528989389162,0.1731898293165802,0.2591485681885312,0.5115325474115839,0.3037506908030696,0.5612009402718032,0.4818976279650438,0.2380740740635986,0.0328265531010036,0.2518134715025907,0.3741534540559703,0.5362267673644798,0.5984055804683607,0.3462910347344438,0.0,0.0037930595094056,0.3410183354295777,0.5084129149613461,0.6957243669572434,0.5865086699418294,0.4147112638314685,0.0
139.6362275,-29.92082063,0.3993474978608791,0.4695719669486387,0.3740735131765584,0.4967904057200485,0.6788842126309947,0.4603745007173278,0.4190962637826144,0.9447958859933734,0.9474461422671095,0.9561208261582754,0.2530100214615645,0.2670477532855669,0.4794151114731188,0.5286927431806485,0.1532572970658258,0.4176331615120274,0.3422161626177491,0.2614737308392106,0.2861135307781648,0.2204218204251481,0.6118475971863895,0.4138697228394339,0.4359710896960712,0.0324004248421324,0.2813647187220955,0.6346083162678755,0.5384439359267734,0.7916083759673453,0.3210654102262074,0.0819520707218272,0.1250250898456667,0.2970000000000001,0.23633617930242,0.2139553752535496,0.3301615401637532,0.3059781922699112,0.2462331482950038,0.210286597993024,0.4886427093050726,0.6754368186061884,0.5781650435674014,0.4391172122774761,0.0993071640428405,0.235330836454432,0.5211155170923214,0.4649446954890273,0.4015544041450777,0.624608193887704,0.4043828952184439,0.5072247135027405,0.3667085830105263,0.000340717460539,0.000429402949088,0.3374929313411085,0.2893929058663028,0.2409194686591946,0.4267887556967042,0.4667236333317792,0.0
139.4214142,-30.18741261,0.3271327053156611,0.8778347318851867,0.3529718564514282,0.5015874534632165,0.7748648545640157,0.5730098552356044,0.1690706486138306,0.9747900531071388,0.9854722776260004,0.9290857040903552,0.524367226529374,0.35300105712384,0.4665594858897895,0.535254760679362,0.4199626879319473,0.3964776632302406,0.2721864154685176,0.3074385097575083,0.1939605110336817,0.4139343929616395,0.5132369406665848,0.38779090164893,0.5859896219421794,0.0317591467209894,0.329397757714059,0.7261650768763015,0.5304347826086957,0.21247154395645,0.069881487535758,0.0788061518272428,0.5016777233783996,0.3563333333333333,0.4694939454125092,0.172657200811359,0.3620269971232575,0.2354481500471222,0.2957969865186359,0.5816442513861255,0.3326460587852926,0.4102272112086936,0.4500256278831369,0.4057387104714314,0.112586612186122,0.1485642946317104,0.3029472264434499,0.5782547109207017,0.3803108808290155,0.2110808760947132,0.23231059727835,0.3712007972097658,0.6853638876720097,0.0391825076972248,0.016174177841673,0.4110443596720614,0.1978171896316507,0.1693648816936487,0.3468502840790525,0.4705542368234872,0.0
139.4572438,-30.08185853,0.6086006607208452,0.7155746470704418,0.4224790414408078,0.725808503381964,0.0369354095735285,0.4469390786806892,0.4280501490966382,0.7593320641803667,1.0,0.8169294216045666,0.3352897339866824,0.135938295289926,0.3891331866659536,0.4065877509006692,0.7096937949211968,0.2195017182130584,0.1695587506197323,0.2964130435480908,0.0955284552845528,0.2864950026504514,0.7408767062900851,0.3592562273418315,0.1690140845070423,0.0325316424741253,0.2853457684294078,0.585551028568873,0.1752860411899313,0.58622573399374,0.4492175292675306,0.0599366372180339,0.1074506562396384,0.3080000000000001,0.1478882131148776,0.1789046653144016,0.2252710776720514,0.3061345481890879,0.2117367168913559,0.4973073282184955,0.4714145920878839,0.3569030493960947,0.3900563813429012,0.3826584650748521,0.0017321015903534,0.2312734082397004,0.5514919727009698,0.6643337318775402,0.405699481865285,0.6248782994571354,0.1853214603501916,0.4504235176880917,0.6557826215150449,0.0317548677307451,0.0005725372919338,0.3253533849458632,0.2455661664392906,0.1851390618513905,0.3065501046825366,0.42422652264229,0.0
139.657897,-29.85366259,0.5624621695156045,0.5077152309320363,0.2539514645728872,0.603930165575464,0.5173555617977055,0.2657528387237833,0.6040827771302242,0.8096087994831793,1.0,0.9349884097196104,0.2064552482555154,0.1846442974041736,0.4284850267668165,0.2994724652599074,0.5397566944080906,0.4085051546391753,0.4590976698066437,0.2053402078667259,0.0949477351916376,0.577149447070926,0.4738558416701567,0.3349315869488948,0.1953298739807265,0.6684625741594875,0.0808611965472765,0.6350583633020186,0.2977688787185354,0.747098278691094,0.1991153633500805,0.2366549836873274,0.0782882280656134,0.2453333333333333,0.2943592713361606,0.1730628803245436,0.1923268422217305,0.4549545346450498,0.1268834258524979,0.5747346116682353,0.2678920763118662,0.2157712007917203,0.2685802152742184,0.6891033980490753,0.0005773672234909,0.1257802746566791,0.3991125087774069,0.4288553032258212,0.327461139896373,0.3859637504925348,0.7107918379339142,0.1863477827603388,1.0,0.0051789054304535,0.1452813338755988,1.0,0.2364711232378354,0.170610211706102,0.3549570123628234,0.5110673008826774,0.0
139.6262629,-29.95962573,0.7732989194733344,0.2839533899120608,0.3674165838552229,0.7113117121935637,0.6887151764819354,0.5757920680094856,0.3836613073612965,0.941829411437666,0.9593747697592476,1.0,0.3758898921999277,0.1591558670373125,0.3565314059692807,0.3958440555841482,0.1976322142974123,0.2491408934707903,0.1903817550818046,0.4562265550557047,0.2494192799070848,0.5356566501367246,0.4996596188862209,0.3714185475382996,0.2935971089696071,0.0558046724277051,0.2918940371068559,0.7434756333824784,0.6305491990846681,0.9200789321281172,0.5767205942450542,0.0403184728499051,0.1386063396772529,0.3253333333333333,0.2038401466962636,0.2749695740365112,0.3024037397654349,0.197735524925264,0.3818398096748611,0.12476069569968,0.8449818636030286,0.5082261607735609,0.6330087134802665,0.3776714081671011,0.0011547344469819,0.1348314606741573,0.4366512079210409,0.5046990466523833,0.6875647668393782,0.3362590328663387,0.3534919492508193,0.5864474339810664,0.3767279996365453,0.0024531657461408,0.0,0.3527630398583788,0.2787630741246021,0.3300124533001246,0.4198378846877158,0.4646651003015782,0.0
139.6416511,-29.91328241,0.6795168194464835,0.7664454277068984,0.1201916457956339,0.6746986855067888,0.5234007147427778,0.4042411392334927,0.2143340954732353,0.843847890083979,0.8909716595916075,0.8553585141650397,0.2810771995997707,0.4052699581065737,0.4523628887323817,0.2940684508492023,0.3690168309386917,0.1765463917525773,0.5736241943480418,0.2865936994170036,0.2383855981416956,0.4020333478106032,0.4822746702512535,0.4902350602268741,0.2410581912527798,0.0367297337484526,0.2665939081258062,0.699493729971028,0.4607551487414187,0.7829974982478468,0.408399240366355,0.0815808467752979,0.1721131511237924,0.2963333333333334,0.1994178413445382,0.1678701825557809,0.2475105111750387,0.2146421543000266,0.2498017446471053,0.3324590377427026,0.3980640102847269,0.5986930345513378,0.4643772424397745,0.230314881151317,0.0785219417538176,0.1666666666666667,0.3360546482743696,0.4222243648964547,0.2891191709844559,0.772447677391527,0.3857724439602422,0.3432984554060787,0.4333890905786775,0.0002725739759961,0.000429402949088,0.2833097078188448,0.2945657116871304,0.1413968451639684,0.4260356285266396,0.4200224800639723,0.0
139.5808837,-29.96587097,0.1647268710176893,0.5831660516754054,0.3028692477191252,0.8087627796682864,0.4180479003432659,0.3438736751298266,0.420739433060433,0.7037703706747378,0.7931793512612378,0.6743929841155598,0.1923482873569486,0.2283387494616499,0.3669268389169688,0.5692228512609369,0.3306156799846603,0.406214203894616,0.3862171541893902,0.4088566583576758,0.2555168408826945,0.4539491544352175,0.2542520727635953,0.3201185046583245,0.1749444032616754,0.0402685417818507,0.2617323147137613,0.2681803968907482,0.2521739130434782,0.7971381983814978,0.3655616721555806,0.0379121441721825,0.0438148384608177,0.4256666666666667,0.0220465287028104,0.2394861392832995,0.5226820092940919,0.1913355672587465,0.2610527359238698,0.3020938790092077,0.2794939756748349,0.1856040049501517,0.4293311122501281,0.5205805622985924,0.1639722943557438,0.1872659176029962,0.4007898410702619,0.1425498916614118,0.3501943005181346,0.5502086323227617,0.2560378510554577,0.2282635774788241,0.3585372318238568,0.0,0.002147014864614,0.3489224656984398,0.1615886008791875,0.2746644527466445,0.4070365044116508,0.4447919372374009,0.0
139.6291122,-29.82222955,0.3993474978608791,0.4695719669486387,0.3740735131765584,0.4967904057200485,0.6788842126309947,0.4603745007173278,0.4190962637826144,0.9235444045084976,1.0,0.6621840635605901,0.1263483416748811,0.2476802004620022,0.4172014601180799,0.2562403499742666,0.374636050825847,0.2860824742268041,0.4606470004957858,0.2410698329594084,0.1781358885017421,0.5830174584702867,0.2550942954612945,0.3041749502982107,0.227761304670126,0.572443570970372,0.1769272745312035,0.525851584823249,0.2745423340961098,0.612732630444174,0.3478208610783913,0.3699045987592293,0.0937934287074428,0.3216666666666668,0.1762724189260932,0.2778904665314403,0.2339013055985838,0.3922103598450484,0.078112609040444,0.6630715911500332,0.2574354579719802,0.1252703255874031,0.3305996924654023,0.2245088273065774,0.0,0.1694756554307116,0.6033542398574872,0.2877906111951426,0.2481865284974093,0.5212123888297612,0.5347782575530365,0.1933233682112606,0.3419910141426118,0.9431874853883256,0.9190811869627497,0.7284206080956446,0.1580832196452933,0.3589663760896636,0.3965590614322597,0.5213462897908617,0.0
139.6178826,-29.8227804,0.3993474978608791,0.4695719669486387,0.3740735131765584,0.4967904057200485,0.6788842126309947,0.4603745007173278,0.4190962637826144,0.9450248265259492,1.0,0.7139808255118829,0.1117851590314167,0.446967620688305,0.4173791782163807,0.2475553268142049,0.422234206292367,0.3625429553264606,0.4918195339613288,0.2340031281933122,0.1681184668989547,0.6309661209815902,0.1448447934353386,0.2802011460647878,0.3921423276501113,0.6363883991207115,0.1900982240301617,0.5084853596599261,0.3478260869565217,0.609093800289314,0.4512368085771293,0.3734455854837162,0.0926135350366012,0.2946666666666667,0.1741121037570999,0.0726977687626774,0.2415357379951318,0.3962003469152825,0.1181601903251387,0.5475755968556854,0.239657879968431,0.1245763830650101,0.4664274730907226,0.1494366437730723,0.0,0.199438202247191,0.3972602371402136,0.3379833821787127,0.2766839378238342,0.4404512897160776,0.5399118554028077,0.3916292974588939,0.3060430838488985,0.9854540150364104,0.8105777739522331,0.918906893847022,0.2596634834015462,0.3794105437941054,0.4264582827349404,0.5115972256388585,0.0
139.5720272,-29.99670119,0.3993474978608791,0.4695719669486387,0.3740735131765584,0.4967904057200485,0.6788842126309947,0.4603745007173278,0.4190962637826144,0.8913807317996258,0.9371546824747956,0.9192646892076864,0.28344266211077,0.284131396578051,0.4455442534925637,0.3412249099330932,0.706214193858422,0.1095360824742268,0.3058998512642538,0.2939052729597436,0.4596399535423924,0.6782158052495479,0.194423515580892,0.2727166413284996,0.6008154188287622,0.4475681789936304,0.3460660779839271,0.517596651123915,0.2906178489702518,0.8032816033408865,0.281617346570831,0.009306885741666,0.0695067609801071,0.1896666666666667,0.4064228810591198,0.210709939148073,0.1304630449214428,0.8213756172639988,0.3984932593180014,0.373247588445629,0.2136217452597065,0.5246053507608056,0.4438749359302921,0.4280317532266693,0.0311778308697087,0.2141073657927591,0.4811615579232202,0.687576677714774,0.6305699481865283,0.2153573768349956,0.750058534215655,0.4808171400099651,0.3585463822823644,0.0,0.0,0.3806491963826991,0.294224647567076,0.403071814030718,0.5534617074307702,0.3786748518767341,0.0
139.4066007,-30.11484545,0.3993474978608791,0.4695719669486387,0.3740735131765584,0.4967904057200485,0.6788842126309947,0.4603745007173278,0.4190962637826144,0.2930759068817598,0.9997019094324588,1.0,0.3118894712377414,0.1860537958576406,0.4381624345802834,0.4570252187339166,0.2459804708320207,0.2663230240549828,0.3485374318294497,0.1395058462075313,0.1091753774680604,0.3316757580373801,0.4006209069229464,0.2301485206408607,0.3784284655300223,0.2374495405523562,0.0016866752654033,0.5554825312223655,0.4681922196796339,0.5664921907052018,0.0935359023053438,0.6464044297117406,0.0173569423486897,0.022,0.2758263043103724,0.0971196754563894,0.0148262890019916,0.522634438534522,0.3862014274385407,0.6340322740913136,0.0898797915739494,0.2602336695802153,0.3300871348026652,0.7195513116875077,0.0005773672234909,0.0040574282147315,0.998701002118543,0.6821954299546513,0.2393782383419688,0.8881506642964292,0.1965350991866934,0.412057797708022,0.5637317650626948,0.0004770044674492,0.0,0.3501418343388251,0.1755343337880855,0.0444167704441677,0.639227755587731,0.9673419109582464,0.0
139.6997196,-29.99499392,0.3275939711763143,0.2082152991399413,0.6561997451973318,0.3751550589581303,0.6293996860382343,0.4981649459032179,0.5531163987445306,0.9267096727284154,1.0,1.0,0.2131000727572338,0.2674131788105399,0.3881161617710364,0.5404014410705096,0.1850517963622877,0.3951890034364261,0.3971244422409519,0.0422801144089362,0.2517421602787456,0.1552358519998465,0.5659314951735253,0.3938720617471642,0.5812638991845812,0.266488792897132,0.3600555610675662,0.652266978047852,0.623741418764302,0.8189075150268732,0.289982932282026,0.0554247254842737,0.2196264730280975,0.3563333333333335,0.4920188651770159,0.3658417849898581,0.487995131666298,0.8894481012856741,0.493655828707375,0.3443701003409526,0.1561014856436064,0.2840482497338296,0.4290107637109174,0.5494680181638268,0.1339491977727779,0.3533083645443196,0.3686955592897087,0.5241971026231669,0.3787564766839377,0.5923731455304764,0.660121418159577,0.6008968609865473,0.3328359067775688,0.0044974705850239,0.0,0.5171417878183001,0.3424283765347885,0.3922789539227894,0.3253021592042446,0.2919031754772196,0.0
139.5951398,-29.8462596,0.3993474978608791,0.4695719669486387,0.3740735131765584,0.4967904057200485,0.6788842126309947,0.4603745007173278,0.4190962637826144,0.3597272608685969,1.0,1.0,0.1077516746871156,0.4737872440389961,0.4188827373879521,0.3791816778178075,0.2906775519251606,0.152061855670103,0.1512146752602875,0.276580456592876,0.2831010452961672,0.6516809329940072,0.2839463341550614,0.4060343819436324,0.4872127501853225,0.0196204041486939,0.2252207560273837,0.6070381906718685,0.3894736842105263,0.6648845690418153,0.3404649150219958,0.0624419265139331,0.1436670642660871,0.2473333333333333,0.1551887765658056,0.3090466531440162,0.1293012834697942,0.1392856912700022,0.1812053925455987,0.6112988821323504,0.3722392937378075,0.3629371628943761,0.4300358790363917,0.2657092276200121,0.0023094688939639,0.1260923845193508,0.4251605634097994,0.233167264369648,0.1891191709844559,0.6028891371534127,0.4236432907908569,0.3139013452914798,0.3767279996365453,0.054105931871213,0.5962260043227751,1.0,0.3151432469304228,0.4549605645496055,0.4252747983092294,0.4764034949341997,0.0
139.5993093,-29.83297779,0.3993474978608791,0.4695719669486387,0.3740735131765584,0.4967904057200485,0.6788842126309947,0.4603745007173278,0.4190962637826144,0.5955832788984293,1.0,0.905575274991612,0.1074590612697969,0.4400767393602443,0.4210920686818553,0.5347400926402471,0.2581193020894573,0.3780068728522336,0.4471988101140308,0.1820147047947881,0.2961672473867595,0.5997168807596251,0.1225857570261401,0.339609402409075,0.3847294292068198,0.8782626505578296,0.3011211429705329,0.5250198903877095,0.4956521739130435,0.6439174127189734,0.463352484434722,0.4987993798195543,0.0738241732116004,0.3710000000000001,0.2890475884871762,0.236997971602434,0.3404514273069264,0.5431516688453001,0.3370340999206976,0.2648505938491652,0.1458624627530418,0.1483106609668372,0.3572526909277294,0.2927826554598162,0.0,0.2571785268414482,0.4012693798752006,0.4897029638137113,0.6082901554404144,0.1989534960447568,0.7063816639708895,0.5949177877428998,0.2626396559356194,0.4237843822675893,0.7782213131672167,1.0,0.5156889495225103,0.4811124948111248,0.4678806721888218,0.5062921459237518,0.0
139.63856,-29.83834904,0.4281258626431377,0.4847655949199297,0.3006340083027509,0.8170314360642945,0.5672240260041748,0.0927695954954248,0.6235480693981756,0.6518252385790224,1.0,0.8241351852446079,0.1688245395969634,0.3301358599898202,0.4100125057006767,0.5213587236232632,0.3790722504728537,0.3283218785796105,0.3270533796066765,0.2786029070351813,0.1939605110336817,0.665220839789112,0.1320384532379646,0.3650255330760533,0.3439584877687176,0.0255461591256042,0.2091477329100109,0.3421146216241305,0.2762776506483601,0.6384888421951929,0.3317147046804009,0.1267668667999254,0.0903999533786291,0.3045555555555555,0.0876218257150311,0.2365652467883706,0.3186545695950433,0.0168925080406207,0.289981496167063,0.3288216164531393,0.2993430107130055,0.0,0.4913719460105927,0.4527269102366764,0.0,0.1835205992509363,0.7570559143633111,0.1567022625223282,0.3229706390328152,0.6450176276455764,0.2588748842296941,0.4755024082378342,1.0,0.4794576316824639,0.8331849262437782,1.0,0.1822040321358193,0.3668188736681886,0.4170379881608071,0.4422918896693202,0.0
139.2989207,-30.17876927,0.3497334830514513,0.2935813715233598,0.5707041270363098,0.4369710033642069,0.7564041009352085,0.4829059831131604,0.3162288688568411,0.7448345716100904,0.7478731063084545,0.9620300955334288,0.5926651035212547,0.1562977173955601,0.4064833453402399,0.3818836850231601,0.7179839205234518,0.2719072164948454,0.4258800198314328,0.7020796914390068,0.1861207897793263,0.520128623011834,0.6790622156364254,0.3283826453046428,0.2375833951074871,0.0534162569510171,0.1394979660680623,0.7884050784096561,0.2608695652173914,0.6545658585653692,0.3975816726363615,0.1980548728645189,0.1112566415257537,0.1983333333333334,0.1621851825802669,0.3301419878296146,0.2109980084089401,0.4309141312425526,0.2696272799365581,0.7079595237481144,0.1938076685045852,0.4504902663793324,0.4197847257816506,0.690522552475129,0.4826789985179857,0.2041198501872659,0.4849483074880343,0.4698228983417162,0.5559585492227979,0.4931393713668214,0.4979921091741338,0.2481315396113602,0.4614467658360394,0.0,0.0329924621130734,0.4923690689173707,0.265575261482492,0.2083852220838521,0.6721129805948542,0.4126212224028593,0.0
139.4626251,-30.07623912,0.3993474978608791,0.4695719669486387,0.3740735131765584,0.4967904057200485,0.6788842126309947,0.4603745007173278,0.4190962637826144,0.850163020145916,1.0,0.8567833831270926,0.2986528436422604,0.2001487803923104,0.4460044938972602,0.2094698919197118,0.510358546907517,0.0738831615120275,0.1442736737729301,0.2548968273390063,0.119047619047619,0.1157573670105835,0.7262084018003533,0.6141971699216466,0.2090437361008154,0.1585144245719761,0.3136223831729339,0.746759849265249,0.1835240274599542,0.5976866600905147,0.4878723046227074,0.1892698566584069,0.117043588206245,0.1846666666666667,0.2458705151244656,0.3801217038539555,0.2906616508077009,0.34829082731544,0.26883425852498,0.3699279212978239,0.433708429089566,0.4025179575969918,0.3454638646847771,0.5690653453783326,0.0017321015903534,0.2206616729088639,0.6566390696914325,0.7866989636275343,0.315544041450777,0.589630054326668,0.1986701618850933,0.2521175884404584,0.4668904154638081,0.0163544387110647,0.0024332834708563,0.3248539381150441,0.1546157344247385,0.3059360730593606,0.4076554834659091,0.5854294620439704,0.0
139.6370984,-29.81879368,0.3993474978608791,0.4695719669486387,0.3740735131765584,0.4967904057200485,0.6788842126309947,0.4603745007173278,0.4190962637826144,0.7680258122798623,1.0,0.5482488384618553,0.1316668144940458,0.3266904193257899,0.4220087140693865,0.9850746268656716,0.0815980016134827,0.4347079037800687,0.3306891422905305,0.1549463198211234,0.5130662020905923,0.5015850303485733,0.199673256798705,0.3223014852064086,0.7349888806523351,0.9401130880846592,0.524655223732513,0.5229695926050226,1.0,0.5469646562725026,0.4694103223635184,0.602991784342712,0.0489807064157547,0.6306666666666666,0.2481515099826628,0.5401217038539555,0.5870767868997568,0.6830143392816156,0.5864393338620141,0.3816951825500478,0.1739851699812746,0.2328350256482827,0.3982573039466941,0.680515048036608,0.0,0.5115480649188514,0.4630598339070836,0.4198810378350899,0.6886010362694299,0.3215061367562754,0.7707124173957913,0.6841056302939711,0.3667416481882043,0.7712373766364108,0.7007306022035625,0.260336258050289,0.4201909959072306,0.3889580738895807,0.372507402771096,0.5207401665867084,0.0
139.5036946,-30.06822444,0.3493028829871191,0.5663486141305992,0.1236475501430531,0.8562928368880898,0.5200769747212081,0.114024644139008,0.3410536772293741,0.8074887920993422,0.8979269939795773,1.0,0.3128572372875193,0.2696840374300144,0.1809744872733572,0.2593926917138447,0.6170029236689372,0.2156357388316151,0.3668815071888944,0.2947403753045124,0.463704994192799,0.376341747254411,0.5377723047860514,0.5894047479826919,0.253891771682728,0.0265468430030131,0.0841353308860006,0.6359811006553211,0.3029748283752861,0.6695490816840898,0.741724560686555,0.0441363849298622,0.1036581266827512,0.2660000000000001,0.1686403891463451,0.2197971602434077,0.1446116397433061,0.1242081209503655,0.2402359238699443,0.536952392930373,0.5634260642840716,0.3165575550125036,0.4732829318298308,0.148389934498614,0.0,0.2880383895131086,0.4277338395177459,0.2598090612068909,0.4988989637305698,0.4281959751437947,0.0654248527787695,0.4166043846537119,0.2225163313454332,0.0064054884548211,0.0,0.3905637986459637,0.2432924056389267,0.3026151930261519,0.3619924404783441,0.4180347743505425,0.0
139.3960961,-30.14866543,0.2761789675989777,0.7992362198050024,0.247977621079887,0.8098989728679575,0.4113289049816553,1.0,0.0,0.916670029919844,0.8944773769985521,1.0,0.308223759338451,0.4156454328334834,0.3665547371424851,0.5321667524446734,0.1449513622007806,0.3900343642611684,0.2935052057511155,0.2194122409232461,0.312137049941928,0.2923461549328174,0.5257128687316289,0.5777102093322419,0.5122312824314305,0.0196617746418638,0.1811687667427324,0.7974438831749306,0.6567505720823796,0.283869012847293,0.4642178898531215,0.1162489368544144,0.0510829481208798,0.4540000000000001,0.0643913470452514,0.2230425963488844,0.57745076344324,0.6062035783883298,0.4896907216494842,0.2997271870620692,0.3951635453753151,0.5054774588587487,0.3172731932342389,0.5001918034482022,0.0017321015903534,0.1192259675405743,0.4220362157626988,0.5740092920513293,0.4217616580310881,0.2727795536618279,0.0244120598840474,0.0966616841056303,0.3320105340509413,0.0018398743852542,0.000429402949088,0.398916583032786,0.2255570713960891,0.5176421751764217,0.1384658623757137,0.3340683189268852,0.0
139.6445682,-29.95405608,0.5893529762328197,0.2791507768834601,0.3653933033301811,0.6442526874837944,0.7461054080543862,0.5837737345296053,0.2554047956584713,0.804710046167532,1.0,1.0,0.3741662165123821,0.3485376453545279,0.3082161812165571,0.4201621204323212,0.4492950035270334,0.2186426116838488,0.3173029251363411,0.4755280337397742,0.2944250871080139,0.6753044506586058,0.4608731571726592,0.5557244766693955,0.4100259451445516,0.0577372448860485,0.330290703442802,0.51506609960114,0.5300343249427917,0.9710349568008142,0.3805620327411717,0.0340710494892942,0.2071614826880946,0.3999999999999999,0.084107499719539,0.1393103448275862,0.175771741535738,0.0561262696596585,0.247422680412371,0.5439404885926158,0.6431017515251842,0.286179702288068,0.2275756022552537,0.6805647095240666,0.0,0.132334581772784,0.4338394127955119,0.2558756144969273,0.1937823834196891,0.4019319928347946,0.2580554339134825,0.3627304434479322,0.3048506048815627,0.0079046454173605,0.0,1.0,0.2783083219645293,0.2714819427148194,0.4032711498096358,0.4521848483844246,0.0
139.6166703,-29.9427993,0.051603990222712,0.5142483695219197,0.6583189191469577,0.6051520330299257,0.4692551554892445,0.5321524486511007,0.7262103287352276,0.8383474244595226,1.0,0.9841032454226368,0.1634269717280569,0.32030852355037,0.3787307913716533,0.4381755018013382,0.570729864951628,0.2873711340206186,0.4283589489340604,0.3353344365135407,0.0508130081300813,0.9687190628606712,0.4349589237621049,0.0893462752894398,0.3519736842105264,0.0335409096376801,0.3154082746304198,0.3011492547634519,0.2657322654462242,0.8297818194569435,0.3802735642683718,0.0707338825754706,0.1523781941337896,0.3143333333333334,0.199822207129572,0.3583772819472616,0.2922383270635097,0.0761962891739807,0.2906423473433781,0.4454663735718129,0.6670743941262776,0.4293184423547602,0.5366478728856998,0.3441207356264628,0.0017321015903534,0.1582397003745318,0.5809293984453219,0.2190209112803332,0.5233160621761658,0.4272425575563738,0.3340168446179445,0.2097658196312905,0.4023964162721482,0.0141057029646613,0.0,0.4033182454039859,0.3328785811732606,0.3134080531340805,0.4225680465570626,0.4702736936889709,0.0
139.4769914,-30.06796809,0.3993474978608791,0.4695719669486387,0.3740735131765584,0.4967904057200485,0.6788842126309947,0.4603745007173278,0.4190962637826144,0.6648924722770138,1.0,0.954303619725506,0.2288686552421411,0.3263771974472417,0.4327093188066416,0.2328015096929147,0.5596977283219433,0.1883591065292095,0.2031069244752933,0.3262283762274107,0.1220722028648858,0.3511647734430553,0.7562258973495528,0.4793591392819553,0.2053372868791698,0.1315535315427181,0.3743426927274533,0.83024686254267,0.3348588863463005,0.6239744596283422,0.4121012524339527,0.1458431260159592,0.12163276644644,0.2200555555555555,0.2766501776490443,0.2164435429344151,0.1199380393892454,0.4076036235648607,0.2366508062384349,0.3193640638100865,0.5463027821907094,0.5601777761737378,0.6327951477874593,0.350187951539022,0.0057736720746707,0.270287141073658,0.2836220681982174,0.7416833121515705,0.4458549222797927,0.5592230541064186,0.1994199596898391,0.3342052815146985,0.4626441531198492,0.0096763763180718,0.0,0.5533561150089349,0.1425648021828102,0.1710599142105991,0.4056290240263925,0.6953245699388959,0.0
139.6714769,-29.87446958,0.5529167990669283,0.5663809348485696,0.4058806118839455,0.5289307750591516,0.7396535298515162,0.103927945083404,0.6337824951625348,0.7618197250777714,1.0,0.9563720826984672,0.208137893596564,0.1924226407214544,0.3978512413487053,0.6829644879053011,0.232320697373019,0.5706078178694157,0.3547967278135845,0.2448381149527976,0.2535932055749129,0.3708705861468972,0.6711148821287622,0.3193193778505437,0.3139362490733878,0.3537064187878991,0.2365686079968251,0.5980846035809086,0.0938215102974828,0.83857062967913,0.6721676001826968,0.0943870999036194,0.1258640421500172,0.5918333333333333,0.2714475444541695,0.6219066937119676,0.4031865456959506,0.3603167104179561,0.442852894528152,0.1719764294199258,0.2804724500723219,0.2151251736874546,0.3203485392106612,0.3072117422487119,0.0242494225854258,0.3306413857677903,0.4057609944878233,0.3124121027110537,0.2858160621761657,0.5957440529533645,0.558405351674724,0.5295216741405082,0.3796002208363769,0.0019080178697971,0.0359982827964142,1.0,0.3685766257389722,0.5710875882108757,0.3116912470999523,0.5229435478355451,0.0
139.3070994,-30.18078026,0.3238142291981508,0.1640363805685391,0.7923708789760626,0.3549439053343804,0.7143120657650711,0.6214191949289138,0.4231161271445969,0.7609892667177418,0.7883215301022009,1.0,0.5032371711329622,0.1170405752841835,0.5975647936958145,0.224909933093155,0.85636216318442,0.3054123711340206,0.2414476945959345,0.5627211965575422,0.159698025551684,0.32322352791803,0.773091011257707,0.2956379370833821,0.1286137879911045,0.0219632520944973,0.1674769322353408,0.8480900530021991,0.25720823798627,0.5718859895701407,0.3352724825115989,0.1729522138288191,0.1434756254852286,0.142,0.155349531331534,0.1996754563894524,0.0990954857269307,0.463618906346455,0.3370340999206976,0.5982040214861225,0.296232875555941,0.629512098524357,0.4105586878523835,0.530905262835341,0.3319861420502205,0.2659176029962546,0.3741818569629829,0.4773247136178193,0.2761658031088083,0.635956218354321,0.4785372114237062,0.2566018933731938,0.3044803304504594,0.0010902959039845,0.0201103716541997,0.4382031771645284,0.27512505684402,0.2308011623080115,0.4327368631992719,0.6179774876555291,0.0
139.2960198,-30.171234,0.50035021658253,0.4379910692308609,0.2899507516862325,0.3805656711222958,0.7225333804116107,0.4139250821451397,0.2339513128059956,0.6223558777253565,0.6421559903300545,0.8265672377195957,0.8794626984438296,0.1427247693251373,0.4119885189042289,0.0844055584148224,0.9722598885755138,0.1262886597938144,0.0431333663857214,1.0,0.1312427409988385,0.5108586340162597,0.5368852490667707,0.0682961057186293,0.1286137879911045,0.1041929910779589,0.1186625657307273,0.7375190400900771,0.065903890160183,0.7271643182207688,0.6321065410226208,0.1288422576803445,0.077574001930346,0.2469999999999999,0.0878703015181105,0.1016632860040568,0.1721619827395442,0.4867145537580349,0.4472640761300552,0.4627261836085793,0.0863153576385298,0.2115599626554164,0.3700666324961559,0.3953933270766283,0.6189376802472036,0.1613607990012484,0.5860189303301739,0.532976385414268,0.4891191709844559,0.6129472202148931,0.3747950332018733,0.4952665670154459,0.4164870831070685,0.0,0.0377874611087323,0.4304325866732342,0.1923601637107776,0.4852635948526359,0.4893818133783492,0.5069474955453628,0.0
139.2868994,-30.12776714,0.3993474978608791,0.4695719669486387,0.3740735131765584,0.4967904057200485,0.6788842126309947,0.4603745007173278,0.4190962637826144,0.1921130033398818,0.0750997369280357,0.0788657043050401,0.1648471460571742,0.0312177805619722,0.3773849239008703,0.154915079773546,0.9802905354294502,0.0841924398625429,0.136836886465047,0.3485754873070501,0.0,0.4618230924672701,0.3025762265368033,0.0832651151912057,0.0022238695329874,0.4378291937904126,0.017759698382776,0.5941782141156549,0.0668192219679633,0.7340398892579679,0.0153609461765907,0.2226184182962761,0.03426854971206,0.0476666666666666,0.3074747490480375,0.0349290060851927,0.0164859482186324,0.7759126686925714,0.1486419508326724,0.9102698565190416,0.2515725566513874,0.4180820631077873,0.4042157867760122,0.7095437594428716,0.0300230965829658,0.0231351435705368,0.9926247131917788,0.819432581255811,0.3139248704663211,0.8278626852666033,0.5442607963887196,0.2622695565520677,0.3380953324460551,0.0,0.0,1.0,0.3228740336516599,0.0834371108343711,0.5619486112831041,0.8786424057683371,0.0
139.3162348,-30.18376394,0.2858117302751828,0.2095890478756411,0.6919673763111398,0.4386245688622945,0.8064270775467384,0.528367237559322,0.4045436955476305,0.7578328521944875,0.8309218915801837,1.0,0.2546600173055228,0.3172937629693435,0.4974667822037734,0.3721049922799794,0.3147453832750445,0.1847079037800687,0.1412989588497769,0.296395671244596,0.2259001161440186,0.2266573752557503,0.7879052627695015,0.2245351420886446,0.223128243143069,0.0071536583487302,0.2844528227006648,0.7558089891398672,0.2480549199084669,0.4556634305317874,0.3522921224067886,0.1678654368363514,0.1545203859486457,0.3400000000000001,0.2175987674145896,0.4469776876267749,0.3437707457402081,0.4561849571261387,0.2569389373513083,0.542927076980848,0.4242032322031254,0.6499829517987039,0.4320861096873397,0.731611661678508,0.1195150127789278,0.1626092384519351,0.4427642537817169,0.5826317727936954,0.5523316062176165,0.4056896887826338,0.3133828621553699,0.4040857000498256,0.4057565602230337,0.0029301702892387,0.0010019402807464,0.3611754195591901,0.1109595270577535,0.2208385222083851,0.407198902482755,0.5367160055198041,0.0
139.6280278,-30.04645984,0.3993474978608791,0.4695719669486387,0.3740735131765584,0.4967904057200485,0.6788842126309947,0.4603745007173278,0.4190962637826144,0.7317776144911212,1.0,1.0,0.1555610879110416,0.4175247641047727,0.4056472460826286,0.4601132269686053,0.4813736002330123,0.2598797250859107,0.5547843331680715,0.0783462482410741,0.3344947735191637,0.329593545749366,0.5891646619413444,0.4738627061162437,0.4484803558191253,0.2804407955200742,0.3049905744617522,0.5594281001475854,0.3318077803203663,0.6254019757586772,0.4388326642467368,0.2290344823399454,0.2656212935455265,0.3366666666666668,0.4297224066068804,0.2717241379310345,0.3225271077672053,0.8501179671368733,0.4512291831879459,0.3463789475814004,0.1829745534287898,0.4278573307740453,0.3726294208098412,0.4928081060343926,0.0329099310179101,0.2924469413233458,0.4398159287301312,0.5663839254644929,0.5932642487046631,0.2962192857332364,0.3466673590002382,0.4808171400099651,0.1843446003190027,0.0041567530110119,0.0,0.1944181256609979,0.1846293769895407,0.2694063926940639,0.1889047873904374,0.1413401717143483,0.0
139.59792,-29.95352402,0.2173801495569744,0.4828193708501704,0.556791287949685,0.649536271959489,0.5082700189369979,0.5034412156938908,0.4811533809912685,0.9997694176420204,1.0,0.9514302084185042,0.1677036905278092,0.1506597235816921,0.3800381910826155,0.2372619660319094,0.6338534614687709,0.1536368843069873,0.2473971244422409,0.377515663650903,0.1804103755323267,0.6084909819056672,0.5180635350418268,0.2259384867266986,0.2377069434148753,0.0359241820230702,0.3069748983034031,0.7702033536114443,0.3467581998474445,0.8093150339436066,0.331714704680401,0.0554637126897736,0.0743265634679761,0.1918888888888889,0.1697811861056549,0.2188235294117647,0.2746182783801728,0.1108600677793519,0.2878667724028548,0.3250591229655088,0.5387894923822922,0.694905769510218,0.2617461131043909,0.8500485745386763,0.0600461931659317,0.1090303786933,0.5931034757943516,0.4544352863631413,0.4566493955094989,0.4338890397258134,0.3461849306162712,0.2283673808337485,0.3843288776897582,0.0,0.0007156715950549,0.2950379990319919,0.1603759284523268,0.2558461325584612,0.421023866248955,0.4480291560577873,0.0
139.6841594,-29.89530818,0.3622406386711865,0.7690454516225707,0.2611053170454753,0.8349544721973844,0.4920353656214546,0.4717942632394677,0.2911318401187835,0.9261966464060908,0.94846189992248,0.9361220868279714,0.3180933197982854,0.2333502995184214,0.4078646149583433,0.5223880597014927,0.1051408787771265,0.1692439862542955,0.1928606841844323,0.2920299136837031,0.133855981416957,0.5100329816339945,0.4734879775956846,0.3227692667524267,0.3395107487027428,0.1143904166466315,0.2573668022621292,0.7548606019242847,0.4842105263157895,0.9289077707279784,0.5816245582826511,0.0550137963706215,0.082794397862547,0.3000000000000001,0.1618367566443199,0.2961866125760649,0.3046027882274841,0.0794652782511463,0.3096748612212529,0.4186695743766643,0.3824433782079836,0.1675309645672843,0.2885699641209637,0.4163004633805109,0.0005773672234909,0.2253433208489388,0.650701826621907,0.2662243117224728,0.3202072538860103,0.6945945852425126,0.2979668697063801,0.3243647234678624,0.3731081938523103,0.0,0.0,0.3590490436534158,0.5743519781718963,0.4919053549190536,0.364828510089805,0.4412726620641936,0.0
139.541093,-30.08393577,0.5302778747448872,0.3146395674003737,0.4413878242164236,0.2960289081419749,0.6680213660737765,0.6366657679421627,0.6179361057737864,0.8694779983144835,1.0,1.0,0.6883903918274885,0.2712501468227555,0.6611297738535354,0.3983530622748328,0.5164387373247342,0.3002577319587629,0.4179474467030243,0.4522723809199077,0.2531939605110337,0.3327171105008544,0.6790461190704901,0.5360776517366391,0.2653817642698295,0.0484728603635844,0.1514039091179681,0.8047728850326197,0.340045766590389,0.6669323122993719,0.3182528426164091,0.0356718913540889,0.3963937424225562,0.4286666666666668,0.1343988803849909,0.2301825557809331,0.3779597256030097,0.5488576269132015,0.3624107850911973,0.3817552671362617,0.053291866586003,0.1028584942306797,0.3059969246540236,0.4654302854157596,0.3481524374475749,0.1638576779026218,0.6814517705010393,0.1947964906939921,0.3715025906735751,0.5439940768879779,0.183262676446138,0.3442949676133533,0.3323580160797663,0.0141057029646613,0.0147428354460563,0.3840513793259359,0.3560709413369715,0.3694479036944789,0.4141369761301056,0.3771417206626486,0.0
139.439229,-30.08925173,0.3993474978608791,0.4695719669486387,0.3740735131765584,0.4967904057200485,0.6788842126309947,0.4603745007173278,0.4190962637826144,0.6287050245725381,1.0,0.8725016508868718,0.3159426505781482,0.3329548568967542,0.3860176387440809,0.7920741121976325,0.1762029080402931,0.6121134020618556,0.4918195339613288,0.2386806315280432,0.4753193960511033,0.422579585461976,0.4286412890209095,0.249795345573617,0.6641957005189031,0.3245051160648046,0.4990574461752159,0.7215605037971191,0.6933638443935928,0.5956965461130344,0.4985456381163008,0.4405058839783157,0.1521580166958192,0.1676666666666666,0.4678427283161676,0.519026369168357,0.2302500553219739,0.5291166826119575,0.5709754163362408,0.1947059057251798,0.3011602058264255,0.4783026734808817,0.6181445412608918,0.1777167380153392,0.0,0.5056179775280899,0.3668659520390396,0.899578759387766,0.4875647668393781,0.2459100322261457,0.1863716496455164,0.4494270054808172,0.1811752609465497,0.025349379275924,0.0017891791068112,0.4033182454039859,0.1355161437016826,0.6317974263179742,0.8902273177106057,0.4098191099691847,0.0
139.518962,-30.07449255,0.4889260092243029,0.4673725286918176,0.2415887520287186,0.8103810592463426,0.5573839387232289,0.1920865906165921,0.2116612623106679,0.93206594964699,0.870850681637697,0.9163116121875792,0.5411130805231725,0.3708547042010884,0.3180748821860137,0.5146680391147711,0.3851668102772507,0.3277491408934708,0.5081804660386714,0.4228782735064986,0.4294425087108015,0.3250228198827011,0.4186099959172819,0.3742252368144078,0.3484062268346924,0.0526860970957304,0.1731322551840461,0.7470969617409287,0.4636155606407324,0.6813230092439095,0.325176085963605,0.0377999815623204,0.1457180748958699,0.2356666666666667,0.1993352123207765,0.4265314401622718,0.2428634653684444,0.4974317425124148,0.4516256938937348,0.3355881638486734,0.334637965863316,0.5501934187294673,0.6022552537160432,0.3123394364946243,0.0773672100309004,0.3483146067415731,0.3965527082734128,0.3370403939688872,0.3896373056994818,0.5103728096436045,0.3524375173849375,0.9491778774289988,0.5955933349780094,0.0057921969426373,0.0032205222969211,0.4003091133357476,0.2505684402000909,0.257783312577833,0.4026945423065812,0.4011180161777039,0.0
139.3369814,-30.16299639,0.3993474978608791,0.4695719669486387,0.3740735131765584,0.4967904057200485,0.6788842126309947,0.4603745007173278,0.4190962637826144,0.9793177013385052,0.5870365834033824,0.953386772951848,0.2754888635416346,0.514414731869021,0.3819490486664122,0.3412249099330933,0.5441713117547369,0.2925257731958762,0.5007436787307884,0.4039721102958417,0.2061556329849012,0.4564284850656352,0.6428227186108202,0.5547889135773595,0.3421052631578947,0.1456512264174764,0.2546879650759004,0.683295982874536,0.3235697940503432,0.5259882204164118,0.2876751844996274,0.5327130150421544,0.0778912294360273,0.3795,0.4654091796228503,0.5270588235294118,0.2621155122814783,0.5020687519749178,0.2933187946074542,0.529296070655141,0.2132723014678387,0.44666277898028,0.4266401845207586,0.5668504283206418,0.0612009248888489,0.4499843945068664,0.3768337043084394,0.6647527999722298,0.629922279792746,0.3850196891322441,0.2151915845223317,0.4157324364723467,0.4494869711075454,0.0,0.000858805898176,0.4545034842197901,0.1837198726693952,0.3204649232046492,0.3068245128513275,0.7961896693954161,0.0
139.5858552,-30.04464433,0.5485344804919228,0.4052761455782148,0.4461227307261637,0.3346298438898742,0.5534634261602009,0.438656795336808,0.3977297195285518,0.9599505985754836,0.844887433092008,1.0,0.3557254682437868,0.3232449786617595,0.4524894076956883,0.5455481214616573,0.379393784457237,0.2237972508591066,0.1641051065939514,0.2814550230133378,0.3106852497096399,0.3026699983825195,0.645916957047632,0.6375862472225472,0.4885100074128986,0.0236075835272509,0.2308760789760889,0.8663811295184629,0.7130434782608697,0.6785996816435438,0.1921921200028847,0.0636824461126316,0.1960163057420527,0.5910000000000002,0.1502109149728185,0.3450709939148074,0.2511617614516487,0.1727301284744424,0.1966693100713717,0.5616410033266288,0.7101621464481134,0.4155479595819913,0.4700153767298821,0.4669943196172297,0.0051963049312993,0.2818352059925094,0.4963527037923054,0.3143757321834606,0.3388601036269429,0.4805857933691986,0.3552201625541455,0.6606875934230194,0.3975879259482832,0.0,0.0,0.3946700813932994,0.4729422464756707,0.2361975923619759,0.3960734634017292,0.4224997822901486,0.0
139.5774785,-30.02459675,0.3993474978608791,0.4695719669486387,0.3740735131765584,0.4967904057200485,0.6788842126309947,0.4603745007173278,0.4190962637826144,0.8012400656576124,1.0,1.0,0.3541962569149529,0.0914607885360792,0.3298883630185145,0.3724481043060559,0.4771234063714926,0.324885452462772,0.4609155511485703,0.4161113153070589,0.1885404568331397,0.4593967560674358,0.5614886397121956,0.2901804857131719,0.4430442302940451,0.0821073701776546,0.2742335549161623,0.7025952023294961,0.3836765827612509,0.8180832650891682,0.2220966850164667,0.0566174439538639,0.1786928736208765,0.3136666666666667,0.1813831066747772,0.1171331981068289,0.2523511838902413,0.1094562451752842,0.1847739888977002,0.5039396742133142,0.5131744460830256,0.3080545865360049,0.464035537331283,0.3695919580915957,0.0,0.2220141489804411,0.4617735249349568,0.2317309208846287,0.3333333333333332,0.4577819210836937,0.3773591641184705,0.3153961136023916,0.3843288776897582,0.0017717309007112,0.0,1.0,0.2804304987115354,0.2505880725058806,0.4028521337933755,0.5124708356527667,0.0
139.6331159,-29.95821474,0.7862895111576345,0.267792887739839,0.3198373570414431,0.6223707857468451,0.7444498551413293,0.6908551701782992,0.3349081156500113,0.9745194464694182,1.0,1.0,0.3820942135263356,0.1588034924239458,0.3178332210880132,0.3209813003945788,0.3519108801742744,0.2339633447880871,0.4162535118162286,0.4699807896409591,0.2321670538133952,0.5048054505776767,0.4897778895101976,0.5934198729193467,0.2058314801087225,0.0570680753851746,0.2512402024010319,0.6690138013171063,0.3842868039664378,0.9414239679914844,0.4358277843217386,0.0373402735691919,0.1519752173868637,0.1551111111111111,0.1474813064873631,0.2326707234617985,0.2697499446780262,0.1346361686385922,0.1940919904837429,0.668257099746181,0.8106304245671558,0.4339359880406155,0.3837348368358108,0.6138647477423805,0.0011547344469819,0.0933208489388264,0.5616571204988117,0.4995201592118772,0.352461139896373,0.6757053617703834,0.2493997370891054,0.2856668327520346,0.3219558531672712,0.000817721890164,0.0,0.7630039104784196,0.2149840836743974,0.1407914764079146,0.4032309735733814,0.4541167122371341,0.0
139.4291675,-30.18966931,0.3271327053156611,0.8778347318851867,0.3529718564514282,0.5015874534632165,0.7748648545640157,0.5730098552356044,0.1690706486138306,0.9667736370170724,1.0,1.0,0.5050185529083883,0.5064797776124662,0.4513685743490329,0.4487905301080804,0.3567349242428919,0.7272336769759451,0.443728309370352,0.2464309513029325,0.5119047619047619,0.4300740377864036,0.5450772479788434,0.4874283709507659,0.2579688658265383,0.0246459762404383,0.1639051493203691,0.7408908225356496,0.5574370709382153,0.268407533560913,0.2146926608812712,0.0785610624016332,0.5263155508820978,0.1186666666666667,0.388011523299053,0.5342799188640973,0.3802832485063069,0.2222324594395196,0.1752577319587627,0.6150300504171554,0.29955272068598,0.3764325950211653,0.4905176832393644,0.4532813815152529,0.1172055493330935,0.1257802746566792,0.7918039467509362,0.5237618511427016,0.2740932642487046,0.4714158521647409,0.2824548070900844,0.5156950672645739,0.2968885282618939,0.0386373610312584,0.0253347757838029,0.7024608780423149,0.3196907685311504,0.3316728933167288,0.3545492688238377,0.4826782853902581,0.0
139.5406991,-30.1059313,0.3318369679409864,0.6523646741144579,0.3186908873005444,0.455135022314877,0.4376502233274111,0.5035515205166529,0.5983737582863611,0.8330931596864626,1.0,1.0,0.0234472313212141,0.3658431541443169,0.2367781904097249,0.4369531652084407,0.3450997560018289,0.6005154639175259,0.5914724838869609,0.185804351748221,0.4564459930313588,0.3415363280182302,0.7118250308488842,0.3316571161267688,0.2790956263899186,0.0034520323435379,0.4550054568905647,0.7145594067722401,0.3633867276887871,0.7286851749075643,0.3020986081396188,0.0936700357326783,0.3395340213441331,0.216,0.1116412153178035,0.3135902636916836,0.1585527771630892,0.3661439499691108,0.2042030134813639,0.7401433116976437,0.4445764825857498,0.698811089783711,0.4095335725269092,0.6764839505050773,0.1172055493330935,0.2172284644194757,0.4840885243595943,0.4815264781440484,0.2595854922279793,0.8191836245303284,0.3603953550905127,0.4439461883408072,0.2716662045866691,0.0058603405784774,0.0040793281156478,0.4737658498081859,0.1755343337880855,0.3051058530510585,0.340689875248486,0.324498798263105,0.0
139.6137482,-29.95994739,0.4597154548382758,0.2111484468307256,0.5554917696059403,0.4842421264053179,0.5985143650866074,0.6547744019651978,0.4420766416483641,0.9021826179183406,0.9316964000797722,0.890838169436925,0.3296179046117221,0.3154144316980542,0.3438079150971942,0.4261451363870306,0.4320586631204096,0.3142719072164948,0.6710461080813088,0.4421289095321739,0.1631460511033681,0.6314826194651689,0.4121108485335537,0.3819436323237047,0.5774647887323945,0.050001020716562,0.2936055164202798,0.6519526967682676,0.5592677345537758,0.8740218717686988,0.5073439265366957,0.042885657995195,0.0923724242575139,0.5197916666666667,0.3049480361304289,0.605030425963489,0.3069263111307812,0.2844352577385879,0.2946074544012688,0.2809361428316556,0.5540257422467791,0.7255926268191474,0.6688877498718607,0.3033962920269881,0.0011547344469819,0.1576154806491885,0.4639070998696864,0.3322361043108969,0.3170984455958548,0.4229909275915952,0.4303421784869936,0.3452914798206278,0.3675494256909702,0.0008858654503556,0.0,1.0,0.5623578899499772,0.3938356164383561,0.4245896255775431,0.4501119095327481,0.0
139.4736512,-30.08657886,0.3783350472408366,0.4186596099164941,0.5844592108348856,0.8313438499857346,0.1695932317427248,0.5931357897782035,0.6333109761521256,0.5922497019931883,1.0,0.8198133882170107,0.4790855974687485,0.1002310011354293,0.3532991331483344,0.2660833762223366,0.8031228209763892,0.1428801546391752,0.3461204759543876,0.3471933060649403,0.1527293844367014,0.4065288566310163,0.3689326330423312,0.4339258566249561,0.0496664195700519,0.0491832778006867,0.1579149717233852,0.8205446377130772,0.1359267734553776,0.5926322908565175,0.2951753647924229,0.0640396084029004,0.1213504443933325,0.2581666666666667,0.0712371513352791,0.2697768762677485,0.2498340340783359,0.2379117183256097,0.1552339413164154,0.5227208951147185,0.4520198558280682,0.3672145518507508,0.3656458226550486,0.4509670651142514,0.0005773672234909,0.2110252808988764,0.2497327445434823,0.5351261918205157,0.266321243523316,0.6485192767070045,0.1158182152005918,0.4244519182859989,0.3795447149833463,0.0120613987309668,7.156716149172535e-05,0.7008026037819632,0.2806389267849022,0.3451639684516396,0.4383013919723874,0.5108495462719014,0.0
139.3143597,-30.1792515,0.3050380889167957,0.3024022172849548,0.5456001236778416,0.5253804775681293,0.7514244381203862,0.4892804801848511,0.3468381138661923,0.7908354745294149,0.7628889983486333,0.9837622714936882,0.4197283246664844,0.1481931012881249,0.585305831679689,0.274704065877509,0.4272429329771017,0.3234536082474227,0.1219633118492811,0.5072274755594866,0.2148664343786295,0.2605281731046774,0.7351132431823808,0.4214711729622267,0.2867865085248333,0.0263002068338672,0.2996329000892946,0.7341331643135816,0.2364988558352402,0.5312214767419537,0.2953195990288228,0.1683688412964147,0.147999948103586,0.163,0.1950611847521915,0.3246247464503043,0.1905842000442576,0.4768931952084516,0.5344964314036477,0.2170712997895704,0.3149636427897488,0.6526826460707932,0.3347001537672989,0.553146958206334,0.3689376392259921,0.2056803995006242,0.4418085375280741,0.5137389635513774,0.2487046632124351,0.6972432164637277,0.4531193588863558,0.6367713004484306,0.3512242731363805,0.0034071748323366,0.0115223134669325,0.5404486899956238,0.3256025466120963,0.4014632627646325,0.4461086759153405,0.5962459445273867,0.0
139.6526064,-29.87783552,0.6862989562808424,0.6180085408327554,0.4082360815418416,0.4954340626043003,0.7123728665765166,0.2445556262933822,0.5315225725699377,0.8778400671522553,1.0,0.971890626270928,0.216685178076718,0.3309972201558279,0.4232865783070247,0.4417781780751416,0.4907459359069478,0.4029209621993126,0.504214179474467,0.2610241959393652,0.3916957026713125,0.297134138053151,0.6530689174182405,0.4892994971348381,0.4979151223128243,0.028002974276359,0.221648973112412,0.7179807037871224,0.4183066361556064,0.7681215573307048,0.663261136085002,0.0828015988122061,0.1504047798642946,0.353,0.168700749648203,0.3431237322515214,0.361072693073689,0.0924615775577419,0.1669310071371925,0.4735354516098373,0.3939754007301753,0.1725796065522078,0.4372116863147105,0.0807783014742786,0.0069284063614136,0.2943196004993758,0.3574615836131394,0.2470058951382558,0.4113989637305699,0.2071896924909,0.3254626633220522,0.3532635774788242,0.3767279996365453,0.0028620266533986,0.0,0.398314297126564,0.2783083219645293,0.4254877542548775,0.4429344567850917,0.4952590680987104,0.0
139.5919653,-30.0453479,0.7497729088589816,0.2672464481896872,0.4770934394027356,0.0661429560416237,0.5658786860780323,0.5848150016355073,0.4301932839586895,0.9362958556249584,0.8186076887767407,1.0,0.310273242337461,0.3230492149876668,0.4506751123640085,0.2882141019042717,0.4391789738483234,0.388745704467354,0.4298463063956372,0.2709971299223767,0.3524970963995354,0.4238989273973809,0.6496989643482678,0.6946555958367444,0.3561897702001483,0.0202071788328345,0.1466415318980058,0.8354377181882517,0.474370709382151,0.6670693011631598,0.1327676146061203,0.061634852627944,0.2434639875207495,0.6720000000000002,0.1714611581022656,0.4531440162271805,0.2785876300066387,0.1973810946982654,0.3199841395717682,0.4742410762431397,0.7102670212972615,0.3892262016132631,0.2711430035879035,0.4408737911042517,0.0051963049312993,0.3907615480649189,0.170463603592393,0.3068759568299344,0.3880829015544041,0.3695668079479609,0.3418762721817314,0.3213751868460388,0.5528501343362058,0.0,0.0,0.2287148617591017,0.3522623919963619,0.4214404317144041,0.4531642862741736,0.4249385153183587,0.0
139.2811043,-30.1592214,0.3993474978608791,0.4695719669486387,0.3740735131765584,0.4967904057200485,0.6788842126309947,0.4603745007173278,0.4190962637826144,0.3806400838584099,0.4384890433274715,0.6074519182736492,0.7204839162617618,0.1692442217088863,0.0889837128504081,0.281008749356665,0.8871530097688041,0.1572164948453608,0.2503718393653942,0.7047970764961722,0.1010452961672473,0.4909128438618353,0.2622286909280369,0.5744357385101159,0.1734618235730171,0.2544485409532153,0.0874094652247247,0.4419654014363172,0.2695652173913043,0.7302839217547754,0.0554580638957667,0.304682867724967,0.047265304512909,0.1429583333333333,0.2552914012968863,0.146815415821501,0.1685107324629343,0.753401642166778,0.3616673275178427,0.4980484043544825,0.2014257735741678,0.5346139270982821,0.3441184008200922,0.6780642551765084,0.513856842206823,0.1427512484394507,0.4226374668791587,0.7683667234093796,0.456282383419689,0.1323871213369732,0.6011099734564612,0.2657573492775286,0.3068357939415661,0.0,0.0091605966709408,0.5658640959077028,0.1355161437016826,0.1863843918638438,0.838143819423355,0.395893154307085,0.0
139.5550596,-29.96884152,0.2285901850455418,0.3452354402583643,0.6200144892574994,0.6245672181147831,0.4810817123501943,0.6606256052832175,0.4826543459796967,0.4383514939908308,0.6078819712590324,0.828105377126402,0.1319287883083855,0.1824517442543361,0.3977163157946751,0.2230657059529936,0.4720240232212684,0.497852233676976,0.6684845480085938,0.3187186564846633,0.3219125048393341,0.3939132685953141,0.510772284553499,0.4916384048649281,0.3185693106004448,0.4453285777455832,0.2676852862387143,0.683514335548304,0.2124713958810068,0.7410506901412865,0.301713983509219,0.046769523352399,0.0405034579759378,0.3038888888888889,0.1762867963762277,0.371791751183232,0.2411208231909715,0.4352981540106038,0.4054982817869412,0.2826331915528087,0.1875174816243572,0.2654290970531779,0.4404578848453785,0.2993795319734563,0.7511547471058715,0.3185601331668747,0.5173959232958596,0.2205117546968621,0.5816925734024178,0.3888572412784941,0.4117385065941151,0.3363228699551569,0.3832550036696654,0.0,0.0093752979667238,0.3485163409805529,0.1797786872820979,0.3978137539781375,0.3998235099796053,0.2854564842050429,0.0
139.6394208,-29.84343423,0.4554768159208981,0.4678097766681803,0.2804519233709626,0.7872391640337296,0.5240815617202847,0.1562719703957839,0.5933436817337892,0.5807986025460965,1.0,0.8976461155480201,0.1859925305285691,0.5027211150698876,0.4176987149551895,0.6968605249614002,0.1520078352403798,0.3131443298969072,0.2672285572632622,0.2774043030441824,0.2993612078977932,0.6326082762834688,0.2844048543454519,0.2993801894515261,0.4799851742031136,0.0263357741483528,0.2139101101299732,0.5678495230628906,0.6352402745995422,0.6880527462756305,0.6612418567754033,0.1231821977787989,0.1040639733232174,0.2626666666666667,0.0807131407379208,0.1204868154158215,0.1721619827395442,0.0174291656917409,0.3695479777954003,0.311400087335684,0.2783407893127444,0.011877230156416,0.3685289595079447,0.2509823042421939,0.0,0.2471910112359551,0.5408286167362835,0.1577796816299634,0.3041450777202072,0.6469161400865463,0.293363636914087,0.3532635774788241,1.0,0.1588424877362637,0.6940583442031866,1.0,0.1718963165075034,0.2092154420921543,0.4175185369097113,0.4441654482143638,0.0
139.2788334,-30.13922915,0.3993474978608791,0.4695719669486387,0.3740735131765584,0.4967904057200485,0.6788842126309947,0.4603745007173278,0.4190962637826144,0.2194313075975196,0.1881173015740788,0.2547301651287003,0.2250302620294773,0.3592654946948044,0.373632991157084,0.7972207925887802,0.1892453736859156,0.575171821305842,0.3520079325731284,0.3711616905538583,0.4965156794425086,0.5561513403515477,0.2485586781238521,0.3017190971816162,0.6412157153446999,0.4149465313467314,0.4978668518702254,0.6622132054134928,0.8288329519450803,0.7288409766798304,0.4838337460035097,0.2491686202199713,0.0360280873998173,0.5456666666666665,0.3226910903463112,0.5479107505070994,0.5545474662535962,0.7868352330597077,0.5856463124504359,0.2801204477209809,0.347462968154474,0.5751350796896562,0.6104561763198362,0.2964641816119659,0.0225173224372244,0.4837702871410737,0.3797321291299305,0.8999031070774739,0.7134715025906735,0.1875899598833905,0.5437631034983152,0.6238166417538614,0.5710797517607061,0.0,0.0,0.9484386873035104,0.3178717598908595,0.6176836861768366,0.8690288921348013,0.393807391879666,0.0
139.4175975,-30.18489785,0.3132199989749921,0.8484760517979129,0.336835936954781,0.5358934651026929,0.7127329990739999,0.622046007768744,0.1788644831765513,0.9085536178194874,1.0,0.944971003685131,0.5241444535237776,0.4726909674640773,0.4195577023754782,0.3908903757076687,0.3789152444684058,0.4745131729667812,0.2930507354156337,0.3248473842872516,0.2690911730545877,0.4716934762649573,0.498381089716801,0.4048649280785873,0.4593217197924389,0.0347475837821048,0.2106111717432285,0.7270230788628975,0.5395118230358504,0.1887038402301699,0.1573355128729056,0.0801743221684463,0.4623633198926486,0.2585555555555556,0.505982013386408,0.3801217038539555,0.3967691967249392,0.2860312619574274,0.3156225218080887,0.3898941174628406,0.3510972789306706,0.4008042097185194,0.4811207927558516,0.445367245951541,0.1310623607740079,0.124635871826883,0.7382791523135704,0.6200097501499426,0.2604490500863557,0.2961357518476567,0.238200816036031,0.4057465537286165,0.2641387410833254,0.0267122495719718,0.0130967904834675,0.5374583522532752,0.3921858420494164,0.3889926663899267,0.3180181549288555,0.4215437612198454,0.0
139.5915871,-29.97422122,0.1883815504691206,0.4222200091944408,0.4450738014864835,0.7840171089681666,0.4653274061345313,0.3728652931881807,0.5004689707883051,0.7824936318013519,0.8325837600067792,0.7987504371573362,0.3497540055947399,0.286806833457317,0.3686989582331143,0.5429747812660835,0.4438100093489962,0.4261168384879725,0.3847297967278136,0.4913423941541306,0.3112659698025551,0.5514616072980539,0.1527555399893688,0.2343585545550228,0.2750185322461083,0.0565689633161283,0.3142176803254292,0.5399397481916377,0.37116704805492,0.8337746751566297,0.4440250967571337,0.0266124673816189,0.0620557725676697,0.1703333333333334,0.1565965479008894,0.2334279918864097,0.5512281478203146,0.2839516343249182,0.2811260904044408,0.4952587654751164,0.3134609927731298,0.4527585794241981,0.3357252690927729,0.5474115292926554,0.106812938188582,0.1242197253433208,0.5721945362342926,0.4957106717971626,0.3212435233160622,0.6446245341785813,0.3818786826834822,0.5012456402590931,0.3387685099161817,0.0,7.156716149172535e-05,0.1548162804295136,0.2064574806730331,0.3391448733914488,0.4185936897993351,0.4417646303369976,0.0
139.3030538,-30.15701192,0.2411154446711656,0.9557012382887412,0.1536322300324623,0.7988344018084051,0.7040683315801948,0.1732175595058569,0.7104781792491242,0.7709758365206772,0.4739729108015819,0.5764031900694959,0.6829667072261575,0.1758740848048236,0.2744362470319421,0.5849845599588266,0.2727770408016193,0.1331078178694158,0.1535076846802181,0.6945894677532377,0.1687354819976771,0.5760896956744074,0.0,0.4019997661092269,0.3094885100074129,0.0842055364150102,0.1649469193372358,0.1645376184826331,0.4291189931350114,0.7111994023573011,0.3119786533330128,0.1099956139275726,0.0658143400625931,0.2913333333333334,0.0427880714117826,0.2126572008113591,0.3444346094268644,0.3982774390463998,0.1094369547977795,0.6773313707798555,0.328033273611609,0.5207188357455667,0.5181957970271656,0.3300377848564801,0.121824486480065,0.2524968789013732,0.2901770312213271,0.572387689597629,0.5170984455958548,0.3777494924998129,0.3127949162304854,0.4857997010463378,0.1405187787323624,0.0,0.0069420144958675,0.2111917076944303,0.2937698954070031,0.1479348277293482,0.4504826067659609,0.443788631749265,0.0
139.4323084,-30.20039033,0.3993474978608791,0.4695719669486387,0.3740735131765584,0.4967904057200485,0.6788842126309947,0.4603745007173278,0.4190962637826144,0.9011589956296212,1.0,1.0,0.3515288402792619,0.1722720332015191,0.4051701050697582,0.2911305541259221,0.48217204559605,0.3452176403207331,0.3409353825813914,0.1047944547224968,0.2413859852884242,0.3171795037109722,0.4300771103802744,0.4392468717109109,0.2453669384729429,0.0107569162824853,0.3089592221450541,0.5907877345177244,0.3742181540808542,0.4344977715677303,0.4386403519315368,0.9357558115028648,0.2567032135692499,0.3698888888888889,0.7359269771373393,0.279053414469236,0.3060411595485727,0.4526170840839522,0.4179222839016649,0.4558305874008906,0.1069331769638739,0.2641076477566181,0.5023065094823167,0.4263838293129159,0.1108545017826177,0.2919267582188931,0.6278659692892685,0.6799725943201551,0.5132987910189981,0.49914012702352,0.3270755180702821,0.7063610695897691,0.4464668314760447,0.0290291271386495,0.0208976114336564,0.3430232461694,0.1837198726693951,0.3872976338729762,0.2945337160516722,0.2452319394102025,0.0
139.59911,-30.03677843,0.4813091872155728,0.4908353524834279,0.2801016688509569,0.6366961128320501,0.5939891697414644,0.521642540529762,0.5825896947118869,0.960630500734434,0.8455928538370063,1.0,0.418488016259249,0.3085235503699933,0.5199165077937589,0.6047349459598559,0.3168002842239293,0.459192439862543,0.3331680713931582,0.3284962051471958,0.1991869918699187,0.4392283939428054,0.5064379827184046,0.5519822243012512,0.505189028910304,0.0306825721452319,0.3314812977477924,0.7437170051634208,0.554691075514874,0.6979769881018328,0.1454602274093127,0.0732168394861501,0.2658000213792173,0.4626666666666668,0.1033406650926836,0.3745638945233266,0.2953086966142952,0.1331430869947783,0.1891356066613796,0.6728752644927213,0.6235672218584929,0.5048636286360394,0.5781650435674012,0.2255147743671914,0.054849887593676,0.3183520599250937,0.3630230120463398,0.2977666485646203,0.4336787564766839,0.2849927085951589,0.2426213121294832,0.4683607374190335,0.3564880854696786,0.000136286987998,0.0,0.4722540432326479,0.320600272851296,0.2183478621834786,0.5053046203918429,0.4402949725095909,0.0
139.5228157,-30.0949541,0.3993474978608791,0.4695719669486387,0.3740735131765584,0.4967904057200485,0.6788842126309947,0.4603745007173278,0.4190962637826144,0.8589728700096428,1.0,1.0,0.7190982251882375,0.38286154287877,0.8657268991428566,0.4559958826556871,0.6195992789073907,0.5240549828178694,0.4705007436787308,0.6413185945761873,0.2993612078977932,0.3172991666289427,0.6038973804201874,0.3793708338206059,0.4440326167531506,0.0444676651146324,0.2305784303998413,0.7602913260621769,0.3670480549199084,0.7314069329779374,0.0479578836029712,0.0207673363397417,0.3620126561411384,0.29,0.1376754516932368,0.2730223123732251,0.2860146050011065,0.5090742953674359,0.339016653449643,0.5918813444613845,0.0145722709071487,0.0767545875807415,0.300871348026653,0.3327649015806675,0.5225173224372244,0.2303370786516854,0.428501903045508,0.2859387694799431,0.3,0.6305771238863257,0.2231234638193951,0.2566018933731939,0.2792695998408986,0.0497447488604636,0.030559177371028,0.0899810913894855,0.1127785356980446,0.2810294728102946,0.3939108093281571,0.4256202450270665,0.0
139.6269258,-29.93028157,0.4454222025196689,0.4474415677757609,0.4709118130829769,0.6054203007871173,0.4256741747085338,0.556242287072801,0.4846854589339608,0.996936448916108,1.0,1.0,0.1874485097087627,0.1360427025827754,0.4485280572849344,0.2058672156459084,0.7309753273607222,0.2391000859106529,0.1539414972731779,0.2728182697719843,0.3557273519163763,0.7701485842612956,0.791781634859385,0.393404280201146,0.2442550037064493,0.0286994417233524,0.3800724278202203,0.7555772008239525,0.151487414187643,0.8110254140584582,0.3104641938508137,0.0770572445480057,0.1386297357643834,0.5603333333333333,0.2248945177248836,0.2249898580121704,0.257468466474884,0.2793264102485153,0.1774385408406025,0.788417225514469,0.5567514951915875,0.5223609716809906,0.4109431060994362,0.506776357823253,0.0317551967311673,0.2219491260923845,0.634100318472826,0.4484419258351468,0.3107512953367875,0.554898081391438,0.4614576283311645,0.5827105132037868,0.3018094894521861,0.0178535950684155,0.0,0.3639961682786971,0.1099363346975898,0.45195101701951,0.4350306578917134,0.4696209669697631,0.0
139.5879591,-29.96711334,0.1686320892406363,0.5713475041480258,0.3160678267522943,0.7919204873627227,0.4102477337889482,0.3657479494739485,0.4280994671931504,0.7159784130606068,0.8017001861273323,0.6574216881632737,0.2144780276620751,0.2588256789736763,0.3555844132888189,0.4260164693772517,0.5118702412589715,0.2332474226804123,0.4947942488844818,0.4250553756774701,0.1846689895470383,0.5688869979667512,0.2459120219840404,0.3779674891825517,0.4661323202372128,0.0436051050603738,0.3189800575453915,0.4086092118520779,0.2545194508009153,0.8127979890337976,0.4281593307531431,0.0372630265666784,0.0481983873392928,0.232,0.026823792847674,0.5991886409736309,0.2297936490373977,0.2068271755649598,0.2494052339413163,0.3080455731841871,0.2901873172064153,0.2459923905187306,0.3500768836494106,0.6856742333929273,0.1778291057966581,0.2737203495630461,0.493375277703789,0.2244824299938519,0.3310880829015544,0.4896333638495569,0.2797597688159883,0.2869955156950673,0.366897967889065,0.0,7.156716149172535e-05,0.0817699423295965,0.1409731696225557,0.1934412619344126,0.4079296458946955,0.437857339400581,0.0
139.5672353,-30.0575125,0.5045544872572733,0.4168610574048714,0.5757608424514267,0.2130695883269433,0.8216632453056184,0.3965125753905825,0.4054201692492772,0.9741611350450248,0.9468456884605158,1.0,0.3302007532908014,0.3479895070670686,0.4920882536338272,0.6860524961399899,0.1384682790687368,0.4402920962199312,0.4918195339613287,0.2274448075360882,0.2450638792102206,0.0977075108797719,0.5895178758693288,0.5954859080809262,0.4010378057820609,0.0164707337555361,0.117174322849489,0.9217257340088612,0.6311212814645308,0.6758839407006828,0.3404649150219958,0.0452898138943218,0.2904572727990561,0.1916666666666667,0.1679736142391002,0.3619472616632861,0.0968134543040496,0.2288499302578648,0.1371927042030133,0.4552656067033396,0.5073385579811529,0.4140428266012724,0.5663762173244491,0.3394422272793553,0.0213625868685686,0.2927590511860176,0.4977001851335477,0.2950274065298125,0.4284974093264248,0.2706285066587902,0.3039988209371568,0.2486297957149975,0.2915718229245994,0.0,0.0,0.2897054408517764,0.2060027285129604,0.2968036529680364,0.3559032286142439,0.4785449940376862,0.0
139.5499537,-29.96964994,0.3993474978608791,0.4695719669486387,0.3740735131765584,0.4967904057200485,0.6788842126309947,0.4603745007173278,0.4190962637826144,0.3575047447094776,0.5514403326223657,0.8043856124623091,0.1288085751622654,0.1691398144160369,0.403179014729764,0.1533710756562017,0.8977958483968431,0.3780068728522338,0.5096678235002479,0.2850067033889483,0.1573751451800232,0.3679104166289558,0.532793961850033,0.5664834522278097,0.1586360266864344,0.5458684785923518,0.2823692826669313,0.6533348767096621,0.0892448512585812,0.7285096235141592,0.2925791485372245,0.0549646065525846,0.0340553732254593,0.2936666666666667,0.1913270965393771,0.2115618661257606,0.2601239212215093,0.4930710087941869,0.1292129262490086,0.5961208531366539,0.1899287093350255,0.2979938683460965,0.4575858534085084,0.331470808015578,0.579676688859689,0.2325998751560549,0.6147669428527133,0.2222979109050895,0.10220207253886,1.0,0.4723928758110072,0.3206900847035376,0.3569117185166363,0.0,0.0067988805105437,0.8133378403581693,0.2414733969986357,0.348277293482773,0.4047085992029763,0.2639272536854732,0.0
139.5173879,-30.13116885,0.3993474978608791,0.4695719669486387,0.3740735131765584,0.4967904057200485,0.6788842126309947,0.4603745007173278,0.4190962637826144,0.9861421622687276,0.7870095366904974,0.9030835239819368,0.2661036158938382,0.4897746107565612,0.3674567175481437,0.4312918167781781,0.6319678009666279,0.4785223367697594,0.5786440257808626,0.15537257838279,0.2990708478513356,0.203696647631989,0.3503992202545077,0.342649982458192,0.1856931060044478,0.1287412410583114,0.2402148030558587,0.7576434710483522,0.3890160183066362,0.6004169057786619,0.1822399576912906,0.4786086741211291,0.0948117940449798,0.3240833333333334,0.2250364537304502,0.2285598377281948,0.3557202921000222,0.4554163245745102,0.3557692307692305,0.4563955208417559,0.4606863319985758,0.5065273241352193,0.5051255766273706,0.5815668106239799,0.0017321015903534,0.2997815230961298,0.4270221307884239,0.5888156620903611,0.4825777202072538,0.5876321363636872,0.4135967524981244,0.7139387144992526,0.3244998587322111,6.814349399903175e-05,7.156716149172535e-05,1.0,0.2543769895407003,0.3531548360315482,0.3233637440121052,0.2986873259708731,0.0
139.5531456,-29.95602468,0.3366234309555081,0.4325295726099494,0.5912457453973471,0.6058573501850043,0.5653145837135661,0.5553288390424403,0.3425592645232465,0.537877286747967,0.6773640330581662,1.0,0.112410995379301,0.1947848557221722,0.415227923248181,0.3521616057642822,0.4647038534231791,0.2467067583046964,0.340604858701041,0.3466276230870841,0.2437088656600851,0.4823159070228923,0.4847298812537357,0.3322808248547927,0.3190017296763035,0.0275822900493618,0.2813771207461057,0.7096827384507032,0.3865369946605643,0.7184589612311362,0.2387797783600567,0.0440172458113348,0.0610877147757198,0.3738888888888889,0.0974284964707672,0.3068830290736985,0.2684222173047135,0.3166497419992341,0.2355273592386992,0.6893532000443077,0.2708274995043273,0.3285971467294521,0.3659661711942593,0.6436536143748975,0.9243649260108612,0.3454015813566376,0.5909596125451377,0.2258166753539036,0.2075993091537132,0.4466012560741689,0.4121833641728393,0.4306593589104799,0.3527559996225663,0.0,0.0077292536397296,0.2721884414742369,0.232529937850538,0.3095336930953368,0.3960564036346218,0.4409428626143213,0.0
139.6640756,-29.8720692,0.6160908811684342,0.5825315275678896,0.4014597780072421,0.4949383395721404,0.7343191121179176,0.1464316278643745,0.6123696735415988,0.839207945830957,0.9844300664509852,1.0,0.213399777662512,0.2412852537749761,0.4190670862925502,0.4338651569737519,0.4682194181253782,0.4557560137457045,0.2845810609816559,0.2606347207880323,0.2232868757259001,0.509922943202363,0.6943535193803442,0.191790433867384,0.3261675315048185,0.0279653342444775,0.2478420478222046,0.8154048938809766,0.2846681922196796,0.8178275067803695,0.6704728479049977,0.0886833010242533,0.1419810365677118,0.3076666666666667,0.1256928901975283,0.1996754563894523,0.3555543261783581,0.1012862962453297,0.1804123711340205,0.5103870925078219,0.3377481010203806,0.1632385219067011,0.2547411583803178,0.4317160727467677,0.0132794455794557,0.1950686641697877,0.3940170851209491,0.1831366332322223,0.305699481865285,0.6363816835022504,0.324038646701454,0.386148480318884,0.3268662396074689,0.0016354437803281,0.0780082069595101,0.4033182454039859,0.1882673942701228,0.2826899128268991,0.3830687513078328,0.512328903510779,0.0
139.5761226,-30.0567538,0.5132863095603095,0.4086867564545007,0.5712705399630621,0.2334364433984864,0.8093638089999444,0.3755595120684979,0.3992188420527184,0.9932765826337264,0.9843568869795764,1.0,0.242671985846135,0.4228495360400924,0.4180433601957893,0.604734945959856,0.235692182638058,0.4161297250859106,0.4975210708973723,0.1994758024226898,0.4731054006968641,0.1743339501671034,0.6198922329440565,0.733949245702257,0.3836174944403264,0.0098165669723463,0.1331729338227999,0.9351424910920754,0.5409610983981694,0.669127764775348,0.3102117839371139,0.0329053868366537,0.3266538994139751,0.292875,0.1485156566068119,0.3415010141987831,0.2309139190086303,0.2039904659982748,0.1555808881839808,0.4700893530002778,0.6384190895107236,0.4520057992377221,0.6078293182983086,0.2196601106438641,0.0063510392180421,0.1910892634207241,0.6032931116639242,0.3018355121349724,0.3837435233160621,0.2384738113604965,0.3387243046848517,0.7479446935724963,0.5611165979597346,0.0,0.0,0.1796608818333876,0.0995907230559345,0.32881901203819,0.389637235088217,0.4923445132713132,0.0
139.2769751,-30.16869498,0.3993474978608791,0.4695719669486387,0.3740735131765584,0.4967904057200485,0.6788842126309947,0.4603745007173278,0.4190962637826144,0.3727048722678359,0.5239006270235449,0.7435832286107482,0.6548741000149652,0.4131396578050976,0.1698468316445184,0.3036541430777149,0.4268581199082381,0.4248281786941581,0.5299950421417949,0.5085521030821943,0.5804297328687573,0.4067913290102647,0.1384601939842762,0.3283826453046428,0.2609340252038548,0.2740743021303242,0.7029467209048517,0.6614905933592976,0.5359267734553776,0.6999556470130336,0.7324935695569605,0.4299899000866774,0.0136653953087935,0.8883333333333333,0.3831690493614995,0.7687221095334685,0.8380172604558532,0.7416232052186347,0.4694686756542425,0.4478883094475839,0.0048763130261594,0.1565979863177499,0.1747821629933368,0.3811253753960901,0.4690835434713265,0.6317103620474408,0.2225958254178141,0.7330231608389535,0.6290155440414507,0.3731150921115827,0.7124076887242385,1.0,0.2978793370074476,0.0,0.0096547968554402,0.2283545487347152,0.8285584356525691,0.9833955998339556,0.7926639727910896,0.1687609781445807,0.0
139.4404003,-30.18515639,0.3788553749019753,0.572635680231355,0.5468529963045328,0.7521085601381376,0.4485734528064912,0.1592191699332886,0.3790387684064667,0.9917349555375649,1.0,1.0,0.4160574553214053,0.255902274773893,0.3841859057543336,0.3293875450334534,0.6774794347184329,0.214293384879725,0.2237853247397124,0.1598754242310407,0.1943960511033681,0.1950719510770056,0.4815077876904408,0.4801777569874867,0.3031875463306154,0.0134189154045884,0.1870845321956543,0.7563183221194265,0.3217391304347826,0.3463253806285419,0.3698886992475781,0.4282827007096168,0.4762456205635598,0.2511666666666667,0.2221329524644884,0.2389452332657201,0.1681788006196062,0.2851395636808254,0.3304421094369546,0.5311010260071903,0.3720645817732041,0.4532485608753752,0.4634161968221424,0.2788503904623881,0.1685912315027152,0.172791822721598,0.507164689047779,0.5465832129807344,0.463082901554404,0.4090923575378145,0.3918381389351921,0.7117588440458396,0.4967196367203949,0.0061329145166492,0.0226152217999207,0.4845632006466446,0.2480104592996816,0.248547114985471,0.3282855150037755,0.3459931522374091,0.0
139.6051178,-30.05544962,0.3993474978608791,0.4695719669486387,0.3740735131765584,0.4967904057200485,0.6788842126309947,0.4603745007173278,0.4190962637826144,0.984884247739309,1.0,1.0,0.2135294086297878,0.3783720292862456,0.4989984257920852,0.6455652770629613,0.2122223624845297,0.2395475372279495,0.254007602049248,0.1384984012675792,0.3923732094463801,0.2529005056536986,0.6931154480424372,0.6229290921139827,0.4922164566345441,0.0093548519714204,0.2369282666931243,0.7734487658564067,0.6488176964149506,0.6748774858494894,0.0484386643909709,0.0282813620890645,0.3608806271307253,0.553666666666667,0.0877541354393295,0.4998782961460446,0.306483735339677,0.3121953355906885,0.3100713719270419,0.3596312037462589,0.4532778773139851,0.4584583297321579,0.5211002904493423,0.2060187399844849,0.0248267910107101,0.3476903870162297,0.3315581331427973,0.2863948281706915,0.3005181347150259,0.6882946375277883,0.3298295586916104,0.2738747716326191,0.2298798081986107,0.0,0.0,0.5174408924359803,0.3186296801576473,0.3734606337346063,0.5541599607450859,0.3760557764045347,0.0
139.296311,-30.16473586,0.50035021658253,0.4379910692308609,0.2899507516862325,0.3805656711222958,0.7225333804116107,0.4139250821451397,0.2339513128059956,0.6565226353758928,0.5649498719765846,0.7214127298067674,1.0,0.1312399671117027,0.2459025977064749,0.1276376737004632,1.0,0.0195983676975945,0.3487233515121467,0.9612356373671176,0.0859102787456446,0.5697288614086277,0.1361684986196273,0.1580516898608349,0.4451445515196442,0.1105064452636387,0.1292662962595495,0.5039610246114656,0.6443935926773456,0.7295914694335929,0.4855645568403088,0.111371502356223,0.0649268081070361,0.2540833333333334,0.0590310266871554,0.295050709939148,0.2700818765213544,0.5247780171465863,0.3540344964314034,0.5414643849951304,0.2205759011659421,0.5040275544521449,0.2499359302921578,0.704226736080232,0.5392609913875146,0.1539481897627965,0.516665659013077,0.7012586424294851,0.3764896373056994,0.6524561449934138,0.3291761153501356,0.4200921773791728,0.2903161685541224,0.0,0.0329208941670196,0.5725203670032135,0.3263983628922237,0.3862079701120796,0.467620764934797,0.4264832459378672,0.0
139.4140659,-30.16708613,0.3520091422544639,0.6565305035440346,0.2383202247561308,0.4102073163131916,0.5178416336360807,0.6347688211355604,0.443058182419587,0.7969123489298224,0.9480535431358652,1.0,0.3786491830018494,0.1857405739790925,0.3349285751345563,0.1837364899639732,0.6251530842176971,0.2701890034364261,0.3420922161626177,0.3090396924588333,0.292102206736353,0.4005693408480492,0.5368081637421565,0.3227692667524267,0.1949592290585619,0.032729832099323,0.2892151999206271,0.8181570395436317,0.4132723112128146,0.3556006664932246,0.4907569893507057,0.0561814145239982,0.1528227992326898,0.3110000000000001,0.1401494266364294,0.3879107505070994,0.2584642620048685,0.378296749002418,0.4032513877874701,0.1057507878419162,0.4027816703075586,0.4068702351702018,0.3654536135315224,0.5324582726740225,0.0254041568721687,0.1538701622971286,0.2789734618801015,0.70893072324333,0.6072538860103626,0.2607762785702086,0.2680514768690173,0.561534628799203,0.3110921483416518,0.0014310133266993,0.0012882088869887,0.4262133196153223,0.3578899499772624,0.3843918638439186,0.2535026833365624,0.4094390621532263,0.0
139.6027467,-29.96807996,0.1744234746179864,0.4771930351850268,0.426045771516936,0.7034437273761941,0.4119560174307441,0.4653908748557123,0.5197087639193789,0.7395835697314577,0.8456068010987533,0.7820531677711585,0.3723653797053419,0.2865980188716182,0.347012438447951,0.3973237261966033,0.6416650161681385,0.2933848797250859,0.3549826474962816,0.4917116299347661,0.295876887340302,0.5556994006276723,0.1879844712685139,0.1655946672903754,0.2546330615270571,0.0593560801747342,0.3133247345966862,0.6389733966769053,0.5157894736842106,0.8511262832820443,0.5677780715882592,0.0323271773882814,0.072476763159687,0.2226666666666667,0.2421898259182572,0.3119675456389453,0.3162204027439701,0.2859200285722835,0.2085646312450435,0.5472635613096914,0.3661238585475048,0.5462652092274932,0.3582778062532035,0.5904050498563362,0.0306004624444244,0.1772784019975031,0.522138984401728,0.4440774774834196,0.4943005181347149,0.5194761115639454,0.3935809169395031,0.5769805680119581,0.3130530357865277,0.0,0.0,0.2754483472257505,0.3174170077307868,0.3993358239933582,0.4287832131368621,0.4563203653994879,0.0
139.587585,-30.01212405,0.3993474978608791,0.4695719669486387,0.3740735131765584,0.4967904057200485,0.6788842126309947,0.4603745007173278,0.4190962637826144,0.8603319682607087,1.0,1.0,0.2186489758444436,0.182295133315062,0.3452472542285287,0.274318064848173,0.6846384853963348,0.3375751718213058,0.1066559246405552,0.3309172841183479,0.3049143437862949,0.3152441499649337,0.6473389037608719,0.1515027482165828,0.2227575982209045,0.1060343983728282,0.3066276416311142,0.8539445166231778,0.2118993135011441,0.8371938622811009,0.3490829106468905,0.042218341007235,0.1819484451033481,0.247375,0.1725406443259442,0.204868154158215,0.2797078999778714,0.1810392013048535,0.3300951625693892,0.4229563694977919,0.4854626973072311,0.2998082433514388,0.321694003075346,0.3974946349720134,0.0,0.2066557428214731,0.5442327989953949,0.2661022563549622,0.2708549222797927,0.4766950381865863,0.4209827616731479,0.4209641255605381,0.333855224309987,0.0047019011899499,0.0,1.0,0.1135175079581628,0.2336550435865503,0.4661466766085708,0.4765746326020932,0.0
139.2914614,-30.15905134,0.3993474978608791,0.4695719669486387,0.3740735131765584,0.4967904057200485,0.6788842126309947,0.4603745007173278,0.4190962637826144,0.5647904022420325,0.4787000064617156,0.6241379176975319,0.6867284908795013,0.0501155005677146,0.1500921155244143,0.2177045805455482,0.8080473738324082,0.0985287800687285,0.3361427863163113,0.7857498870282608,0.1113167828106852,0.6144870490230648,0.0762425422818262,0.4224652087475149,0.4273535952557452,0.092090617815573,0.1378608988987003,0.0,0.3665903890160183,0.7374848181044162,0.4508041058679295,0.0966693393063615,0.0628405742510003,0.336625,0.0270955545425122,0.4236105476673428,0.2392122150918345,0.5379546892049889,0.3436260904044407,0.3480953123023152,0.3325761819445156,0.6033783931381701,0.3050999487442337,0.758258653899113,0.4081986306135067,0.1591370162297128,0.6624534606439654,0.5928948272697256,0.269041450777202,0.7519410472745309,0.4440277051338562,0.4353512705530642,0.7423943796927319,0.0,0.0138840289917351,0.3316931744052821,0.218963165075034,0.2601701951017018,0.4900952349380856,0.4507874389418757,0.0
139.5429034,-29.96702637,0.3993474978608791,0.4695719669486387,0.3740735131765584,0.4967904057200485,0.6788842126309947,0.4603745007173278,0.4190962637826144,0.2831328230887193,0.4995189732338133,0.8193298358060255,0.1279290822444126,0.2230139775263302,0.4233032563744393,0.2391276376737005,0.6862661231032694,0.3221649484536083,0.4070401586514626,0.2593775224384245,0.4038908246225319,0.4529376386997536,0.5341395570528228,0.193661560051456,0.3986749444032617,0.601972414644952,0.2948705228693324,0.6153171769893113,0.2473112128146453,0.7140940232412283,0.2570975263828458,0.0710211522464297,0.0305820721553897,0.3080000000000001,0.1993997042738225,0.6319675456389453,0.3410323080327507,0.5468439223168857,0.2680412371134019,0.477520203080923,0.1771037269065284,0.2908084551480343,0.4249103024090209,0.3961382817184838,0.5381062442816431,0.4332084893882645,0.4113544959777718,0.1025897633081233,0.2652849740932642,0.3679795571033362,0.5433807910319276,0.6870951669157948,0.2995087616463416,0.0,0.0031489549864619,0.0715130428989832,0.3924511141427922,0.5180572851805727,0.5832009824261539,0.3229393708858478,0.0
139.5415417,-30.05949591,0.3195168575691435,0.871487200154283,0.0,0.9912480668779498,0.7804034065155823,0.0884242934015416,0.3605444810645993,0.8114471490833008,0.8582327552798303,1.0,0.5176956119620308,0.5223496861255758,0.4244929212373208,0.5908389089037572,0.2626478152103785,0.6567869415807561,0.7659890927119485,0.3937292472450815,0.2749709639953542,0.6981405190945875,0.4616366722755387,0.4036954742135423,0.6779095626389922,0.0448615932261987,0.3192777061216391,0.8023286316728635,0.5789473684210527,0.6875997598983785,0.1910382461116854,0.0516853262865337,0.1039305778909489,0.1883333333333333,0.0682264285823584,0.2168762677484787,0.263443239654791,0.2561807571150365,0.3275178429817603,0.4671258155937672,0.3934512251110432,0.4562690367623803,0.3577652485904664,0.5147241112027746,0.0767898416056161,0.2009987515605493,0.7261793894064135,0.306090824628842,0.3056994818652849,0.3531123491815919,0.1531277633858261,0.4668659691081217,0.4989385304038738,0.000817721890164,0.0060116413666816,0.2560822359649641,0.144156434743065,0.2818596928185968,0.4231092376273921,0.4464688737754805,0.0
139.6137414,-29.82058736,0.3993474978608791,0.4695719669486387,0.3740735131765584,0.4967904057200485,0.6788842126309947,0.4603745007173278,0.4190962637826144,0.9561725410630936,1.0,0.6529260286835157,0.1077472156454441,0.3479895070670686,0.4179544154230302,0.611425630468348,0.2910832076890755,0.4499570446735395,0.7092216162617748,0.1989004776040187,0.3176175958188152,0.5928786723997965,0.1054446276511514,0.2010291194012396,0.3717568569310601,0.8276348166643998,0.3274630419684493,0.4497860726321419,0.3803203661327232,0.5790828494747658,0.4861414937859084,0.5038229950829276,0.0701008984559223,0.2572916666666667,0.2309488908966938,0.2191480730223123,0.234233237441912,0.5825936937314575,0.3075436161776366,0.6268197972478479,0.1795689611919758,0.1654924935677468,0.4625192209123526,0.5263483566407384,0.0,0.2470739700374532,0.6691632236038076,0.4079937290060092,0.3316062176165802,0.7433599133117912,0.6858791137199033,0.4841803687095166,0.8265567438125008,0.9007279150881412,0.6932160644782905,0.6744786278236752,0.2842201000454751,0.3299086757990866,0.4398361893522236,0.5300657573269928,0.0
139.5601543,-30.08379711,0.3325941744177227,0.6994187119583912,0.2415321044558649,0.3240753083269301,0.3760597842969437,0.6655668194066326,0.7162300475898985,0.939069381528754,1.0,1.0,0.3537524157261181,0.5542983177374939,0.4569220699139136,0.461142563046835,0.3863519612779442,0.2972508591065292,0.3797719385225582,0.2566554863611303,0.2970383275261323,0.3039549926386112,0.5402846921347921,0.5533855689393054,0.5455893254262417,0.0275215835110239,0.2514138307371764,0.7931979383899705,0.4549199084668192,0.6498979530211285,0.2045962643332773,0.0750307978671736,0.4737369165314651,0.1363333333333333,0.1429805448775761,0.1607302231237322,0.2428634653684443,0.360460529691361,0.3378271213322758,0.4506879937186051,0.1351342026637338,0.2102929346365313,0.4120963608405945,0.3602017364623959,0.1766743792013924,0.0786516853932584,0.5302469303124201,0.2120063655104034,0.5062176165803108,0.2956096240905741,0.2204767995972182,0.3926258096661684,0.4451123033628791,0.0054514793686253,0.0039361938125267,0.6109968612559424,0.2210095497953615,0.3051058530510583,0.3480308055341118,0.3301030902695942,0.0
139.5474752,-30.0942522,0.3897328968540016,0.5335699212027024,0.3703300466445227,0.2873224336020793,0.5198891144678073,0.6190161080358305,0.6238691889098866,0.916228116081466,1.0,1.0,0.242746840441263,0.2756352531224306,0.4966811315737995,0.5158689312060387,0.1591424989188625,0.3712772050400915,0.3564700049578581,0.2248508762689168,0.2967479674796748,0.3312922718680821,0.7410254470044979,0.5942384906248782,0.3956016802569804,0.0067099613683212,0.2795912292886199,0.7624770137772645,0.5218916857360794,0.6977180335292221,0.1319022091877208,0.0510988886200875,0.4217663023942573,0.4132222222222223,0.0989436442222293,0.2504665314401623,0.3106882053551671,0.434647328366247,0.2417393602960612,0.5036555873965317,0.1412845961370859,0.1910843130904542,0.4246967367162138,0.2920914408955924,0.1784064793495939,0.1432064086558468,0.6889445479964819,0.276668001342677,0.3823834196891191,0.3314648838939604,0.229827643794268,0.2563112439794053,0.6149943042555794,0.0069506363311648,0.0043655967218901,0.4642386175050359,0.2710322874033651,0.3170056731700566,0.391683545923838,0.2816062783224223,0.0
139.2786626,-30.17194908,0.50035021658253,0.4379910692308609,0.2899507516862325,0.3805656711222958,0.7225333804116107,0.4139250821451397,0.2339513128059956,0.4378093027917479,0.5704518127784961,0.8069851235485211,0.612344713247017,0.2750088093653342,0.2549268344116538,0.3381369016984046,0.471625765253943,0.4119952749140892,0.5790778383738224,0.5384744729370811,0.5058797909407665,0.436533639883763,0.165165058274713,0.2722488597824816,0.3469236471460342,0.2547930076633533,0.6389522770116083,0.6472518192611112,0.4411899313501145,0.6996934675746973,0.7261833217144644,0.4622266036827432,0.0155725736270318,0.8531666666666667,0.3927151391621751,0.8377281947261663,0.6073246293427752,0.6632532987841531,0.5241871530531322,0.1843939145852533,0.001991897146693,0.1693526527286144,0.0,0.3468333352712726,0.4613164231866327,0.7490636704119853,0.1343508353859344,0.6491924065514016,0.5580310880829017,0.3088532206676645,0.6983730903699923,0.9885401096163428,0.2966136628906055,0.0,0.0095899998981014,0.1662665600595914,0.5703160527512504,0.8954441677044415,0.8030080308013859,0.1780000757687574,0.0
139.5795266,-29.95223099,0.2158646415997865,0.4634524750341282,0.4232440915845861,0.687424968990874,0.5207931027119448,0.3548423129020309,0.4210205339464557,0.9452833612629568,0.9617869343703076,0.8830789960048742,0.1273052623145694,0.1492893778630437,0.403006141434626,0.2125579001544004,0.1659143628258055,0.1099656357388316,0.2047595438770452,0.3490995447166304,0.198896631823461,0.3696036087738648,0.6155558884806277,0.7367559349783651,0.1940326167531505,0.0283462971217101,0.2927869828355989,0.6938681420442396,0.3814645308924485,0.7579917750049939,0.3543114017163875,0.0547432948823042,0.0563688451527043,0.1943333333333334,0.0556448169930057,0.4645030425963489,0.2602898871431733,0.2463588351206994,0.2819191118160189,0.3477808895418566,0.3915641531568462,0.4549396569654961,0.3418759610456177,0.1178818865199413,0.3250577414574147,0.5246566791510613,0.3968610431559089,0.2867111181662211,0.4564766839378238,0.5464268632935689,0.3135926507087423,0.5087194818136522,0.3546652739599628,0.0,0.0029342536906788,0.398701380004444,0.394724874943156,0.4811124948111248,0.4052082900845956,0.4467989930104753,0.0
139.5921388,-30.05504379,0.5661151051024657,0.3359204480668994,0.4999117907549458,0.2985055339172899,0.6820463631420829,0.3293940590274397,0.4416920108659681,0.848503911697837,0.846379976958264,1.0,0.1963294701867686,0.6565130574370619,0.4141938115375158,0.7450677646251501,0.2667457033782751,0.2943513745704467,0.3381672450834573,0.1812229057835472,0.4303377855207123,0.3465251233912994,0.6488415175416407,0.5290219467508672,0.7010130961205833,0.0116223639502945,0.3375334854648279,0.8920694196140835,0.6979405034324941,0.666012363934978,0.1361330801221183,0.0191997663280535,0.3466445649114532,0.1778611111111112,0.1181804246151634,0.5020689655172415,0.4166851073246295,0.2335430494270993,0.1864591593973035,0.4437213184557457,0.6714076322115314,0.4236023561658927,0.4683495643259866,0.4867100739732349,0.0051963049312993,0.0998751560549313,0.4651360281303087,0.332280370630813,0.2040587219343695,0.541087388210366,0.3634152780460327,0.4702291978076731,0.29833541448474,0.0,0.0,0.4438529691191639,0.2740639684705168,0.308980213089802,0.4198450855461988,0.4568227228247796,0.0
139.6069417,-29.83619741,0.4753870973336569,0.5835919779703483,0.2549120001916376,0.7382902014414143,0.5412762663887943,0.4199629535910607,0.4005931680265713,0.6352998871931228,1.0,0.8939944208858668,0.1155950555653181,0.3389060725891704,0.4192712504080216,0.4376393892605936,0.3364533735146301,0.4763745704467355,0.4671955048752271,0.2734115615451256,0.2766163375919473,0.6548575736802644,0.2192212034597949,0.5203290063540327,0.3308623671855696,0.1528242390874098,0.2097430300625062,0.6767801662111077,0.4489702517162471,0.6641982250167435,0.1288252121445227,0.1639330287712575,0.1263644761121804,0.2012222222222222,0.1012882324428391,0.211683569979716,0.4779818543925649,0.1377021063126108,0.1512027491408933,0.3434284270957025,0.2599944042911928,0.091100577739323,0.4384076541944302,0.3741918013499122,0.0,0.3291718684977113,0.3116097490668853,0.3562169921402802,0.4369602763385147,0.5130660702916222,0.451621294101292,0.1529646238166417,0.3843288776897582,0.559458070129531,0.8998854587438732,1.0,0.4026072457177504,0.4586965545869653,0.4138200191504059,0.4588659324652582,0.0
139.6668429,-29.8695611,0.5862544517960077,0.5794120224485019,0.4188818011323018,0.5066190486463618,0.745597771613483,0.1205547866299347,0.6205423377701398,0.8723126412623449,1.0,1.0,0.2077800671424945,0.3317019693825613,0.4151922701748004,0.3921770458054555,0.4310032875842497,0.5395189003436426,0.6509667823500248,0.2381598446988275,0.23664343786295,0.4814110893975484,0.6741445910906321,0.3311893345807506,0.4010378057820609,0.4048937315694719,0.2907034428018653,0.7755843752689477,0.2251716247139588,0.8169471112868413,0.6592225774658045,0.1148481275999561,0.1286849886132008,0.3346666666666668,0.252884211262149,0.2746450304259635,0.2448550564284134,0.3171185749881168,0.3517049960348927,0.4033505045679423,0.3118535076326842,0.2110971918430767,0.5848282931829831,0.0683765590495145,0.0230946882986829,0.3863920099875155,0.2984945205080329,0.2980210949073638,0.3569948186528496,0.643080863306055,0.5084490396270442,0.3771798704534131,0.3576507762489835,0.0022487352925119,0.0692054462052707,0.3827332262518642,0.3883583447021373,0.4790369447903694,0.3280577478369559,0.5479244283988465,0.0
139.4072863,-30.13000875,0.3993474978608791,0.4695719669486387,0.3740735131765584,0.4967904057200485,0.6788842126309947,0.4603745007173278,0.4190962637826144,0.5232445658187689,0.9398210147523544,1.0,0.3944954351877111,0.3981050076347833,0.3848566935609748,0.3906330416881112,0.3462781439527578,0.2865120274914089,0.3648983639067923,0.2825167298547925,0.2479674796747967,0.3829329995803011,0.4930260997503207,0.3681440767161734,0.3813936249073388,0.0499364783609685,0.1877170354201806,0.7852133147777407,0.3556064073226544,0.4152279332234562,0.1656530205053006,0.2141446951349022,0.0588200818010025,0.3880000000000001,0.0438668862746431,0.2503042596348884,0.1071033414472228,0.4654637183778223,0.5519429024583663,0.1763034158825225,0.2316536249097788,0.2879136325775455,0.5371604305484369,0.1696168611069662,0.0190531182950829,0.0967540574282147,0.4930854147551566,0.4033769082328248,0.2694300518134714,0.5880225129105494,0.1397313548010775,0.3567513702042851,0.3977352976071776,0.0024531657461408,0.0003578357975274,0.3670119489661297,0.2851296043656207,0.2665006226650062,0.4811155299422427,0.4391128511099514,0.0
139.6353028,-29.8362402,0.3993474978608791,0.4695719669486387,0.3740735131765584,0.4967904057200485,0.6788842126309947,0.4603745007173278,0.4190962637826144,0.7288966073270053,1.0,0.7781374354810418,0.1573173307198072,0.3489291727027132,0.4100687313047595,0.5584148224395267,0.23709856393939,0.3509450171821306,0.39067922657412,0.2779964904655123,0.187862950058072,0.6477718183050857,0.2339837266636991,0.3531750672435972,0.4392142327650112,0.0244789762817819,0.2293878360948507,0.327323576864839,0.3528604118993135,0.6356324151443441,0.4665256376355199,0.1255494495058187,0.0891967132727943,0.4986666666666667,0.0890533425658184,0.4904665314401623,0.5655012170834258,0.0078205075367133,0.141157811260904,0.7801203764034219,0.3144744254536661,0.0006637401379241,0.2106611993849308,0.5429251516874485,0.0,0.1816479400749064,0.5760710355913008,0.1555041649949217,0.5139896373056992,0.2807968930746423,0.235734089290884,0.4549078226208271,1.0,0.6002760202454095,0.8875759550738587,1.0,0.3592542064574807,0.423827314238273,0.4161915468029965,0.4432794899138749,0.0
139.6274692,-29.8943185,0.5991012817702903,0.5580609616691398,0.2916536480714741,0.554813220259114,0.6263307263961188,0.3956396082021294,0.2420480463942604,0.8019974542807978,1.0,0.9646085535918392,0.2002702243721003,0.4970831212560198,0.4304084225638136,0.4005832904443301,0.4597225015469148,0.359249713631157,0.3723351512146753,0.2622069354918427,0.2020905923344947,0.4752914920397217,0.7131523651432434,0.6026585584532024,0.1934766493699036,0.02671284100492,0.2623276118662566,0.7582497661446623,0.4794813119755911,0.6835390354336519,0.4272939253347436,0.0756629158418812,0.4510430695102267,0.1152222222222222,0.2371137803877853,0.1335767410412441,0.1732684222173048,0.0907216366811737,0.2661908538197196,0.4384867320686695,0.4176334982344676,0.1458532031148345,0.124038954382368,0.6936694229461352,0.0,0.1943404078235539,0.5796121735535149,0.2484453665045596,0.3101899827288428,0.661734348726869,0.3541431619624136,0.2808503570835409,0.3378354304564728,0.0064736320906612,0.0013597760385492,1.0,0.1509777171441563,0.087588210875882,0.4432884058080276,0.4462073019239606,0.0
139.4073003,-30.13203299,0.3993474978608791,0.4695719669486387,0.3740735131765584,0.4967904057200485,0.6788842126309947,0.4603745007173278,0.4190962637826144,0.5584443738754394,0.9655346708990488,1.0,0.3859890879335051,0.3818174699502761,0.3658131177913144,0.3329902213072569,0.2623053819457721,0.2521477663230241,0.2682201289043133,0.2774788892665217,0.2171893147502903,0.3997540179090847,0.4791772278583637,0.3049935680037422,0.4703484062268347,0.039187344444266,0.2106359757912492,0.7718316031107553,0.2796338672768879,0.3931802055539424,0.159883651049304,0.1793908936636121,0.0598409496062632,0.4223333333333334,0.0336526323662606,0.1996754563894523,0.1197167514936933,0.4650139016493799,0.4829500396510704,0.2417290082594517,0.2576530732839625,0.2912187991797867,0.6335212711430036,0.2819020553803985,0.0306004624444244,0.081772784019975,0.4925753178648768,0.4101498931709545,0.3326424870466321,0.3499604136969376,0.1243438028830645,0.3029397110114599,0.4204073458949155,0.0026575963510668,0.0003578357975274,0.3736476454762351,0.1641655297862665,0.2345371523453714,0.401744833841701,0.3827117761836737,0.0
139.4689635,-30.08279403,0.5807483021366234,0.6426847206609061,0.4583535634792488,0.7878370667922783,0.0896950229881581,0.4332401558049723,0.4498818090787774,0.6807176055534108,1.0,0.7320580265294354,0.3988940487860561,0.0621223392453962,0.3156398956975986,0.3870303654143078,0.3472317083248131,0.3826782646048109,0.265865146256817,0.300984550346462,0.086164343786295,0.2786219067901523,0.5621501064708084,0.1776985147935913,0.2653817642698295,0.0397167474289496,0.2100034725667229,0.5471993169056457,0.1702517162471395,0.5927790401232216,0.3119786533330128,0.0624639377057952,0.127607894727578,0.215,0.0463557757566248,0.1668965517241379,0.2720734675813234,0.2669135345076046,0.4400773195876286,0.2899196648946238,0.5109729084826711,0.3813780455258206,0.4634161968221424,0.156919108092946,0.0005773672234909,0.117626404494382,0.3316860379905342,0.5737730690169385,0.3415803108808289,0.3542575218750715,0.1361036180064918,0.3913178873941205,0.1799467777818803,0.0183987429447592,0.000429402949088,0.4060583983390468,0.3335607094133697,0.3549709422997093,0.3688928017711605,0.4443276325981901,0.0
139.2900362,-30.17309567,0.50035021658253,0.4379910692308609,0.2899507516862325,0.3805656711222958,0.7225333804116107,0.4139250821451397,0.2339513128059956,0.5811715270929342,0.6501417218575284,0.8711058687988418,0.8361310423309684,0.154731608002819,0.3233753216576885,0.2655687081832218,0.8412698675757995,0.1967353951890034,0.2930094199305899,0.8902770408279448,0.2897793263646922,0.5221482246226803,0.4716945679176937,0.2030171909718161,0.1671608598962194,0.1617903501160583,0.0597281476336938,0.7811635491592295,0.1249427917620137,0.7324988968242037,0.4111396908579534,0.375609559602801,0.060235912498217,0.3670000000000001,0.282734193983129,0.1156186612576065,0.1432839123699933,0.5444032205046561,0.3830293417922281,0.4781608493858408,0.0691221689103991,0.2099420931012244,0.3470015376729882,0.6268644165832227,0.5923787839606406,0.1888264669163546,0.6783905119509607,0.5663203478775165,0.2098445595854922,0.7674014650130188,0.5213446171313114,0.4140508221225711,0.7356843817335988,0.0,0.0348532083714452,0.6401898963254213,0.199181446111869,0.2025736820257367,0.7620861607562033,0.2687176939886084,0.0
139.6369808,-29.92362235,0.3993474978608791,0.4695719669486387,0.3740735131765584,0.4967904057200485,0.6788842126309947,0.4603745007173278,0.4190962637826144,0.9967352271939592,0.988310137201314,1.0,0.2434746563257204,0.2894170157785521,0.4749155053611795,0.5367987647967062,0.2079370214286692,0.4915521191294386,0.3822508676251859,0.2526612369971003,0.3482384823848238,0.1456426760132166,0.7145141649034529,0.3644018243480293,0.4156165060538671,0.0289806045480423,0.2988391705526343,0.6936165291094931,0.4327993897787948,0.8137999140569709,0.3309454554196014,0.0789999447842639,0.1468762805131065,0.3134444444444444,0.2280112431866625,0.2620960108181203,0.3263996459393672,0.2713820270349949,0.3301612476870207,0.1938278958157956,0.5723022107022322,0.6117166256528416,0.7295404066290792,0.1693980797397669,0.0796766786043861,0.1787349146899709,0.6125820669764469,0.431036286448784,0.3886010362694299,0.4199134665194107,0.3731629994104549,0.6199966782926424,0.4776424183110392,0.0097445193487232,0.0003578357975274,0.3523616382553892,0.3589510383507656,0.3419122734191226,0.4226611284745337,0.4732154309161882,0.0
139.5248266,-30.04615845,0.3993474978608791,0.4695719669486387,0.3740735131765584,0.4967904057200485,0.6788842126309947,0.4603745007173278,0.4190962637826144,0.7044511846173163,0.9681759163481298,1.0,0.4002386522081303,0.3062265899273063,0.4376774722815947,0.4292331446217191,0.5380945768096256,0.3281786941580756,0.3857213683688647,0.3670583439733825,0.2668408826945412,0.3125488092841283,0.4120791002484411,0.2558765056718513,0.3891771682727947,0.3444285917040662,0.1531898005754539,0.8309893931712364,0.4013729977116704,0.6920630098148037,0.2628668958388422,0.1752695105418618,0.0702136385990433,0.1923333333333333,0.3263320143348342,0.2074645030425963,0.2289223279486613,0.5576804204978806,0.1895321173671688,0.5548411564320793,0.521456540041277,0.7014451556040143,0.408508457201435,0.5213658370293887,0.0005773672234909,0.1757178526841448,0.5238542113871933,0.6784117815592425,0.3450777202072538,0.384019891154718,0.1715616012428982,0.349277528649726,0.2937745319622726,0.0,0.0,0.3411940186875414,0.2373806275579808,0.2025736820257367,0.4054882724933988,0.735702854412481,0.0
139.5871598,-30.04309473,0.5419788485613326,0.4161148027309541,0.424208749105909,0.3629178467843693,0.5372171627162887,0.4417197685176844,0.4056951418096501,0.9640090665867294,0.8666940531703725,1.0,0.379056678524112,0.3489291727027133,0.446710235363467,0.4621718991250644,0.3463949489668216,0.240979381443299,0.0,0.301898358995328,0.3089430894308942,0.3448864017482383,0.638188449926871,0.6020348497251783,0.4058561897702002,0.0257273541882524,0.2189701359261832,0.8158560683815934,0.7491990846681924,0.6844403639524824,0.1904613091660857,0.0659817512742144,0.201051012610903,0.727,0.1501328512026197,0.4778093306288034,0.3839344987829168,0.1739834643755187,0.2287866772402854,0.4349691317548467,0.7067375059195695,0.4202294716387262,0.4905176832393645,0.3950730028014789,0.0051963049312993,0.3876404494382022,0.2972502108593023,0.318210990620062,0.4963730569948186,0.3034518211017254,0.3634140096486497,0.5660189337319382,0.3270784586261751,0.0,0.0,0.5321826607119168,0.4524783992723965,0.3212951432129514,0.4121885484418389,0.4188659300482492,0.0
139.4093609,-30.1757009,0.405354722766013,0.5665052027038331,0.2566825020810269,0.4957164022482455,0.6336437312161113,0.5265302735693845,0.2577569337894475,0.984224281733729,0.9462434899656688,1.0,0.4363946107327536,0.2101718805058532,0.431690235977407,0.5537828100874936,0.4924475865470735,0.5796284364261168,0.4263758056519583,0.3136866349809372,0.2525769454123112,0.3866805431188925,0.5305426447453981,0.2693836978131212,0.3454410674573759,0.0346902228332567,0.2243278102986407,0.8378164845369853,0.3528604118993136,0.2000594290554709,0.1994038318228803,0.0807442042066786,0.2683681093676111,0.1884583333333333,0.1369367895353192,0.2042190669371197,0.1539057313564948,0.4853217183266662,0.3001586042823155,0.3910086128345075,0.3559896509181058,0.451297562819535,0.6196822142491031,0.290065391695197,0.2632794481432815,0.1944444444444445,0.4179583332821451,0.6708708677670847,0.4207253886010362,0.4370687457320158,0.2462630122297426,0.656203288490284,0.2794611591726096,0.0017035874161683,0.010949776254448,0.2751807163759528,0.3252046384720326,0.2765151515151514,0.26957542331579,0.3716381239383511,0.0
139.5997486,-29.85254928,0.3404623968489458,0.938268884467679,0.2094666677028114,0.7830371401744003,0.5507140952843226,0.4499165949625627,0.5853734277815845,0.3613665919030814,0.9985393969771248,0.984614651563116,0.1220941544664182,0.2643592654946948,0.419324472847266,0.314462171899125,0.2218782274404228,0.2888029782359679,0.3353164766154354,0.2741051369577561,0.2578397212543554,0.6488847765992687,0.3549758780723744,0.3856079211008458,0.3365455893254263,0.0215317785564078,0.2448655620597282,0.5826780560824374,0.4431731502669719,0.6487989450599004,0.3034447943460179,0.0485867692419067,0.171264953591463,0.4341111111111111,0.0546098471558788,0.4310750507099392,0.3841557866784688,0.0610666941220774,0.1884747554850646,0.4347283832695837,0.4750838611471299,0.4066847944290847,0.329745429694174,0.6980812166440294,0.0075057741457414,0.3123179359134415,0.5777536827662605,0.1840543943995149,0.3751295336787564,0.5373561686383781,0.4345338381974072,0.430991529646238,0.3843288776897582,0.0005451479519922,0.2136279850672501,1.0,0.5187206305896619,0.3051058530510585,0.4166874583752504,0.4805981492227722,0.0
139.5260743,-30.09681228,0.4119852527470901,0.4768441929766751,0.4965697300705562,0.3855166063174541,0.5411505228455402,0.527561641542462,0.6597173858984696,0.8229758151567591,1.0,1.0,0.6106628128703602,0.290669903292745,0.8753788461219847,0.384457025218734,0.4713658403314899,0.4944158075601373,0.4868616757560733,0.6234908309093652,0.3011033681765389,0.2952187154414071,0.644775551392585,0.2100339141620862,0.289844329132691,0.0282077776761522,0.1936700069451335,0.7542278113658394,0.3258581235697941,0.7387910817861414,0.1688261737060987,0.018459314084901,0.3858351161057388,0.2910000000000001,0.09458715288793,0.3447464503042596,0.1472670944899314,0.5044951328996553,0.2735923869944488,0.6683117411042756,0.034875594792344,0.1100033526546281,0.4428498206048182,0.5517449798875891,0.4578522228902298,0.3105493133583021,0.4858580094413753,0.2334666910052095,0.4544041450777202,0.4685498831714627,0.2180339318442248,0.4459392127553563,0.5868795599022696,0.0466101476637045,0.0249053731922369,0.4857122868014407,0.3974533879035924,0.2507264425072643,0.3387587285496932,0.37255876715781,0.0
139.6188381,-29.8606597,0.3829989461993573,0.6774942249482525,0.3584471322939557,0.6389697721545711,0.6018133541393654,0.261298746169289,0.583127045699654,0.4457638981771922,1.0,0.9761056900694058,0.166899820225766,0.4679534865510356,0.4366700597849846,0.1744724652599074,0.8542437132178949,0.2207903780068729,0.1849281110560238,0.2602450120238161,0.2894889663182347,0.7086703516859942,0.446941915844861,0.3288504268506607,0.5229799851742033,0.024430215820054,0.2505208850084334,0.6243861414827612,0.2864988558352403,0.6373320669720021,0.2273852736844636,0.0616326373384626,0.1744692642073099,0.2456666666666667,0.1410086238827594,0.7176470588235293,0.3341447222836912,0.0538317582841726,0.4559873116574144,0.210346636308057,0.5059407430883602,0.2405783756625766,0.3680164018452077,0.2134298336947376,0.0,0.4266541822721598,0.2027004783055463,0.190980543524451,0.2725388601036269,0.4960223631626759,0.3220150936281606,0.3477827603388142,1.0,0.0015673002957852,0.115223132126947,1.0,0.5698044565711686,0.4910751349107513,0.3774107725708632,0.470253518377397,0.0
139.6604136,-29.89363095,0.4130277427478376,0.6144054291299821,0.4093724049102322,0.6553489056878813,0.623878233023209,0.1339996945371687,0.6079217717196279,0.89874959202134,1.0,1.0,0.2512607089705775,0.3567597196664187,0.3954334495401817,0.328358208955224,0.3055676642358449,0.172680412371134,0.2925136341100645,0.2930839325375476,0.2305458768873403,0.5174841810222854,0.6693240469986539,0.2497953455736171,0.3639733135656043,0.0329342441769523,0.2662962595495586,0.3384270076325722,0.3322654462242563,0.8145793733984359,0.6003750090146398,0.0801247922633248,0.1937250780716553,0.3910000000000002,0.1732153516194702,0.5729006085192697,0.392232794866121,0.1422839920967013,0.2680412371134019,0.511696368752645,0.308324031980314,0.1564065620853701,0.2470527934392619,0.6583299858735588,0.0254041568721687,0.2777777777777778,0.3690464119125045,0.296664376400258,0.1880829015544041,0.7411337712158725,0.3716920083488431,0.4628799202790234,0.3225610176468612,0.0057921969426373,0.0,0.2642399939844201,0.422919508867667,0.4246575342465752,0.3538390035577381,0.3915342441124703,0.0
139.5838384,-29.98694497,0.216111096433673,0.3364000525893321,0.4095013038672402,0.823498417252251,0.574336408417191,0.1486056381632691,0.4505203900614101,0.7684928588610794,0.8456479808278751,0.8346066490596273,0.3398725113783999,0.4002975607846208,0.4434157340149972,0.4662892434379826,0.6919237283594266,0.3414948453608248,0.3262270699058006,0.420927393556586,0.2770034843205575,0.6072709342773138,0.4062943780986473,0.3531750672435972,0.3925129725722758,0.048318705232442,0.330290703442802,0.8197432909167919,0.4421052631578946,0.8415269949434105,0.3318108608380009,0.0131921421495145,0.0827309920831206,0.5519999999999999,0.2140654883867722,0.5401217038539555,0.1977207346758132,0.3486559864696255,0.141157811260904,0.5400706452862702,0.3172700552392515,0.5121670020904229,0.671450538185546,0.1802932821461196,0.0381062365901659,0.4647315855181024,0.1676246287037288,0.5258507998587421,0.6502590673575129,0.1589640186871694,0.4674070681252817,0.3712007972097658,0.2079763924685483,0.0,0.0,0.3475841583282251,0.2069122328331059,0.2665006226650062,0.4142894958475621,0.4552163114773411,0.0
139.5332251,-30.08377944,0.5243552502497717,0.3497670649387374,0.3603493448452291,0.4727914960600847,0.589878558904551,0.4846525904858425,0.3571475609756093,0.8943482254259788,1.0,1.0,0.811245564131019,0.2900434595356486,0.716631203055708,0.4189397838394236,0.536718314009375,0.3994845360824743,0.4248884481903817,0.553699151959218,0.2650987224157955,0.3148556428989724,0.6566706257403374,0.5211086422640626,0.2894736842105264,0.0590202655546391,0.1347355888481,0.7859081159922476,0.368878718535469,0.671804206689324,0.4379672588283373,0.0305391600943194,0.348858096917288,0.2836666666666667,0.1586228594505972,0.4093306288032455,0.1681788006196062,0.5557686524482713,0.3608247422680411,0.4613409209270631,0.0477704838556094,0.2057870807875793,0.2598667350076883,0.6594367366423453,0.3464203167887676,0.3458177278401997,0.426484341122082,0.2529267704173555,0.3792746113989638,0.6213889380449248,0.2113510084599782,0.5769805680119582,0.2114698141461094,0.0192846083951148,0.0142418649084365,0.5495273304564247,0.0782173715325148,0.4005811540058114,0.4218459587167975,0.3867007407649307,0.0
139.5541563,-30.10628846,0.3113461772574281,0.6743462640155073,0.291650159305276,0.3260040182511566,0.4008097254625181,0.6075740047790033,0.6674830671511714,0.6637292851316409,1.0,1.0,0.1135630147614407,0.2189420931052034,0.4344278123284165,0.3149768399382399,0.487717421073588,0.3371993127147767,0.4397620228061477,0.0570655905919249,0.4776422764227641,0.4889630850909152,0.5801014750038963,0.3400771839550929,0.3839881393624908,0.1906078302999528,0.3642226411350332,0.723299432921946,0.4082379862700229,0.6803898539460458,0.193345993894084,0.41198425390658,0.2416941668753422,0.348,0.4858931211859314,0.4326977687626775,0.329829608320425,0.7468911319441939,0.4547977795400473,0.3980101715427131,0.1988747524566238,0.5377045427995331,0.5812403895438236,0.0261866354854936,0.1420323352161522,0.4101123595505618,0.2595909469725079,0.6184210584471477,0.3917098445595854,0.4947679060509594,0.5040108734459109,0.458395615346288,0.3934517769903932,0.0019761613543401,0.0032205222969211,0.3052989216061462,0.4247385175079582,0.3906185139061852,0.31793531574786,0.2700340866309035,0.0
139.5768162,-29.9852393,0.216111096433673,0.3364000525893321,0.4095013038672402,0.823498417252251,0.574336408417191,0.1486056381632691,0.4505203900614101,0.7154151514200834,0.799882021568792,0.7596470925590345,0.3111286763527128,0.4340211163749787,0.4212761853946917,0.5743695316520845,0.530094248777841,0.4815292096219932,0.5706494794248884,0.4232479765129004,0.3118466898954704,0.6550686598362913,0.2146406421933404,0.1113320079522862,0.3031875463306153,0.1023407041668826,0.3240400833416014,0.7383053540000444,0.4471395881006865,0.8285483047417167,0.3303685184740018,0.0172958431045833,0.0606197831026815,0.2900000000000001,0.11697430941257,0.2522515212981745,0.3444346094268645,0.3994935406399964,0.2386994448850117,0.5750173551961676,0.2363013683665119,0.3437607382298553,0.487442337262942,0.065169744008989,0.0588914563153631,0.1207865168539325,0.5518472338409586,0.5990399580374326,0.316062176165803,0.7068265827050751,0.4813888749056885,0.390134529147982,0.3767279996365453,0.0,0.0,0.2656425224188898,0.2169167803547066,0.3233706932337069,0.4561367483516663,0.4434807828467589,0.0
139.3044974,-30.15297126,0.2411154446711656,0.9557012382887412,0.1536322300324623,0.7988344018084051,0.7040683315801948,0.1732175595058569,0.7104781792491242,0.7600693569846819,0.4266915575909031,0.5263167090190787,0.5113271979021115,0.1139344583219137,0.3134534463624814,0.4404271744724653,0.0829118924365148,0.3346219931271477,0.2964799206742687,0.6542173387832316,0.2619047619047619,0.554505497984653,0.0622847529594151,0.6113904806455386,0.3545681986656783,0.0747390060432731,0.2261137017561266,0.2521157378159396,0.1908466819221967,0.7193116200192342,0.2692132022404385,0.107529878648981,0.0643053222339555,0.2166666666666666,0.0343943827839413,0.2681541582150102,0.2385068599247622,0.369083629064551,0.3509119746233146,0.4878205164287446,0.3284875723899639,0.4974824223072152,0.6929779600205024,0.3809500882487142,0.0762124731803318,0.284956304619226,0.5029076015490905,0.5916325231792152,0.6321243523316061,0.0791498267470686,0.2857429523542788,0.5849526656701545,0.1979891482309607,0.0,0.0039361938125267,0.3307985156586214,0.2246475670759436,0.149439601494396,0.4599203012409933,0.4337549300941903,0.0
139.3947736,-30.15594378,0.2761789675989777,0.7992362198050024,0.247977621079887,0.8098989728679575,0.4113289049816553,1.0,0.0,0.9529926169533716,0.9485368602109002,1.0,0.2752380684139195,0.3344165589966459,0.3660114333993822,0.276376737004632,0.2699077847131528,0.2139175257731958,0.518096182449182,0.1977453893218959,0.4329268292682926,0.3520858779023749,0.6677516927343153,0.5370132148286751,0.5300222386953302,0.0168454354781452,0.0743129278698283,0.8268598592997005,0.4787185354691075,0.2652542584244647,0.5758551888266545,0.0886266670778099,0.0484421396120884,0.416,0.0668119849536059,0.3791480730223124,0.3046027882274841,0.7101440163616843,0.6328310864393338,0.1507032072932339,0.3748602115587894,0.4819637628372005,0.4259354177344953,0.5531449743519246,0.0046189377879278,0.3068039950062422,0.4864319640157798,0.6366190037623312,0.5818652849740931,0.3910023086688073,0.0438926481487118,0.1056302939711011,0.2083783768679682,0.0016354437803281,0.000429402949088,0.3779466548212564,0.305593451568895,0.4885844748858446,0.1485394711112379,0.3609176817567523,0.0
139.4190396,-30.18703883,0.3271327053156611,0.8778347318851867,0.3529718564514282,0.5015874534632165,0.7748648545640157,0.5730098552356044,0.1690706486138306,0.9470504990278956,1.0,0.9481941472946316,0.526178779362664,0.4316197486394424,0.4551004852369548,0.4559958826556871,0.3424038213885253,0.4762671821305841,0.3886341100644521,0.3246276607518522,0.2972923925667827,0.4599114640946531,0.4599552740198985,0.3356917319611741,0.5689399555226095,0.0333924910314469,0.2383917055263419,0.7444052294901635,0.6265446224256292,0.1677435001007931,0.1619029303589029,0.0781309656020205,0.4749493820044239,0.2672083333333334,0.5252575054769745,0.3012576064908723,0.4071697278158885,0.2815128106618678,0.3047680412371132,0.4483945341076826,0.3263209533473371,0.4034326719517673,0.4073552024602768,0.5263913237522149,0.1530023096582966,0.1706070536828964,0.5851302325913728,0.601287204745431,0.2989637305699481,0.3491728355479281,0.2343155617693055,0.3969855505729945,0.3548455686310487,0.0355709040755281,0.0124526865961184,0.6104632537543325,0.2392564802182809,0.3640514736405146,0.3251216913520693,0.4431090202804246,0.0
139.5570315,-29.95465859,0.3348437815011554,0.4108128922787132,0.594464258744329,0.5917933334906149,0.5561903944445746,0.5770834490319815,0.3603642391297466,0.6138112847448823,0.7303759267122227,1.0,0.1126391765398564,0.34423084452449,0.4103964543643567,0.4668039114770972,0.3380536630640521,0.3088487972508591,0.4671955048752273,0.346667592127643,0.2828106852497096,0.374617423847329,0.5151841280924089,0.3837367949167738,0.4425500370644923,0.0282883169377893,0.2678837186228793,0.67499378953884,0.5334858886346301,0.7264190739180983,0.2745979470660352,0.0456181774213324,0.0631477323032222,0.2451388888888888,0.0945648017370025,0.2436511156186613,0.1447222836910821,0.3153113259403355,0.185996563573883,0.6229698768429603,0.275020983908027,0.3673009800578783,0.3861267725952503,0.505307351731108,1.0,0.6112931751976696,0.2619570064983462,0.328242513883628,0.219775474956822,0.4276381395886038,0.3755213000482715,0.3894286663344959,0.3862002184870537,0.0,0.0112360442250957,0.2418663181354151,0.2871001970592691,0.2763248927632488,0.3713957065532844,0.4600926607860657,0.0
139.5580988,-29.96581467,0.3412600315514734,0.4394376285432603,0.5915624899740626,0.6109813167825172,0.573240968366062,0.5411996969259388,0.3306143586397208,0.5169356420063398,0.6627440173436074,0.8726180430907917,0.1319005650304565,0.1095232501990263,0.3926888657099315,0.0715388574369532,0.636409859540225,0.268041237113402,0.4471988101140308,0.3455085324265061,0.2494192799070848,0.3893315908287421,0.5154780547264451,0.5473044088410711,0.1515937731653076,0.313180992281438,0.2639150709395774,0.7163125231835294,0.4306636155606407,0.7480382090671727,0.3188297795620087,0.0431168794252451,0.0479711394369603,0.36025,0.1470873726165794,0.3774036511156187,0.1665191414029652,0.388045282317574,0.2312153053132433,0.5491639962976473,0.206772444339958,0.2508216378240226,0.3678882624295233,0.5315788717296984,0.7118937557183569,0.4699204119850187,0.3149736416863852,0.2196602570146052,0.5469559585492226,0.3030895131618978,0.3973522559998784,0.410936721474838,0.3770439253340126,0.0,0.0093037306562646,0.4212151799380581,0.2860391086857662,0.543794105437941,0.3896282937592428,0.3731238414917593,0.0
139.6335902,-29.87415384,0.4127323959818737,0.3340680886615964,0.4368413024415962,0.4650776598708427,0.2337294958011765,0.9777419634400266,1.0,0.7877456839578993,1.0,1.0,0.2066268049591821,0.3471672996358795,0.428225052111325,0.3431549150797736,0.263654327910006,0.3436426116838488,0.6866633614278632,0.262137531228003,0.471254355400697,0.4541141018160934,0.428823687348798,0.3798386153666238,0.2170589325426242,0.0279656782639623,0.2627244766345868,0.7368618210913651,0.3874713958810068,0.688162895819018,0.6205678021106278,0.0762356980671957,0.2782065810839587,0.5010000000000001,0.2044787657636617,0.5871805273833671,0.4403629121487056,0.0728903475117123,0.2842981760507533,0.4095507811958655,0.3994967834605689,0.1456245957581795,0.4654023577652486,0.219413417665731,0.0,0.2156679151061173,0.3373576594877907,0.2768351389991344,0.3119170984455957,0.4365097606951619,0.3499460787597414,0.5670154459392128,0.3114930658031039,0.0016354437803281,0.0669868653013865,0.4033182454039859,0.2746703046839472,0.3993358239933582,0.4218431214342675,0.4845738426340199,0.0
139.2780163,-30.16756041,0.3993474978608791,0.4695719669486387,0.3740735131765584,0.4967904057200485,0.6788842126309947,0.4603745007173278,0.4190962637826144,0.3589873293084024,0.5102252581076023,0.7229923725499348,0.7246441412547613,0.3414118476175561,0.1366720539091455,0.5138102590495799,0.1802326491230936,0.2991122565864833,0.5256982316972401,0.6179618086154381,0.4744483159117305,0.4310546324341409,0.1970863318623202,0.346937979963357,0.2438843587842846,0.2779623759456734,0.5357674372457586,0.6626385421407508,0.737909992372235,0.7136695136439135,0.6392220966850166,0.4159077630262945,0.0261975351993808,0.7423333333333334,0.3654481397239853,0.740473292765382,0.7198495242310249,0.7882306978999275,0.4988104678826326,0.4628589491215937,0.0432275655913723,0.2314071556856938,0.1428327353493934,0.3702494628365151,0.4890300255578557,0.5472326258843112,0.2834630122589029,0.7473581727679106,0.4511226252158892,0.6839094149749819,0.7008659723439347,0.8216243148978575,0.3250283493987368,0.0,0.0095899998981014,0.231048922305544,0.6078520539639228,0.8785111387851114,0.8006600729828877,0.1977925152069256,0.0
139.3008032,-30.14751255,0.2411154446711656,0.9557012382887412,0.1536322300324623,0.7988344018084051,0.7040683315801948,0.1732175595058569,0.7104781792491242,0.6284475818717455,0.3424554794024181,0.4023346546527734,0.3807466588991712,0.1687482870678517,0.3265423491613283,0.6903628409675759,0.0656487970057734,0.5068728522336771,0.5746157659890927,0.6190111976866888,0.1219512195121951,0.5235600727896527,0.1756746612916594,0.3831130861887499,0.4434303187546331,0.0670691346319189,0.2380196448060324,0.1779821394277657,0.601716247139588,0.7454029002797724,0.1988268948772807,0.0899568799216306,0.0615126278369375,0.3070000000000001,0.0112718640980202,0.2785395537525356,0.2129481079884931,0.3195992813778656,0.3152260111022996,0.3513352357717748,0.3517962062397278,0.4993111861844035,0.5110199897488467,0.2726556179659349,0.0681293306093061,0.2019350811485643,0.570244158250231,0.6293952299334431,0.4911917098445595,0.1582074911292971,0.2636607225073056,0.3657199800697558,0.2701714204555586,0.0,0.0027911193875577,0.0429835671251595,0.4374715779899955,0.24906600249066,0.4686102945528973,0.4408669448569099,0.0
139.6940588,-29.89521789,0.3993474978608791,0.4695719669486387,0.3740735131765584,0.4967904057200485,0.6788842126309947,0.4603745007173278,0.4190962637826144,0.8582294454553313,0.9010118675970108,0.8822009774133015,0.2836070127165708,0.311029325398379,0.4048803615428059,0.4894493051981471,0.2245200321502235,0.3629725085910653,0.3688646504709965,0.1964266870714069,0.3130081300813008,0.4591933030121571,0.3935669430599163,0.3213659221143726,0.4455151964418088,0.6127535724754465,0.3820815557098918,0.6055505926151699,0.383066361556064,0.8696037199190818,0.4267169883891439,0.0905831880753102,0.0464154684600462,0.3776666666666666,0.2644540924273077,0.3853549695740365,0.3895773401194956,0.6005201111568506,0.4529143536875493,0.4093315758722542,0.3251677272599249,0.5003790969107139,0.5369682214249103,0.621616999262331,0.0,0.4453417602996254,0.3294886359077036,0.4399228351687139,0.6340025906735749,0.145282365663063,0.6147995239846771,0.70347533632287,0.5885592938545292,0.0,0.0,0.4060679309090367,0.6271032287403365,0.585720215857202,0.3296255420122703,0.488367884388048,0.0
139.6299388,-29.94181859,0.4173108970996244,0.7531449022554013,0.3368048020443039,0.7631929687097387,0.5269982745238055,0.4633463983603888,0.5865383157680615,0.8165336299639308,1.0,1.0,0.1905935559663238,0.2743823656082377,0.3730737462289787,0.5455481214616573,0.2183908054180354,0.4398625429553263,0.3807635101636094,0.3275318936404929,0.0624274099883855,0.8772838535838852,0.7450038668868636,0.2741199859665536,0.2086730911786509,0.0356237197052826,0.3216588947316203,0.1585028072036088,0.5144164759725403,0.8777324265840369,0.3346955455659993,0.0686336511675831,0.1896285582689108,0.2900000000000001,0.0500620179884314,0.2748884381338742,0.2000442575791105,0.0416955808711022,0.3334655035685961,0.2953565889130719,0.6050461645976595,0.22763242748341,0.3880061506919527,0.3270706515158758,0.0,0.3124219725343322,0.3576113133260241,0.1582617153348561,0.4414507772020724,0.3097321465582257,0.2691561635139725,0.3173891380169406,0.3576507762489835,0.0280069756269909,0.0,1.0,0.2073669849931787,0.3623910336239103,0.4221820989165111,0.4418497378691032,0.0
139.5607151,-30.08988336,0.3059749011785017,0.6574686667217642,0.3267082355261635,0.2877304215052507,0.3894326214962947,0.6627425370366257,0.7142478216272243,0.8326846454770302,1.0,1.0,0.2990990200079385,0.3701891077091734,0.4627663127099876,0.4596414479327501,0.3580733907526666,0.2753436426116838,0.359114196000661,0.2316219545501144,0.2907471931862175,0.2550194285161794,0.5927005162942425,0.249015709663587,0.4824561403508772,0.0211534732296953,0.3161027879749976,0.7987436641081949,0.5614035087719298,0.6441486489092546,0.2624822712084425,0.0879636484127242,0.4186884259810191,0.239,0.0980269061894773,0.2791886409736309,0.2428634653684444,0.3484549775537109,0.2701559608776102,0.5211574921653309,0.1383142345242362,0.2023181754720546,0.3847599521612849,0.4256983908750674,0.1148960756319563,0.2900540990428631,0.3554685708656934,0.1809950885124105,0.4113989637305699,0.1582179036787909,0.2280208117221131,0.3841554559043348,0.6003655451161984,0.0047019011899499,0.0007872387466154,0.4064922753779807,0.1530998938911626,0.1863843918638438,0.3259418497446234,0.3079770554585052,0.0
139.5330318,-30.09538569,0.4459788916532298,0.4877764783499519,0.4305374772440228,0.3029261083447836,0.5737157529873503,0.5536024530516956,0.6392415145427743,0.9184438681719468,1.0,1.0,0.4930574619401274,0.4376101170666771,0.840685668244302,0.5543618116314978,0.2880980737408437,0.4110824742268042,0.472483886960833,0.4874070789492668,0.5005807200929152,0.3519380160317696,0.7242594188177618,0.6441351888667991,0.5971553002223869,0.0182777434021682,0.5821013989483085,0.7817900446965294,0.5973112128146452,0.7138866307678332,0.2703670761316378,0.023720196770939,0.399029118987519,0.3156666666666667,0.1053461747856594,0.2529006085192697,0.2573854835140519,0.5090330699929502,0.4413164155432194,0.4113935572766685,0.0641249617991375,0.1741107629711167,0.6565863659661711,0.2825029103829281,0.3371824630054305,0.2615480649188514,0.5575603335466495,0.2379986170004903,0.2538860103626942,0.7285258362580851,0.1843575876836755,0.5037369207772796,0.4009625626298669,0.0263715332083371,0.0122379840291463,0.7007761581799933,0.2824010914051841,0.4528850145288501,0.3436929127933383,0.3243595516867178,0.0
139.6382431,-29.95784711,0.6849418646459631,0.2435204942220461,0.3545707624469517,0.6233674828994769,0.7490078887140557,0.6436284737843418,0.2125533687944157,0.9328102218011646,1.0,1.0,0.4122230662923469,0.1303786069456951,0.3016002079420855,0.3152341739577972,0.5548321955857217,0.3350515463917526,0.3445711452652454,0.4765998071727405,0.2427409988385598,0.655987010058944,0.4470049856871594,0.4518769734533973,0.1852761304670126,0.0575151373061694,0.3311836491715448,0.5963261317038686,0.3053775743707093,0.9580085586077228,0.5377773504170773,0.0342879778149291,0.1635976903990527,0.2696666666666668,0.1492189328853036,0.2447870182555781,0.3535212436379731,0.0698260062644961,0.2676447264076128,0.49796896693374,0.7700587152171539,0.3747644356475514,0.3352127114300359,0.6747222418869776,0.0,0.1794631710362047,0.4251640430940612,0.4097996724632313,0.6362694300518135,0.2041842494754425,0.2533615107083014,0.3084205281514698,0.3114376360013619,0.002180591807969,0.0,0.3098845134700454,0.2755798090040927,0.3677874636778745,0.4051761127982152,0.4523328666894545,0.0
139.453629,-30.08962737,0.6215143493237653,0.7505025177844218,0.4053864945930097,0.6922514248278488,0.0160429309949532,0.4452251087442454,0.4187983804648642,0.6118396556336032,1.0,0.7263139159264473,0.3982906849337284,0.267491484280177,0.33547953155479,0.3108594956253218,0.6242682260485312,0.2289518900343643,0.3460585027268221,0.3604867710944217,0.078397212543554,0.5363051240611953,0.4656062757021385,0.482282773944568,0.4425500370644922,0.0444104675750395,0.2296854846710984,0.2672108227010113,0.1684210526315789,0.5788308701937631,0.1653645520325007,0.0623098735330557,0.1091905763679192,0.3663333333333334,0.03251557953459,0.2042190669371197,0.37878955521133,0.2970478746447172,0.3045202220459952,0.490893099509339,0.4921023478419875,0.3421793394795501,0.4290107637109175,0.3919987920423557,0.0,0.2194132334581773,0.3754448417739502,0.5902674749882542,0.5683937823834196,0.3766463594118199,0.1229655141750173,0.4628799202790234,0.5953299819891829,0.0388417913335902,0.0003578357975274,0.380368947150293,0.3628922237380628,0.37359900373599,0.3129412205419959,0.4342436649879733,0.0
139.539021,-30.10298317,0.3504633815859117,0.6444954474064366,0.30373626574474,0.4347057897667185,0.4369821441735284,0.5500994158770207,0.6244092315385213,0.8994334419395844,1.0,1.0,0.0511654867624555,0.3115383109510199,0.3135473403963107,0.5989449305198148,0.2497268469067192,0.6477663230240551,0.8244918195339616,0.2349802671710553,0.6236933797909407,0.3111920866922782,0.7831946036190748,0.4149222313179745,0.3642976278724982,0.0108819028615595,0.6606806230776864,0.7619195755614878,0.4883867276887871,0.7510672231912551,0.1867833361378879,0.0520563424020667,0.3799102258571956,0.2676666666666667,0.0982390975224973,0.4972819472616632,0.169962934277495,0.4077359861282719,0.1153846153846153,0.8689853179932268,0.2976306904487337,0.5688050208140016,0.3731419784725782,0.6150285707114252,0.1460739090654908,0.298689138576779,0.3881851899509856,0.3922989726847907,0.3388601036269429,0.6617939999392394,0.2993260668469203,0.323368211260588,0.3451396898712236,0.0106303854042675,0.0040793281156478,0.5381797013248203,0.223738062755798,0.2354711498547114,0.363324062727783,0.3349233134952392,0.0
139.2974952,-30.12510251,0.3993474978608791,0.4695719669486387,0.3740735131765584,0.4967904057200485,0.6788842126309947,0.4603745007173278,0.4190962637826144,0.2508499768166528,0.055353487724246,0.0600094138569673,0.1454396587510093,0.0629575975881915,0.3800769495079178,0.3499099330931549,0.7875408585545083,0.2289518900343642,0.0996529499256321,0.2516115081252923,0.024390243902439,0.4545399548755554,0.3283799448587023,0.2273418313647526,0.007227575982209,0.4730788406837069,0.0121043754340708,0.604909064191552,0.0018306636155606,0.7161993957788609,0.0072838289381956,0.2572910901041706,0.0136604003037737,0.0043333333333333,0.3185919884210296,0.0231237322515213,0.0087685328612524,0.6180830597623195,0.0555114988104678,0.9653915627409004,0.0919066370723613,0.2140820042226352,0.2429523321373655,0.7336098977347542,0.0456120081720816,0.0433832709113607,0.9895273371729948,0.6408047888950421,0.0,0.9969258706318648,0.5016565092137658,0.1195814648729447,0.3185792724434455,0.0,0.000429402949088,0.4033182454039859,0.0386539336061846,0.0070568700705686,0.4245012905002523,0.9450720193498224,0.0
139.5467282,-29.96836738,0.3993474978608791,0.4695719669486387,0.3740735131765584,0.4967904057200485,0.6788842126309947,0.4603745007173278,0.4190962637826144,0.3358544154280775,0.5363255621148585,0.8317876197379437,0.1282259597322535,0.3129086566696683,0.4141311311160014,0.287699433865157,0.6988435717399413,0.4201030927835052,0.3148239960337134,0.2914072716374203,0.1506968641114982,0.3998932809741505,0.5523184687937468,0.2881534323470939,0.2512972572275761,0.5171527249701149,0.255878559380891,0.6411187774655531,0.3858123569794049,0.7257203935302929,0.2931560854828242,0.0580878340811377,0.037041636480029,0.453,0.1772841286930312,0.514158215010142,0.3666740429298519,0.4855200508800003,0.3679619349722441,0.3329416479401854,0.2079256307020485,0.2926880787009555,0.3644284982060484,0.3732625271931295,0.5525404190201904,0.3096129837702871,0.5150019533178206,0.16790602729464,0.3072538860103626,0.4334581268098946,0.5021910293661195,0.6970602889885401,0.3756336811033562,0.0,0.0046518653281323,0.2359109689056327,0.3979081400636653,0.6575342465753424,0.5200145900124264,0.2915188978954404,0.0
139.4237559,-30.20154297,0.3993474978608791,0.4695719669486387,0.3740735131765584,0.4967904057200485,0.6788842126309947,0.4603745007173278,0.4190962637826144,0.7883472495148398,1.0,1.0,0.3917680345922496,0.0944755491171058,0.3988119702439933,0.1364513638703036,0.8799921966307835,0.222508591065292,0.1110560237977194,0.1647577211141824,0.2360627177700348,0.3667108386761391,0.4615950469580434,0.2792655829727517,0.1693847294292068,0.0125704967012772,0.1659886893541025,0.5301258102255948,0.0943363844393592,0.3921188171530021,0.3993124834731604,0.8949632726082297,0.3158495545997221,0.0486666666666666,0.8403100745008584,0.0533062880324543,0.0398456516928524,0.4546493823571431,0.1871530531324345,0.8082990684051132,0.144744194948679,0.301453845912753,0.2993336750384419,0.7377355438628628,0.0958429637464377,0.0455680399500624,0.9627227317813148,0.6041566278393469,0.4253886010362694,0.6321533822775645,0.3105158466912686,0.3124065769805681,0.3372922078442164,0.0357753343778598,0.0139555969377888,0.3809655483707882,0.0964074579354251,0.1689497716894976,0.3478829421952055,0.2389528184796132,0.0
139.383093,-30.14832012,0.3993474978608791,0.4695719669486387,0.3740735131765584,0.4967904057200485,0.6788842126309947,0.4603745007173278,0.4190962637826144,0.9565687608009372,0.7646851170636955,1.0,0.2645718115158716,0.7319995301671822,0.4183494797705545,0.3149768399382399,0.4113949736915052,0.3711340206185567,0.4313336638572137,0.0936686836360551,0.5412311265969802,0.3075190808401488,0.5025171261722952,0.101508595485908,0.2909562638991846,0.1499517107912132,0.7115785296160333,0.6200124171640986,0.3167048054919908,0.455106508376814,0.6266256400394241,0.8186686650813546,0.013880071289943,0.5730000000000002,0.2197756290455912,0.5100202839756592,0.5847532639964597,0.5530495150202104,0.2069785884218872,0.3690558489815186,0.2197372201753309,0.5403506705784136,0.8200922603792928,0.1028551209928497,0.0005773672234909,0.7490636704119852,0.1458864666153278,0.5328960804621621,0.4461139896373056,0.2899687431958916,0.0,0.0807174887892376,0.341131403457319,0.0031346005915704,0.0,0.1795062610500559,0.371987266939518,0.7305936073059361,1.0,0.5880267531032068,0.0
139.2920373,-30.15991016,0.3993474978608791,0.4695719669486387,0.3740735131765584,0.4967904057200485,0.6788842126309947,0.4603745007173278,0.4190962637826144,0.5852281882661673,0.4938442993471221,0.6401087255071682,0.6867284908795013,0.0501155005677146,0.1500921155244143,0.2177045805455482,0.8080473738324082,0.1189862542955327,0.3931581556767477,0.7857498870282608,0.1315331010452961,0.6144870490230648,0.0762425422818262,0.4715237983861537,0.4273535952557452,0.092090617815573,0.1511062605417204,0.0,0.3665903890160183,0.7374848181044162,0.4771989711291137,0.0966693393063615,0.0628776147454812,0.2770000000000001,0.0263462332405294,0.4177687626774848,0.2392122150918345,0.5721068599739187,0.3037272006344169,0.3482260527051571,0.2805423666384206,0.5648217252019903,0.3285494618144542,0.7498614785006139,0.5075057741457415,0.1348314606741573,0.7211443669252915,0.6387515388240954,0.2917098445595854,0.7127353253477389,0.4184274658003913,0.4150473343298455,0.6800783594504123,0.0,0.0186790292585831,0.3350932504192634,0.1869031377899045,0.2806143628061436,0.4902197507220608,0.4491303112475641,0.0
139.5502191,-29.95053096,0.3652452835584722,0.4370696683367462,0.5864098695904495,0.5936155073601441,0.5813527803787374,0.5455615793267276,0.3161685287313303,0.5072022964903719,0.6559488650929431,0.8906500973778843,0.0997686792443207,0.1843702282604439,0.4079538946776534,0.4174601132269686,0.1464183511173956,0.2330863402061855,0.1856098165592463,0.3421597979337758,0.191855400696864,0.5668224043478809,0.4838967111542281,0.4019997661092269,0.3159747961452928,0.0258345205580136,0.2714679035618613,0.6530063141880758,0.5388443935926772,0.7007446593935434,0.1847640568282891,0.0486093519690081,0.0560465829202933,0.3603333333333334,0.0939149554510008,0.3859634888438134,0.2531533525116177,0.2501011882216428,0.1288659793814432,0.6493068396090959,0.2719108090256408,0.2995541824129045,0.5238339313172732,0.3542172327168525,0.7632794686538873,0.3910736579275905,0.5432745904414039,0.142771070266799,0.3207253886010363,0.4132742567876181,0.3801861594582445,0.3482810164424513,1.0,0.0,0.0042224624187689,0.5750089632535218,0.2006593906321055,0.4080012453300123,0.398246698949719,0.461914103133167,0.0
139.4127357,-30.1661465,0.3662589464676283,0.659450719389854,0.2246674275675243,0.4016341221190659,0.5126440788937235,0.653806924795012,0.4471734947875426,0.7851165026156645,0.9662689429640192,1.0,0.3744846601373593,0.2180807329391957,0.3376034333116012,0.295869788986104,0.4125038999271344,0.3737113402061856,0.407535944471988,0.2933764158672907,0.3066202090592334,0.4025717482792435,0.546055399093306,0.150625657817799,0.3299203113417346,0.031295051535253,0.3255283262228396,0.833007840026037,0.5596681922196796,0.3216664698855031,0.4226784297699467,0.047169012314401,0.1367522494242946,0.2510000000000001,0.1142656783705221,0.2752941176470588,0.2353120159327285,0.4095597159351015,0.3215701823949245,0.4023703847801133,0.3817095323411987,0.4101583535711469,0.4510507432086111,0.4509085665967524,0.0248267910107101,0.1594881398252185,0.371917555849425,0.697321727851141,0.3953367875647668,0.5309633807406953,0.2481256975245926,0.3821624314897858,0.5388589322565275,0.0014991568112422,0.0014313431901098,0.4086584532632289,0.5111414279217826,0.1145703611457036,0.2261193290376237,0.4141516322438029,0.0
139.585755,-29.96993573,0.1778930815645947,0.53416356103015,0.3256223064879467,0.8578670476124575,0.4562018409739438,0.3183439598732731,0.3792271077116005,0.6639657967774262,0.7590850416197059,0.6768008066652584,0.2428710704166989,0.2490113934458322,0.3459585489950095,0.3046834791559445,0.397401113090272,0.1469072164948453,0.4476945959345563,0.4421712996517039,0.2319976771196283,0.5082308070771301,0.1671984342709191,0.4500058472693252,0.3080059303187547,0.0470295309153169,0.307669411647981,0.3242654180100743,0.2311212814645309,0.8164500386354645,0.3808505012139714,0.0330026139553854,0.0481565603787691,0.3513333333333334,0.0437252291420317,0.5618661257606492,0.0881832263775172,0.2195847386340016,0.2157018239492465,0.609246544481501,0.2629647857667033,0.220693572115791,0.5094823167606358,0.2432067982174346,0.1362586612186122,0.2144194756554307,0.4981417396560303,0.2959488395577433,0.5533678756476683,0.1771582424466827,0.2975200220558996,0.2496263079222721,0.3782883610441582,0.0,7.156716149172535e-05,0.0609917723800289,0.2073669849931787,0.4337899543378994,0.4069946553397689,0.434580311266363,0.0
139.4223301,-30.1837923,0.3271327053156611,0.8778347318851867,0.3529718564514282,0.5015874534632165,0.7748648545640157,0.5730098552356044,0.1690706486138306,0.947464682811451,1.0,0.980859179444292,0.5153319259045809,0.2826305417433407,0.4263586774164692,0.4801852804940815,0.4798270545084028,0.365979381443299,0.2404561229548835,0.3224363294325415,0.1855400696864111,0.4701547246411793,0.5016891087843253,0.3910653724710561,0.6593773165307637,0.0333141491942691,0.3424942950689554,0.7389889745053524,0.4242562929061785,0.2419457584163418,0.0626697757157624,0.0796058004785523,0.5034678616784203,0.3410000000000001,0.4481372761004571,0.1529411764705883,0.2578003983182121,0.2426501008900654,0.324742268041237,0.4188027943601592,0.3607073109409375,0.4128850210419442,0.3900563813429011,0.3864061241025249,0.0698614358851589,0.1485642946317103,0.5757512414297712,0.6035436991024441,0.4880829015544041,0.285181949222816,0.2423712847625795,0.3667164922770304,0.3939057233620661,0.0278706895656879,0.0112360442250957,0.3964087617900765,0.1855388813096862,0.1315898713158987,0.3446746914560646,0.4272319704374371,0.0
139.5870593,-30.05001974,0.6115525491612303,0.3538870706406947,0.4989326797840314,0.261687206550071,0.620008958679302,0.4325940336919955,0.4203584990273837,0.977942331761478,0.8162238451158591,1.0,0.2830568278608201,0.4241024235542852,0.4271466620278121,0.3834276891405045,0.4166271312449605,0.1288659793814433,0.0862667327714427,0.2366114585091016,0.3481416957026713,0.3536047443802546,0.6236159708273192,0.9626944217050636,0.3721275018532248,0.0144391524894651,0.1502133148129775,0.9529900974619604,0.7112128146453089,0.6547915401747051,0.2345969855044593,0.0449163368708573,0.2766335020676813,0.3453333333333334,0.1493704951721385,0.3982961460446249,0.1612082319097146,0.1896269210428784,0.2783505154639174,0.3896450113183327,0.7133072796135489,0.4136131074549551,0.4038954382368016,0.3896918093093056,0.0051963049312993,0.3099250936329589,0.2348904910963981,0.331651394502973,0.4849740932642488,0.1825868327165211,0.3586355630661325,0.4185351270553064,0.3227663588313261,0.0,0.0,0.4223785465288924,0.4524783992723965,0.2727272727272727,0.4107834600762582,0.4664829328009181,0.0
139.6666527,-29.89219784,0.3988119405728191,0.5900794523598215,0.4098068478000993,0.6509723151757916,0.5295299816533869,0.263381124480137,0.4843791239011165,0.8985612085053813,1.0,1.0,0.2596754614201995,0.1738381425942602,0.400388246879488,0.4482758620689656,0.4265193170661889,0.4105097365406642,0.733928276317964,0.2933138925647374,0.2080913666279519,0.4139151511925331,0.5879779522038796,0.3269793006665886,0.2574746725969855,0.0329069376303456,0.2363329695406291,0.5753345850716673,0.3397406559877954,0.8464069675862524,0.531719512488281,0.0777858622329585,0.137864536744888,0.3207777777777778,0.1601897123136782,0.1928600405679514,0.4908165523345874,0.098942413023293,0.36690457309014,0.4365336790413265,0.2839670071669645,0.1579397130013666,0.3078763027507261,0.4448376406355164,0.0178983840083401,0.2671660424469414,0.3834964313550426,0.2014507521381533,0.3177892918825561,0.3287402834245324,0.3445602885199471,0.4280019930244145,0.5440964164111824,0.0013628698421563,0.0,0.3474772846108523,0.0894345914809761,0.181679811816798,0.3761844307501781,0.3971356849434803,0.0
139.5170243,-30.13957892,0.3993474978608791,0.4695719669486387,0.3740735131765584,0.4967904057200485,0.6788842126309947,0.4603745007173278,0.4190962637826144,0.8478403741353389,0.7039860184737128,0.7700912051869457,0.277779901244655,0.7135194393328375,0.4341144516633841,0.5501801338136901,0.2342099224014463,0.6340206185567011,0.5532969757064948,0.0819925205968382,0.5905923344947736,0.3308768681360363,0.1921181768457731,0.2259384867266986,0.3728687916975538,0.1384122652123053,0.5681119158646691,0.4989304101384792,0.4535469107551487,0.5568124237329981,0.1956537416764826,0.6179219852296376,0.0444349042827694,0.5363333333333334,0.3062662169464991,0.615740365111562,0.6059969019694625,0.6083462648795341,0.5237906423473431,0.401792239871486,0.1815767385359971,0.4461008056818473,0.6381342901076372,0.2460392853313353,0.0011547344469819,0.6257802746566791,0.3227774265840584,0.5930325900410776,0.660621761658031,0.3247762008664001,0.4677533406108544,0.7722969606377679,1.0,0.0010221524194415,7.156716149172535e-05,1.0,0.4852205547976351,0.7285180572851806,0.3314695569707214,0.3197599387232706,0.0
139.6704295,-29.89506008,0.4264422371610807,0.7726770715620039,0.230935261788294,0.6961432709748501,0.4649613339192611,0.3776067432601071,0.6305955893092452,0.97011324076668,1.0,1.0,0.2898750141722312,0.1932578990642497,0.4011338901309186,0.4832732887287699,0.3363613753348703,0.5652205040091639,0.2780118988596926,0.3044964315817922,0.2834881920247774,0.4409296536913854,0.5023886252405114,0.2755233306046076,0.2730417593278972,0.037388819178178,0.2272794920130966,0.7408671457396989,0.4852784134248664,0.8662684365072991,0.5672972908002598,0.0689472303532786,0.1116864800789989,0.3419722222222222,0.1766247903979249,0.1837728194726167,0.5596370878512948,0.0766972385138294,0.1392743854084058,0.5278509507069458,0.3088831658824955,0.184141943608919,0.2491884503673329,0.5337959033599853,0.0150115482914829,0.1901789429879317,0.5905274242094283,0.2310460168794753,0.2775043177892918,0.5662216166414917,0.3133208418971228,0.3417621657531972,0.3818664858036137,0.0013628698421563,0.0,0.355605120722571,0.1210777626193725,0.1754185692541857,0.3815287550614776,0.3939952203377668,0.0
139.5683146,-30.05381086,0.5045544872572733,0.4168610574048714,0.5757608424514267,0.2130695883269433,0.8216632453056184,0.3965125753905825,0.4054201692492772,0.9862643686007276,0.914868990453182,1.0,0.3584719370624283,0.2787674719079128,0.5139810278280226,0.4580545548121463,0.1974110028415025,0.4583333333333333,0.3589489340604859,0.2533887499903966,0.2601626016260162,0.1233384725488779,0.5902137448278266,0.8172143608934628,0.3498888065233507,0.0224729986658677,0.1582498263716639,0.870123378656233,0.4691075514874143,0.6810052098099071,0.3156566263612107,0.050695630359565,0.2122657819926881,0.185,0.1596959006104224,0.3888843813387426,0.1492586855499005,0.2136198307480042,0.2775574940523392,0.3773741606264838,0.5602110940031806,0.4452868609180195,0.5694515633008713,0.3240190850308436,0.0115473441493414,0.132334581772784,0.4794193449690775,0.2587267462850715,0.3435233160621761,0.5519627674817322,0.2796680943016824,0.4240159441953164,0.5532304237836438,0.0,0.0,0.4517365687290623,0.2746703046839471,0.3212951432129513,0.3504596726854962,0.4414074123463614,0.0
139.4961034,-30.08673042,0.3695902733406696,0.6700678108693032,0.314168766197186,0.6419343667388536,0.5015595964074755,0.3729183778589698,0.3048928561897713,0.9005222796631703,0.9413839965259452,1.0,0.6049347530100644,0.337026741317881,0.4612874362606932,0.6855378281008752,0.4734783435047074,0.20446735395189,0.1923648983639068,0.3706261648754673,0.3150406504065041,0.5813799410739688,0.3198011035665903,0.0949596538416559,0.4799851742031136,0.0537911435840993,0.2377219962297847,0.7858324817829605,0.7057208237986268,0.6471263123201368,0.6358566311690184,0.0559309167690577,0.1432207908553712,0.3319583333333334,0.2302837479126682,0.3458823529411765,0.3079221066607658,0.2581680267616537,0.1670301348136398,0.6168055428897457,0.3139852081175834,0.3075946650052189,0.3907611481291645,0.417776629757671,0.0282909938709387,0.2798455056179775,0.5794602745193141,0.3795234475670709,0.2368523316062176,0.6238672374059347,0.1936955073487705,0.2212879920279023,0.2667606477618334,0.0056559102761457,0.0007872387466154,0.3843474823974112,0.3869940882219191,0.5595682855956827,0.2497557299264504,0.3424027748266395,0.0
139.6105632,-30.04489143,0.3993474978608791,0.4695719669486387,0.3740735131765584,0.4967904057200485,0.6788842126309947,0.4603745007173278,0.4190962637826144,0.9172147157378412,1.0,1.0,0.2759955682641387,0.4623154927371677,0.5086695703179386,0.5074626865671643,0.120843757435735,0.4806701030927836,0.7764005949429849,0.1882831968141234,0.337979094076655,0.2507437543087737,0.6300596850349623,0.5982925973570343,0.7075611564121571,0.0120425966517179,0.1686675265403314,0.735121482633446,0.459954233409611,0.6474932230269085,0.048246352075771,0.0624478402504592,0.361937661552849,0.5266666666666667,0.0707528316411279,0.3564300202839758,0.2123257357822528,0.2470562858184324,0.1744647105471847,0.4938537189107433,0.370037756137453,0.3959643250954271,0.2706304459251666,0.5668817846174936,0.0588914563153631,0.2759051186017479,0.4029126962095087,0.2482751009668178,0.4419689119170985,0.4438955229966373,0.2809657523002243,0.3951170901843547,0.1028618002038947,0.0017717309007112,0.0,0.3213632276324494,0.1914506593906322,0.3042756330427563,0.5461718234312346,0.4335071088980379,0.0
139.5434078,-29.94648285,0.3993474978608791,0.4695719669486387,0.3740735131765584,0.4967904057200485,0.6788842126309947,0.4603745007173278,0.4190962637826144,0.3788064348274806,0.5663117072500143,0.7868448884209164,0.0799503807871162,0.3059655716951829,0.4036505672445871,0.4580545548121463,0.2048916087755655,0.3337628865979382,0.4789291026276647,0.2890941642933677,0.0920441347270615,0.6610120048172272,0.4589843206304949,0.4308268038825869,0.6000741289844329,0.4959060471864372,0.2957634685980753,0.5054746013748326,0.2466819221967963,0.6785934464264426,0.1789225702540926,0.1064316713248776,0.037336768784579,0.308,0.13270857976041,0.2282352941176471,0.2585472449657005,0.4146347567399466,0.2125297383029341,0.5590319291218167,0.2170464056509111,0.25273079892905,0.2901076371091748,0.57444534562465,0.3210161676080761,0.3598626716604244,0.5680627558690812,0.0080496789824839,0.2290155440414508,0.6093880074988065,0.4407423372225523,0.2850024912805182,1.0,0.0,0.0036499252062844,0.4761909606674115,0.1150522964984084,0.2723121627231216,0.5665551497022858,0.4453817025495828,0.0
139.6105089,-29.959441,0.3441997840130648,0.253299125614554,0.5855094413420663,0.4685758605680301,0.5386568756160175,0.6708435092722178,0.504068354754307,0.915057909822895,0.9406847725593416,0.9007050726057364,0.282142842509628,0.3266904193257899,0.3393435657998344,0.3973237261966033,0.4157991788705064,0.3350515463917527,0.532969757064948,0.4326230314152464,0.1385017421602787,0.6228727304287179,0.4094352454022485,0.3709507659922817,0.5674573758339512,0.0475244373461614,0.3240400833416014,0.5727536264019577,0.4498855835240276,0.8576486921946751,0.4636409529075219,0.0466263372429339,0.0772303396267268,0.3616666666666668,0.2344382112838701,0.3476673427991887,0.1144888249612746,0.2432761349652556,0.2712133227597145,0.4469603079957117,0.4311923463924105,0.6067463389106437,0.4074833418759611,0.3410962794282116,0.0115473441493414,0.1601123595505617,0.3093377642207984,0.36355921747346,0.2854922279792746,0.4547021561407408,0.3879029579231994,0.1763826606875934,0.3697511213781259,6.814349399903175e-05,0.0,0.4033182454039859,0.4542974079126877,0.327936903279369,0.4214771441144557,0.4404432090015273,0.0
139.5874804,-30.01667045,0.3993474978608791,0.4695719669486387,0.3740735131765584,0.4967904057200485,0.6788842126309947,0.4603745007173278,0.4190962637826144,0.8813822404380437,1.0,1.0,0.2509276454194131,0.1371911828041189,0.3033875009046963,0.3067421513124036,0.6186577995738168,0.1387457044673539,0.3063956370847794,0.370350161872756,0.2929732868757259,0.3719992671036007,0.5914282077330263,0.1894515261372939,0.4017790956263901,0.0374661117559272,0.3174918146641533,0.6766363202801529,0.3112128146453089,0.830482208809069,0.3240222120724056,0.0481556710747672,0.1892525128412964,0.2603333333333334,0.0842486507493799,0.2535496957403651,0.3603673379066167,0.0760198370585854,0.2989690721649483,0.5647224034002237,0.4131604667423381,0.2504849002324063,0.2983085597129677,0.6775676882880973,0.0138568127228272,0.1510611735330837,0.6529224429200652,0.1708810503806138,0.4720207253886011,0.4190440018303182,0.2548451638748233,0.523168908819133,0.3767279996365453,0.0047019011899499,0.0,1.0,0.2614824920418372,0.2444997924449979,0.4408700806773904,0.4778627126690447,0.0
139.6703184,-29.88833743,0.4113767550036215,0.6234669896922291,0.4009100338358119,0.632071415288618,0.5445437916981062,0.2827003571005795,0.4312794747106775,0.8489448915411587,1.0,1.0,0.2502594410125304,0.1891860146431228,0.3991345112830526,0.4173957797220793,0.5331696264584093,0.6132588774341352,0.4890100809783506,0.2860024889222762,0.2454510259388307,0.3745772376326345,0.5635415776382097,0.1146064787744123,0.3007165801828515,0.0320304146852474,0.2502232364321857,0.5749330190958997,0.2259344012204423,0.8526665535174976,0.5963364503954423,0.0795372918247395,0.1405362189526985,0.2803333333333334,0.1460443671068915,0.1984854631507775,0.530648373533968,0.0726834459027477,0.3082209886333596,0.4503679701675011,0.3045848463549693,0.1816769351607992,0.2832735349393472,0.4072944118892754,0.0121247112927129,0.2261756138160632,0.5415412198691497,0.1668821561546453,0.2397236614853195,0.3951963768844722,0.3308578790665377,0.4060787244643746,0.3660897549621396,0.0015673002957852,0.0,0.3960070974756575,0.1458238593299984,0.221807112218071,0.3761955859936891,0.404610891891375,0.0
139.2702392,-30.15770286,0.3993474978608791,0.4695719669486387,0.3740735131765584,0.4967904057200485,0.6788842126309947,0.4603745007173278,0.4190962637826144,0.1760519691034727,0.3556429834431173,0.5143228973622103,0.4573883089930067,0.4939509024705376,0.2891188686659995,0.5738548636129699,0.2726725178111227,0.441151202749141,0.5240456122954884,0.3061586934333016,0.5842044134727062,0.3799682271487078,0.2020553871416663,0.2137761665302304,0.8828762045959971,0.3391090872143803,0.6722889175513445,0.5928923386022347,0.7116704805491991,0.6838850006017843,0.6661458208130004,0.3525847192914296,0.0057059143922971,0.6496666666666667,0.3443580316425884,0.6355375253549698,0.6687320203584867,0.852482181323776,0.7168913560666136,0.2180611617455838,0.0510932090714678,0.3113653092372758,0.2614044079958996,0.3052330232596195,0.3289763542250535,0.6504369538077404,0.2239131356239643,0.7323883369330599,0.6777202072538858,0.2085531950374146,0.7121231303320273,0.9242650722471348,0.3527559996225663,0.0,0.0008886256108673,0.2777873101249157,0.61118690313779,0.6753839767538399,0.9727370177223904,0.4008445987439144,0.0
139.6282809,-29.82234238,0.3993474978608791,0.4695719669486387,0.3740735131765584,0.4967904057200485,0.6788842126309947,0.4603745007173278,0.4190962637826144,0.9367908132577512,1.0,0.6682656330158643,0.1235693710984818,0.3461101757957792,0.4172014601180799,0.2892434379825014,0.3654297623479665,0.2860824742268041,0.4606470004957858,0.2410698329594084,0.1781358885017421,0.5830174584702867,0.2550942954612945,0.3041749502982107,0.2431430689399556,0.572443570970372,0.1769272745312035,0.525851584823249,0.3098398169336385,0.6224398767045882,0.3478208610783913,0.3176453436343286,0.0937934287074428,0.313,0.1762724189260932,0.2778904665314403,0.2339013055985838,0.3922103598450484,0.078112609040444,0.6630715911500332,0.2574354579719802,0.1252703255874031,0.3305996924654023,0.2245088273065774,0.0,0.1694756554307116,0.6033542398574872,0.2877906111951426,0.2481865284974093,0.5212123888297612,0.5347782575530365,0.1933233682112606,0.3419910141426118,1.0,0.9190811869627497,0.7284206080956446,0.1580832196452933,0.3589663760896636,0.3965590614322597,0.5213462897908617,0.0
139.4602531,-30.06836301,0.3993474978608791,0.4695719669486387,0.3740735131765584,0.4967904057200485,0.6788842126309947,0.4603745007173278,0.4190962637826144,0.9728980877792304,0.9935403151439988,1.0,0.2589769570193081,0.5352961904389022,0.4641104498128259,0.4029850746268657,0.562479176195589,0.4603379152348225,0.3815898198644851,0.1870286319188351,0.3875338753387533,0.2047272786086011,0.7208847329682705,0.2253147779986745,0.4235235977267111,0.3408423605846874,0.3551939676555214,0.5924518750331194,0.3696414950419527,0.6108430593424489,0.28344431356523,0.3489524758659178,0.0844660760932212,0.4181111111111112,0.408104423007182,0.427288708586883,0.3505200265545476,0.5689010001860424,0.4567803330689927,0.3895509573750321,0.3030821963383502,0.5291822466964954,0.5911498376900735,0.335166196063129,0.0121247112927129,0.3187682064086558,0.6079441068653625,0.8827844847976638,0.3910189982728843,0.7785284400371864,0.2404530524099202,0.7757847533632286,0.5520563292019509,0.0062692011831408,0.0020754477130535,0.327936831156315,0.3998787327573139,0.4360038743600386,0.5148540589340984,0.7817205938981515,0.0
139.5132503,-30.0653737,0.2444763055914109,0.4275688546068132,0.2278033621943194,0.6759088764310551,0.5985507413441308,0.3134538161778665,0.4783556648795663,0.9161147997470932,0.7902187067211291,1.0,0.33980383139198,0.2123644336556908,0.3396884767268509,0.2614513638703037,0.7517662710389024,0.2585910652920962,0.5066931085770947,0.3362583117539184,0.43931475029036,0.315034596980172,0.5236583589538121,0.5028651619693603,0.5437361008154189,0.0308564911957764,0.0740152792935807,0.8043189858213575,0.2567505720823799,0.6819567025094403,0.6096060001442343,0.0404691739392528,0.0944394427363861,0.3173333333333334,0.0598095263631541,0.174685598377282,0.2398760787784909,0.2549296280392459,0.2244250594766058,0.6989035947477975,0.5955409279858972,0.4037773400437079,0.4982060481804203,0.2990051302218339,0.0300230965829658,0.1935081148564295,0.5946998433186996,0.3172875176695543,0.3134715025906736,0.467517713115773,0.1460059745070441,0.3756851021425013,0.2711298799775903,0.0,0.0020038805614929,0.5907469620487373,0.400181900864029,0.3603154836031548,0.3760934573495813,0.3904912644280221,0.0
139.5516649,-29.9658425,0.2285890562582709,0.3452360681251167,0.6200143700793147,0.62456895062557,0.4810814366491046,0.6606243447543433,0.4826545524983362,0.4326722644369393,0.6039171238772298,0.8788276623642952,0.1267627894519747,0.1838612427078031,0.40142634729264,0.2104992279979413,0.5523675432925977,0.3049828178694158,0.4035696579077839,0.3397476387272543,0.1361788617886178,0.3607518695170614,0.5464912498928893,0.4794760846684599,0.2372127501853225,0.3169643809675602,0.2895128484968747,0.7165723102502111,0.3011441647597255,0.7399195774261802,0.3093103199596144,0.0449166627876467,0.0480307716539463,0.228125,0.0974109378032178,0.1459634888438133,0.2571365346315558,0.3777279515234671,0.2391950832672481,0.4495268101208564,0.2231618805665355,0.2600536424740501,0.2230266529984623,0.7992848232060619,0.8083141135283362,0.306062734082397,0.6936869821535744,0.2225465094697795,0.2314119170984455,0.5228290070425459,0.397093327982373,0.2749128051818634,0.2876891424417661,0.0,0.0093037306562646,0.5448216715779537,0.1086857662573897,0.2278953922789539,0.4024154831136667,0.3717489617066275,0.0
139.5669995,-30.06683696,0.3993474978608791,0.4695719669486387,0.3740735131765584,0.4967904057200485,0.6788842126309947,0.4603745007173278,0.4190962637826144,0.8974425501417357,1.0,1.0,0.2854014027163751,0.3708547042010884,0.395046151410992,0.8651569737519301,0.0841731505733669,0.5356529209621993,0.4764501735250371,0.2044465961134876,0.3072009291521487,0.1707564299393799,0.5839190790918751,0.625891708572097,0.6152705707931803,0.017228810792015,0.1040777854945927,0.8761805983314248,0.7977116704805491,0.6821718318003852,0.340176446549196,0.0351765545154205,0.4998826993080612,0.249,0.1140910316001739,0.2941176470588237,0.2302500553219739,0.2910542310762766,0.1510705789056303,0.4898599590231401,0.3664034056359347,0.4442388001865329,0.4264479753972323,0.51705588650788,0.0450346448744488,0.3405118601747816,0.2830517930971825,0.3223105550251945,0.4046632124352332,0.4990105498566803,0.2927108277713037,0.4090682610861983,0.4514870673678552,0.000204430472541,0.0,0.6700679758305196,0.3437926330150068,0.4225819842258198,0.3961984300847954,0.4635272127288075,0.0
139.4353818,-30.2011492,0.3993474978608791,0.4695719669486387,0.3740735131765584,0.4967904057200485,0.6788842126309947,0.4603745007173278,0.4190962637826144,0.9331264070850523,1.0,1.0,0.3280241535793375,0.1725852550800673,0.4060804897953163,0.3098301595470922,0.4742700505030186,0.3539518900343643,0.4774417451660884,0.0686578122747079,0.3228803716608594,0.3263096621792507,0.4026551608036434,0.3026546602736522,0.1997776130467013,0.010623015298511,0.5041174719714259,0.5472482677417185,0.3258581235697941,0.4617521629338881,0.5997980720690403,0.9489078859618711,0.2266708402267257,0.5136666666666666,0.7248082504419194,0.4116024340770791,0.4984509847311353,0.4371795429972379,0.5955590800951625,0.3532491325302096,0.1014816909369181,0.3067728847171185,0.557662737057919,0.2259244265744353,0.0935334900453005,0.4837702871410738,0.4662784500552537,0.6911086676616276,0.4746113989637304,0.497054991247456,0.3307498465997744,0.8305929247633282,0.756014709716684,0.0265078192696401,0.0206113421918196,0.4575685056840312,0.2100954979536153,0.3540888335408884,0.2877080146303409,0.2620301343377205,0.0
139.652459,-29.85077536,0.5430229586455532,0.4984928119589903,0.2588403610951172,0.6329402816558458,0.5111609213170822,0.2477730378320179,0.615360926307694,0.7173331754540984,1.0,1.0,0.2113499436706636,0.2380486276966446,0.4287517418668301,0.3381369016984046,0.4256120511451342,0.484106529209622,0.4625681705503223,0.2487286826717649,0.1962833914053426,0.5699933735061857,0.4371141738922156,0.433633493158695,0.2435137138621201,0.3985672132438566,0.2142077587062208,0.6386150502493018,0.6146453089244852,0.7795902238202683,0.6612418567754035,0.1771266883232154,0.1020874806212052,0.7996666666666666,0.1906345620339745,0.4909939148073022,0.5575348528435496,0.2215208756692124,0.1847739888977,0.667357638711086,0.2793542219932808,0.1058801573183321,0.3423885187083547,0.3517035181994726,0.0023094688939639,0.2378277153558052,0.4747073985274007,0.3109635536892832,0.6227979274611398,0.252910471774317,0.5169868411015589,0.3721973094170404,1.0,0.004361183615938,0.2385333455475961,0.4033182454039859,0.2960436562073669,0.3403902034039019,0.3738778699772231,0.4863529761330562,0.0
139.5500722,-29.9538656,0.3544590312605954,0.4359877040308282,0.588282490049657,0.5985092458293753,0.5757082107419401,0.5484157117723044,0.3255901600938116,0.4951406248318604,0.6475282357027043,0.95803422028887,0.1041712218135201,0.1904389021573157,0.4108563303017892,0.4107050952135873,0.4408501272994843,0.2628865979381443,0.2692117005453644,0.3456508663849681,0.2531939605110336,0.5365173963463323,0.4775866001691907,0.4326979300666588,0.3187546330615271,0.0267627840336269,0.2954658200218276,0.7033021238085968,0.4659038901601831,0.7110949982232492,0.2291160845212626,0.0452787232766196,0.058493291293663,0.4113333333333335,0.0943893183477886,0.476186612576065,0.234440694843992,0.2771351736010262,0.1443298969072164,0.665181821394531,0.2693248494877082,0.2954251935374494,0.4095335725269092,0.384397805334891,0.845842943235832,0.3152309612983769,0.5466751337762861,0.1994036218349368,0.2937823834196891,0.4325112858150083,0.4094473872797593,0.3562531141006478,0.3767279996365453,0.0,0.0058685073813577,0.5084168643544186,0.2623919963619827,0.4881693648816935,0.4005979652402973,0.449810021746636,0.0
139.6323133,-29.89194407,0.6359960385413662,0.4211569668707011,0.3352218485007404,0.4415470725886462,0.6335929340543929,0.453235919071501,0.2649155393211216,0.8834578350694455,1.0,0.953171938012975,0.2042099040895594,0.4297404173681532,0.431738703452966,0.3834276891405044,0.4186536615678296,0.324742268041237,0.2469013386217153,0.2589013556698964,0.1750871080139372,0.337123893865023,0.8219132332016881,0.6198105484738627,0.1467753891771683,0.0260622141542772,0.285941065581903,0.7865678717905258,0.3601830663615561,0.696130988439793,0.4971032957523019,0.0787746843250571,0.4230051430825891,0.1113333333333333,0.2391996468063694,0.1909127789046654,0.2066828944456739,0.0405846791084111,0.1328310864393338,0.5210560544382707,0.4260204273165454,0.0973744345363316,0.3593029215786776,0.6854334762323864,0.0,0.2103620474406992,0.4184613651252376,0.2873446501211493,0.3082901554404144,0.4365287919724834,0.3393715372529337,0.3906327852516195,0.3537589730150184,0.0068143496646732,0.0,1.0,0.2505684402000909,0.2420091324200913,0.4690363761579134,0.4600320140008919,0.0
139.3032186,-30.13155578,0.3993474978608791,0.4695719669486387,0.3740735131765584,0.4967904057200485,0.6788842126309947,0.4603745007173278,0.4190962637826144,0.3885800730615991,0.1411383347087255,0.1951832271882883,0.1884717720241631,0.140323401589601,0.3446069181727256,0.5218733916623779,0.1560207056648873,0.3092783505154638,0.4913237481408031,0.4768306167013237,0.0934959349593496,0.4916546020363417,0.4085798671551353,0.3704829844462636,0.6067457375833952,0.2827184109211927,0.2984423057843041,0.3104828450338672,0.4947368421052632,0.7620447090235833,0.1947883362580831,0.1901449196207187,0.0492063753801187,0.4426666666666668,0.2003370479193751,0.1578904665314401,0.3059305156007968,0.4085855199557986,0.2969865186360029,0.4359207307484113,0.1953452569415927,0.2646946472446971,0.6068682726806764,0.2744391363873162,0.1304849872210721,0.1338951310861424,0.5751233540449671,0.552613292115111,0.2248704663212434,0.6833810562382531,0.3505545596008791,0.3472845042351769,0.4042749848298596,0.0,0.0039361938125267,0.6592363769072921,0.273306048203729,0.3441261934412619,0.4407436170093422,0.8128364163268351,0.0
139.4780244,-30.09173122,0.3746748386097737,0.4107035809668667,0.5829539574381842,0.8336650374280707,0.1977589761025672,0.5475417519394129,0.6317715141620885,0.6929514128404277,1.0,0.9433858020377228,0.560640345030831,0.2131474883520613,0.3647569756808911,0.3602676273803397,0.5837050082483204,0.2736254295532646,0.5156172533465542,0.38129258932097,0.2981997677119628,0.4896928370565501,0.3052970061495638,0.1571745994620512,0.1917624166048925,0.0526078713651287,0.2011112213513246,0.7983232130689901,0.365045766590389,0.5896586643375556,0.2686362652948389,0.069358206701248,0.1226227208309718,0.4146666666666668,0.2180110655859045,0.4236105476673428,0.4089953529541935,0.180372364438743,0.1363996827914352,0.5692138268589754,0.3788440257148363,0.3840898967325388,0.3726294208098412,0.1665184990696502,0.0190531182950829,0.1732209737827716,0.4390494166409818,0.6435862233284797,0.5036269430051813,0.3466450266224829,0.1241233094931575,0.3368211260587943,0.1153625991551053,0.0073594975410168,0.0007872387466154,0.3567618860541021,0.3042291950886766,0.4806973848069737,0.3787529684039857,0.4942852820119598,0.0
139.4359653,-30.08320504,0.3993474978608791,0.4695719669486387,0.3740735131765584,0.4967904057200485,0.6788842126309947,0.4603745007173278,0.4190962637826144,0.7221659638679399,1.0,0.9867768820420698,0.2661503194307028,0.7730315962569985,0.3884452768457912,0.4445016297821237,0.4737840453994452,0.4858247422680412,0.3753098661378284,0.161216319705432,0.8530778164924505,0.3773926078200432,0.4069305160041023,0.3612832807079094,0.818631084754139,0.3789694208508625,0.982240301617224,0.6769454340050653,0.545995423340961,0.6064464715478463,1.0000000000000002,0.4508452493107034,0.1302632910343299,0.301888888888889,0.4802845935690832,0.8950912778904666,0.4768754149148042,0.5598802966315946,0.9352365847211204,0.0254931748645973,0.1857352646566475,0.4572639583928911,0.8156500939689048,0.0162651828790461,0.0011547344469819,1.0,0.0,0.866110973624107,0.8051813471502589,0.0,0.1993133705718221,0.4927752864972596,0.2284409320714491,0.0154685732607091,0.0038646268198648,0.410594852167352,0.1646202819463392,0.7656012176560119,0.943985779869116,0.4672458012793175,0.0
139.6318878,-29.95289985,0.6573415316651305,0.3342302987917542,0.3782412762985563,0.7181271441515815,0.6747615863175526,0.5685512950816204,0.3192439521328651,0.8971652733703334,1.0,1.0,0.2907037870580029,0.1083747699776829,0.3422245603030595,0.5048893463715904,0.3536446368193142,0.2856529209621993,0.3648983639067924,0.4203680818391803,0.1959930313588849,0.69472734470753,0.5728769306616569,0.5501110981171792,0.306893995552261,0.0481418835174944,0.3115388431392004,0.5662067104549591,0.3917620137299771,0.9281972133956716,0.4497944662131302,0.0474001770632703,0.1651576215293534,0.1483333333333333,0.1095071555211105,0.3680324543610548,0.2670944899314008,0.092091652600014,0.1635606661379856,0.7174354940527115,0.7336455319878024,0.4126862836535767,0.4279856483854433,0.4693410554446149,0.0,0.2484394506866417,0.5878931615105201,0.4200847581030909,0.1906088082901554,0.5398351720704314,0.2525174359877223,0.3420528151469855,0.3368140291699201,0.0080409320838521,0.0,1.0,0.1300591177808095,0.0660024906600248,0.4069845574546263,0.4520448599205401,0.0
139.2922758,-30.15181477,0.2411154446711656,0.9557012382887412,0.1536322300324623,0.7988344018084051,0.7040683315801948,0.1732175595058569,0.7104781792491242,0.5471717620300748,0.3917890418413,0.4999027149567304,0.462088719127422,0.042493768189708,0.2905628039452607,0.4060730828615543,0.3332555713428282,0.1859965635738832,0.4962816063460585,0.6676724214528048,0.093205574912892,0.6234721731650523,0.2064905160807235,0.5304642731844228,0.33765752409192,0.0736720640130902,0.1871217382676853,0.2169501054744886,0.1826086956521739,0.7432646784447058,0.2348854539772591,0.0881015348317882,0.0625757396806759,0.3684166666666667,0.0223290063491677,0.4055172413793103,0.2697499446780261,0.4035348950902844,0.365136796193497,0.2522874042172701,0.4863013782978423,0.5269458456050307,0.3194515633008713,0.7109310504323301,0.1287528870728707,0.2803916978776529,0.3921114320866413,0.5698741649959418,0.4195595854922279,0.6046922665164471,0.446049136921871,0.4706651718983557,0.6600176040319019,0.0,7.156716149172535e-05,0.3389095528237819,0.1409731696225557,0.3682025736820256,0.4868557459099214,0.4468710428190876,0.0
139.4408974,-30.07163069,0.3993474978608791,0.4695719669486387,0.3740735131765584,0.4967904057200485,0.6788842126309947,0.4603745007173278,0.4190962637826144,0.9453219683986622,0.9789400790059491,1.0,0.2461229474332782,0.3649034885086723,0.4238975355763649,0.3813690169840453,0.4265720906016482,0.3244201030927834,0.3626053544868616,0.1610176213295188,0.2413980836236933,0.3634139659606564,0.5237880431663315,0.2566951233773827,0.4229058561897703,0.3989518270278717,0.211566127592023,0.5424981575318708,0.3578947368421053,0.6074105669654308,0.1501838986514099,0.4106364887904504,0.0969294378431183,0.1123333333333333,0.3497308186546445,0.1987018255578093,0.1512502766098695,0.4919861898282234,0.2135210150674066,0.6657022318448176,0.1189544366848091,0.4197101425875464,0.3015120451050743,0.5799406568741455,0.0086605084324843,0.2276841448189762,0.7756561154943008,0.5960365120302225,0.3211787564766838,0.4762742521862208,0.2744514820300825,0.2579098156452416,0.3346490843230685,0.0085179369295443,0.0053675368437379,0.5304346010138906,0.0900409276944065,0.2278435035284349,0.6952504165495983,0.8186215901284051,0.0
139.6382667,-29.87261271,0.7103723646253546,0.5357388412474083,0.2116925346606943,0.5378245808038662,0.5288041812432525,0.5130994082445649,0.6092678682051307,0.8499277261761703,0.9978532632118882,1.0,0.2090675375262202,0.2822129125719432,0.4269004457986448,0.3767370046320124,0.3026230298240869,0.2473689862542955,0.2953644025780862,0.2617808893055244,0.2944976771196283,0.4036118785581616,0.4541878999700599,0.3729388375628581,0.3691623424759081,0.0283181520276092,0.2376103780136918,0.7199667359808,0.3967963386727689,0.7037815461942637,0.6408687708839156,0.0773526574152674,0.2478363745987431,0.219375,0.1780680508987143,0.3528600405679513,0.2680902854613855,0.0721189446900444,0.1233148295003964,0.6505615583960525,0.4178082101990711,0.1341532932471077,0.562532034853921,0.3062948687894687,0.0,0.2839419475655431,0.501642927717126,0.2699972505243536,0.087240932642487,0.8339018297337812,0.359399925571863,0.4327354260089686,1.0,0.0007495784056211,0.0829463393048983,1.0,0.0928262846748521,0.2369240348692403,0.4470250719553787,0.4882204647403498,0.0
139.2764393,-30.15702692,0.3993474978608791,0.4695719669486387,0.3740735131765584,0.4967904057200485,0.6788842126309947,0.4603745007173278,0.4190962637826144,0.2844948138811044,0.386240978748241,0.5483409229569556,0.5473980012662676,0.2812732469362985,0.1946037735355474,0.3508106021616058,0.7313953532943409,0.2071520618556701,0.3600024789291026,0.5083382411064092,0.3338777584204413,0.445578662507835,0.2841584777569076,0.1797450590574201,0.5780207561156413,0.3305639872312395,0.424608096041274,0.5877401926389219,0.6782036613272311,0.7140230404428766,0.4775595567201134,0.3376931371823289,0.0326715433307822,0.4686666666666667,0.3257015135690207,0.4719675456389453,0.3670059747731801,0.823977511229542,0.5313243457573352,0.3777812924566764,0.1903889073236451,0.5359026571450008,0.4090210148641723,0.2085382375987202,0.365617792573126,0.4519350811485642,0.2926956551627026,0.8473888362041107,0.5098445595854919,0.472553710840915,0.6713989142436394,0.4678624813153961,0.297463660195588,0.0,0.0048273984277201,0.7210563251275226,0.2989427012278307,0.499896222498962,0.8799323175214084,0.4026771660465158,0.0
139.5627874,-30.03945065,0.3993474978608791,0.4695719669486387,0.3740735131765584,0.4967904057200485,0.6788842126309947,0.4603745007173278,0.4190962637826144,0.935660880132476,0.9479904938962848,1.0,0.5092055679670126,0.3893347950354333,0.491022228897032,0.6742151312403503,0.160348364869524,0.3835910652920962,0.1710461080813089,0.4327264157348216,0.3818234610917538,0.3537297780913114,0.4997537856220304,0.4574903520056135,0.4299481097108971,0.2049253192235547,0.2281972417898601,0.85076421556708,0.6215102974828375,0.7583178654186165,0.1362292362797182,0.087927221307222,0.0850726166729523,0.3306666666666668,0.2825226636822991,0.204868154158215,0.3160544368223059,0.3492985952113229,0.3310864393338618,0.2063132287817885,0.6191641466577835,0.4628993149377384,0.4351614556637622,0.109246629081876,0.0005773672234909,0.2403245942571785,0.4494718152953012,0.4777906319343555,0.2269430051813471,0.7310032259697122,0.355593771190215,0.2879920279023418,0.3344864502735317,0.0,0.0,0.3975527406621062,0.2223738062755798,0.1892901618929016,0.5011698757275213,0.5362566037162928,0.0
139.5956155,-30.06063746,0.4797761408725211,0.3603249839186297,0.5287764513090141,0.2969289981134041,0.6298141501484092,0.3717093514098654,0.3586867779574514,0.8761685923762246,0.9190306223756266,1.0,0.1899235321271767,0.2355428526682588,0.4085778671751762,0.5980442614513641,0.3997110040873721,0.6030927835051546,0.5830441249380268,0.16957503114073,0.485191637630662,0.358480937957847,0.6186706667731261,0.5847269325225121,0.7375833951074873,0.0121498705275681,0.3505308066276416,0.886047809088357,0.5006864988558353,0.7263371794898197,0.1419986057357148,0.0093082897817478,0.3777495237255265,0.3214583333333334,0.1010193679281466,0.3930223123732251,0.2757247178579333,0.2293114384649483,0.1736221252973829,0.3467910641072095,0.5254403144720023,0.3823782383272057,0.5176832393644285,0.3580012809122107,0.0040415706445564,0.0441635455680399,0.4427357523549448,0.3021398345847181,0.2667746113989637,0.3891442278955425,0.35729219902396,0.6210762331838564,0.296819109926878,0.0,0.0,0.3001252925842768,0.212369258753979,0.2652552926525529,0.4018129376404032,0.4220643939190487,0.0
139.4109777,-30.11957602,0.3993474978608791,0.4695719669486387,0.3740735131765584,0.4967904057200485,0.6788842126309947,0.4603745007173278,0.4190962637826144,0.3065535232766122,0.9526141669307806,1.0,0.3789148774173987,0.2419247484436787,0.4412843317262681,0.3661219763252702,0.5762434080742684,0.5077319587628867,0.6236985622211205,0.2330493717414221,0.2726480836236934,0.3513616345555758,0.5050187205934266,0.534206525552567,0.3652705707931802,0.1833692131142665,0.0585375533287032,0.733371090932802,0.3838672768878718,0.5211157843777264,0.168249236760499,0.5376475274893718,0.0392102084754718,0.2423333333333333,0.2170534984867863,0.3499391480730225,0.1693820535516707,0.5237752732997581,0.2636796193497223,0.6152675332620647,0.1649426936413783,0.2682165491971199,0.2639671963095849,0.7987065122364287,0.0034642031807068,0.2699750312109863,0.4839301631627148,0.6131518704339094,0.2616580310880829,0.5534614161924553,0.1904247697452124,0.5440956651718984,0.5497724859946084,0.0029301702892387,0.000214701474544,0.7479960886451277,0.4115507048658481,0.2092154420921544,0.505641532192626,0.9540020620846908,0.0
139.6635799,-29.88344743,0.5502844711313094,0.6245779005219171,0.4559947899755542,0.5585808253840311,0.6868597844328801,0.179660346731442,0.5233923946239246,0.7229370767000329,1.0,1.0,0.226629571642323,0.2857758114404291,0.4079789736587314,0.3899897066392177,0.487684334472266,0.4471649484536083,0.5344571145265246,0.2704281126515515,0.2479674796747967,0.2588938348634142,0.6610256386500255,0.3746930183604257,0.2404095626389918,0.0286767880402778,0.2421867248734995,0.3980269054841097,0.3041762013729976,0.8201563317657197,0.746628524724152,0.0828745002575279,0.1413146055798804,0.5233333333333334,0.1507895247117098,0.2905476673427992,0.2489627129895995,0.1027689541611985,0.3013481363996826,0.5282014328843726,0.2834428315478324,0.0885168492264675,0.6437724243977448,0.1092301106607402,0.0098152427192272,0.2637328339575531,0.2901050287291882,0.2217921800995964,0.3310880829015543,0.49766488021458,0.3455781118130837,0.6771300448430492,0.3767279996365453,0.002044304838883,0.0,1.0,0.3465211459754435,0.4620174346201743,0.3692226570011697,0.4179651152548075,0.0
139.4876031,-30.07234769,0.6567232302577423,0.5958371334303685,0.3691295049662785,0.5882425212808582,0.5849964887260545,0.6640854718834996,0.2049952531189756,0.6082958099584227,1.0,0.911760838877187,0.2342767743855569,0.3834879866358665,0.2828043064125747,0.2434379825012867,0.6670515368128352,0.0700171821305842,0.0961824491819534,0.308074276600319,0.1056910569105691,0.4397297032541411,0.6764977153407913,0.2727166413284995,0.3721275018532247,0.0134157654761806,0.3463637265601748,0.7847930516496151,0.3556064073226544,0.6366142052026322,0.6176831173826294,0.0519850610938283,0.1364300070527385,0.2636666666666667,0.1854554987681277,0.1487221095334686,0.2481743748616951,0.1973317228517145,0.1855670103092782,0.4553587782222703,0.4765166343229719,0.429639651361909,0.3131727319323425,0.6134296411847092,0.0063510392180421,0.3089887640449438,0.4194729178788189,0.4361515283048946,0.3041450777202072,0.5307816194843232,0.0984927051637209,0.2685600398604882,0.2205098978755954,0.0206474774807854,0.0,0.3651912157073257,0.3087767166894042,0.2158572021585719,0.4004702909081898,0.5175709216696426,0.0
139.5461794,-30.06431277,0.3195168575691435,0.871487200154283,0.0,0.9912480668779498,0.7804034065155823,0.0884242934015416,0.3605444810645993,0.9036263124249072,0.932704842626036,1.0,0.5097024019113265,0.3451705101601347,0.5140303592102153,0.793618116314977,0.0786409258536542,0.3221649484536082,0.3075111551809618,0.311556000536184,0.3072009291521486,0.4540683640084875,0.6933361318049844,0.4228745176002806,0.5845070422535213,0.0324110636447001,0.231620200416708,0.853584385040324,0.7185354691075514,0.6700852817528716,0.2573859948556456,0.047762520958147,0.2371657131991552,0.1788333333333333,0.0937443575028168,0.1431237322515213,0.2657667625580882,0.3222763952180396,0.1364988104678825,0.5719956344407982,0.3158023635056818,0.381711126539443,0.4248462327011788,0.4067185727082926,0.0987297904899048,0.1686953807740324,0.7101745199716569,0.3062373590672739,0.6553108808290153,0.2605533307722192,0.2210891293683459,0.4449427005480817,0.349998640916045,0.0011584393885274,0.0060116413666816,0.4491251539643627,0.2746703046839472,0.2303860523038604,0.397700877709349,0.4210430218478281,0.0
139.5507426,-29.96412474,0.2287378053929691,0.3451533233325799,0.6200300515397585,0.6243406739574048,0.4811177645704685,0.6607904200874177,0.4826273331555051,0.4386111879489988,0.6080632717154308,0.9113694771597128,0.1227430336732214,0.1540007569528731,0.4001647932489163,0.2444673185795163,0.7054462322869682,0.2890893470790379,0.3058998512642539,0.3570846029640473,0.235191637630662,0.3818335190654718,0.5685230354480737,0.4341012747047128,0.2605633802816902,0.1128389919759938,0.2942752257168371,0.7313930449599806,0.2526315789473684,0.7391032430679831,0.2625784273660425,0.0385731978896684,0.0534899546452054,0.5143333333333334,0.0845791668444266,0.383367139959432,0.2654348307147601,0.3042981878290275,0.1145915939730371,0.6479317251008994,0.2520268554297424,0.2479255805648605,0.4920553562275755,0.369693823385699,0.8412240368547692,0.316167290886392,0.5972013242220597,0.1828378525721434,0.0979274611398963,0.4181709017870727,0.3884331480293144,0.4235176880916792,0.3544623156836138,0.0,0.007514551708352,0.25362298595364,0.235106866757617,0.5085097550850974,0.4133747675705366,0.3704595903302164,0.0
139.482587,-30.08536895,0.5739362874032534,0.5724566527663765,0.3807188248211456,0.6457230585502054,0.5447276093274488,0.6293895485627907,0.3254294582058277,0.7285108125593482,1.0,0.8834395448027383,0.4909846844776382,0.2014016679065032,0.3095716996896565,0.2918167781780752,0.6145297229462471,0.5923539518900343,0.4040654437283093,0.3538739124477423,0.1687959736740224,0.5864199686482144,0.2515520726131087,0.2172065645343624,0.1929824561403508,0.0503265233526,0.2192677845024309,0.6975926335850466,0.2103737604881768,0.6123639535692557,0.409985816966754,0.0629713570828291,0.137280190670563,0.4783333333333333,0.2085097813733636,0.2830831643002028,0.3686656339898209,0.1862040411173339,0.3370340999206976,0.3972500052582204,0.3757338508324501,0.3558869955940609,0.4452417563642576,0.3449728717312458,0.0202078525818258,0.2292967124427798,0.4999459223720986,0.5870996792187748,0.3378238341968911,0.457419075005776,0.095478129159238,0.3917953828267728,0.3637382442701918,0.0097445193487232,0.0007156715950549,0.3958913765358209,0.2067606487797482,0.3975370139753701,0.3989063361386351,0.4518700374328456,0.0
139.6818002,-29.87751482,0.4004577723910853,0.781793607660024,0.3451062182794016,0.7021591772852458,0.590387968904506,0.2347895593446768,0.2795306979792303,0.7509208324939667,1.0,1.0,0.1977640208960219,0.3229317567832113,0.405919111411643,0.5676788471435926,0.206254731559125,0.3745704467353952,0.4238968765493307,0.134176477978585,0.6077235772357724,0.3265785221202932,0.4589193133647813,0.3831130861887499,0.8339510748702744,0.7489882470269021,0.6746701061613257,0.6263566710124235,0.848512585812357,0.7982725359623297,0.538354287362677,0.0721580444764023,0.0603200530102107,0.4933333333333333,0.3474184454246737,0.4654766734279918,0.6006859924762119,0.7114409722774498,0.6804123711340204,0.2180980007541659,0.1966382565732198,0.3598963621322882,0.4915427985648386,0.1762789382913488,0.0173210168649686,0.6217228464419479,0.2748898544969174,0.5307558616920254,0.8901554404145076,0.2862968756478341,0.8774987055991039,0.7369207772795217,0.3767279996365453,6.814349399903175e-05,0.0,1.0,0.4220100045475216,0.692818596928186,0.2968234988694517,0.5177282152468654,0.0
139.6303805,-29.88897707,0.6118923655918271,0.4744117233695177,0.3171300432160535,0.4735330109797885,0.6074837957658723,0.4351238893516845,0.2894609510244108,0.8226464287186285,1.0,0.9905862947851528,0.2026575487227485,0.1739556007987157,0.4392357974850751,0.3030751415337108,0.5424440177346093,0.2517182130584192,0.2002974714923153,0.2564346584739195,0.2566782810685249,0.3748506661270284,0.7583423481879212,0.4621681674657935,0.2183561897702002,0.0267160532868594,0.2597479908721103,0.70436945873717,0.390675057208238,0.6839194230044502,0.4942186110243037,0.0752355775263988,0.3714226894945148,0.2093333333333333,0.2320968559238149,0.3369574036511156,0.1734482186324408,0.0245037780203276,0.1637589214908801,0.5408692939919014,0.4352110791061851,0.0977428941292453,0.1834956432598667,0.6064676224634666,0.0,0.2487515605493134,0.3387415094854119,0.2484858589677087,0.3621761658031088,0.6696624293224246,0.3116249727270643,0.5186846038863976,0.3767279996365453,0.0036116051346683,0.0,1.0,0.4665757162346519,0.3806558738065586,0.459232179629252,0.471850767470195,0.0
139.6279617,-29.87364015,0.6032954858247253,0.5010579725254445,0.2191586987752337,0.5611184441782736,0.4211649640348369,0.6961480531227433,0.7748482715481082,0.6801480184450429,1.0,0.9745472260900916,0.1969669591387317,0.264672487373243,0.4317878308867717,0.7967061245496657,0.0776882762191903,0.3200171821305843,0.6752602875557759,0.2626150996738302,0.3214285714285714,0.5489261288795927,0.4165409391411823,0.48649280785873,0.2112676056338029,0.0275002930051579,0.2442702649072329,0.6868387644019749,0.5020594965675058,0.6684900708171932,0.7402822183225557,0.0721451589546427,0.2925591470783647,0.2720000000000001,0.223323016979216,0.7445841784989857,0.3995352954193407,0.0839501811069907,0.2509912767644725,0.4021913027494872,0.4052627947216647,0.1551135581163209,0.3526396719630957,0.2662556294447978,0.0,0.1454431960049937,0.5808849601829068,0.2629313327041985,0.6512953367875648,0.3118305088493586,0.3629799553166017,0.7877428998505235,1.0,0.0044293269491838,0.0697064167428905,1.0,0.377444292860391,0.8032378580323786,0.3960402591926691,0.4773359031689602,0.0
139.497936,-30.09316168,0.3589363886238771,0.7208044409146118,0.2606858443586134,0.6764213820444519,0.5142551990535152,0.4193826115840125,0.3053729081101691,0.9826036641121496,0.8956208336338596,0.9851192086947616,0.6178992823614753,0.2098586586273051,0.5321548325606961,0.523932063818837,0.3048279523334905,0.2959621993127148,0.1105602379771938,0.3680183230229791,0.2578397212543554,0.4285767918155488,0.4460432680579697,0.244649748567419,0.4392142327650112,0.0462934496246479,0.2014088699275722,0.6356502832007871,0.4389016018306637,0.6524043252771468,0.6497031178634103,0.0618971778559365,0.1249958745280359,0.3420000000000001,0.134074995269101,0.1425557809330629,0.4579552998450987,0.4266965124917873,0.1601903251387786,0.5367670656147159,0.2419276060833927,0.3043361791324317,0.3598154792414147,0.5873447222357819,0.0773672100309004,0.1491885143570537,0.6666597049161819,0.3883095980975138,0.3186528497409327,0.5296369561183423,0.316257291183486,0.4344793223716992,0.3123960660528445,0.0025894527152267,0.0042224624187689,0.2982437382418773,0.1241473396998636,0.3856371938563718,0.2869900570257491,0.3379029574809079,0.0
139.5344189,-30.11356335,0.3261489747757147,0.5655343895790119,0.4105645346342754,0.5301381056473065,0.4426309647785124,0.5099331231560915,0.6126394058831222,0.8089407369591114,0.9188502451259992,1.0,0.0,0.0964723385928506,0.2570625898701336,0.152856407617087,0.6250648894321768,0.1086769759450171,0.2216162617749132,0.2090375777313021,0.2036391792489353,0.327625925523265,0.6421918909338962,0.3662729505321014,0.2305411415863603,0.0628841548002063,0.3460660779839269,0.764894113986109,0.2123569794050344,0.7771937839118586,0.3744080386547754,0.1758586169472354,0.2250431835810471,0.0938888888888888,0.2563955522841578,0.1227586206896552,0.2793759681345432,0.3546166215662399,0.2262754427702879,0.5742681215476597,0.6559267538163422,0.7273064696736716,0.3731419784725781,0.5340884200887395,0.1120092386331863,0.2407407407407407,0.5462292845043073,0.5453644952359478,0.3488773747841104,0.6359905428441797,0.3622815932126306,0.2752034545756519,0.3601932739603839,0.0079046454173605,0.0027911193875577,0.5000351393891302,0.424435349401243,0.1357409713574096,0.2908810005515758,0.3256628566726529,0.0
139.4972334,-30.06354345,0.3993474978608791,0.4695719669486387,0.3740735131765584,0.4967904057200485,0.6788842126309947,0.4603745007173278,0.4190962637826144,0.6488106651057093,0.8887714023738625,1.0,0.209038734624114,0.3793116949218904,0.9415553466316666,0.5261622919883343,0.2887365877932477,0.5473940435280642,0.4546355974219137,0.6167505895287474,0.2959736740224545,0.2841159549552939,0.7197841328903684,0.440806143530971,0.4180874722016308,0.0779250134945137,0.3645202897112809,0.8116647117650753,0.609153318077803,0.6585157541912672,0.6584533282050051,0.0792881780352959,0.1050338781746776,0.3261111111111112,0.2068945492168702,0.242839756592292,0.3510732462934279,0.1941899314277169,0.1459159397303727,0.3724463664381512,0.5585686505796859,0.3770412490490522,0.5409191867418418,0.2989490978121272,0.0057736720746707,0.3670411985018726,0.3287903645936236,0.3394155098237401,0.4286701208981,0.3389018225848761,0.1448982808855343,0.4921109450257432,0.3730813678111725,0.0066780623929929,0.0,0.357475719586676,0.2673942701227829,0.2782620727826206,0.4557519420494388,0.5548544856715765,0.0
139.649237,-29.88951788,0.5349135242180616,0.4964327758886181,0.4376690274233877,0.5768767899619641,0.6613525524122191,0.3196857135103701,0.4630974720027229,0.8914094847009946,1.0,0.9954543754959824,0.2191731155989612,0.4722341855578612,0.4137301569488234,0.2223365928975811,0.9031862700434024,0.2729274054982817,0.7539043133366385,0.2686163173172712,0.289924506387921,0.1895781053418042,0.9031376588312716,0.7359957899660857,0.1830985915492958,0.0280479935261897,0.2407356880642921,0.6293926563598693,0.4013729977116705,0.7570535607437138,0.6064328469434364,0.0829248142523166,0.2914491040343806,0.1368333333333333,0.2156673139841602,0.3981338742393509,0.156229254259792,0.1036930739880083,0.1954797779540046,0.5840166227166494,0.3888034816543102,0.140522054863866,0.3858277806253203,0.2737594195559744,0.0005773672234909,0.1973704744069913,0.6888786355892538,0.2584242257669352,0.2735751295336787,0.6549337073758839,0.3395543614274561,0.2352391629297459,0.5639905221664209,0.0131516944836542,0.0,1.0,0.3742610277398818,0.3499377334993773,0.4297835823691097,0.4427137536999037,0.0
139.6358094,-29.872035,0.4127323959818737,0.3340680886615964,0.4368413024415962,0.4650776598708427,0.2337294958011765,0.9777419634400266,1.0,0.8143183098246792,0.9990627252846552,1.0,0.2036000576143999,0.3066442190987041,0.4239195296429378,0.5347400926402471,0.2145739810264097,0.3440721649484536,0.8701041150223104,0.26305187081524,0.3504645760743322,0.4578012007060679,0.3789503197655071,0.4158577944100106,0.3054114158636027,0.0275505327506705,0.2603432880246057,0.7133168447625238,0.4407322654462243,0.696236379339854,0.6580687035746051,0.0779616116807708,0.2575457904796286,0.382,0.1892165033854325,0.5641379310344828,0.4211938481965038,0.0769227572765338,0.1324345757335447,0.6399343434479058,0.4171791994561127,0.1603151115446239,0.5028190671450539,0.2263364132431776,0.0,0.2169163545568039,0.4169501411559227,0.2693649085242618,0.1699481865284974,0.4709545053764022,0.3589571236716561,0.4484304932735427,1.0,0.0,0.0820875341217661,1.0,0.1700773078672124,0.2357824823578247,0.4302719849919861,0.4846858575752178,0.0
139.5731965,-30.04186835,0.21706502663795,0.6931256567648453,0.1871139487122647,0.929065464798842,0.5034456194668725,0.0,0.2615713122549358,0.8411273804552243,0.8754270495968861,1.0,0.4800180350148736,0.2648813019589418,0.5282281962375679,0.6062789500772005,0.3635248800505106,0.2492482817869415,0.2073004462072384,0.3799054384957088,0.2129427990708478,0.3583211722537204,0.5983712324602887,0.528885510466612,0.3624907338769459,0.0411485651252068,0.2050550649866058,0.8560059011595242,0.5578947368421054,0.7260725331364606,0.2107622779393735,0.0673647059567331,0.0920917903770771,0.25,0.1290213835185804,0.3671399594320487,0.2385483514051782,0.1203784573894493,0.1201923076923076,0.6576664933488177,0.6646981048359979,0.3652528215010584,0.4226037929267042,0.4789590961777915,0.0005773672234909,0.0498985642946317,0.6371573436712323,0.3593227062660063,0.3130181347150259,0.5585891432499233,0.2520938787374651,0.3215620328849028,0.4850400258328454,0.0,0.0,0.6594257677768296,0.222544338335607,0.1301369863013698,0.3413190959119721,0.4266662426158583,0.0
139.5825359,-29.84103928,0.3993474978608791,0.4695719669486387,0.3740735131765584,0.4967904057200485,0.6788842126309947,0.4603745007173278,0.4190962637826144,0.3025948631584007,1.0,0.9351954505911884,0.1002579775872878,0.4849718752854887,0.4219524248822296,0.3345342254246012,0.567646985519915,0.3465957903780068,0.607709469509172,0.1427380503466239,0.4471907665505226,0.5334808709457162,0.2196811349719851,0.2374576072973921,0.8202372127501855,0.9577974785051008,0.4589865065978768,0.5331433802873011,0.265903890160183,0.6331696038257462,0.2892617611000264,0.5125315672699202,0.0429287662780994,0.3526666666666667,0.3467993887786512,0.3768762677484787,0.372648816109759,0.5374042506342656,0.5538758921490877,0.4357659768768391,0.1075971459898817,0.2233584576648998,0.6307022039979497,0.3517002843937481,0.0023094688939639,0.5237203495630463,0.3836869248930291,0.5140902382190986,0.8869818652849738,0.3670147400262618,0.7826131339733392,0.6816766317887394,0.3700036409446552,0.0047700445231957,0.3633464807506174,1.0,0.4505457025920872,0.6589871315898711,0.475001694478784,0.5216190984964485,0.0
139.620897,-29.83546697,0.582273356030852,0.5007775613244172,0.2497585298784371,0.6428310966195998,0.5227575613238875,0.4134806820609682,0.4221348375136177,0.7880473043207522,1.0,0.921425574578998,0.1380330329460215,0.2320974120042284,0.4154953082412965,0.5244467318579518,0.0509112389015425,0.3710266323024054,0.4038175508180466,0.2773401656889817,0.2683289779326364,0.6925946167597018,0.2414816731010539,0.6934276692784469,0.3847294292068201,0.0228801973290604,0.2029715249528723,0.6974336608122345,0.4608695652173913,0.7600432615379547,0.4091564701074545,0.1082336510830337,0.1198370273853235,0.2896666666666667,0.0865943854476944,0.1068559837728195,0.2458508519583979,0.0683365870115818,0.1188045202220459,0.5571074446614104,0.3017542582863347,0.0379071979500368,0.3387365453613531,0.6417575919793538,0.0,0.1861735330836454,0.4985127632384786,0.267575726430879,0.558743523316062,0.5968225634699048,0.3167300316357169,0.2840682610861983,1.0,0.5499861416642614,0.9187791931118066,1.0,0.3037175989085947,0.2732461602324615,0.4104789211393362,0.4501855275997725,0.0
139.4804904,-30.09187503,0.4932681809951643,0.5371891434353706,0.3964974715712864,0.7157377139472221,0.4770648626443819,0.570814320081663,0.450458630859384,0.7477291935455711,1.0,0.9666404754966836,0.6155353957366891,0.2950941623272385,0.3855065625362424,0.5246397323726197,0.3086237309108143,0.3457187857961053,0.3607254999173688,0.3861904745546803,0.3651277584204413,0.488447657079996,0.2949941608365514,0.0741433750438544,0.226139733135656,0.0531580402259639,0.1970681615239608,0.7876558769377862,0.4503432494279175,0.5930121850443112,0.3030601697156182,0.0693906188897797,0.1228202767551547,0.4143333333333334,0.2401953885144655,0.4890601757944557,0.3703252932064619,0.1658455613659361,0.1908538197197989,0.5596303197309141,0.3662286936713312,0.3718813426194585,0.2921578677601231,0.35407033656027,0.0329099310179101,0.1935081148564294,0.4665659703739062,0.6472145656183765,0.3264248704663212,0.4450705621519447,0.1235318754754696,0.3619000166085367,0.3905881145507243,0.0051107617946134,0.0007872387466154,0.5694475311217968,0.3303774442928604,0.424830496748305,0.3613321799214346,0.4692638919295459,0.0
139.5407719,-30.04157892,0.3993474978608791,0.4695719669486387,0.3740735131765584,0.4967904057200485,0.6788842126309947,0.4603745007173278,0.4190962637826144,0.6751991382876716,0.9260574965943996,1.0,0.4052189397340139,0.2641243490857836,0.5054574987479584,0.4606922285126094,0.0213454394673482,0.0489690721649484,0.1695587506197322,0.2590400367723668,0.1623112659698025,0.4255225306728217,0.3395171133005596,0.2975090632674541,0.3412713120830245,0.4072212297958875,0.0106161325528326,0.5627708503314564,0.4827803203661326,0.6924365579530823,0.0262506310247842,0.1715358833776959,0.0329292925411035,0.0793333333333333,0.3229151802587529,0.0572008113590263,0.1388858154458951,0.632854421335136,0.0,1.0,0.3053186922217542,0.6940284757198472,0.1527421834956432,0.9214993254419412,0.0,0.0,0.99977826399612,0.6504966650495747,0.1709844559585492,0.9833329660415324,0.1619621730276909,0.2202291978076731,0.4370236652726176,0.0,0.0,0.3516906989256843,0.1041382446566621,0.0684931506849314,0.4589104405828805,0.7483584211710226,0.0
139.6629756,-29.90712505,0.4599017887803441,0.6247869577795908,0.3162103950804265,0.6575756893159697,0.5671608517294195,0.3645556040013095,0.4076298913709323,0.8543351522868315,0.8982932500743289,0.8691933830068138,0.35855882569773,0.182295133315062,0.4350991218568888,0.2314290615886087,0.4190396612977776,0.1722508591065292,0.129400099157164,0.3182705020245821,0.1846689895470382,0.4176891794292429,0.4468430383617801,0.2636728647721513,0.2589572522856437,0.0438767987487443,0.2373251314614545,0.8311751432728023,0.513348588863463,0.849376847254571,0.5371042573138776,0.0664302080529619,0.1220119598195639,0.1072222222222222,0.1571702618701227,0.1655983772819472,0.2367780482407612,0.1541390105776305,0.1866243721913823,0.3641627760188863,0.4593583939465601,0.5392584459828453,0.433623782675551,0.2729851835523434,0.0560046193165931,0.2155638784852268,0.3729872332227433,0.3959399624946634,0.3309153713298789,0.6093162621874575,0.3381562376086084,0.2908154791562862,0.4552023255745567,0.0,0.0,0.3847238576861411,0.2452629983325753,0.2074166320741661,0.4096048154886652,0.4382445669083246,0.0
139.5565474,-29.95323964,0.3672008796221997,0.413426461183106,0.5885369470902329,0.5746451629735632,0.5716790226081038,0.5684646247342503,0.3350759732008004,0.6253260655320745,0.738414754518513,0.9792034033682044,0.1103595496856436,0.367409263537058,0.4103262677338644,0.4462171899125065,0.2715978442893053,0.2457044673539519,0.4734754586018839,0.3451886102017567,0.2685830429732868,0.4643770413221958,0.5080940616978444,0.3550461934276693,0.4633061527057081,0.0274328479851613,0.299335251513047,0.6796506018979771,0.5377574370709384,0.7185417494692057,0.2827712204620304,0.0468395623980924,0.0628207829090431,0.332,0.0979191269566081,0.2921703853955376,0.1880947112192963,0.3247024944204002,0.183980967486122,0.6802998701289065,0.270443117292071,0.353077983886363,0.4028703229113276,0.534133550684455,0.9688221563111626,0.5284019975031212,0.3065131774332822,0.3130162257821666,0.2243523316062176,0.4038255446711003,0.3847288153410367,0.3712007972097658,1.0,0.0,0.0113076108999603,0.175438086323478,0.4233742610277399,0.2718970527189705,0.3775494285503317,0.4576135435651377,0.0
139.2798572,-30.17281791,0.50035021658253,0.4379910692308609,0.2899507516862325,0.3805656711222958,0.7225333804116107,0.4139250821451397,0.2339513128059956,0.4639819065258969,0.5885562187894793,0.8315327530844581,0.6549130673831467,0.2678047061587252,0.2549268344116538,0.2743180648481729,0.4988575248768314,0.5041523482245132,0.6655098330854402,0.5540101544193369,0.5116144018583043,0.473601352200018,0.2366515951031165,0.1825907301290297,0.3227081788979491,0.2340747610093145,0.6405397360849291,0.6472518192611112,0.350419527078566,0.7091054705849915,0.7496093656097502,0.4743794267123911,0.0175982219450441,0.854111111111111,0.3999178285344574,0.7515077755240028,0.5742420889577341,0.5842821498436481,0.622521808088818,0.2415245236394087,0.0,0.1494585415287534,0.1568426447975396,0.3382088003374551,0.4364896065376653,0.7867249271743658,0.1213464358510303,0.6062064100419131,0.6262521588946458,0.2047142223690948,0.6513477385096559,0.825942534462714,0.3227439059020919,0.0,0.0127389545667661,0.3342563627379908,0.5614673336365014,0.6252940362529402,0.8064065474299492,0.1803445745380164,0.0
139.6618382,-29.89803992,0.3373780317482423,0.6261853388303582,0.363552597866741,0.6747743204440814,0.6393396143107604,0.138213671943385,0.6488727794064335,0.979932420548886,1.0,1.0,0.27832431262637,0.3288829724756274,0.3988837509929859,0.4704065877509008,0.289537304827151,0.3290378006872851,0.6202280614774417,0.3056512437759621,0.1971544715447154,0.5107181828056657,0.5521957274708452,0.2142439480762484,0.4469977761304671,0.0371285039342675,0.2704633396170255,0.6004561353531019,0.4045766590389016,0.828556928218579,0.625183297675425,0.0739568406415723,0.1711459870703153,0.4453333333333334,0.1554197660017314,0.4249087221095336,0.3842664306262449,0.131424298773342,0.3358445678033305,0.3477230971342159,0.3014047946318061,0.1751512256184602,0.2168118913377756,0.7161707044536735,0.0294457281576815,0.2562421972534331,0.4867416676220926,0.3158524321367906,0.2559585492227978,0.8459088581013852,0.3504083002612612,0.4265072247135029,0.3267724647278999,0.0019761613543401,0.0,0.2767033502420516,0.2069122328331059,0.3453715234537152,0.3641222037177243,0.3855780669212869,0.0
139.4542501,-30.08666585,0.6165798736097814,0.7385814062554823,0.411268130472761,0.7034739071846005,0.022469389082843,0.4474310610382443,0.4226938634319515,0.6674058208117994,1.0,0.7710804298669233,0.3868488054940092,0.2498466517886274,0.3371220640243043,0.2624806999485332,0.695593841769875,0.1391215635738831,0.1695587506197322,0.3442925986070821,0.0582171893147502,0.4813241625667885,0.5556300108606343,0.2927143024207694,0.4492216456634545,0.0422315212624075,0.199064887389622,0.3274082308059168,0.1922196796338673,0.5803781979513251,0.2570975263828458,0.060251850711108,0.1079396503493507,0.441625,0.1071490987696275,0.2388235294117647,0.5133879176809031,0.3044516326169763,0.3002577319587627,0.4955359715292348,0.4780892009056897,0.3507633700162503,0.3450153767298821,0.5309926319320787,0.0,0.2211298377028714,0.3980414462901716,0.6204294302214053,0.5455958549222796,0.433281488916694,0.1445348194285293,0.4218360737419033,0.5847426984247475,0.0378877816422058,0.0003578357975274,0.3782535504619106,0.4020009095043201,0.3225404732254047,0.2958211592081765,0.4231804388916019,0.0
139.6256955,-29.88329073,0.5746241119436916,0.4637075864326388,0.2720739366224928,0.4598876318863946,0.4448989890696798,0.671497402162795,0.8293168116367536,0.6961683688004671,1.0,0.945396851315588,0.198787200835552,0.1651853881993657,0.435660956659851,0.178932921598902,0.6427404631768456,0.2206471935853378,0.3042472318625019,0.2615707226608006,0.1970576848625629,0.5465748956208228,0.5132819586598532,0.3366467859509608,0.1788979490980973,0.0266323920483977,0.2718523663061812,0.6938600618678437,0.275209763539283,0.6635037634111511,0.5363350080530782,0.0720143387894468,0.2813148446052697,0.3981111111111112,0.2096501445302987,0.4957674104124409,0.3280593051560081,0.0438466251261543,0.2236320380650275,0.4204722203770757,0.3982736805323797,0.1373615367884987,0.3423885187083547,0.3620746114468035,0.0,0.2846441947565543,0.406879494311455,0.2175441093308744,0.4383419689119169,0.4392119449812104,0.3994645750210649,0.5113768476997176,0.3843288776897582,0.0036797487705084,0.000214701474544,1.0,0.569652872517811,0.4855403348554032,0.4055347421537156,0.4564809924350123,0.0
139.5320045,-30.05142678,0.3195168575691435,0.871487200154283,0.0,0.9912480668779498,0.7804034065155823,0.0884242934015416,0.3605444810645993,0.7980154071680728,0.8855230139979844,1.0,0.4319187787099606,0.298918079427848,0.3766814680190944,0.4714359238291302,0.5751569314927063,0.4222508591065292,0.3862171541893902,0.4676607163854807,0.2604529616724738,0.4537064223334384,0.5492629739936189,0.5402876856508011,0.3087472201630838,0.0738410721854891,0.2540926679234052,0.8369114108251063,0.5647597254004577,0.7088990863290405,0.1515180653381091,0.0580682082222993,0.0875960375985646,0.2556666666666667,0.1797052210610165,0.1439756592292089,0.2026997123257357,0.1667996376721557,0.3734635210150672,0.334641575485549,0.6109868480980372,0.4270926785810957,0.3952460276781138,0.2582944915497871,0.0028868360373353,0.1157147315855181,0.5829831296853141,0.364888499021908,0.2908031088082901,0.5424092541879669,0.1600101313240971,0.338129048330842,0.3423065342876662,0.0,0.0,0.4580700444168555,0.2814915870850386,0.4092984640929845,0.4268608860242889,0.6613577868762353,0.0
139.5420363,-30.07176211,0.4071827265773974,0.7133184893607605,0.1405929581811558,0.9396407197295196,0.6597149165312356,0.1205444092710809,0.3010468254577612,0.978893848201491,1.0,1.0,0.6489134106971214,0.2430601777534161,0.4916607937100571,0.3305884371247212,0.4695806842944082,0.2780641466208476,0.3838621715418939,0.3790414531035649,0.4674312814556717,0.4287269308926353,0.6108730829649962,0.4294234592445327,0.3921423276501112,0.0459224934141796,0.1130320468300426,0.8169492410835255,0.3708619374523264,0.6624141592227327,0.3555614317651867,0.0428666792465036,0.3259884813297461,0.3108611111111112,0.1561360150369536,0.2406220419202163,0.3328169949103785,0.439546715269098,0.3060401797515197,0.3820256804645631,0.1732247677369688,0.3186888176146384,0.1947719118400819,0.7714721118820589,0.2332563515603156,0.2375156054931336,0.5554350816919124,0.2703117385882735,0.3790587219343695,0.4313403655536929,0.3190116817075406,0.2673559209433648,0.4041449363954414,0.0051789054304535,0.0139555969377888,0.4408462294896607,0.0560860997423071,0.1515151515151514,0.4254887392190478,0.419292534381864,0.0
139.6195178,-29.82237671,0.3993474978608791,0.4695719669486387,0.3740735131765584,0.4967904057200485,0.6788842126309947,0.4603745007173278,0.4190962637826144,0.9809368274407276,1.0,0.6965052085604296,0.1117851590314167,0.4488469519595943,0.4174593417124441,0.3067421513124035,0.4126685325844357,0.4052298109965635,0.4537059990084283,0.2307305939755686,0.2693452380952381,0.6046440568660377,0.2101130899773528,0.5063735235644954,0.4670126019273538,0.656290614355812,0.1808339120944538,0.5224922045088889,0.3491990846681923,0.6207755581834994,0.2826991033438304,0.335476373990229,0.0910898797578658,0.2418333333333333,0.1878906380701525,0.218498985801217,0.2438592608984289,0.4130421801433593,0.0995241871530531,0.4890827111123038,0.236055687114786,0.1344463418549012,0.4197847257816504,0.4788856707918203,0.0,0.2347066167290886,0.4867648866657672,0.3291512993915828,0.1751295336787564,0.7291641086025042,0.5571258886179528,0.304932735426009,0.3504278386019852,0.9871101984801844,0.8343386371274591,0.8580177872396216,0.2858117326057298,0.4178082191780821,0.423966538832566,0.5202758143906068,0.0
139.5833181,-29.99451328,0.216111096433673,0.3364000525893321,0.4095013038672402,0.823498417252251,0.574336408417191,0.1486056381632691,0.4505203900614101,0.8355080115263502,0.9273662389662244,0.944474251183914,0.3149746696347958,0.3943463450922047,0.4738860636002233,0.5748841996911993,0.2142471149902637,0.4252577319587629,0.2364898363906792,0.3543631827752633,0.3034262485481997,0.5364517381437068,0.565399347704806,0.576306864694188,0.6204595997034842,0.0401939282558394,0.3463637265601747,0.6938890001740057,0.6700228832951944,0.8501817765998365,0.169980047597298,0.009598758396846,0.1191475280144682,0.3906666666666667,0.2715177997816229,0.4310750507099392,0.2272626687320204,0.3468500990799992,0.1550356859635209,0.4758729185989492,0.4322406976306746,0.6094891523102449,0.7749871860584315,0.1443977567146913,0.0115473441493414,0.3124219725343321,0.4438028576506808,0.3766563023866991,0.4321243523316061,0.2523786333286428,0.5013328054540432,0.364225211758844,0.2104852845303081,6.814349399903175e-05,0.0,0.3891165095578084,0.1869031377899045,0.278538812785388,0.4174438639339714,0.4547115605417079,0.0
139.5833403,-30.02188812,0.3993474978608791,0.4695719669486387,0.3740735131765584,0.4967904057200485,0.6788842126309947,0.4603745007173278,0.4190962637826144,0.8519946559846469,1.0,1.0,0.3441779757753052,0.1249755295407384,0.2936971860820066,0.458569222851261,0.2461337207354139,0.25,0.1561725334655427,0.4196202657625819,0.1785714285714285,0.4083840725869438,0.5048891548535523,0.1927259969594199,0.1793921423276501,0.0450003147832039,0.2520091278896717,0.5936704783802667,0.3162471395881007,0.8168234938175248,0.2596937426380443,0.0575776373262466,0.1899788044459457,0.3596666666666667,0.130203185130932,0.2947667342799189,0.1369772073467582,0.0822907893533498,0.1736716891356065,0.7352931296913704,0.4417808130748428,0.2595382549290196,0.4449000512557662,0.3561943130429056,0.0005773672234909,0.2066167290886392,0.6489917787469728,0.1632713571989088,0.2901554404145077,0.2105269794995317,0.275814484362772,0.3507722969606378,0.3741905988081882,0.0030664572583246,0.0,1.0,0.166894042746703,0.3096720630967206,0.4224603183098686,0.4726250898858806,0.0
139.4856833,-30.07412582,0.6567232302577423,0.5958371334303685,0.3691295049662785,0.5882425212808582,0.5849964887260545,0.6640854718834996,0.2049952531189756,0.6133568302738719,1.0,0.8668131933734002,0.239135840446048,0.2224919410620831,0.2907200085542851,0.3499742665980443,0.0811367362063663,0.2190721649484536,0.1497273177987109,0.2960902330186039,0.2198025551684088,0.4370127913460124,0.6735860632331216,0.3789030522745877,0.3050407709414381,0.0179056497772783,0.3430895922214507,0.7296451900589027,0.3350114416475973,0.6313439731950304,0.589990143993846,0.0527422791579067,0.1415370471553151,0.4213333333333334,0.1613901880853998,0.1458012170385395,0.3152246072139855,0.2037026865902766,0.2648691514670894,0.2700085795209702,0.4824573575486712,0.4735122713807712,0.3018964633521271,0.6737942490374923,0.0063510392180421,0.2431335830212235,0.456908865600718,0.4803937091371633,0.2818652849740933,0.5412249904108969,0.0993866738261867,0.3447932237169905,0.2041394653463623,0.0209200520241458,0.0,0.353207015299361,0.1932696680309232,0.2598588625985886,0.4005307981844566,0.5199418911638375,0.0
139.58203,-29.95812945,0.1789336274374074,0.5330391841836061,0.3781195838281967,0.7366328305627782,0.473105131038368,0.3441996344051543,0.3882169137455313,0.8518512789477495,0.8965591301887059,0.7877339755060879,0.1442157968653445,0.2280255275831017,0.4047313591503383,0.391147709727226,0.5207914314106767,0.2939755154639175,0.1430961824491819,0.3655732881125336,0.1702598722415795,0.4368086654405003,0.5789092448867197,0.3942228979066775,0.2939214232765011,0.0323509204382686,0.2529764857624765,0.6944595921653107,0.3194508009153318,0.7826928592692051,0.3445395322002933,0.0477710184118294,0.0518249595922217,0.4115833333333334,0.0532523659103819,0.4090060851926979,0.4884930294312902,0.2165695579415536,0.2886597938144328,0.2734351899679719,0.3930318846157375,0.3994919256109571,0.3854433623782676,0.3805244013868197,0.1668591313545138,0.5312109862671661,0.4163250758353656,0.2253976412579236,0.7233160621761657,0.2013280627280967,0.3165250542448319,0.2336821126058794,0.3355054821473021,0.0,0.0029342536906788,0.2721694279587092,0.2324920418371987,0.3353569946035698,0.4077198560746334,0.4467819010639065,0.0
139.6462549,-29.9523697,0.5056457882484011,0.3368186362528084,0.3782887154235911,0.672721064095565,0.7285362477824846,0.5096632140152251,0.3504163062932149,0.7793735084848732,1.0,1.0,0.3967748543114685,0.3833444266081985,0.3093710496744401,0.2311717275690513,0.3282746226985965,0.3540950744558993,0.5409023301933563,0.4637665170480567,0.2797135114208285,0.6288855247073462,0.4991723826947136,0.4623240946477994,0.2487336298492711,0.0553151111996058,0.308760789760889,0.5502473285621459,0.3344774980930586,0.9701969779447216,0.3202240438472079,0.0354441274760652,0.2097678425439761,0.2478888888888889,0.0381187465935216,0.208870858688303,0.2440252268200929,0.0466514061567913,0.3341263547449112,0.424496361659573,0.5951915040566904,0.2328281873725539,0.4001366820433965,0.2955888341722935,0.0,0.1183936745734498,0.4054371263773808,0.1796885521006935,0.2335060449050086,0.5221090426795818,0.2278706815835848,0.3695399435309749,0.3059613665410827,0.0096763763180718,0.0,1.0,0.2335531302107018,0.2541165075411649,0.4047447331288801,0.4500523235459864,0.0
139.2879912,-30.17658869,0.50035021658253,0.4379910692308609,0.2899507516862325,0.3805656711222958,0.7225333804116107,0.4139250821451397,0.2339513128059956,0.6061890797822578,0.6759388120934957,0.9218488633282148,0.6602045494574267,0.202341333542148,0.39839228335103,0.4436438497169327,0.5341970638239161,0.4192439862542954,0.6688150718889441,0.6878708461830816,0.3263646922183508,0.4722542625191602,0.4742763380255382,0.387323120102912,0.3687916975537436,0.1764512908923181,0.330290703442802,0.7798094619241418,0.3729977116704806,0.7130489808337435,0.3139258155244117,0.5136261942327722,0.0452492688486924,0.3573333333333334,0.389741320596992,0.4447058823529412,0.402190750165966,0.4837199387991003,0.4377478191911179,0.5538352860540616,0.0546896814787957,0.2272851950380711,0.2152742183495643,0.4102462690210757,0.4711316505229055,0.5976903870162298,0.2779479788426534,0.4876890162510771,0.5601036269430049,0.279221142985487,0.5568985393215012,0.4803188839063279,0.6058076369192156,0.0,0.0253347757838029,0.518855036046392,0.2273760800363801,0.3931091739310916,0.8140146940438648,0.1519177194262858,0.0
139.4068948,-30.14170154,0.379969383486945,0.6465519854679318,0.2059264869904289,0.5365010711212044,0.5343391334377534,0.7867061776249861,0.2259381944647615,0.7314261155636574,0.9521093762196126,1.0,0.3288351332771382,0.3473630633099722,0.3623957546417097,0.3793103448275862,0.4805251166339458,0.4647766323024055,0.2865642042637581,0.2518821380316905,0.2319976771196283,0.5336834185150942,0.4759981498431987,0.2521342533037072,0.393254262416605,0.0256877360443333,0.2427820220259947,0.7730749167647877,0.4270022883295196,0.2798716666472173,0.1812303180364913,0.1229924858667926,0.0633401740572557,0.4206666666666668,0.0459497057479759,0.3921298174442191,0.2495435937154238,0.5057029706368631,0.3291038858049166,0.4631501241587614,0.3687098180854373,0.3759825509997654,0.3162480779087647,0.6510460616646305,0.0115473441493414,0.0543071161048689,0.4571926757240368,0.4888409605301839,0.4544041450777202,0.5631938266730978,0.0619229825555312,0.2775286497259592,0.6669313766586444,0.0029983136224845,0.0009303731291859,0.6317365487261916,0.1455206912232833,0.1166459111664591,0.2650628883390966,0.2620942835480317,0.0
139.4005924,-30.1544141,0.3533205102531678,0.6633974333964788,0.2549295405486081,0.4544448318079885,0.4664730115994036,0.8070169266982088,0.2368644746439151,0.9794693484053782,0.9623980137482394,1.0,0.2892767647869773,0.2129908774127873,0.3813586934484873,0.4753817121290102,0.3867252009149966,0.3486540664375716,0.4116674929763675,0.22694553432966,0.3579171506000774,0.3051627200934391,0.5989275426958494,0.3896620278330018,0.4400790709167285,0.0185718908122878,0.1601349340212323,0.7923348628042421,0.4471395881006866,0.2273862118642109,0.5969133873410419,0.0823634721786523,0.0527406443096696,0.269888888888889,0.048154836833732,0.2445706558485463,0.4520911706129676,0.6250626377424336,0.4998678297647367,0.462637410025323,0.4056472166592427,0.4891122778391428,0.4753118059114982,0.544715522225033,0.0040415706445564,0.3992925509779442,0.3344616870263714,0.6147557935586112,0.4462867012089808,0.4772994546846935,0.0660700843406351,0.0855339644577312,0.222667876155379,0.0010221524194415,0.000429402949088,0.3278013644158964,0.2819463392451115,0.351874913518749,0.124633522745821,0.375887319826299,0.0
139.5648829,-29.98854774,0.3993474978608791,0.4695719669486387,0.3740735131765584,0.4967904057200485,0.6788842126309947,0.4603745007173278,0.4190962637826144,0.6833881603015208,0.7959820215453313,0.7217711652766232,0.2160322239505077,0.9525077326651266,0.4227391127110994,0.3829130211013896,0.4746274654259492,1.0,1.0,0.1908623255195151,1.0,0.5701260650454838,0.1131909392162247,0.7035434452110864,1.0000000000000002,0.5924929577410732,1.0,0.3509097996755152,0.297482837528604,0.7429085846240233,0.9407678069184356,0.0055836926381919,0.0159978292879974,1.0,0.2768674300097697,1.0,1.0,0.9393683673968748,1.0,0.0,0.0749930152953214,0.2378549373775402,0.5879036391594056,0.1826375718899548,0.0323325651564516,0.9971910112359552,0.003141025188474,0.7095284885557454,0.9145077720207252,0.0293225703650155,0.8582365605130592,0.9815645241654212,1.0,0.0,0.0,0.3668731675567958,1.0,1.0,0.5755017000879686,0.4230657395037891,0.0
139.5563862,-30.05397662,0.3993474978608791,0.4695719669486387,0.3740735131765584,0.4967904057200485,0.6788842126309947,0.4603745007173278,0.4190962637826144,0.8359802582443647,0.8596801980780969,1.0,0.5156081644315205,0.5269436070109497,0.6332625478108383,0.5702521873391664,0.4667944476141117,0.4050687285223368,0.4090233019335647,0.3542739851289578,0.432636469221835,0.2921077728714545,0.5778372242087927,0.5968892527189803,0.4692364714603412,0.0415020279448726,0.1159837285444985,0.7170365445708167,0.5931350114416476,0.6984357484903339,0.1365177047525181,0.0574769762726472,0.0925870406560985,0.239,0.0596470570451827,0.5086409736308317,0.259460057534853,0.1903472616837342,0.2172878667724027,0.5682481484393618,0.4661378378881923,0.3592736991367626,0.283444387493593,0.6054016156916641,0.0277136254456544,0.2974406991260924,0.1034257786636662,0.2764291604076458,0.3699481865284973,0.6336378191243675,0.1569603135543937,0.3228699551569508,0.3291233945417211,0.0,0.0,0.6104023557460628,0.2055479763528877,0.3677874636778745,0.3612051661564954,0.4525495996663166,0.0
139.5919574,-29.85112926,0.7557610956197717,0.2224712224352539,0.2456291309146739,0.7454210809204216,0.5617769928604216,0.5084351639390481,0.4464859067456169,0.428702456282129,1.0,1.0,0.1074666917824725,0.335773853803688,0.4180551957308653,0.1641791044776119,0.5734646306981919,0.1649484536082474,0.0356965790778383,0.2771342890262944,0.1640534262485482,0.6491900340898257,0.2881644688941085,0.3508361595135071,0.4273535952557451,0.0203101567653682,0.2817739855144361,0.6234121044048988,0.325400457665904,0.6305901349112208,0.3153681578884108,0.0523845169918082,0.1609364748618006,0.2283333333333334,0.1380923357753704,0.3233265720081135,0.4075016596592168,0.1617762459697413,0.2712133227597144,0.4055250282191606,0.3687796949262144,0.3846025774600934,0.5520246027678115,0.246748544400858,0.0190531182950829,0.1239076154806492,0.2438831055432533,0.2085346552756936,0.3694300518134714,0.3545142528396301,0.4086869611797003,0.3323368211260588,0.3333401012774401,0.0040886096777661,0.2771080566052978,1.0,0.2864938608458389,0.1498547114985471,0.4268414534007153,0.4705922532425339,0.0
139.6504087,-29.92298209,0.6242017118286329,1.0,0.181607439001072,0.920598838041747,0.5501896250721326,0.5419973713129277,0.255895442499727,0.9418936883804369,1.0,1.0,0.2277042830610254,0.1935711209427978,0.4396407944171009,0.2115285640761709,0.7175378552016651,0.2259450171821305,0.4610808130887456,0.2622211646401819,0.2571501161440185,0.2181270906989725,0.8980537288930172,1.0,0.1515937731653077,0.0293954662452591,0.2936055164202798,0.7969904537413661,0.2645308924485126,0.8567128661931562,0.3433495997499941,0.0700821529122198,0.1674469624185306,0.13275,0.2052861546120931,0.1885598377281947,0.3119052887807039,0.1756299203766872,0.3359932593180014,0.3323733868359268,0.5988607731159363,0.4892515602190906,0.6585084572014351,0.1586069376055896,0.0063510392180421,0.235330836454432,0.4164610137317531,0.3611686662044428,0.4213730569948186,0.496921166441148,0.2694966844734807,0.4593298455406078,0.6303315987089468,0.0058603405784774,0.0,1.0,0.1205093224192815,0.2868410128684101,0.4020972283900208,0.4613094637040079,0.0
139.605037,-30.06026567,0.4910976294221208,0.3500135205963868,0.5196457552941823,0.287640884860692,0.6236511531638388,0.4295523942460711,0.3753699753982102,0.965002187748572,1.0,1.0,0.1772554126462347,0.3079754120825339,0.4671421157642133,0.6313690169840454,0.0673203733120919,0.3439647766323023,0.3352751611303916,0.121917918021597,0.3247314169570267,0.239823539919175,0.6975959089437397,0.6402175184188983,0.4638621200889548,0.1016444259306058,0.2071386050203393,0.7806931137730178,0.7318649885583524,0.7086099638883683,0.0133777254260919,0.0877798502372439,0.358511465465506,0.4276666666666667,0.1928857691291057,0.4505476673427991,0.3109094932507192,0.4262150019959443,0.2390959555908007,0.319948550253341,0.4175636213936907,0.4506355797385688,0.5151204510507433,0.064931078455864,0.0161662825782258,0.2999375780274656,0.2643106402196231,0.3541128460010428,0.3326424870466321,0.1733405502835523,0.3339323431095289,0.3004484304932736,0.4728629109839662,0.0,0.0,0.360874514494667,0.3586289222373806,0.362961809879618,0.4489830719495351,0.2788831327072599,0.0
139.3292757,-30.16861019,0.3993474978608791,0.4695719669486387,0.3740735131765584,0.4967904057200485,0.6788842126309947,0.4603745007173278,0.4190962637826144,0.9189804613181504,0.6652881024070496,0.9197373195870172,0.4122757868492983,0.3786852511647938,0.3052964918711038,0.3499742665980443,0.2527258970873087,0.3316151202749141,0.5770946950917205,0.4935012320451443,0.4384436701509873,0.3544343954401237,0.5391969189273802,0.2521342533037072,0.2768717568569311,0.0454867970369141,0.204087707113801,0.6324848271199284,0.3299771167048055,0.5187707778599224,0.3837351859419698,0.1455744383254262,0.1426090765229258,0.1863333333333333,0.3020192090686841,0.406369168356998,0.1655233458729808,0.4662836244020456,0.4320975416336239,0.3699859896672903,0.2837573369193116,0.4814335115400651,0.5091619682214249,0.2781497652422283,0.1628175575051752,0.1061563670411985,0.8718977505606321,0.6192591266391074,0.3184585492227978,0.6252751951744073,0.2959125251931672,0.540857000498256,0.1674243000253747,0.0015673002957852,0.0018607462583718,0.5493609717975678,0.461118690313779,0.5114155251141552,0.3705911627962511,0.4700797376653583,0.0
139.5196157,-30.11255352,0.3431361157954152,0.4716127199022695,0.5053020839846938,0.5297329387614544,0.4769371180565067,0.5479092795312037,0.6567862298922031,0.7053795015403501,0.9439984140193112,1.0,0.068825555327259,0.2327238557613249,0.5245271708278821,0.3642134156802196,0.3334078681140857,0.2216852806414662,0.332961493967939,0.2973119009724332,0.2267469996128532,0.1645887514051894,0.7029797302524708,0.4785405215764239,0.2876204595997035,0.007218705982942,0.3970880047623772,0.9588719961004696,0.4227307398932111,0.8048971252102527,0.3893843602009664,0.0734609842254136,0.2583256070883669,0.1628888888888889,0.24581558748092,0.1874509803921568,0.2670944899314008,0.4788839394310505,0.3307890563045199,0.4287246182771886,0.4272784488024623,0.7229853442454485,0.3347001537672989,0.7851292501730472,0.2043880020832212,0.2060185185185185,0.5838037713561941,0.4649266081755133,0.3787564766839377,0.5812694760941588,0.3727687465135303,0.4440707523667165,0.6212012023338465,0.0166270120440479,0.0071567164272451,0.4824865377078629,0.2003941185387296,0.1545938840459388,0.390814395090553,0.3048109526531919,0.0
139.534684,-30.0623192,0.3401819094328766,0.8458086247894157,0.0263158255078083,0.9919988417670116,0.7584056197894814,0.0937920070407154,0.355442410482752,0.9488267577986678,0.8583673345822272,1.0,0.4717050346727917,0.3291961943541757,0.3206731318420838,0.3741636644364385,0.3833939711672256,0.2647837915234822,0.3812592959841348,0.4106391246563494,0.2431765389082462,0.6732122268793115,0.4324418964818153,0.2905313218726855,0.4185816654311837,0.0476762058421279,0.2059232066673281,0.7239884088930046,0.4593440122044239,0.6819976389978621,0.1785379456236928,0.046269019079418,0.1117078205676422,0.1568611111111111,0.1014645421222906,0.1928600405679513,0.3401194954635982,0.2922146455467069,0.2156026962727992,0.3788055922655181,0.4071847852335895,0.501816796894663,0.2210832051939176,0.8095827603897061,0.0513856821696217,0.1690595089471494,0.5852410360922571,0.3152647644411304,0.3884283246977546,0.2611688372443488,0.2242533653295685,0.2490450091346952,0.5477612972627186,0.000817721890164,0.005295969851076,0.3255405878684778,0.3123389419433074,0.3064203680642036,0.4352827409192621,0.4418090340661042,0.0
139.5657086,-30.07667195,0.3993474978608791,0.4695719669486387,0.3740735131765584,0.4967904057200485,0.6788842126309947,0.4603745007173278,0.4190962637826144,0.8676697389491472,1.0,1.0,0.2941558517654954,0.3885517403390627,0.4170228359609735,0.5146680391147711,0.3897595344183442,0.5609965635738832,0.4561229548834904,0.2216352374069953,0.3591753774680604,0.2407752560971632,0.5835881105024536,0.5547889135773593,0.3287620459599704,0.024116022824579,0.117174322849489,0.845038940812896,0.4590389016018308,0.6932546727803828,0.5340272602706797,0.0513585876200382,0.5408003504487577,0.3916666666666666,0.1350228947724391,0.2532251521298175,0.5292376631998231,0.3118233681457283,0.2196669310071369,0.5384764262974318,0.2574434030363096,0.4072337085203965,0.3808303434136341,0.5031378142516402,0.0669745988863889,0.1941323345817728,0.4525282464359335,0.2639869586389717,0.3528497409326424,0.4852578847922291,0.2636144697406651,0.351270553064275,0.4868935407241919,0.0038160357395943,0.0003578357975274,0.3051674367444056,0.3765347885402457,0.2652552926525528,0.3549019801287689,0.3745160610787852,0.0
139.6122402,-29.82304288,0.3993474978608791,0.4695719669486387,0.3740735131765584,0.4967904057200485,0.6788842126309947,0.4603745007173278,0.4190962637826144,0.8894263951777344,1.0,0.694327982254916,0.1083634301335288,0.3258551609829946,0.4177127565958538,0.2954194544518785,0.4701626040859483,0.3359106529209623,0.5587506197322756,0.199091827792879,0.2894889663182345,0.5879511608827164,0.0909935286947302,0.4598292597357035,0.2776130467012602,0.827022186765854,0.3008234943942852,0.4563829259483778,0.2073226544622425,0.5776598613848314,0.5573932065674654,0.5069981614667844,0.0769641644486932,0.216,0.217628472548632,0.1623529411764706,0.2269307368886922,0.5393441909215644,0.2846946867565422,0.4603609726947874,0.1947900955715761,0.1554617878102036,0.519733470015377,0.2492591566900974,0.0,0.2440699126092385,0.3869355703129425,0.4203465481671108,0.3025906735751296,0.5140846515642702,0.6554662248124198,0.4359740906826108,0.4662017506700844,0.9195650264253442,0.7233034222200274,0.674820460360019,0.3128694861300588,0.2739726027397259,0.4466696642738835,0.5128389729852869,0.0
