SA_TMI_mean,SA_TMI_dissimilarity,SA_TMI_VRTP_1VD_mean,SA_TMI_VRTP_1VD_dissimilarity,SA_TMI_VRTP_1VD_correlation,SA_TMI_VRTP_AS_dissimilarity,SA_TMI_VRTP_BigE_dissimilarity,SA_TMI_VRTP_BigT_mean,SA_TMI_VRTP_BigT_dissimilarity,SA_TMI_VRTP_CAUCHY_3rd_mean,SA_TMI_VRTP_CAUCHY_3rd_std,SA_TMI_VRTP_CAUCHY_3rd_dissimilarity,SA_TMI_VRTP_dissimilarity,SA_TMI_VRTP_PseudoGrav_std,SA_TMI_VRTP_PseudoGrav_dissimilarity,SA_TMI_VRTP_Tilt_std,SA_TMI_VRTP_Tilt_dissimilarity,SA_GRAV_1VD_ONSHORE_mean,SA_GRAV_1VD_ONSHORE_dissimilarity,SA_GRAV_ONSHORE_std,SA_RAD_DOSE_mean,SA_RAD_DOSE_dissimilarity,SA_RAD_K_std,SA_RAD_K_dissimilarity,SA_RAD_U_dissimilarity,AlOH_Group_Composition_std,AlOH_Group_Composition_dissimilarity,AlOH_Group_Composition_correlation,AlOH_Group_Content_mean,AlOH_Group_Content_std,AlOH_Group_Content_dissimilarity,AlOH_Group_Content_correlation,FeOH_Group_Content_mean,Ferric_Oxide_Composition_dissimilarity,Ferric_Oxide_Composition_correlation,Ferric_Oxide_Content_std,Ferric_Oxide_Content_dissimilarity,Ferric_Oxide_Content_correlation,Ferrous_Iron_Index_std,Ferrous_Iron_Index_dissimilarity,Green_Vegetation_correlation,Gypsum_Index_mean,Kaolin_Group_Index_mean,Opaque_Index_correlation,Quartz_Index_dissimilarity,Silica_Index_dissimilarity,DEM_9s_dx,DEM_9s_dy,label
-69.41382598876953,52.14285714285715,-0.008242495357990265,48.92857142857143,0.02270903167933527,96.50000000000001,105.28571428571429,426.14996337890625,23.35714285714286,1.3517013156174014,74.47205332492099,86.5,21.142857142857146,19523.9140625,19.999999999999996,39.52525329589844,81.14285714285717,-0.00025563614326529205,50.07142857142858,3.6805989742279053,640.8966064453125,32.285714285714285,1.212759256362915,37.49999999999999,51.142857142857146,52.08623504638672,51.14285714285715,0.26250212493625197,45.731544494628906,42.8203125,76.71428571428572,-0.23929355421238635,0.01342281885445118,62.857142857142854,0.18722812071197095,32.12001419067383,46.92857142857142,0.03321709653798691,62.08629608154297,49.00000000000001,0.21886715828781136,0.9395973086357117,0.02684563770890236,0.9183873614922993,73.42857142857144,40.38095238095237,7.121787071228027,13.455842018127441,1.0
554.5433959960938,66.04761904761905,0.3731916546821594,78.57142857142858,-0.12431458480942573,106.64285714285717,81.57142857142858,797.22705078125,75.2857142857143,-9.774557380168229,85.87624350827987,83.57142857142858,103.92857142857144,1697.5780029296875,121.92857142857144,41.71434020996094,62.78571428571428,0.0013896302552893758,35.50000000000001,1.2589046955108643,287.67376708984375,107.14285714285717,0.5468332171440125,65.57142857142858,112.50000000000001,28.620702743530273,75.07142857142857,-0.3020924059864009,88.77181243896484,50.510433197021484,53.57142857142858,0.20251145535526732,2.0,50.428571428571445,0.32902581652600554,16.38221549987793,60.5,0.0191488470844383,22.033720016479492,72.5,-0.059859030748225274,0.3758389353752136,0.0,0.09224705095317623,68.14285714285715,73.35714285714286,4.10776948928833,8.879504203796387,1.0
339.0130615234375,55.47619047619047,-0.0663159042596817,84.21428571428572,-0.10232101084413833,91.85714285714286,57.500000000000014,423.25653076171875,79.71428571428572,-7.79759529735518,76.25940141020567,98.21428571428572,94.14285714285715,1275.0035400390625,61.85714285714286,44.709476470947266,92.0714285714286,-0.002788581419736147,71.99999999999999,1.5688891410827637,337.1106262207031,131.57142857142858,1.053844928741455,81.3125,139.5,45.45503234863281,72.625,0.15214982032673968,62.0268440246582,54.440650939941406,73.1875,-0.11744766451622948,1.1744966506958008,35.125,0.1778001510193808,35.68199920654297,38.1875,0.6585704627826459,24.401432037353516,68.6875,-0.06013641974097831,3.3624160289764404,0.7583892345428467,-0.06995388344815161,95.92857142857144,78.35714285714286,3.4846019744873047,10.389564514160156,1.0
305.73248291015625,142.125,0.029630446806550026,73.87499999999999,-0.23114976391655584,58.666666666666664,53.47619047619048,443.5594482421875,57.57142857142857,37.883505914835325,86.50100799849848,111.42857142857144,109.58333333333333,1169.92431640625,78.23809523809523,40.23469543457031,114.16666666666669,-0.0033643813803792,70.28571428571428,0.9656060338020325,325.0047302246094,59.76190476190475,0.8099795579910278,56.14285714285714,84.25,44.05521011352539,63.238095238095234,-0.03529973845239771,69.14765167236328,49.033939361572266,59.52380952380953,-0.17652344753400018,0.7651006579399109,45.19047619047619,0.11412080077097214,33.8493766784668,72.04761904761904,-0.2006781511986875,24.071334838867188,93.4761904761905,-0.12043679956239008,1.644295334815979,0.926174521446228,-0.2831018064831037,58.57142857142857,63.23809523809523,5.447609901428223,-5.624907970428467,1.0
574.7078857421875,72.8125,0.18897037208080292,83.0,-0.1306786455751419,71.125,95.4375,685.7033081054688,91.5625,-35.288650109763914,84.5259805390529,93.0,76.1875,1893.7657470703125,36.4375,46.79499816894531,74.3125,0.002133062109351158,173.4375,0.4146367609500885,212.99232482910156,135.64285714285714,0.5981518626213074,93.85714285714288,156.35714285714286,20.238903045654297,84.28571428571428,-0.010276205541822696,147.38926696777344,64.24812316894531,108.78571428571428,-0.3540198360669359,0.01342281885445118,76.21428571428572,-0.0910116056378914,16.074247360229492,59.50000000000001,0.028987400070114164,25.695484161376953,60.21428571428572,0.2708757819881868,0.6644295454025269,0.0,-0.05991812822919451,103.5,130.0,-0.17175866663455963,-2.2083027362823486,1.0
737.5405883789062,109.7857142857143,0.27575719356536865,83.76190476190476,-0.19511453345665467,69.90476190476193,62.57142857142857,778.1130981445312,63.19047619047618,18.769418149386475,78.30526612885973,76.42857142857142,137.47619047619048,1692.4722900390625,73.61904761904762,45.60235595703125,91.09523809523807,-0.0024640560150146484,33.23809523809524,1.1025390625,424.39385986328125,163.61904761904762,0.6236125826835632,155.0714285714286,171.38095238095235,45.23027038574219,75.42857142857144,-0.014812500283026978,66.15436553955078,64.2405014038086,95.52380952380953,-0.3612312255710577,1.865771770477295,35.333333333333336,0.07124020231733308,27.307083129882812,62.809523809523796,0.056515755209865,33.1672248840332,102.04761904761904,-0.03143264019320847,1.201342225074768,0.20805369317531586,0.16236344334378203,66.1904761904762,74.04761904761905,-4.6100687980651855,-0.07059473544359207,1.0
-43.923553466796875,58.21428571428571,-0.012620129622519016,47.666666666666664,0.39128762125860206,87.33333333333333,46.619047619047635,511.2375183105469,52.33333333333332,50.34610008473364,93.68778707435975,83.14285714285714,61.142857142857146,1009.9130249023438,73.0952380952381,40.41262435913086,47.14285714285715,-0.0001096200430765748,96.76190476190476,0.77830970287323,367.2723388671875,27.80952380952381,0.6498268842697144,63.04761904761905,39.95238095238095,24.71504020690918,43.666666666666664,-0.11332185874635294,69.61744689941406,38.839473724365234,79.95238095238096,-0.20428422687053582,0.020134227350354195,38.095238095238095,0.6278846755196064,30.553884506225586,32.285714285714285,0.6509137608672386,41.18343734741211,38.85714285714286,-0.09434621922494309,0.16107381880283356,0.14765100181102753,0.048078855089129714,47.04761904761904,31.95238095238095,-0.5452848076820374,1.1201144456863403,1.0
317.328125,98.92857142857144,0.027395332232117653,70.21428571428572,0.054619953847066416,71.28571428571428,132.2142857142857,431.9493713378906,109.14285714285717,0.787445648804607,89.34525458030035,71.35714285714286,95.7857142857143,1141.4442138671875,75.28571428571429,43.18837356567383,81.78571428571429,-0.004086055792868137,64.21428571428572,1.2756390571594238,384.3289489746094,79.2857142857143,0.9649128913879395,63.7857142857143,94.14285714285714,46.32909393310547,101.21428571428574,-0.34002903178418764,44.07382583618164,41.45849609375,81.85714285714286,0.018511962126795248,3.0469799041748047,27.142857142857142,0.10822547756571596,31.446348190307617,68.35714285714288,-0.09595118980622412,19.569988250732422,75.21428571428571,-0.03821207596049985,3.161073923110962,1.4429529905319214,-0.2568507066222833,74.35714285714286,65.92857142857144,-17.328813552856445,12.403554916381836,0.0
615.7025756835938,62.75,0.20879121124744415,71.95833333333333,0.04213019544184108,118.79166666666666,54.041666666666664,894.7594604492188,62.41666666666666,10.090316509640457,77.40451115751263,56.45833333333334,74.125,2518.25634765625,73.04166666666666,45.181861877441406,62.50000000000001,0.002880218904465437,137.79166666666669,0.15071170032024384,282.79913330078125,91.14285714285712,0.5442783832550049,97.09523809523807,107.09523809523809,28.51641845703125,36.0,0.18333559362632595,108.78523254394531,51.93110656738281,76.09523809523812,-0.09794246994491368,0.4563758373260498,79.4761904761905,-0.30258918225145387,14.530468940734863,41.80952380952381,0.18700788998758608,35.67784881591797,81.04761904761905,-0.18469246680541684,0.30201342701911926,0.0,-0.42076885184336177,63.33333333333333,80.58333333333334,4.161980152130127,6.1679558753967285,0.0
-68.44608306884766,93.21428571428572,-0.03444834053516388,52.14285714285715,0.29167209340093037,78.0,60.21428571428571,515.4044799804688,27.928571428571427,40.59319588321967,81.6028790656547,105.78571428571428,96.42857142857144,14889.111328125,68.14285714285714,32.69865417480469,37.35714285714286,0.00016969045100267977,47.85714285714287,1.7351819276809692,56.212249755859375,44.142857142857146,0.45036157965660095,75.50000000000003,80.5714285714286,46.27956008911133,64.85714285714286,-0.2957674785574304,57.416107177734375,43.7342643737793,70.21428571428574,0.05434339802608607,2.2214765548706055,36.35714285714286,0.73883568047347,7.195275783538818,49.50000000000001,0.5394163275645897,41.05188751220703,81.78571428571428,1.0,0.0,1.3355704545974731,0.339527678563029,70.78571428571429,68.57142857142858,14.056243896484375,4.318114280700684,0.0
-36.864864349365234,35.14285714285714,0.337449848651886,75.4375,-0.0654779962814001,60.0,71.4375,753.660888671875,75.0625,-21.658119658495757,101.1395322141732,110.75,76.0625,759.7413330078125,96.3125,51.68014907836914,75.5,0.0013500228524208069,85.125,0.6797436475753784,259.0653381347656,38.42857142857143,0.6032695770263672,78.85714285714285,58.785714285714285,55.81687545776367,75.21428571428572,0.1786304849545941,87.89933013916016,84.83989715576172,53.07142857142858,0.6327069904745075,2.597315549850464,59.2857142857143,-0.16278196130662706,28.908205032348633,70.35714285714288,0.1365234771154245,32.796165466308594,44.857142857142854,0.11639851852829916,3.449664354324341,0.8120805621147156,-0.05451461166474927,46.6875,52.4375,-7.391942501068115,-13.348176956176758,0.0
92.47572326660156,72.35714285714286,-0.0421370305120945,63.42857142857144,0.4608972004955848,106.625,55.0,534.6476440429688,100.1875,-20.9449455114019,94.47122974264812,74.375,74.28571428571429,6223.79931640625,69.4375,48.32108688354492,59.500000000000014,0.001655654632486403,101.9375,0.4879295825958252,153.42843627929688,55.4375,0.9256036281585693,39.57142857142858,39.85714285714286,45.280033111572266,64.5625,-0.06422867264934691,113.61744689941406,60.26681137084961,62.9375,-0.09111642510066881,0.05369127541780472,52.25,0.4130518443038539,29.185710906982422,55.375,0.23892092376343774,43.031028747558594,31.625,0.012704174228675136,0.48322147130966187,0.0,1.0,69.625,50.6875,3.915827989578247,1.315183162689209,0.0
29.119232177734375,81.0,-0.0094629330560565,78.0,-0.4787633282609503,49.71428571428572,30.785714285714292,521.8057861328125,49.571428571428584,38.07130955009652,49.84941740236559,78.21428571428574,60.875,1174.0950927734375,69.07142857142858,44.11692428588867,89.25,-3.2029183785198256e-06,113.42857142857144,0.8594582676887512,243.8118438720703,69.92857142857144,0.5317518711090088,109.35714285714289,49.3125,15.860013008117676,35.642857142857146,0.6531242364763241,93.71141052246094,35.9356803894043,60.35714285714286,0.2529160695590878,0.0,64.5,-0.18650905788077293,15.27114200592041,76.35714285714286,0.09545159174004816,29.437843322753906,56.64285714285716,-0.11490440832977897,1.6912751197814941,0.07382550090551376,1.0,64.71428571428572,53.64285714285715,-0.4278668761253357,0.9638649225234985,0.0
-34.741756439208984,96.92857142857144,-0.019103828817605972,48.92857142857142,0.08835455123494323,54.571428571428584,84.71428571428572,521.775634765625,45.42857142857143,39.98170766524421,34.105283428831754,41.28571428571429,91.57142857142858,1022.4813232421875,54.35714285714287,28.560998916625977,62.571428571428584,-0.00019195320783182979,29.285714285714292,0.7687069773674011,171.6434326171875,54.9375,0.38210442662239075,48.6875,44.57142857142858,30.622331619262695,31.9375,0.013473050231072554,55.61745071411133,38.11561584472656,74.25,0.110667861945316,0.24161073565483093,45.625,-0.0959692640611282,18.352678298950195,49.0625,-0.012503998529231283,43.90736770629883,63.0625,-0.059985032222785034,1.1140940189361572,11.36912727355957,-0.06828380705997239,54.357142857142854,36.14285714285715,0.4451597034931183,2.4195046424865723,0.0
106.07955932617188,67.50000000000001,0.03804825246334076,81.50000000000001,-0.5757503427122052,105.21428571428572,80.0,418.8205871582031,126.0714285714286,-13.196643658132361,109.19406139423324,129.28571428571433,57.21428571428572,830.4185180664062,146.07142857142858,38.903289794921875,72.42857142857142,0.00042721052886918187,53.78571428571429,1.1836189031600952,270.9958190917969,43.57142857142858,0.44657614827156067,83.35714285714286,84.85714285714288,52.538658142089844,62.357142857142854,-0.0877418011099137,51.100669860839844,42.85792541503906,78.14285714285715,-0.04872792427741088,4.6308722496032715,62.07142857142857,0.17486201580938263,17.470827102661133,58.642857142857146,0.06448240804341993,31.254549026489258,69.85714285714286,0.026981642046670955,0.3288590610027313,0.01342281885445118,-0.02879908659160198,73.57142857142858,52.42857142857143,-4.851883888244629,12.320812225341797,0.0
263.8387145996094,44.50000000000001,0.051892392337322235,56.857142857142875,-0.16786430650575068,52.21428571428572,39.142857142857146,489.777587890625,26.357142857142858,16.18630069284231,69.92124466922425,59.21428571428572,73.64285714285715,13181.3447265625,23.85714285714286,42.04399871826172,99.14285714285712,0.0021574816200882196,45.78571428571429,1.263222098350525,116.30397033691406,27.642857142857142,1.510188102722168,31.85714285714285,27.499999999999993,59.216976165771484,39.50000000000001,0.30330399743119735,149.42953491210938,93.52889251708984,48.57142857142857,0.655833187168483,0.0,28.214285714285715,0.12951055684401053,34.439456939697266,40.21428571428572,0.7626042319946014,44.82913589477539,78.71428571428575,-0.11420291288065443,0.06711409240961075,0.0,1.0,56.28571428571428,56.928571428571445,-7.512385845184326,12.604195594787598,0.0
377.76434326171875,113.95238095238098,-0.14104025065898895,87.50000000000003,-0.4326839000883113,93.35714285714286,80.14285714285715,631.8800048828125,82.42857142857143,9.568166675583628,93.83456406999073,96.57142857142857,119.00000000000003,1880.283935546875,66.00000000000001,38.72042465209961,120.0714285714286,0.0022920777555555105,88.28571428571428,0.28132152557373047,175.89700317382812,109.35714285714286,0.5329952836036682,67.78571428571429,65.14285714285714,23.503854751586914,54.42857142857143,-0.08077962848212489,167.1409454345703,57.48031997680664,49.92857142857144,0.4264218251507643,0.0,74.07142857142858,-0.42069278731850657,17.457035064697266,54.42857142857144,0.21323429265890684,27.980182647705078,62.78571428571429,0.11880510246334311,0.8926174640655518,0.0,1.0,82.57142857142857,69.07142857142858,0.2506406605243683,2.03283953666687,0.0
240.6419677734375,63.875000000000014,-0.058501340448856354,41.875,0.5839724892873861,65.07142857142858,89.85714285714286,373.7061462402344,130.0,-25.361476653474288,60.19948052201562,40.92857142857143,56.1875,3225.496826171875,58.14285714285716,40.669979095458984,60.6875,-0.0004859462787862867,61.25,5.447465419769287,114.39337921142578,58.000000000000014,0.8249073624610901,97.42857142857142,34.5625,50.08051300048828,68.35714285714286,-0.5070835757304348,97.76509857177734,60.70893859863281,45.64285714285715,-0.012731918196617037,0.05369127541780472,57.5,0.08227684654757812,38.645599365234375,54.78571428571428,0.15312363320578348,36.8619270324707,50.78571428571429,0.06666666666666665,0.20805369317531586,0.00671140942722559,1.0,63.14285714285715,91.7857142857143,-12.117274284362793,-14.832133293151855,0.0
-32.767364501953125,87.07142857142857,0.0020218966528773308,38.85714285714286,0.024726954512052115,23.0,41.0,510.1075439453125,25.21428571428571,35.86235818206864,83.09456106604232,125.14285714285717,57.21428571428573,997.052490234375,72.78571428571429,45.65349578857422,57.85714285714286,-0.0001494527532486245,159.50000000000003,0.7004099488258362,409.7499084472656,67.35714285714285,0.5782654285430908,102.71428571428572,47.92857142857144,23.503097534179688,51.85714285714286,0.0152995747494389,71.32215118408203,34.001434326171875,63.71428571428573,0.19485981088471876,0.0,54.071428571428584,-0.1808021070418131,19.15023422241211,48.35714285714286,-0.05267247114352726,40.849910736083984,65.85714285714286,-0.037037037037037035,0.6912751793861389,0.34899330139160156,-0.037037037037037035,95.14285714285715,126.21428571428572,-0.5545572638511658,2.298116683959961,0.0
201.2330322265625,63.380952380952394,-0.20687738060951233,90.57142857142857,-0.5900139887220314,78.14285714285715,33.78571428571429,705.6798095703125,69.50000000000001,23.22755543217563,94.7055138612531,41.50000000000001,49.21428571428573,1891.5831298828125,80.21428571428572,22.756521224975586,63.78571428571429,0.00248533533886075,27.071428571428573,0.5832862854003906,177.38331604003906,40.142857142857146,0.30308836698532104,39.92857142857144,41.07142857142857,26.594465255737305,68.71428571428571,0.07312801533276053,128.17449951171875,49.35458755493164,94.00000000000003,-0.33483310733998994,0.16107381880283356,97.71428571428572,-0.2800335614234912,16.428298950195312,53.78571428571429,0.2619707574933478,22.730825424194336,71.85714285714285,-0.1049916020191568,0.7114093899726868,0.0,-0.1758490266301288,80.64285714285715,67.35714285714286,4.5310540199279785,2.747411012649536,0.0
71.92417907714844,72.35714285714286,-0.012548007071018219,38.5,0.22019614832688952,21.642857142857146,34.571428571428584,508.9206237792969,51.42857142857143,27.57472995183612,71.61297089486793,68.42857142857142,50.35714285714287,1211.4864501953125,66.07142857142858,38.826725006103516,94.42857142857144,0.0008939250838011503,151.71428571428572,1.4084619283676147,130.6722869873047,78.35714285714288,0.399075984954834,124.21428571428574,119.85714285714282,17.309520721435547,67.5,-0.4263656047601994,71.14765167236328,28.875892639160156,55.7857142857143,0.1954331781477483,0.02684563770890236,62.7857142857143,-0.20963387375514467,15.967432022094727,53.85714285714287,-0.24034819914641362,31.29452896118164,86.14285714285715,-0.1290322580645161,0.42953020334243774,26.033557891845703,-0.037037037037037035,91.78571428571429,54.78571428571429,-0.015158633701503277,1.687731385231018,0.0
-1.5408892631530762,82.42857142857143,-0.024379899725317955,50.428571428571445,-0.3273553096008512,73.78571428571429,93.07142857142858,518.2044067382812,75.42857142857144,33.50061677006267,53.142879833009175,127.50000000000001,95.64285714285715,1054.2421875,56.14285714285715,32.1594352722168,64.71428571428572,0.0006784361903555691,81.64285714285715,1.7848773002624512,119.78727722167969,84.35714285714288,0.31269341707229614,45.42857142857144,55.857142857142854,22.832462310791016,37.857142857142854,0.0956927897833092,72.50335693359375,25.864028930664062,54.64285714285715,-0.2769547654129212,0.0,51.71428571428572,0.37163940571789356,20.778091430664062,61.0,0.13547794528536908,30.22773551940918,49.57142857142857,-0.03884666115795794,87.32215118408203,89.40939331054688,1.0,66.71428571428572,83.35714285714286,-0.6383016705513,0.6611595153808594,0.0
304.15667724609375,66.07142857142858,-0.11477014422416687,30.428571428571434,0.17920411740573597,56.142857142857146,37.00000000000001,376.948974609375,81.5714285714286,-47.07531143964937,85.10135233092271,91.00000000000001,34.71428571428572,952.37353515625,71.42857142857143,42.419189453125,62.857142857142854,-0.0023064233828336,56.28571428571428,1.622933268547058,233.448486328125,98.64285714285714,0.7532212734222412,57.21428571428571,112.50000000000003,53.91067123413086,84.78571428571429,-0.16926377310560525,87.59060668945312,72.39785766601562,100.2857142857143,0.004228102169668388,4.73154354095459,66.57142857142856,-0.4176825283410157,27.734859466552734,74.57142857142858,-0.17752017098418274,33.25634765625,60.5,-0.21757980851118744,2.3624160289764404,1.201342225074768,-0.0739164341542034,70.57142857142857,60.785714285714285,-6.543283939361572,-7.421199321746826,0.0
-72.99629211425781,69.64285714285714,-0.29038575291633606,56.07142857142857,0.009996725607601968,67.35714285714288,94.50000000000003,338.1274108886719,106.85714285714288,3.034558697834911,111.15827328280558,123.14285714285715,46.214285714285715,439.8310852050781,149.7857142857143,40.61266326904297,67.64285714285714,0.0007501498912461102,64.57142857142858,1.1280490159988403,323.7007751464844,70.28571428571428,0.3918369710445404,117.71428571428572,54.21428571428572,44.48896408081055,51.85714285714285,-0.18503731109112154,78.30872344970703,67.41874694824219,72.28571428571429,-0.2558198991140884,2.006711483001709,58.85714285714286,-0.13606716722780227,28.468175888061523,53.92857142857143,0.03899918411748708,32.61524200439453,47.35714285714286,-0.058035517904005976,0.5704697966575623,0.30201342701911926,0.23329651063268772,99.50000000000003,55.571428571428584,-6.161689758300781,-14.71253490447998,0.0
145.10975646972656,31.78571428571429,-0.15953204035758972,89.21428571428571,-0.6167953308162026,58.07142857142857,60.42857142857143,494.0984802246094,46.64285714285715,-32.883743539352544,99.18353762616593,91.92857142857144,95.07142857142858,1016.1206665039062,60.35714285714287,40.115787506103516,102.14285714285715,-0.0002262922062072903,130.85714285714286,0.8376666307449341,133.70608520507812,46.00000000000001,0.3828732371330261,69.92857142857144,38.57142857142858,34.27375030517578,59.78571428571429,-0.19306944229244327,116.87248229980469,59.6183967590332,69.57142857142856,0.1603442436614164,0.0,85.21428571428572,-0.7021701789359938,36.85535430908203,46.92857142857143,0.12124683309598738,17.018190383911133,60.42857142857144,-0.26746776558045043,1.5033557415008545,0.0,-0.0838137626180468,68.7857142857143,74.35714285714288,-2.7500159740448,1.7991617918014526,0.0
135.6872100830078,66.71428571428572,0.06751830130815506,82.14285714285714,-0.4976074910021032,51.958333333333336,72.00000000000001,500.76788330078125,58.20833333333334,4.3800237800850965,101.92037117174831,95.20833333333334,125.99999999999999,1059.1416015625,114.91666666666669,41.96426010131836,111.85714285714285,0.0005771084688603878,50.04166666666668,1.143485426902771,279.3108825683594,71.20833333333334,0.43456801772117615,117.99999999999997,80.28571428571428,43.51384735107422,55.47619047619047,-0.09060612629596386,88.22147369384766,58.91170120239258,63.66666666666666,0.23182004357064354,3.422818899154663,45.52380952380952,0.10534722461383528,22.550981521606445,52.0,0.20034910783553142,30.773956298828125,81.57142857142856,0.03724035608308607,0.17449665069580078,0.01342281885445118,-0.10164200462835829,89.12500000000003,56.79166666666668,4.136886119842529,19.6009521484375,0.0
196.5793914794922,122.64285714285715,0.10330311208963394,69.64285714285715,-0.5279152251017255,107.71428571428574,107.64285714285717,302.65142822265625,157.21428571428572,20.212094097426444,76.77920085427925,85.92857142857143,146.1428571428572,2731.674560546875,192.57142857142856,32.73246765136719,89.71428571428572,-0.0015203568618744612,109.92857142857143,11.03915023803711,238.56053161621094,175.35714285714286,1.901621699333191,156.95238095238096,181.57142857142856,56.52722930908203,143.71428571428575,-0.6621536876990867,27.67424201965332,42.69562530517578,104.64285714285717,-0.4203156357534859,0.42424243688583374,173.85714285714283,-0.5918617075673633,48.87824630737305,81.07142857142858,-0.6391586511510272,34.8442497253418,96.42857142857146,-0.3341258885595857,1.0681818723678589,1.4090908765792847,0.06294710491067117,87.14285714285715,158.4285714285715,19.951904296875,-39.99219512939453,0.0
429.6300354003906,93.33333333333334,0.15587083995342255,99.21428571428574,-0.16411580436302187,71.57142857142858,66.28571428571429,746.976806640625,85.07142857142857,14.124039674765312,98.95878872065755,70.5,107.14285714285717,1554.8426513671875,37.85714285714286,45.612850189208984,105.00000000000001,-0.0020202817395329475,55.7857142857143,0.9315265417098999,93.46669006347656,47.85714285714287,1.114945411682129,31.785714285714295,64.75,53.70045471191406,73.42857142857144,-0.061019782669267206,120.75167846679688,69.12384796142578,77.57142857142858,-0.20561789599371974,2.3221476078033447,69.07142857142856,0.07415535950198385,39.30251693725586,37.50000000000001,0.568862083500956,14.057306289672852,59.14285714285715,0.38996234954533865,0.2214765101671219,0.08053690940141678,0.5497390116916534,84.21428571428571,74.5,-10.452406883239746,4.097255229949951,0.0
33.19520568847656,29.0625,-0.10325519740581512,85.0625,0.05224218809660104,84.21428571428572,55.2857142857143,642.32275390625,10.714285714285714,12.242030000126602,60.83991394372792,54.14285714285715,7.0,12365.5,7.285714285714285,32.70056915283203,23.5625,0.0008262991323135793,11.5,3.1072752475738525,55.449886322021484,15.500000000000002,0.9785916209220886,12.857142857142856,12.125,67.30329895019531,43.0,0.653810514217171,46.81208038330078,43.271793365478516,81.42857142857144,0.06093855661382159,0.5704697966575623,19.999999999999996,0.951276011358875,44.45092010498047,38.642857142857146,0.4847905883783377,43.232669830322266,26.571428571428577,-0.14145943742356298,0.0,0.20805369317531586,-0.11741849139373212,48.285714285714285,14.357142857142861,1.614575743675232,49.5354118347168,0.0
224.931884765625,51.28571428571429,0.010268863290548325,39.952380952380956,-0.17311888742660417,32.66666666666667,41.476190476190474,579.6596069335938,38.38095238095237,12.457543321303874,71.50860981515561,62.8095238095238,61.238095238095255,1651.804443359375,64.42857142857144,46.612213134765625,97.19047619047618,0.0016244156286120415,136.61904761904762,1.0141756534576416,137.6769561767578,42.33333333333333,0.557515025138855,69.71428571428571,68.66666666666666,28.757556915283203,66.66666666666667,-0.11960633209993472,98.0536880493164,63.281280517578125,90.66666666666664,-0.3194947436291162,0.6845637559890747,42.42857142857143,-0.126897737038098,29.16762924194336,38.904761904761905,0.6989493434653603,32.42670440673828,61.19047619047619,-0.06615930902373761,0.0,0.0,0.5151712811846239,72.90476190476191,66.66666666666667,-3.435171604156494,-3.159916639328003,0.0
252.29052734375,47.28571428571429,-0.02104084938764572,47.07142857142857,0.0677086338188088,27.9375,24.125,587.6791381835938,45.1875,-2.2833010100278277,71.20341950385426,86.125,65.42857142857143,1669.3697509765625,56.625,43.735389709472656,99.92857142857143,0.0018468574853613973,139.9375,0.9062190055847168,109.55097961425781,76.25,0.5851367115974426,40.71428571428571,25.285714285714295,25.852970123291016,42.25,0.17729600019007116,96.67784881591797,60.73169708251953,79.4375,-0.003367594898634558,0.3691275119781494,82.0625,-0.3842978893328917,22.432363510131836,98.25,-0.4908552729840189,33.75372314453125,57.3125,-0.032258064516129024,0.0,0.0,-0.5542583208568466,58.6875,79.5,-0.8242751955986023,0.1909649670124054,0.0
64.16983032226562,90.07142857142858,-0.004650422837585211,71.47619047619048,-0.15921143882354893,90.33333333333334,83.71428571428572,511.1564025878906,64.85714285714285,26.250265371479443,68.45676093237547,93.14285714285712,54.952380952380935,1195.093505859375,53.95238095238095,39.195858001708984,76.1904761904762,0.0005109035409986973,120.61904761904765,1.4132590293884277,126.48970031738281,89.14285714285715,0.34328073263168335,59.95833333333335,87.19047619047622,17.20756721496582,77.66666666666667,-0.3924762433528546,75.28858947753906,27.195859909057617,62.095238095238095,-0.051111271682442824,0.0,58.8095238095238,0.21633222782209807,16.488672256469727,73.14285714285714,-0.37640296402794227,30.734453201293945,75.57142857142858,-0.057208237986270026,0.1812080591917038,35.013423919677734,1.0,61.33333333333333,60.42857142857144,-0.40361887216567993,1.1710484027862549,0.0
298.4310607910156,80.50000000000001,-0.031050944700837135,90.85714285714288,-0.12567265879303624,77.71428571428572,87.71428571428574,771.9223022460938,98.78571428571429,-4.459300680936083,82.37126543545403,107.00000000000001,92.21428571428572,3635.981201171875,35.42857142857143,48.98602294921875,97.92857142857142,0.0005339707131497562,67.64285714285715,1.0539311170578003,99.56047821044922,81.85714285714288,0.5591326951980591,47.625,59.85714285714287,32.81759262084961,69.64285714285715,-0.2763400746476289,142.4496612548828,57.633819580078125,81.71428571428572,-0.36024802629349767,0.00671140942722559,48.78571428571429,-0.21462380838883938,29.23601531982422,60.64285714285715,-0.16980968514872646,16.54916000366211,64.85714285714289,-0.3228714524207012,0.0,0.0,-0.19769010099767606,77.42857142857143,77.71428571428572,-0.13517311215400696,16.143339157104492,0.0
-46.927772521972656,61.047619047619044,-0.0065342700108885765,62.071428571428584,0.12475286342549684,58.92857142857144,59.071428571428584,509.0824890136719,44.64285714285715,46.25701059191019,89.00068465239413,62.28571428571429,67.71428571428572,1001.1963500976562,66.85714285714286,40.8709602355957,71.57142857142857,-0.00015905825421214104,150.71428571428572,0.7265047430992126,358.83251953125,33.57142857142858,0.6159431338310242,71.42857142857143,36.00000000000001,22.244070053100586,45.85714285714286,0.2058138853398661,66.54362487792969,33.68577194213867,70.85714285714286,-0.4532223155857714,0.0,73.64285714285715,-0.07390829250125458,30.202585220336914,85.92857142857144,-0.5235936642786807,37.92152786254883,84.0,-0.11999999999999998,0.12751677632331848,0.08724832534790039,-0.050352467270896276,46.35714285714286,46.714285714285715,-0.22456544637680054,1.5720151662826538,0.0
30.23204231262207,73.875,0.0013904267689213157,45.5,-0.13712722298221613,97.0714285714286,77.92857142857144,188.4446563720703,117.57142857142857,-36.38478975248017,75.31916573693492,76.14285714285717,101.1875,8710.458984375,141.42857142857144,36.42276382446289,59.875,-8.886567229637876e-06,60.428571428571445,3.356210708618164,210.55665588378906,119.78571428571429,1.341813564300537,122.14285714285715,95.25,90.86050415039062,146.71428571428572,-0.581143899317925,57.9664421081543,65.26614379882812,100.42857142857144,-0.23966670159547013,0.2214765101671219,135.50000000000003,-0.41629905541041706,42.31855773925781,94.57142857142856,-0.36501344234762634,32.244144439697266,94.0,0.12649453922847262,0.1879194676876068,0.0,0.055638615191746614,102.42857142857144,142.0,-18.890422821044922,-26.595674514770508,0.0
231.68304443359375,87.25,-0.1562744826078415,60.4375,0.3989450651180222,37.125,44.8125,294.6360168457031,68.375,-25.66288690919044,76.79824312805913,85.8125,82.4375,679.6049194335938,56.75,38.5726432800293,91.8125,-0.002386782318353653,73.9375,7.843955993652344,305.6670227050781,111.64285714285714,1.10948646068573,59.28571428571429,84.42857142857142,47.22301483154297,55.714285714285715,-0.06025702379469565,83.96644592285156,60.64390563964844,35.64285714285715,0.44504608050032146,1.134228229522705,19.92857142857143,0.22119422548154555,37.42302703857422,65.71428571428571,-0.5612788128013779,41.763038635253906,41.50000000000001,-0.03817271589486858,0.2751677930355072,0.42281877994537354,-0.07684564629262568,52.8125,63.3125,-10.998124122619629,-14.674250602722168,0.0
388.43536376953125,71.7857142857143,0.08306201547384262,51.64285714285715,0.19377668863084876,97.0,79.0,468.058837890625,62.375,-30.93330756379854,88.94408276587274,69.25,98.14285714285715,979.1058349609375,24.625,42.47540283203125,63.071428571428584,0.0011385035468265414,25.75,1.4233191013336182,300.7339172363281,29.5625,0.7143413424491882,102.92857142857144,77.14285714285715,42.24702072143555,39.85714285714287,0.15608550519964048,72.3892593383789,41.64627456665039,64.71428571428572,0.1255212824704913,3.583892583847046,73.28571428571429,0.049853712877095335,16.6776180267334,73.99999999999999,-0.14549114001002242,21.712080001831055,74.14285714285715,-0.19819819819819823,0.7315436005592346,0.1409395933151245,-0.15559089211214402,67.75,67.75,-4.7530837059021,6.569413661956787,0.0
191.71018981933594,42.25,-0.09476248174905777,47.1875,0.06462957037263453,59.78571428571429,94.85714285714289,557.7564086914062,119.42857142857144,67.563431147761,79.49914876650868,49.5,112.0625,1197.4498291015625,119.92857142857144,38.75594711303711,84.8125,-0.0032565307337790728,77.75,1.7725375890731812,185.24806213378906,30.142857142857146,1.2676550149917603,33.64285714285715,47.4375,49.13983917236328,79.71428571428572,-0.19038248662376003,105.02013397216797,71.18115997314453,51.642857142857146,0.43886134115242587,2.416107416152954,57.28571428571429,0.08019990145702827,32.983245849609375,96.71428571428572,0.08391375530704555,31.33037567138672,27.428571428571427,-0.4958400808849359,1.7516778707504272,0.8724831938743591,-0.15600965633240024,53.85714285714286,50.21428571428572,-9.032281875610352,4.784818649291992,0.0
18.288890838623047,85.20833333333333,0.03476216271519661,95.1875,-0.6236218964468461,59.214285714285715,68.71428571428572,265.33453369140625,65.42857142857143,-19.63019325749186,94.65944875110225,131.92857142857144,106.9375,6346.50732421875,21.285714285714285,42.57340621948242,113.125,0.0009590302361175418,26.642857142857146,2.225377082824707,277.32513427734375,29.642857142857142,1.180134654045105,57.92857142857143,72.5625,69.4990234375,56.35714285714286,-0.041222338475640774,86.9328842163086,61.59432601928711,87.35714285714286,-0.4444908088639008,0.04026845470070839,50.28571428571429,-0.20968839297863656,36.189979553222656,51.07142857142857,0.11855797316797011,35.296058654785156,69.35714285714288,-0.12840751498927125,0.0,0.0,-0.6157797411136223,61.857142857142854,56.28571428571429,-6.002864837646484,-20.415712356567383,0.0
36.113529205322266,95.64285714285714,0.011415533721446991,51.52380952380954,0.12556982044841378,58.90476190476191,66.52380952380952,506.39654541015625,58.14285714285714,34.15999857921328,69.0178290170803,78.04761904761905,102.00000000000001,1130.628662109375,61.04761904761905,45.66911315917969,91.95238095238095,0.00043836436816491187,39.619047619047606,0.6140729188919067,155.87266540527344,58.52380952380953,0.42820653319358826,86.33333333333333,72.9047619047619,17.338376998901367,61.85714285714285,-0.03684680647467575,106.61744689941406,42.71359634399414,59.8095238095238,-0.15251779864951961,0.0,75.38095238095241,-0.23065639045376973,19.517499923706055,50.85714285714285,-0.04529421984798654,34.7012939453125,77.80952380952381,1.0,0.07382550090551376,27.114093780517578,1.0,76.23809523809524,51.14285714285715,-2.073664426803589,2.818728446960449,0.0
451.9816589355469,40.21428571428571,-0.0064655812457203865,62.8095238095238,-0.12484246163321767,52.666666666666664,92.85714285714285,630.7716064453125,42.142857142857146,9.83822573801415,61.78663290735135,95.33333333333334,65.71428571428571,1863.126220703125,47.04761904761905,41.693214416503906,86.95238095238093,0.00021699926583096385,132.47619047619048,0.749789297580719,139.48605346679688,85.625,0.6211349964141846,111.83333333333334,60.80952380952381,33.86281204223633,38.958333333333336,0.1890004928195168,90.69798278808594,52.61187744140625,91.33333333333333,-0.2980345484808499,0.11409395933151245,57.66666666666667,-0.42120952368767833,26.111204147338867,66.54166666666666,-0.14705732579008488,16.335445404052734,55.791666666666664,0.10581898478991937,0.8255033493041992,0.00671140942722559,-0.04893425101014471,70.57142857142858,76.14285714285711,-15.504353523254395,-7.993439197540283,0.0
-84.70320129394531,35.5,-0.016477936878800392,40.99999999999999,0.6159613147419601,51.357142857142875,53.71428571428572,447.8983459472656,24.92857142857143,4.456564813652294,92.13197542257481,75.07142857142858,24.714285714285715,17830.33984375,20.285714285714285,41.57633972167969,60.07142857142858,-0.00021443104196805507,34.214285714285715,2.8037447929382324,53.32208251953125,29.285714285714285,0.4246891736984253,36.71428571428572,28.714285714285715,41.82843017578125,77.71428571428571,-0.5006582466736729,38.899330139160156,31.582584381103516,51.35714285714285,0.4222528307549064,0.449664443731308,30.142857142857146,-0.1717347889044997,17.8716983795166,85.64285714285717,0.07042865922393164,40.07427215576172,45.142857142857146,1.0,0.0,0.4899328947067261,-0.45215259056015067,56.5,58.5,4.8324456214904785,-11.725708961486816,0.0
322.6339111328125,72.57142857142857,-0.015962449833750725,70.50000000000001,-0.2575580630332734,96.78571428571429,72.71428571428572,432.136474609375,88.57142857142858,5.411651908951318,93.86936597805551,86.92857142857143,61.07142857142858,1148.1514892578125,62.571428571428584,41.18308639526367,60.14285714285714,-0.005030270200222731,59.50000000000001,1.1858386993408203,349.3736877441406,47.07142857142856,1.8335012197494507,104.42857142857144,119.50000000000003,45.8857536315918,83.71428571428572,-0.3312077892568975,46.04026794433594,42.79871368408203,65.07142857142858,0.2591804550555084,2.3959732055664062,33.00000000000001,0.38821486167969244,37.46472930908203,57.42857142857144,0.02041932491094646,18.798641204833984,69.0,-0.08725284162996025,3.73154354095459,1.436241626739502,-0.20511124042439557,95.42857142857147,66.92857142857144,-15.391218185424805,7.567158222198486,0.0
346.6087951660156,42.571428571428584,0.0013634813949465752,34.142857142857146,0.42546524447288514,43.71428571428572,84.50000000000001,746.67333984375,44.285714285714285,18.667767268699286,102.52474341512219,59.000000000000014,21.714285714285715,1658.8045654296875,63.0,44.70643615722656,34.28571428571429,-0.002026957692578435,131.71428571428572,1.5637234449386597,80.935546875,87.71428571428572,0.8294824361801147,119.07142857142858,93.42857142857143,56.29628372192383,79.85714285714288,-0.1009814400932854,105.90604400634766,72.11580657958984,89.64285714285715,-0.1347845797681414,3.026845693588257,97.85714285714286,-0.11187991476719955,39.12595748901367,62.78571428571429,0.06906464636821952,19.287973403930664,27.42857142857143,0.14420074515234083,0.01342281885445118,0.0,-0.15084834784978549,60.35714285714286,106.42857142857146,-2.9173083305358887,-3.9365153312683105,0.0
138.75128173828125,83.9047619047619,0.07054021209478378,65.42857142857144,0.4013106516523735,42.142857142857146,81.0,527.587890625,95.42857142857143,32.92569372317935,67.46786010281265,45.92857142857144,83.85714285714286,1435.0604248046875,74.0,42.24071502685547,56.35714285714287,0.0009343184065073729,97.92857142857144,1.170169472694397,139.8404998779297,73.92857142857144,0.5576478242874146,78.35714285714286,76.50000000000001,38.498512268066406,44.85714285714286,-0.28265255152812896,83.55704498291016,71.03929901123047,58.71428571428573,-0.1922942902342307,1.3825503587722778,47.92857142857143,-0.21673601045000085,32.003456115722656,65.57142857142857,0.10381078220626999,36.63185501098633,42.57142857142857,-0.03703703703703702,0.0,0.033557046204805374,0.34006589814628685,61.42857142857143,62.21428571428572,0.26110056042671204,0.4737741947174072,0.0
13.765999794006348,44.6875,-0.0779290422797203,87.8125,-0.7101280342423288,97.57142857142856,66.85714285714288,654.2326049804688,85.57142857142858,-5.297493282005491,76.48418975226377,80.85714285714286,96.9375,1353.224609375,74.21428571428572,30.75411033630371,72.25,0.001062910072505474,77.5,0.6984924674034119,66.71092224121094,52.857142857142854,0.4496058225631714,65.00000000000001,91.3125,35.611473083496094,45.00000000000001,0.2740127615902904,76.6644287109375,47.07863235473633,57.00000000000001,0.0532127435605491,3.3355705738067627,33.28571428571429,0.526920548050141,22.84810447692871,51.71428571428573,0.23793082494102824,34.140323638916016,66.35714285714285,-0.037037037037037035,0.0,0.29530200362205505,0.5162314159652441,85.875,72.125,-2.6515591144561768,0.16304093599319458,0.0
382.7705993652344,101.28571428571429,0.21790288388729095,63.35714285714287,-0.4479359414970819,59.571428571428584,61.57142857142858,457.140625,98.85714285714288,7.919008655036055,69.40709388194603,76.92857142857143,103.85714285714288,3010.63427734375,118.42857142857144,35.184295654296875,65.71428571428571,-0.0021016080863773823,68.57142857142857,10.971052169799805,250.51255798339844,106.92857142857144,2.329345703125,91.625,100.28571428571428,56.33758544921875,79.21428571428572,0.02500515415058894,38.79194641113281,48.870365142822266,50.357142857142875,0.37567300687158733,0.7114093899726868,118.71428571428572,-0.39571562771951596,40.23191833496094,100.64285714285715,-0.22670760681536675,21.403881072998047,52.78571428571429,-0.24571886089129166,0.9060402512550354,0.9664429426193237,-0.32914319239119705,62.857142857142875,84.5714285714286,-24.199642181396484,-43.63444519042969,0.0
265.2398681640625,46.5,0.02178073115646839,97.64285714285715,-0.47169981532028704,74.14285714285717,51.642857142857146,436.4745788574219,102.14285714285717,35.48112157347218,85.88916807668896,79.35714285714286,99.00000000000003,1117.739013671875,68.0,42.507781982421875,125.71428571428572,-0.0034698431845754385,77.0,0.9323112368583679,332.27679443359375,78.1875,0.6715276837348938,78.5,92.2857142857143,44.65320587158203,59.875,0.11494455419221006,64.9932861328125,47.13873291015625,39.3125,0.37431542017145336,0.463087260723114,25.375,-0.027025466638184368,36.911376953125,51.5,0.2714819138748159,25.006303787231445,54.375,0.41413238384430023,1.7449663877487183,0.7516778707504272,-0.22897262317998335,44.21428571428572,54.07142857142858,-5.857236862182617,-15.12304401397705,0.0
218.27540588378906,80.85714285714285,-0.029547717422246933,78.90476190476191,-0.38983807113025193,61.29166666666666,34.583333333333336,788.9002075195312,106.54166666666666,21.5420219014155,52.43014897342585,45.666666666666664,37.523809523809526,1998.237548828125,63.49999999999999,44.8166389465332,68.61904761904763,0.0015909337671473622,88.76190476190477,0.39702367782592773,78.49597930908203,88.58333333333333,0.5140798091888428,68.70833333333334,65.0,44.78987503051758,51.916666666666664,0.18371311426090994,68.3892593383789,56.54750061035156,80.50000000000003,-0.32058344799372,1.0402684211730957,31.20833333333334,0.15571212922778813,37.01132583618164,64.41666666666667,0.35115601286096254,41.420562744140625,54.33333333333333,-0.04453033103680052,0.0,0.00671140942722559,-0.09068970040741187,55.80952380952381,60.95238095238097,-0.6334741711616516,-0.03794717416167259,0.0
216.80435180664062,51.00000000000001,-0.10655969381332397,74.0,-0.014333276335509305,72.0,68.35714285714286,526.5548706054688,38.35714285714286,6.379391687828423,64.32347586553799,39.07142857142858,43.85714285714286,8429.7060546875,37.28571428571429,36.592342376708984,54.71428571428572,-0.00038955980562604964,44.78571428571429,5.417842388153076,128.3617401123047,51.99999999999999,1.4075384140014648,40.07142857142857,63.000000000000014,56.2401237487793,50.428571428571445,-0.12296218983171824,87.65100860595703,62.95262145996094,78.07142857142858,0.04325067825607837,0.0,47.07142857142857,-0.24014448443335812,57.92573928833008,43.214285714285715,0.12744277944369198,16.21570587158203,63.07142857142858,-0.17732198800817606,2.557046890258789,0.0,-0.03703703703703702,57.64285714285715,106.42857142857144,45.91498565673828,-5.371814727783203,0.0
287.1446228027344,56.8125,-0.01582472026348114,64.5,0.30733691025955373,63.38095238095237,71.33333333333333,572.3515014648438,45.761904761904766,-6.881920089057628,86.82297172189355,82.42857142857144,55.33333333333333,1707.630859375,56.42857142857144,43.12611389160156,66.0,0.0022577664349228144,123.42857142857144,0.5128985047340393,143.8714599609375,52.476190476190474,0.9919120073318481,50.14285714285715,61.375,26.109397888183594,45.38095238095237,0.4981651198408603,180.04026794433594,68.07495880126953,43.761904761904766,0.5664772214141801,0.0,48.42857142857144,0.3650100861293124,23.659664154052734,40.19047619047618,0.24381539280014183,27.926469802856445,66.80952380952381,-0.07274584530266577,0.29530200362205505,0.0,1.0,58.85714285714285,42.19047619047619,-1.023070216178894,9.544255256652832,0.0
379.2068176269531,65.78571428571429,-0.013210589997470379,78.19047619047618,-0.3811685918588514,91.28571428571428,86.04761904761905,544.6356201171875,70.85714285714286,-2.1143856551123146,81.30091423177245,53.38095238095237,66.14285714285712,1482.1163330078125,48.66666666666667,44.31346130371094,99.1904761904762,-0.00375713431276381,104.19047619047619,0.7382790446281433,480.6457214355469,126.0,1.0201348066329956,34.083333333333336,89.19047619047619,50.31698989868164,79.79166666666666,-0.30760593021503135,77.20133972167969,63.04446029663086,81.62500000000001,-0.16312103370949052,3.832214832305908,71.66666666666666,-0.22674209320856067,41.251617431640625,61.041666666666664,-0.10088529935558763,19.10468292236328,59.33333333333334,-0.0160713158022498,0.5973154306411743,2.463087320327759,-0.01002136787530434,72.66666666666666,66.14285714285714,-4.095290184020996,-17.805688858032227,0.0
264.9659729003906,30.61904761904762,-0.01619778946042061,93.42857142857144,-0.509162595528167,41.071428571428584,78.85714285714286,437.9644470214844,13.571428571428573,0.12146639983926043,74.22445863364504,97.28571428571429,85.35714285714286,6343.23974609375,5.2142857142857135,37.58444595336914,100.28571428571432,-0.0008740859339013696,12.428571428571429,7.817969799041748,55.70936584472656,10.142857142857144,0.9674515724182129,20.64285714285714,11.42857142857143,60.21628952026367,60.57142857142858,0.400879582230636,47.744964599609375,48.08509826660156,78.78571428571429,0.07265667362711616,0.00671140942722559,11.714285714285715,0.9838466083367956,48.958953857421875,31.92857142857143,0.6058846173157709,16.46816635131836,69.85714285714288,0.41943502895663476,0.16107381880283356,0.0,-0.2419268749501523,75.21428571428574,47.85714285714286,-1.9108059406280518,59.61486053466797,0.0
369.5904846191406,67.1875,-0.012892186641693115,57.4375,0.061957963681221036,60.14285714285715,94.14285714285718,741.0172729492188,64.28571428571428,5.001734549567203,87.83249828614973,94.50000000000003,67.75,1743.7237548828125,109.64285714285715,43.97917556762695,71.125,0.0013204768765717745,31.142857142857146,1.1485631465911865,242.5885009765625,138.42857142857144,0.46183186769485474,138.71428571428575,66.1875,30.499483108520508,63.2857142857143,-0.032787053837056414,106.84563446044922,50.67818069458008,73.28571428571429,-0.4196113438165214,0.4563758373260498,78.71428571428572,-0.4757378779880852,16.658077239990234,74.92857142857144,0.19392862664581265,25.53394317626953,46.42857142857144,-0.1503939502826957,0.02684563770890236,0.0,-0.1611656019777809,116.07142857142858,103.85714285714286,6.5762763023376465,4.018517971038818,0.0
256.7667236328125,34.38095238095239,-0.10831239074468613,58.21428571428573,-0.08284763484807221,115.1875,77.25,587.4324340820312,21.5625,17.831631914881253,58.02682722543624,54.3125,46.071428571428584,7075.10693359375,43.8125,34.76738739013672,55.28571428571429,-0.00043936684960499406,48.64285714285714,4.76840353012085,115.68545532226562,60.5,1.1932716369628906,70.5,79.92857142857144,50.629364013671875,47.5,0.34720320529060394,96.75167846679688,58.479835510253906,70.5,0.12525759730647548,0.020134227350354195,39.8125,-0.04401826304453439,54.44368362426758,34.125,0.07290436215514087,15.062026023864746,55.8125,-0.023051975877202868,2.9127516746520996,0.0,1.0,45.142857142857146,82.42857142857144,38.47856140136719,-5.573031902313232,0.0
76.72713470458984,10.785714285714288,-0.11575276404619217,57.85714285714287,-0.3203657689765663,56.4375,102.1875,843.7626342773438,22.75,18.060734189996783,64.67292383855954,91.875,81.42857142857144,6415.044921875,49.5625,25.708871841430664,99.14285714285717,0.001029584207572043,107.0,1.6879148483276367,69.12176513671875,82.25,0.729909360408783,75.85714285714288,77.7857142857143,60.8103141784668,90.0625,-0.24573720640936417,80.13423156738281,55.04307556152344,67.6875,-0.10293080386596884,0.34899330139160156,82.25,-0.1271453837990803,46.64381408691406,75.875,-0.21478064097391544,40.0847282409668,73.0,-0.16678625528183047,0.0,0.02684563770890236,-0.08337631443217584,92.8125,72.25,5.4162983894348145,35.71638488769531,0.0
711.4703979492188,96.0625,0.21772725880146027,70.83333333333333,-0.4018174868261784,53.83333333333332,36.41666666666666,823.9493408203125,72.5,-1.9829734004565183,77.37855475034033,104.54166666666664,85.04166666666667,2234.00146484375,59.75,46.16628646850586,113.91666666666664,-0.0011294790310785174,20.458333333333336,1.3135417699813843,130.2418670654297,67.71428571428574,0.8631290197372437,71.09523809523809,79.76190476190479,38.97400665283203,52.80952380952382,0.23067986424925227,86.53691101074219,66.96082305908203,115.38095238095237,-0.549578353427342,1.9530200958251953,35.95238095238095,-0.12338506978315814,39.00202178955078,64.42857142857142,-0.20113871956496604,24.30015754699707,73.57142857142858,-0.39718046464791773,0.3557046949863434,0.11409395933151245,0.05404589154022776,63.29166666666667,52.74999999999999,-10.039048194885254,-11.42412281036377,0.0
354.133544921875,63.428571428571445,-0.04144035652279854,63.57142857142857,-0.5290345479351255,66.64285714285715,50.642857142857146,587.9536743164062,102.64285714285717,2.611367007494035,80.27316479903811,85.64285714285717,77.52380952380952,1506.7774658203125,52.28571428571429,42.348026275634766,93.95238095238093,-0.001976888393983245,10.714285714285715,1.589173674583435,78.69515228271484,45.42857142857143,0.4285415709018707,107.92857142857144,43.238095238095234,42.015289306640625,64.78571428571429,-0.09766713426058815,73.04698181152344,43.995323181152344,69.35714285714285,-0.19375941821562176,0.12751677632331848,52.28571428571429,-0.14637015656433128,37.816162109375,54.2857142857143,0.424979121113227,10.824810028076172,81.49999999999999,0.05050843216226545,1.1744966506958008,0.06711409240961075,0.495672217068202,112.57142857142858,38.642857142857146,-2.1458654403686523,-10.015565872192383,0.0
54.148799896240234,87.50000000000001,0.0035247455816715956,54.28571428571429,-0.40920228430112426,33.0,38.14285714285714,491.08709716796875,68.76190476190479,14.953840975793415,81.273337183485,104.9047619047619,67.52380952380952,1160.8382568359375,54.33333333333332,40.88800811767578,89.33333333333333,0.0001100904046325013,95.23809523809523,1.0902745723724365,160.1086883544922,52.95238095238095,0.5197867155075073,83.57142857142857,87.71428571428571,21.370376586914062,55.238095238095234,-0.0031752711413760753,99.0,41.06289291381836,65.71428571428571,-0.2772115101560201,0.0,68.6190476190476,-0.2683548369108807,21.09564208984375,41.285714285714285,0.07616103938509229,33.0709228515625,46.19047619047618,0.12984436371435848,0.12751677632331848,12.684563636779785,1.0,77.04761904761905,82.76190476190476,-2.149144411087036,2.6756861209869385,0.0
490.65594482421875,47.85714285714286,0.3500741422176361,61.000000000000014,-0.23709968599467818,76.49999999999999,105.14285714285715,703.6492919921875,71.35714285714288,-2.242266022118946,97.9705648367337,114.35714285714288,86.7857142857143,1425.394287109375,97.78571428571428,43.490150451660156,69.35714285714286,0.0003122386406175792,67.71428571428572,0.5544775724411011,345.0459289550781,93.50000000000001,0.5000723004341125,61.64285714285715,71.7857142857143,57.53090286254883,74.28571428571428,0.027239528609967346,33.02013397216797,34.76661682128906,72.85714285714288,0.23388850376532347,2.8120806217193604,78.64285714285715,-0.22765711737330888,18.899343490600586,68.92857142857142,-0.5043743407805158,18.650588989257812,79.5,-0.15356879607618207,1.3221476078033447,0.7315436005592346,-0.25359703407323364,75.78571428571428,83.42857142857144,-1.4404430389404297,-10.049668312072754,0.0
234.47630310058594,94.25,-0.16140693426132202,48.3125,-0.737041048506458,39.78571428571429,50.214285714285715,534.503173828125,67.42857142857143,26.01985398414951,81.82414710754887,99.21428571428575,68.75,1344.3143310546875,84.57142857142858,40.91672897338867,116.375,-0.0024850585032254457,123.64285714285717,0.6093819737434387,124.12932586669922,95.5714285714286,0.5234569311141968,94.64285714285717,84.8125,46.74123764038086,86.71428571428574,-0.2899878801196194,89.55033874511719,58.85614776611328,64.92857142857144,0.08137373499984436,0.15436241030693054,47.14285714285715,0.025459737489463466,41.31278610229492,61.428571428571445,0.20253762298787886,26.827381134033203,125.57142857142858,-0.3768326648792243,0.7785235047340393,0.06711409240961075,-0.05805039967051528,69.42857142857142,46.07142857142856,-8.477442741394043,-6.054545879364014,0.0
622.261474609375,116.07142857142857,0.19992826879024506,73.0714285714286,0.23647101336927803,68.14285714285715,49.28571428571429,678.8796997070312,118.5714285714286,-7.6344444511720795,80.84723659833686,81.35714285714288,76.14285714285717,1814.495849609375,40.142857142857146,44.82581329345703,74.28571428571429,-0.0006688881549052894,96.57142857142858,1.3119038343429565,106.49337768554688,103.0714285714286,0.458092600107193,83.00000000000001,82.71428571428572,43.748680114746094,43.71428571428573,0.22292955142169144,61.28858947753906,44.09572982788086,60.785714285714285,0.2582212073036411,2.3825502395629883,64.21428571428572,0.02886035262748699,23.012285232543945,62.99999999999999,-0.4606626635901998,18.764644622802734,71.07142857142858,-0.24668185987845426,0.0,0.14765100181102753,-0.18013786355079486,52.42857142857144,67.21428571428574,-23.744619369506836,-14.62325668334961,0.0
196.33126831054688,39.1904761904762,-0.0712418258190155,56.42857142857144,-0.485977514405891,47.92857142857143,23.92857142857143,562.1716918945312,59.857142857142854,1.4372459746047155,77.19017097361291,72.35714285714288,61.92857142857144,1568.6119384765625,62.92857142857144,38.988670349121094,95.42857142857143,0.002129696775227785,152.7857142857143,0.8660773038864136,99.52996826171875,66.92857142857144,0.6482230424880981,59.42857142857143,26.999999999999996,22.414066314697266,64.64285714285714,0.32109871625773895,93.34228515625,41.784645080566406,72.00000000000001,-0.2673903495011608,0.04026845470070839,39.71428571428572,0.45786384123291657,19.410919189453125,51.714285714285715,0.5310264903031039,26.2987117767334,47.78571428571429,1.0,0.01342281885445118,0.0,0.13797449170860884,73.71428571428571,72.92857142857142,-2.465501308441162,-1.3916174173355103,0.0
353.05377197265625,98.92857142857144,0.008404149673879147,41.95238095238094,0.005111845002067684,60.29166666666668,59.45833333333334,434.0928039550781,69.79166666666666,-13.045263739015232,87.66445951883611,76.91666666666666,59.19047619047619,1211.919677734375,46.79166666666667,42.415000915527344,72.57142857142856,-0.004565590992569923,41.45833333333334,1.6074438095092773,369.59033203125,59.37499999999999,1.042996883392334,85.1904761904762,56.71428571428572,48.386531829833984,66.91666666666667,0.18238410380848713,63.20805358886719,54.07753372192383,69.37500000000001,0.12969743710590775,0.5906040072441101,20.58333333333333,0.06274284986304861,39.63576889038086,43.08333333333333,0.1943381634052737,23.51162338256836,69.0,-0.06192491763453837,2.5167784690856934,1.2684563398361206,0.3680182746478725,72.95833333333334,51.083333333333336,1.2322026491165161,0.33250927925109863,0.0
117.06189727783203,114.125,-0.047384098172187805,48.9375,0.08145594320986332,107.14285714285717,97.78571428571429,246.4954376220703,142.0,9.392792188681213,68.80393299068295,41.35714285714286,57.375,3713.93798828125,120.0,37.747920989990234,60.9375,-0.002012925688177347,126.57142857142858,12.163806915283203,114.39933013916016,139.21428571428572,1.4608227014541626,141.92857142857144,107.3125,51.37395095825195,100.85714285714286,-0.21596771765852674,50.95302200317383,69.28758239746094,54.42857142857143,0.29565190084098003,0.10067114233970642,118.35714285714288,0.04754020198608879,29.22655487060547,61.28571428571429,0.3354995739545579,12.795709609985352,50.64285714285715,0.1767897829541642,0.20805369317531586,0.12751677632331848,-0.27868032345362015,53.5,78.57142857142857,52.35031509399414,-42.237003326416016,0.0
65.23446655273438,24.333333333333332,0.11287000775337219,34.50000000000001,0.7386345084878216,22.85714285714286,40.42857142857143,589.4413452148438,33.142857142857146,10.29869664515425,101.83684590406469,50.07142857142857,21.571428571428573,3582.728271484375,55.000000000000014,42.99095916748047,77.85714285714286,-0.00041515514021739364,88.42857142857146,7.814721584320068,97.49557495117188,97.0,1.2100162506103516,101.21428571428574,76.64285714285715,55.753379821777344,90.07142857142857,-0.42416717188348657,71.34899139404297,75.7083740234375,76.14285714285715,-0.013741136266552762,1.1677852869033813,84.07142857142858,0.11317338543289518,32.461097717285156,70.71428571428572,-0.13062530773018222,43.218955993652344,55.21428571428574,-0.16426765062385273,0.020134227350354195,0.23489932715892792,-0.03932451435469219,106.85714285714288,72.85714285714286,49.9740104675293,-22.148761749267578,0.0
335.3244934082031,89.64285714285715,0.024274379014968872,58.42857142857144,0.15258496485851988,72.4375,45.125,479.5934753417969,81.875,10.875232792540684,99.89287675749375,84.375,73.7857142857143,1710.4632568359375,89.875,45.29408645629883,64.57142857142858,-0.002219029236584902,51.99999999999999,6.041032791137695,329.2779541015625,131.75,0.9106404185295105,68.35714285714288,53.92857142857142,44.275909423828125,61.6875,-0.15765440117586738,55.23489761352539,47.44554138183594,56.875,0.299564471426686,0.8255033493041992,32.25,-0.1249428298199659,41.27743911743164,73.4375,-0.30381782952610914,28.123632431030273,77.5,-0.3007692366519797,1.1208053827285767,1.4429529905319214,-0.28333471723986675,97.625,74.25,20.979150772094727,-23.636167526245117,0.0
621.0455932617188,52.625,0.15453456342220306,63.125,-0.43447306255568546,47.85714285714286,103.50000000000001,785.0414428710938,131.35714285714283,-1.5735087309707732,92.06425040399029,143.92857142857144,68.0625,2193.881591796875,69.92857142857143,46.049434661865234,102.0,0.0024160253815352917,161.8571428571428,0.3145890533924103,178.028564453125,104.50000000000003,0.4587911367416382,86.5,100.20833333333331,24.300668716430664,51.35714285714286,-0.23561853040840725,137.1275177001953,65.43363189697266,118.7857142857143,-0.6282176613912622,0.3087248206138611,45.85714285714286,0.21177471755064814,18.001712799072266,71.2857142857143,-0.17448748377900444,31.986141204833984,98.28571428571429,0.22582538277433528,1.2348992824554443,0.0,-0.1612086902731175,106.85714285714286,124.71428571428574,0.5857694149017334,-0.8099337816238403,0.0
643.4244995117188,145.92857142857147,0.20060916244983673,73.57142857142858,-0.3930346572407366,77.9375,64.5625,1095.167724609375,129.75,-14.777643356147228,62.5333402293629,83.125,93.42857142857143,2629.277099609375,31.8125,41.28840255737305,113.42857142857144,-0.00030691109714098275,101.4375,1.9147229194641113,106.98589324951172,59.6875,0.7155208587646484,73.57142857142857,90.35714285714286,51.325035095214844,58.92857142857144,0.07408380200449861,62.80537033081055,60.99231719970703,71.5714285714286,-0.03535311207956194,4.516778469085693,61.857142857142854,-0.24312710043523764,36.551414489746094,65.07142857142858,0.07415758613082665,35.47706604003906,126.92857142857146,0.12304796558494846,0.17449665069580078,1.3489933013916016,0.04853793365395972,73.875,70.375,-2.6517324447631836,2.599705219268799,0.0
173.56405639648438,28.428571428571434,-0.1550743579864502,42.35714285714287,0.42876708420121545,54.5,119.42857142857147,546.583984375,77.92857142857144,38.21919602515713,94.11569017701488,77.57142857142858,119.85714285714288,1199.13037109375,89.28571428571429,35.05638122558594,99.64285714285715,-0.003571590641513467,74.50000000000001,1.8353972434997559,195.4771728515625,29.142857142857146,1.2691903114318848,29.92857142857143,43.35714285714286,48.89948654174805,63.21428571428571,0.07499498166807637,100.0,71.3576889038086,78.64285714285717,0.10052907139573086,1.718120813369751,69.14285714285715,-0.0021429804694244325,37.80814743041992,89.42857142857144,-0.01588812484996408,31.24484634399414,35.57142857142858,0.3434877377785322,1.6040267944335938,0.8590604066848755,-0.03386001121401479,38.142857142857146,59.42857142857144,-11.946134567260742,3.310190200805664,0.0
-65.09820556640625,103.125,-0.16890573501586914,78.08333333333333,-0.42844985106755773,73.42857142857144,92.00000000000001,286.4335632324219,96.14285714285717,22.692736822086694,102.31466443355966,85.2142857142857,60.41666666666667,2341.3310546875,105.14285714285712,42.89141845703125,105.62499999999999,0.0005365654360502958,52.28571428571429,2.345978021621704,312.3914794921875,66.33333333333333,0.7149254679679871,71.57142857142858,77.66666666666666,51.38861846923828,57.1904761904762,0.06876782562360846,69.95301818847656,64.38655853271484,88.85714285714285,-0.2060825960218956,1.9328858852386475,53.33333333333333,0.12862794973243113,30.21832847595215,45.285714285714285,0.1022708075930538,35.77912521362305,52.38095238095238,0.24080520795233668,0.3557046949863434,0.30201342701911926,0.35869090853699565,92.71428571428572,77.07142857142856,-7.970713138580322,-18.704727172851562,0.0
629.659423828125,109.64285714285715,0.16080905497074127,103.33333333333336,-0.4990659710742276,65.42857142857143,76.33333333333334,762.2261962890625,82.9047619047619,-20.30125998160583,76.34483151005936,59.38095238095239,112.28571428571428,2145.70458984375,31.142857142857142,46.6993522644043,105.95238095238096,0.0021986605133861303,153.8095238095238,0.3441510796546936,194.41476440429688,109.99999999999999,0.5064758658409119,80.90476190476191,121.38095238095241,20.517541885375977,79.95238095238096,-0.15995695705812576,157.63087463378906,57.16447067260742,66.71428571428571,0.10840349565720075,0.01342281885445118,76.1904761904762,-0.2581596640088204,19.004901885986328,70.80952380952381,-0.07075185015358929,26.78005599975586,50.38095238095238,-0.22624061572116508,0.6174496412277222,0.0,-0.13677124301320592,72.19047619047618,94.57142857142857,0.5371885895729065,-0.8609575033187866,0.0
178.53329467773438,39.28571428571429,-0.09502366185188293,48.92857142857143,0.0343317328754436,51.5625,65.6875,555.4703979492188,56.5,57.528871840278576,84.84941601966462,45.1875,118.71428571428572,1211.597900390625,103.8125,39.439971923828125,88.85714285714288,-0.0034137540496885777,85.64285714285717,1.788013219833374,187.2987823486328,44.375,1.2469313144683838,52.85714285714286,61.642857142857146,50.06224060058594,83.375,-0.08479696730924949,107.02684783935547,72.62276458740234,74.75,-0.010930385479088346,2.3624160289764404,47.25,0.13471442616369453,33.169822692871094,88.375,0.22531302545942294,31.42373275756836,56.1875,-0.2760091034770647,1.7651007175445557,0.8389261960983276,-0.17264288064186398,52.5,70.9375,-10.567697525024414,3.8459763526916504,0.0
55.8343391418457,67.28571428571429,-0.00298384134657681,67.42857142857144,-0.3515082043430514,84.2857142857143,110.21428571428575,510.6654357910156,97.28571428571429,24.67419366578528,68.25443799516425,64.92857142857144,78.50000000000001,1176.46875,52.42857142857143,40.265663146972656,105.21428571428574,0.00021630083210766315,97.07142857142858,1.0757070779800415,129.33499145507812,91.71428571428571,0.40392616391181946,78.71428571428572,73.85714285714286,16.48773956298828,79.00000000000001,0.0003845001669993284,81.61744689941406,31.132665634155273,81.85714285714285,-0.7127882101259804,0.0,51.642857142857146,0.37423777885227033,15.899653434753418,71.21428571428572,0.1540438889511713,27.57012939453125,109.64285714285715,-0.037037037037037035,0.1812080591917038,32.161075592041016,1.0,44.64285714285714,72.07142857142858,-1.2303016185760498,1.0748203992843628,0.0
131.08291625976562,79.625,0.07054021209478378,61.4375,0.4178283399393683,50.5,90.71428571428574,537.0598754882812,86.64285714285714,38.341077919774406,58.19741293237423,47.07142857142858,77.9375,1447.5870361328125,72.92857142857144,42.24071502685547,53.125,0.000878509075846523,86.0,1.1629291772842407,167.9453125,53.14285714285715,0.5745787620544434,86.71428571428572,48.625,36.11392593383789,44.285714285714285,-0.37974003466204515,72.56375885009766,58.01577377319336,57.57142857142858,-0.12744018526937942,1.3892617225646973,44.14285714285715,-0.15907126037094182,30.48089027404785,52.642857142857146,0.5524208172952286,31.911836624145508,49.35714285714286,1.0,0.020134227350354195,0.033557046204805374,0.5354810850334031,59.7857142857143,64.85714285714286,-0.164669007062912,-0.9600602984428406,0.0
317.0547790527344,70.64285714285715,-0.06264277547597885,115.71428571428572,-0.6549199565628615,48.642857142857146,67.71428571428572,401.8412780761719,80.71428571428572,-20.600647172271806,76.39062976399414,73.14285714285715,109.14285714285715,1187.4947509765625,50.71428571428573,46.58818435668945,134.78571428571433,-0.0013988037826493382,87.50000000000001,1.4332385063171387,146.9744110107422,104.71428571428571,0.6198877096176147,72.5,132.92857142857144,26.259525299072266,98.71428571428574,-0.3861510394836621,118.74496459960938,53.229042053222656,58.92857142857145,-0.27125766532914425,0.3288590610027313,74.71428571428571,-0.5035706563902985,26.5904541015625,61.7857142857143,0.32563060079220424,35.796905517578125,79.78571428571428,0.4275892444702268,0.4966442883014679,0.05369127541780472,-0.051481223549579486,96.14285714285712,72.35714285714288,-8.276211738586426,-11.70712947845459,0.0
33.0200080871582,72.07142857142858,0.01321935374289751,53.071428571428584,0.08297035799546766,46.714285714285715,105.71428571428574,287.4350891113281,82.07142857142858,11.543888458069539,95.50912870634471,119.85714285714286,41.64285714285715,3147.82470703125,87.64285714285714,44.00127410888672,98.7857142857143,0.00052467524074018,86.35714285714285,2.84633469581604,312.60968017578125,88.78571428571429,0.8703219294548035,80.92857142857142,67.28571428571429,55.1784782409668,71.71428571428571,0.01506382324972783,56.42281723022461,53.58029556274414,103.5,-0.3092623866070853,2.1006710529327393,67.28571428571429,0.02843173112090701,30.99330711364746,39.28571428571429,0.316691234749887,35.50702667236328,59.42857142857144,-0.03884866800933238,0.3154362440109253,0.30201342701911926,0.06371696041177406,87.50000000000001,54.142857142857146,-7.0604658126831055,-20.711572647094727,0.0
251.21853637695312,35.21428571428572,0.055871136486530304,67.52380952380953,-0.13877889864405923,63.7142857142857,26.476190476190474,333.2658996582031,26.428571428571427,-4.215273021451579,99.60286406756146,155.52380952380952,39.0952380952381,6840.2861328125,18.57142857142857,39.85264587402344,81.04761904761908,0.0010655518854036927,57.90476190476191,0.7144293785095215,160.37547302246094,96.91666666666669,1.1707565784454346,97.6875,109.2857142857143,58.078514099121094,42.95833333333334,0.004546661810699353,63.51677703857422,37.43819808959961,53.16666666666667,0.13114477232093458,0.04026845470070839,30.166666666666664,-0.26764412390237197,28.671323776245117,67.83333333333333,-0.06827906034945819,51.98200607299805,42.875,-0.10628640295961447,0.00671140942722559,0.0,1.0,48.52380952380952,37.42857142857143,-5.643577575683594,-7.286483287811279,0.0
-12.85672378540039,31.142857142857146,-0.054443102329969406,30.571428571428577,0.1443485014619883,49.071428571428584,39.214285714285715,632.6414794921875,35.28571428571429,-15.260113737752173,79.60296816770635,94.71428571428571,51.21428571428571,1281.1195068359375,82.7857142857143,37.36463165283203,46.35714285714286,0.0008948480244725943,88.35714285714286,0.706188440322876,73.68304443359375,107.78571428571432,0.548933744430542,111.2857142857143,56.85714285714286,43.02372360229492,75.92857142857142,-0.12962102588940572,76.0604019165039,54.226497650146484,87.07142857142858,-0.014749173347469103,8.946309089660645,164.6428571428571,-0.6274883354441607,25.725784301757812,54.785714285714285,0.2784834545850472,39.5837516784668,93.35714285714286,1.0,0.0,1.134228229522705,-0.15792994724518464,87.42857142857146,105.50000000000001,-4.468566417694092,1.0150084495544434,0.0
-17.479402542114258,30.78571428571429,-0.04847749322652817,41.14285714285715,0.13090832751052023,38.35714285714287,58.21428571428572,625.0878295898438,33.50000000000001,-17.42692773454141,81.55732540592486,74.57142857142858,33.42857142857143,1254.669677734375,75.92857142857144,38.18928527832031,52.071428571428584,0.0008253262494690716,87.14285714285715,0.726266622543335,75.78634643554688,105.92857142857142,0.5159783363342285,85.35714285714286,45.28571428571429,42.752994537353516,75.21428571428572,-0.2864890546475059,75.22147369384766,54.45235061645508,81.07142857142858,-0.26419896106224894,9.644295692443848,163.21428571428572,-0.5715286160926608,26.178192138671875,57.0714285714286,0.28238714509042345,39.22676086425781,93.07142857142858,-0.03703703703703703,0.0,1.201342225074768,0.013659834232643492,92.78571428571428,101.5,-5.176464557647705,1.8027042150497437,0.0
239.61593627929688,59.42857142857144,-0.17945308983325958,50.57142857142857,0.08240892932227359,67.625,56.0,531.7625122070312,61.1875,-8.80067118062269,84.36350218784942,91.8125,61.35714285714287,1277.7685546875,47.125,35.54945755004883,50.142857142857146,-0.004058841150254011,111.6875,1.6787831783294678,230.2042236328125,37.0625,1.2422798871994019,118.00000000000003,47.71428571428572,49.592193603515625,83.8125,-0.261783217238153,90.22818756103516,73.42284393310547,41.1875,0.6249130626757553,0.6241610646247864,41.4375,-0.013736495811470954,38.08198165893555,40.3125,-0.31156369210277585,25.68633270263672,46.125,-0.23847118352798904,1.2147650718688965,0.06711409240961075,0.09497851600076958,71.125,49.6875,-13.266324996948242,0.9802719354629517,0.0
536.114501953125,57.35714285714286,0.07312767207622528,37.42857142857143,0.6781959032697072,45.33333333333334,60.208333333333336,618.7526245117188,79.54166666666667,-15.61481448277931,93.03081550199676,88.625,53.904761904761905,1648.980224609375,48.83333333333334,45.69963836669922,48.0952380952381,0.002460440155118704,150.85714285714286,0.45113658905029297,212.71975708007812,78.62499999999999,0.6131715178489685,73.42857142857143,82.95238095238095,22.82477569580078,77.08333333333334,0.14551200399864556,111.12751770019531,59.18737030029297,50.45833333333333,0.3453800125767451,0.29530200362205505,49.04166666666667,0.11051416469366811,15.128626823425293,60.70833333333333,-0.05105025857644609,25.475435256958008,56.12500000000001,-0.16939031359433296,0.26174497604370117,0.0,-0.1428217877472045,55.41666666666667,81.16666666666667,-2.5708420276641846,1.836876630783081,0.0
555.659423828125,101.07142857142858,0.08923066407442093,77.00000000000001,0.09656733526343853,92.375,52.375,578.3836059570312,122.25,-31.192062899920366,73.44792040416445,78.8125,138.8571428571429,1255.16357421875,96.625,44.42720031738281,113.28571428571429,-0.00252633448690176,63.125,0.7108916640281677,499.87457275390625,169.0,0.9740124344825745,84.50000000000001,167.21428571428572,49.18159484863281,53.214285714285715,-0.029658705678961138,52.0335578918457,55.0931396484375,69.71428571428572,0.05630527762970912,3.711409330368042,60.42857142857143,-0.42314491417288375,24.160188674926758,42.92857142857142,0.5045048305778863,32.1387939453125,59.71428571428572,0.1078453144332177,1.9127516746520996,0.6375839114189148,-0.006977156762281531,92.625,67.625,-9.515755653381348,-10.566694259643555,0.0
61.21192169189453,12.000000000000004,-0.10143876820802689,77.85714285714288,-0.635840835038132,67.9375,49.1875,702.8884887695312,11.8125,10.419107296922864,56.686716918240066,42.1875,97.21428571428572,11259.724609375,49.875,30.650480270385742,81.28571428571429,0.0009555531432852149,140.875,2.242506265640259,63.603790283203125,78.5625,0.9026932716369629,89.0,62.14285714285715,71.0539321899414,86.14285714285717,-0.3891205834120496,74.69127655029297,57.89772415161133,92.07142857142857,-0.07664440782289479,0.34899330139160156,52.78571428571429,0.2814634443613208,50.335906982421875,78.21428571428574,-0.05324526415561718,46.77688980102539,93.14285714285717,-0.07806460848403875,0.0,0.0,1.0,91.3125,47.8125,17.6434268951416,42.5527229309082,0.0
349.12384033203125,99.57142857142858,-0.0012623327784240246,36.07142857142858,0.1397031920684639,55.64285714285715,84.42857142857144,440.48773193359375,77.21428571428574,-7.954290040162386,81.84156093737455,64.2857142857143,51.571428571428584,1226.99462890625,54.5,41.05968475341797,62.571428571428584,-0.004221655428409576,37.5,1.589811086654663,369.59033203125,56.571428571428584,1.042996883392334,100.2857142857143,46.625,48.386531829833984,77.42857142857144,0.04127906005745206,63.20805358886719,54.07753372192383,71.50000000000001,0.024019041975517047,0.5906040072441101,20.57142857142857,-0.06359920847742864,39.63576889038086,42.78571428571429,0.23021364514642212,23.51162338256836,70.21428571428572,-0.1818983747324144,3.0,1.2684563398361206,-0.08624412272127624,61.92857142857144,49.42857142857143,1.2322026491165161,0.33250927925109863,0.0
487.0992431640625,89.7857142857143,0.020038435235619545,55.8095238095238,-0.48768010607584333,41.76190476190476,63.66666666666666,733.7752685546875,53.85714285714285,13.31706343561211,61.618246169044774,78.47619047619048,81.52380952380952,2284.909912109375,61.33333333333333,40.14216995239258,111.95238095238096,-0.0010688843904063106,25.23809523809524,1.9316104650497437,149.61328125,73.76190476190476,0.7744860053062439,71.90476190476191,60.333333333333336,41.368927001953125,51.1904761904762,-0.08592166109901495,112.18791961669922,54.12617111206055,44.523809523809526,0.5928930924477142,0.6711409687995911,59.33333333333333,0.17016058809243145,39.695159912109375,63.047619047619044,0.12105574962206084,18.534467697143555,92.0,0.1442656298732059,2.3489933013916016,0.0,-0.08062260447197157,65.47619047619047,93.95238095238095,-2.9531168937683105,-0.1953602284193039,0.0
67.49093627929688,97.64285714285717,-0.06773439049720764,62.571428571428584,-0.31648114864326293,57.00000000000001,72.42857142857143,551.5916137695312,35.07142857142857,28.43659303972385,129.87860329562216,116.00000000000001,33.92857142857144,1355.7786865234375,85.85714285714286,25.57615852355957,78.78571428571429,0.0019762616138905287,90.14285714285715,1.0098481178283691,180.1370849609375,35.28571428571429,0.27647796273231506,50.28571428571429,145.9285714285715,24.43813705444336,65.21428571428572,-0.22587300293157414,132.58389282226562,42.45219802856445,52.642857142857146,0.29924670639397044,0.0,58.42857142857143,0.05384816796766329,14.24666976928711,73.64285714285715,-0.17036584373060587,28.576068878173828,59.85714285714286,-0.0788310925595273,3.3557047843933105,0.0,1.0,62.000000000000014,52.571428571428584,-0.1716924011707306,-0.411399781703949,0.0
432.1911315917969,58.20833333333333,0.185580313205719,55.0,-0.1597402081103247,94.35714285714286,105.71428571428572,902.97314453125,120.5,-35.541625179300375,70.24711164739739,78.28571428571429,93.5,1908.975341796875,27.92857142857143,42.81291961669922,101.3125,-0.0008208355284295976,92.57142857142856,2.0405099391937256,144.75775146484375,125.14285714285717,0.8840880393981934,117.64285714285714,124.0625,55.284305572509766,114.7857142857143,-0.38802751423340714,66.11409759521484,59.108421325683594,88.2857142857143,-0.0629666634842884,2.838926076889038,53.28571428571429,-0.014223344759155683,36.3355827331543,87.42857142857144,-0.10518649459388182,30.582477569580078,106.92857142857146,-0.2218161165144198,0.2751677930355072,0.5436241626739502,-0.2779569425710371,60.857142857142854,37.07142857142857,-7.887417793273926,6.9644293785095215,0.0
34.10968017578125,60.47619047619048,0.0001422491332050413,61.92857142857143,-0.7178690946365582,38.35714285714286,82.5,515.448486328125,84.28571428571429,40.10649056072603,65.06761576341485,141.3571428571429,66.0,1132.89111328125,56.28571428571429,45.23119354248047,101.35714285714286,0.0008077615639194846,43.642857142857146,0.8111571073532104,132.05909729003906,122.21428571428572,0.4805434048175812,109.2142857142857,64.85714285714286,16.401212692260742,45.07142857142858,-0.11865951836490697,86.88590240478516,27.096281051635742,33.35714285714286,-0.10159846053477031,0.0,74.21428571428571,0.26735436043554817,19.746686935424805,108.92857142857142,-0.5850988953258981,26.401376724243164,70.2857142857143,1.0,15.288590431213379,65.16107177734375,1.0,102.50000000000001,79.71428571428574,-1.0586713552474976,1.6595215797424316,0.0
204.06097412109375,44.09523809523809,-0.061013709753751755,53.57142857142856,-0.6546960905719164,45.125,35.875,547.0345458984375,47.8125,14.903306962759704,77.11001421704536,81.125,65.50000000000001,1518.725341796875,57.5625,40.0026741027832,86.57142857142857,0.0022721935529261827,148.0,0.8067609667778015,96.49185943603516,62.5,0.624187171459198,61.00000000000001,60.78571428571429,21.235755920410156,77.42857142857144,-0.2853665074029356,89.53691101074219,38.55241775512695,68.57142857142858,-0.16819458757903688,0.020134227350354195,55.071428571428555,0.34972626087907444,21.558185577392578,44.21428571428572,0.5315588523392035,28.739044189453125,54.85714285714286,-0.0606060606060606,0.0,0.0,-0.12170863393659953,84.6875,59.6875,-3.080564260482788,-2.420184373855591,0.0
-4.378184795379639,82.92857142857143,-0.023159589618444443,36.00000000000001,0.4811372088959889,33.57142857142858,51.714285714285715,510.85833740234375,36.71428571428572,79.08355038438067,86.37386885974546,48.21428571428571,24.85714285714286,1117.54443359375,84.00000000000001,39.414215087890625,34.00000000000001,0.00020810379646718502,82.21428571428574,0.9966338872909546,212.83023071289062,11.071428571428573,0.6808637380599976,30.000000000000004,19.142857142857146,27.69927215576172,68.57142857142858,0.04563772439420109,79.44966125488281,43.97931671142578,64.21428571428572,0.19807593288887063,0.12751677632331848,58.928571428571445,0.5114602081974222,29.866466522216797,49.000000000000014,0.5872112342774207,26.599750518798828,68.78571428571429,-0.14086146682188588,0.563758373260498,0.04026845470070839,-0.1201541335824381,51.2857142857143,50.35714285714286,-1.5341509580612183,-1.938086986541748,0.0
27.678382873535156,36.214285714285715,-0.07939345389604568,34.92857142857143,0.29241926597275897,32.42857142857143,31.857142857142854,650.6731567382812,36.21428571428572,29.212033866635906,83.93785224529329,66.92857142857143,53.07142857142856,1405.90283203125,80.14285714285714,42.76474380493164,67.21428571428572,0.0013544149696826935,96.35714285714286,0.8561501502990723,91.81705474853516,52.28571428571429,0.6792215704917908,42.0,81.85714285714286,25.51559829711914,60.25,-0.5623403837338746,127.45637512207031,81.4150390625,39.75,0.8101220223749969,0.899328887462616,33.9375,0.31322984613986704,32.68492889404297,55.9375,0.18639080920067175,34.88772201538086,50.0625,-0.06666666666666667,0.0,0.06711409240961075,-0.10151073768587436,49.64285714285715,51.00000000000001,0.3476334512233734,1.4147056341171265,0.0
76.69557189941406,81.2142857142857,-0.029078284278512,58.28571428571428,0.5308609182131314,46.00000000000001,25.85714285714286,510.6883239746094,55.42857142857143,19.4789932090164,101.69949384124051,98.57142857142856,37.47619047619048,1272.5872802734375,65.21428571428572,41.2986946105957,61.0952380952381,0.0005181472515687346,117.64285714285715,1.1302260160446167,404.4969177246094,49.85714285714286,0.7450846433639526,39.9375,58.42857142857143,31.505470275878906,56.28571428571428,-0.3613064290785828,84.69798278808594,40.22465515136719,44.35714285714287,0.3635674432559854,0.04026845470070839,57.35714285714286,-0.18029004076080515,21.153806686401367,47.0,0.27716122616855665,34.0420036315918,41.92857142857144,-0.2137461584857972,0.6241610646247864,0.10738255083560944,-0.07688370333505198,57.92857142857144,58.49999999999999,3.6531941890716553,-2.336146116256714,0.0
229.84828186035156,73.5625,0.03236491605639458,65.5,-0.17149573474864654,51.928571428571445,19.857142857142858,521.339111328125,82.14285714285715,-10.610646332670377,95.00841882160204,118.07142857142858,81.0625,1063.3096923828125,44.714285714285715,44.5882682800293,127.1875,0.000300378305837512,52.50000000000001,0.9192007184028625,193.8891143798828,146.50000000000003,0.5924121141433716,89.57142857142858,53.8125,30.7076416015625,60.64285714285715,-0.08180075442153603,152.70469665527344,57.84177780151367,71.64285714285714,0.033887023136264044,0.06040268391370773,105.0714285714286,-0.5113431489255814,24.32745933532715,73.42857142857143,-0.3822664145385648,34.022151947021484,92.07142857142858,-0.1662834694660078,0.0,0.0,0.1370249916621811,96.28571428571429,62.571428571428584,-0.3876645863056183,-2.0208303928375244,0.0
-49.1729850769043,105.35714285714286,-0.017258385196328163,56.99999999999999,0.10955529521412116,88.47619047619051,52.2857142857143,491.2111511230469,84.85714285714288,34.97911450316842,32.50791634362897,43.28571428571429,74.66666666666666,13252.78515625,54.23809523809524,28.99917221069336,61.71428571428571,-0.00015217956388369203,98.0,2.4606480598449707,161.18409729003906,57.76190476190476,0.6699147820472717,68.80952380952381,70.33333333333334,38.15638732910156,32.523809523809526,0.13778522970987658,48.11409378051758,28.1936092376709,77.57142857142858,-0.2021367175859308,0.01342281885445118,52.0,-0.0826088888230677,20.91729164123535,52.761904761904766,0.24839593297380705,49.28866195678711,92.14285714285715,-0.03409090909090908,1.3758388757705688,11.087247848510742,-0.04045640349074865,65.28571428571429,66.57142857142857,0.625755250453949,7.360712051391602,0.0
233.19322204589844,102.875,-0.006950343027710915,69.875,-0.26424716937050896,75.14285714285715,67.92857142857144,690.62646484375,68.28571428571429,11.999905384026917,76.00784144877488,28.999999999999996,109.25,1707.723388671875,112.57142857142857,46.31983184814453,105.5625,0.0011922114063054323,62.71428571428572,0.9644641280174255,202.4359588623047,105.7857142857143,0.6713859438896179,101.07142857142858,66.0,25.412452697753906,76.5714285714286,-0.1421948577817871,130.16778564453125,56.22610092163086,88.78571428571429,-0.3196086887884553,0.0,60.07142857142856,-0.0037676795783775432,21.87322425842285,84.5,-0.2970718734403949,32.80186462402344,83.64285714285715,1.0,0.0,0.0,1.0,96.07142857142857,118.28571428571429,0.2749637961387634,8.672566413879395,0.0
69.25589752197266,92.71428571428571,-0.001059920177794993,55.357142857142875,-0.08698768082108428,76.50000000000001,82.07142857142858,360.86376953125,107.42857142857142,15.46288298600472,63.16355849008127,83.35714285714286,129.21428571428572,23236.177734375,110.2857142857143,35.3911018371582,71.5,0.0006942765903659165,62.2857142857143,3.638364791870117,74.28034210205078,94.875,0.9971655607223511,108.0,105.5,61.994876861572266,108.1875,-0.10694855432632676,57.29530334472656,44.709877014160156,97.4375,0.023908645688542767,0.00671140942722559,115.6875,-0.23466682315147264,34.75210189819336,109.5,-0.2707938820101967,73.77622985839844,114.0,1.0,0.4563758373260498,12.36912727355957,1.0,106.85714285714286,108.71428571428572,-8.005414962768555,6.229519367218018,0.0
285.410400390625,89.78571428571429,0.050742655992507935,77.64285714285714,-0.2619557227774794,62.71428571428572,80.92857142857144,567.2262573242188,65.07142857142858,-24.17947600351884,92.91443915869685,115.14285714285712,91.35714285714286,1281.6162109375,71.78571428571429,46.855857849121094,87.42857142857144,0.0004580230452120304,57.71428571428572,0.9659481644630432,158.93878173828125,119.78571428571429,0.5577393770217896,86.8125,42.35714285714287,28.640411376953125,44.71428571428572,0.00675101738808729,151.56375122070312,56.75241470336914,68.5,-0.04726845850058117,0.06040268391370773,54.28571428571429,-0.03574421176899957,25.57939910888672,57.142857142857146,0.20141431807278662,35.75579071044922,121.64285714285717,-0.09753817628839553,0.0,0.0,-0.02018942669267431,89.64285714285715,54.85714285714286,-3.668888807296753,-2.2666802406311035,0.0
175.95140075683594,48.25,-0.08080688118934631,44.9375,0.29654711749586204,84.92857142857144,86.85714285714289,633.4771118164062,96.64285714285715,32.94556656379828,95.08295310088027,67.57142857142858,67.0,1359.5841064453125,84.7857142857143,40.88249206542969,56.625,-0.002322492655366659,47.375,1.8547898530960083,152.97193908691406,122.5714285714286,1.0069034099578857,111.00000000000003,109.0625,52.40426254272461,79.14285714285715,-0.3419864950655047,104.61744689941406,69.25554656982422,103.71428571428574,-0.4355006887211334,2.147650957107544,43.57142857142857,-0.11253684871888672,36.4593620300293,85.00000000000001,-0.19926886137430813,29.411617279052734,68.5,-0.3029761278788516,0.42281877994537354,0.5167785286903381,-0.28742800442889244,90.14285714285717,101.85714285714288,-14.702953338623047,3.4722342491149902,0.0
215.89202880859375,66.23809523809524,-0.01656694896519184,56.50000000000001,-0.5326253268097424,41.6875,71.5,636.8516235351562,104.8125,-21.432345075182766,83.88811022646243,120.5625,50.571428571428584,1215.4652099609375,37.4375,50.01536178588867,69.64285714285714,0.0004002536879852414,131.57142857142858,0.6420380473136902,100.43917846679688,88.5625,0.21973469853401184,69.0,70.21428571428574,31.60358428955078,40.0,0.6073226245168647,144.40939331054688,53.001075744628906,55.5625,0.364816328991605,0.00671140942722559,85.3125,-0.10927783913204382,24.97098731994629,56.1875,-0.04339663762686512,13.997461318969727,59.125,0.037260470391680435,0.0,0.0,0.11531111059766375,104.3125,58.9375,-3.9858832359313965,-2.2259440422058105,0.0
153.97427368164062,84.64285714285715,0.07831422239542007,43.35714285714286,-0.15606659746822768,58.500000000000014,104.64285714285715,545.7579956054688,53.2857142857143,17.261858914522517,83.48331020354196,67.28571428571428,106.35714285714289,8534.5869140625,39.92857142857143,36.08933639526367,76.5,0.001614728244021535,38.85714285714286,0.2802810072898865,123.139892578125,79.2857142857143,1.2421488761901855,78.57142857142858,77.35714285714286,60.21992874145508,81.99999999999999,-0.1514381760324703,92.91275024414062,73.9922866821289,96.78571428571429,0.15635995057359775,0.268456369638443,55.78571428571428,-0.1356328632975522,37.107696533203125,69.42857142857143,-0.3608220607820574,45.288089752197266,85.2857142857143,-0.03905960522933882,0.1812080591917038,0.0,-0.039751960905096285,75.78571428571429,60.57142857142857,3.6929707527160645,-1.5407435894012451,0.0
58.690181732177734,88.4375,-0.03214908391237259,60.6875,-0.3370643482247242,41.71428571428571,79.64285714285715,530.468017578125,39.0,15.529016158724792,135.09002929157967,127.92857142857146,29.6875,1314.523193359375,86.21428571428574,34.252777099609375,63.0,0.001900558127090335,90.35714285714286,1.027839183807373,178.91455078125,44.57142857142858,0.31943240761756897,44.42857142857144,133.875,28.688203811645508,63.21428571428572,0.04815648496260868,135.57717895507812,46.06985855102539,61.28571428571429,0.1132665230157365,0.0,44.785714285714285,0.3300508392232433,14.559796333312988,69.5,-0.165196943423706,30.027008056640625,58.85714285714287,-0.0788310925595273,3.463087320327759,0.0,1.0,58.357142857142854,54.92857142857144,0.42014268040657043,0.5597892999649048,0.0
64.96588134765625,128.6875,-0.09572367370128632,115.0,-0.42435774457742703,66.50000000000001,45.42857142857143,370.89288330078125,123.85714285714283,-10.695956262166067,91.48298612620869,75.00000000000003,149.3125,780.7355346679688,100.21428571428572,46.5629768371582,127.9375,0.0003372801293153316,35.5625,0.2865159213542938,309.9621887207031,68.14285714285715,0.44502660632133484,118.57142857142858,99.1875,35.259456634521484,59.21428571428572,-0.14204776391471963,135.62416076660156,58.61928939819336,81.42857142857144,-0.20530951041447762,0.00671140942722559,31.714285714285715,-0.042135849707989295,24.953487396240234,43.85714285714286,-0.13228701202140739,34.17793273925781,94.21428571428572,-0.2282343688556822,0.0,0.0,-0.1645824683242136,84.125,69.125,-1.8438578844070435,0.7074466347694397,0.0
211.34133911132812,36.80952380952381,-0.360548734664917,53.78571428571429,-0.2693610546540943,53.785714285714285,57.92857142857144,524.57275390625,28.428571428571438,8.899628664023124,85.18019401000313,60.85714285714287,94.71428571428575,1307.5469970703125,64.07142857142858,30.97813606262207,64.14285714285715,-8.407900895690545e-05,149.0,0.8392183184623718,143.640625,119.50000000000003,0.5528869032859802,54.50000000000001,70.42857142857143,32.27073287963867,58.57142857142857,-0.36582748577051843,98.2617416381836,59.884830474853516,51.85714285714286,0.08415874641084425,0.07382550090551376,56.928571428571445,-0.2410999124977106,34.778133392333984,59.14285714285716,-0.09620199641838562,11.478432655334473,72.28571428571429,0.04326355700260298,2.134228229522705,0.06711409240961075,-0.07379120481129278,59.5,52.0,-1.9078582525253296,7.879735469818115,0.0
548.5689086914062,48.875,-0.053954873234033585,66.5,0.03601082761642388,57.14285714285715,84.64285714285715,726.8134155273438,37.28571428571429,24.74045131822748,65.14874903972984,114.64285714285717,42.5625,2031.1409912109375,57.50000000000001,43.16286087036133,78.4375,-0.0006801782292313874,15.214285714285715,1.1184377670288086,120.74317169189453,70.35714285714285,0.897340714931488,70.42857142857144,50.25,35.150203704833984,58.07142857142857,-0.07020303072604037,85.15436553955078,56.529823303222656,60.071428571428584,-0.0958602390669432,0.5167785286903381,90.42857142857144,-0.40824434516836017,42.765682220458984,95.50000000000001,-0.45262641956856087,23.10715675354004,74.92857142857144,-0.3448670846975047,0.7583892345428467,0.0469798669219017,0.729805232692164,78.5,94.85714285714286,-2.7325735092163086,2.299339771270752,0.0
431.3215637207031,60.42857142857142,0.17540854215621948,66.07142857142858,0.3380162260017286,93.7857142857143,96.64285714285717,768.4611206054688,72.85714285714286,32.58975320854443,93.75578571523533,48.28571428571429,73.21428571428572,1798.5877685546875,70.35714285714286,47.0503044128418,32.07142857142857,-0.0018561513861641288,81.14285714285717,1.0748389959335327,90.81714630126953,75.125,0.7962707877159119,76.0625,72.14285714285717,55.40407943725586,73.75,0.11628051196361817,119.61744689941406,72.23039245605469,52.5625,0.4610020366884392,2.5100672245025635,64.5,0.184783798576902,39.28645324707031,78.4375,-0.12281829290721645,21.618566513061523,58.8125,0.3643901848614481,0.10067114233970642,0.10738255083560944,-0.23971001021039265,61.071428571428584,61.92857142857143,-9.280304908752441,3.6031007766723633,0.0
268.0792236328125,59.00000000000001,-0.03329281508922577,48.952380952380956,-0.01700454442904572,38.9047619047619,46.28571428571429,579.7628173828125,70.95238095238095,6.149645373225212,75.08292668391726,55.095238095238095,52.04761904761905,1690.7939453125,51.57142857142858,42.074527740478516,93.52380952380952,0.0023364697117358446,125.76190476190474,0.5966729521751404,116.21195983886719,30.619047619047613,1.1322393417358398,39.04761904761905,41.23809523809524,27.35121726989746,35.047619047619044,0.6512498380608491,147.8724822998047,74.84536743164062,43.52380952380952,0.6782866239680131,0.0,35.57142857142857,0.6191217789968599,25.2530460357666,43.66666666666667,0.617407697250482,24.84988021850586,91.09523809523812,-0.1327433777428807,0.06711409240961075,0.0,-0.06906116983117319,97.14285714285714,64.5238095238095,-1.627498745918274,8.899187088012695,0.0
32.23066711425781,69.71428571428572,0.01526001188904047,34.42857142857144,0.45051274103183525,41.57142857142858,47.64285714285715,501.1529541015625,42.00000000000001,45.31503844971225,71.04331409366516,45.57142857142858,80.14285714285715,1116.373779296875,57.21428571428572,43.24641799926758,64.92857142857144,0.00017161821597255766,36.14285714285715,0.7190945744514465,161.0542449951172,47.78571428571429,0.4620913863182068,100.07142857142857,96.50000000000001,19.013261795043945,67.57142857142857,-0.375787199362431,113.42282104492188,45.597774505615234,70.71428571428572,-0.24850109539187795,0.0,77.50000000000001,-0.27309690331139896,18.668886184692383,64.64285714285717,0.17363743205259807,36.184349060058594,72.85714285714286,-0.07692307692307693,0.06040268391370773,12.10067081451416,1.0,89.42857142857143,66.78571428571429,-3.003941774368286,3.1808021068573,0.0
522.61767578125,55.71428571428572,0.2868579626083374,47.14285714285715,0.42656058751529985,68.92857142857144,104.92857142857142,763.5579223632812,53.500000000000014,-4.889558864919931,93.38357244583008,107.42857142857144,53.21428571428572,1870.828369140625,95.64285714285715,43.11483383178711,46.64285714285714,0.0027925889007747173,25.357142857142854,0.6147876381874084,360.666015625,58.5,0.4273284077644348,33.85714285714286,58.64285714285715,24.23607063293457,82.00000000000001,-0.262476235565649,119.63087463378906,53.33323669433594,83.2857142857143,-0.42346892208463904,0.0939597338438034,46.78571428571428,0.01833040019376081,19.048540115356445,67.64285714285715,-0.20950187387763164,30.852977752685547,62.0,0.28088496511840366,0.24832214415073395,0.0,-0.2680655999438351,82.35714285714288,62.571428571428584,5.902937889099121,0.8701298832893372,0.0
-76.13499450683594,35.57142857142858,-0.002453608438372612,41.52380952380953,0.5936855303597914,36.28571428571429,37.95238095238096,384.2063903808594,18.0,9.550111501808935,92.42460391132525,135.52380952380955,17.857142857142854,22238.5625,13.666666666666666,40.45847702026367,63.33333333333333,-0.00023421569494530559,23.57142857142857,3.5233395099639893,48.38692855834961,20.142857142857146,0.5496125221252441,31.76190476190476,25.904761904761905,57.354957580566406,33.8095238095238,0.625224504338227,37.71812057495117,36.97270584106445,71.95238095238095,-0.027804116662179506,0.4899328947067261,26.0,0.6734905636651418,22.513185501098633,63.095238095238095,0.180519596842117,54.54104995727539,30.523809523809522,1.0,0.0,0.02684563770890236,0.3038167993215844,64.38095238095238,46.47619047619048,1.1925173997879028,-17.195636749267578,0.0
-8.972908020019531,65.52380952380953,-0.01784348674118519,32.642857142857146,-0.4843211664717465,37.07142857142858,53.42857142857144,514.0333251953125,51.642857142857146,54.119861133346625,61.622660719962916,90.2857142857143,55.00000000000001,1036.7103271484375,64.14285714285715,36.0222053527832,76.85714285714288,-1.9799417714239098e-05,93.85714285714288,0.7604462504386902,165.00115966796875,104.21428571428572,0.23931124806404114,90.64285714285714,95.57142857142857,19.077301025390625,61.64285714285714,-0.25219538162774086,111.86576843261719,54.40917205810547,65.71428571428572,0.28978462640786745,0.08724832534790039,52.5,-0.28963951071752053,13.53982925415039,69.64285714285712,-0.1563387914281034,38.355224609375,79.71428571428572,1.0,0.20134228467941284,12.26845645904541,-0.04130243570271105,77.50000000000001,60.14285714285714,0.1363578587770462,4.673830509185791,0.0
519.9788208007812,105.21428571428574,0.28138473629951477,65.78571428571429,-0.26685368878213744,79.00000000000001,75.50000000000001,660.5894165039062,142.50000000000003,-15.541748387001505,89.46642125125248,98.71428571428571,103.92857142857143,1324.2879638671875,36.14285714285715,41.19913101196289,92.64285714285715,0.001386436284519732,37.21428571428572,1.3546642065048218,297.325927734375,78.7857142857143,0.5643879175186157,86.71428571428574,57.07142857142857,32.879886627197266,36.785714285714285,-0.10250677173110072,75.87248229980469,43.99150466918945,73.35714285714286,-0.1798464314775019,2.597315549850464,64.92857142857144,0.20078900323264423,17.331876754760742,44.35714285714287,-0.2870498414249397,22.29766273498535,77.28571428571429,-0.21258153645481462,0.4966442883014679,0.1409395933151245,-0.26196692187037346,95.85714285714286,67.64285714285717,1.2215242385864258,9.310532569885254,0.0
81.3448257446289,97.14285714285717,0.012629386968910694,67.47619047619047,-0.08226015181903734,78.52380952380953,60.9047619047619,494.17083740234375,83.85714285714286,-1.2168419529127594,79.79797310469202,67.04761904761904,54.523809523809526,1232.6881103515625,63.42857142857143,40.11310577392578,80.23809523809524,0.00035847778781317174,142.85714285714283,1.0818824768066406,266.3109130859375,104.14285714285714,0.753337025642395,130.42857142857144,98.52380952380949,21.720304489135742,60.476190476190474,-0.33967045252620975,88.82550048828125,31.709192276000977,79.66666666666667,-0.5459669533126602,0.0,49.76190476190476,-0.12556437440500604,21.656972885131836,67.71428571428572,0.11588508105169953,34.301300048828125,79.66666666666667,-0.07610630655304265,0.3758389353752136,0.0,1.0,64.57142857142857,74.7142857142857,0.1846260279417038,4.816591262817383,0.0
75.36784362792969,117.71428571428572,-0.07682682573795319,47.523809523809526,0.15486202685287856,43.95238095238096,46.380952380952365,635.0841674804688,75.0,18.555556609326562,39.17642393538475,73.95238095238098,66.8095238095238,12435.427734375,71.38095238095238,36.22905349731445,77.38095238095238,0.0011489345924928784,85.33333333333334,0.4991436302661896,54.595184326171875,77.42857142857143,0.43708914518356323,84.54166666666666,80.0952380952381,58.750518798828125,78.45833333333333,-0.20556872056340358,58.22147750854492,44.81967544555664,84.99999999999999,-0.3497750531855798,1.4496644735336304,85.00000000000001,-0.1209005594529181,29.436363220214844,83.08333333333333,0.12898748747458444,48.82535171508789,80.16666666666667,-0.06519055217934497,0.0,0.23489932715892792,-0.0003791741303445149,99.04761904761907,93.23809523809524,6.166530609130859,-6.668109893798828,0.0
-10.887205123901367,127.875,-0.024735229089856148,85.79166666666666,-0.18278231573739023,80.0952380952381,71.95238095238095,520.64453125,76.28571428571428,67.92751040234661,35.365590617302715,73.71428571428572,97.20833333333331,1069.18408203125,57.85714285714286,27.578092575073242,86.66666666666666,-9.103325282922015e-05,125.125,0.7921167612075806,161.01156616210938,76.47619047619048,0.4097343385219574,66.71428571428572,106.125,27.887035369873047,63.95238095238096,0.11506473132658285,65.02684783935547,36.680728912353516,68.76190476190477,0.08926582089830286,0.25503355264663696,45.952380952380956,0.1549098120656342,19.55219268798828,74.61904761904762,-0.22468676205872978,41.05323028564453,54.904761904761905,-0.06521739130434784,1.6510066986083984,7.6308722496032715,-0.06694310880493914,79.57142857142858,94.99999999999999,2.9290995597839355,0.6831576228141785,0.0
392.1787109375,129.57142857142856,0.14008016884326935,121.00000000000001,-0.7773372387348144,71.21428571428572,72.42857142857143,775.3941650390625,64.92857142857142,4.205644280318446,82.85779032160004,97.0,112.35714285714288,2040.351806640625,70.92857142857144,40.785499572753906,135.3571428571429,0.002597880084067583,119.00000000000001,0.5163159966468811,165.59552001953125,70.5,0.662659764289856,149.5,123.78571428571432,31.204349517822266,86.14285714285715,-0.555796722021196,169.5570526123047,69.16426849365234,95.71428571428571,-0.35005925873912197,0.01342281885445118,73.07142857142858,-0.07700235031933572,36.57054138183594,64.00000000000001,0.0573108996900818,34.54084396362305,70.85714285714288,-0.051308188922867815,0.0,0.02684563770890236,-0.037037037037037035,82.64285714285715,75.85714285714288,-0.849891722202301,-0.328904390335083,0.0
445.3680725097656,77.95238095238093,0.1323140412569046,48.85714285714287,-0.012521039948656469,56.57142857142858,65.21428571428574,577.8281860351562,78.50000000000001,-27.20685302261138,89.73079588303798,77.5,62.64285714285715,1281.470703125,69.5714285714286,42.517364501953125,88.00000000000001,0.0017988422187045217,34.50000000000001,1.2556097507476807,318.9658203125,118.42857142857143,0.4940681755542755,112.21428571428574,87.2857142857143,29.421709060668945,36.57142857142858,0.2374489756657211,90.63758087158203,43.45980453491211,47.57142857142858,0.27712194585816535,1.0335570573806763,84.07142857142858,-0.6409992240973115,15.646148681640625,62.85714285714287,0.18799907033882826,26.336198806762695,61.78571428571429,0.11888111888111891,0.4026845693588257,0.0,-0.048807192484918306,49.85714285714287,57.85714285714286,0.41765058040618896,8.336997985839844,0.0
-9.719378471374512,27.625,-0.3296390473842621,48.375,0.009940132004953025,67.2857142857143,48.28571428571429,411.7955017089844,41.71428571428571,-43.2712400303591,87.58938010522954,106.5714285714286,47.5625,629.213134765625,120.71428571428575,37.559635162353516,59.0625,0.0010347561910748482,58.5,1.3725517988204956,163.85609436035156,29.928571428571434,0.9048013687133789,46.71428571428573,63.375,35.639713287353516,81.64285714285715,-0.3264706352539723,142.83892822265625,68.63814544677734,78.71428571428574,-0.08572388807108819,0.268456369638443,62.28571428571429,0.15541891613434985,32.131778717041016,74.00000000000001,-0.12425777649111315,35.1611328125,132.64285714285717,0.29446527551353113,0.12080536782741547,0.08724832534790039,-0.1547859022545472,51.75,28.875,-3.9031572341918945,-8.759530067443848,0.0
-25.820966720581055,94.23809523809524,-0.01410062238574028,97.07142857142858,-0.5137115464077301,68.42857142857142,102.57142857142858,441.50994873046875,21.214285714285715,37.304072244655366,38.085603126194904,71.07142857142858,26.142857142857146,20414.53125,19.92857142857143,35.34408950805664,100.21428571428572,0.00011616486153798178,116.71428571428574,5.2458600997924805,102.89900207519531,41.35714285714286,0.8609813451766968,30.500000000000004,78.28571428571429,51.00286865234375,70.21428571428572,-0.21572586217971806,54.0268440246582,34.941932678222656,63.21428571428573,0.03279924335586872,0.0,38.85714285714286,0.01816702170947125,31.997467041015625,77.21428571428574,-0.5285105579358615,58.566246032714844,73.14285714285715,-0.16977202081984988,45.3020133972168,80.35570526123047,-0.037037037037037035,86.71428571428572,62.21428571428572,4.237200736999512,6.141655445098877,0.0
38.97519302368164,109.14285714285717,-0.30708062648773193,49.92857142857143,-0.2835338373868673,91.4375,87.25,209.38485717773438,115.1875,11.645881979857515,78.56908082582314,58.4375,101.57142857142858,4078.9248046875,115.25,38.04491424560547,62.2857142857143,-0.0011731837876141071,126.9375,10.176674842834473,96.77918243408203,102.0625,1.2510885000228882,97.49999999999999,117.21428571428575,54.71554946899414,109.0,0.09105841601022645,79.47650909423828,77.5592041015625,129.875,-0.5367264341535191,0.563758373260498,151.75,-0.6028467458419282,27.533628463745117,89.875,-0.489839786764495,25.85052490234375,23.25,-0.5290520156527043,0.020134227350354195,0.1812080591917038,0.36211796316581285,94.6875,108.5625,53.87294387817383,-32.56781768798828,0.0
642.201171875,112.85714285714289,0.36414873600006104,75.92857142857143,-0.13277067441207493,93.0714285714286,104.35714285714288,660.311767578125,72.85714285714286,-45.30098219385883,83.31402239429724,86.5714285714286,93.85714285714286,1316.410888671875,55.21428571428573,42.170433044433594,72.14285714285715,-0.0020644247997552156,39.85714285714287,1.3280978202819824,364.5146789550781,36.57142857142857,1.0313884019851685,48.875,21.214285714285715,57.152462005615234,62.21428571428572,0.17431028374459587,46.76510238647461,52.34185028076172,88.28571428571429,0.10796847958169162,5.724832057952881,76.50000000000001,-0.38491595165104897,26.866710662841797,44.21428571428572,0.20646289524206643,30.794099807739258,92.71428571428572,0.27280569563650753,1.0469799041748047,0.7114093899726868,0.246688045517999,79.21428571428574,91.0,-13.638035774230957,-8.193804740905762,0.0
-19.123600006103516,75.875,-0.009025669656693935,58.5,-0.4273232357167382,50.83333333333334,67.87500000000001,315.37652587890625,59.50000000000001,-35.97002442571141,104.75647233736566,121.70833333333333,78.04166666666666,6203.85986328125,38.708333333333336,40.28872299194336,98.375,0.00011178631393704563,75.41666666666667,1.9289264678955078,229.40394592285156,50.52380952380953,1.2338337898254395,61.80952380952382,68.47619047619047,77.67839813232422,84.33333333333333,-0.27238473385012013,42.37583923339844,42.587684631347656,40.42857142857143,-0.14030149354900212,4.2281880378723145,21.809523809523807,-0.041293082636693866,29.764606475830078,40.66666666666667,-0.053569190157721276,44.310062408447266,55.9047619047619,0.4330082468421902,0.25503355264663696,0.0,0.07796888041776708,90.16666666666669,74.79166666666667,-17.576129913330078,-21.04549217224121,0.0
416.1467590332031,35.8125,-0.11179295182228088,79.125,-0.5701376632545004,76.71428571428572,105.7857142857143,722.5167236328125,87.57142857142856,26.852976217687804,34.62813595287872,78.78571428571429,62.0625,1949.9439697265625,51.85714285714286,26.101354598999023,62.25,-0.0006115967989899218,42.78571428571428,1.0717214345932007,135.9342498779297,44.5,0.3523791432380676,47.571428571428584,35.8125,36.71304702758789,54.85714285714287,-0.07966852372265777,111.32215118408203,49.63900375366211,64.28571428571428,-0.05683076363756551,0.1409395933151245,49.85714285714287,0.3911694444622031,36.83009719848633,52.14285714285714,-0.11347046416272881,19.48583984375,34.35714285714286,-0.06834060971060409,2.3288590908050537,0.0,-0.04210774307878592,50.07142857142858,80.85714285714286,-5.827314853668213,2.50459885597229,0.0
-19.509504318237305,62.5,0.015484246425330639,80.99999999999999,0.03888885214166499,87.35714285714286,48.642857142857146,585.1397705078125,50.42857142857143,24.194335955101373,87.47522513684875,110.5,51.42857142857143,1206.817626953125,79.78571428571429,42.80908203125,93.35714285714288,0.0005384731339290738,82.78571428571429,0.925912082195282,73.65518951416016,108.3125,0.18536245822906494,82.3125,65.2857142857143,42.400691986083984,96.75,-0.537489801415505,62.838924407958984,54.07750701904297,69.1875,0.1468962521106151,7.597315311431885,132.625,-0.32804071619067887,14.883708953857422,97.0,-0.3048380891036247,27.67412757873535,74.3125,-0.03225806451612903,0.0,2.3959732055664062,-0.2409889375603237,60.57142857142859,76.42857142857144,-2.431032419204712,-0.20423033833503723,0.0
442.1593933105469,89.47619047619047,-0.020624233409762383,86.57142857142858,-0.22556990608704733,52.2857142857143,47.35714285714286,520.5764770507812,85.21428571428572,-40.9756113858331,75.96228660055182,66.42857142857144,75.07142857142858,1320.4495849609375,53.35714285714287,45.9640007019043,127.85714285714288,-0.002076647710055113,62.071428571428584,0.7728007435798645,328.61572265625,77.85714285714286,1.0387482643127441,22.42857142857143,88.64285714285715,36.602455139160156,60.571428571428584,-0.04181524366627936,68.96644592285156,54.4484748840332,66.21428571428572,-0.20948879002740106,2.3422818183898926,69.50000000000001,-0.2909087404583921,23.308835983276367,53.85714285714287,0.09614625868125706,35.21382141113281,53.35714285714286,-0.13188744998316418,1.1879194974899292,0.01342281885445118,-0.08762625386633743,86.42857142857144,61.42857142857142,-8.716078758239746,-11.575460433959961,0.0
323.6364440917969,49.125,-0.012390859425067902,68.375,-0.06342430178223983,36.583333333333336,77.33333333333334,478.0992126464844,50.45833333333333,-8.667806419750187,70.93583058590347,92.75000000000003,34.0,2160.555419921875,46.958333333333336,41.91215896606445,80.75,-0.0037099639885127544,70.25,8.074156761169434,325.18865966796875,38.333333333333314,1.5261801481246948,79.66666666666666,39.42857142857142,55.44996643066406,60.904761904761926,0.3964712878949256,47.44966506958008,54.79423904418945,53.952380952380956,-0.13232086304919488,0.8590604066848755,27.52380952380952,-0.1520553861102864,36.303672790527344,51.238095238095234,0.43775147343229953,22.15128517150879,60.85714285714285,-0.21236694121165786,0.6979866027832031,0.12751677632331848,0.6047442327809107,70.66666666666669,50.291666666666664,33.46881866455078,-30.349416732788086,0.0
57.33591842651367,38.625,-0.027553660795092583,55.78571428571429,-0.2695760689762832,33.85714285714286,29.071428571428577,539.197998046875,20.000000000000004,-13.013030614828903,116.61257924105885,85.49999999999997,27.285714285714292,447.87884521484375,60.50000000000001,39.422760009765625,80.64285714285715,-0.00127658830024302,70.14285714285715,2.3679115772247314,145.3807830810547,43.07142857142858,0.6705344319343567,53.50000000000001,35.0625,51.265350341796875,71.85714285714286,0.07813033731853115,99.63758087158203,79.1783447265625,108.42857142857144,-0.15468226535495874,1.4429529905319214,70.71428571428571,-0.17603499030552106,31.155597686767578,70.92857142857144,0.19451464738588667,41.46253967285156,42.71428571428573,-0.6638594970290653,0.12751677632331848,0.563758373260498,-0.2689259177112274,91.64285714285717,72.57142857142858,-0.6120271682739258,13.441043853759766,0.0
510.0633239746094,105.92857142857144,0.18072429299354553,67.50000000000001,-0.3223218575462953,73.35714285714286,75.28571428571429,605.9089965820312,72.28571428571429,-24.609776588094313,88.03123295998044,85.14285714285715,81.21428571428574,908.9811401367188,42.000000000000014,40.30412292480469,97.42857142857144,-0.002785520162433386,102.7857142857143,4.30792236328125,542.3865356445312,91.42857142857143,0.5582624673843384,75.35714285714286,75.57142857142858,40.607181549072266,88.49999999999999,-0.18082256420793974,51.95302200317383,44.1567268371582,47.64285714285714,0.250875711935486,0.38926175236701965,45.50000000000001,0.521924753546884,29.36499786376953,70.42857142857146,0.23159968932823688,25.08108139038086,66.07142857142858,-0.10417183988055284,1.2416107654571533,0.00671140942722559,-0.037037037037037035,67.85714285714286,119.2857142857143,-24.106035232543945,-22.539186477661133,0.0
332.73773193359375,49.500000000000014,-0.06318508088588715,74.42857142857144,-0.4536469838922514,42.4375,61.8125,810.6072998046875,65.375,2.5123621623388073,69.32393492650877,66.8125,56.642857142857146,2156.31005859375,58.0625,44.85257339477539,102.57142857142858,0.0024007922038435936,175.2857142857143,0.5628798604011536,137.28500366210938,63.4375,0.6098798513412476,95.85714285714286,62.21428571428572,30.86983299255371,77.4375,-0.17948231864072478,187.74496459960938,61.619110107421875,86.5625,-0.33571103903625094,0.01342281885445118,43.625,-0.3018227502547941,36.634490966796875,119.4375,-0.23463402091931898,32.550079345703125,79.125,-0.03225806451612903,0.06711409240961075,0.0,-0.1262588518002481,73.125,75.8125,-0.9644935131072998,2.3653671741485596,0.0
5.899150848388672,52.92857142857144,-0.037850599735975266,63.33333333333334,-0.34214335514604144,51.714285714285715,70.90476190476191,577.5986328125,35.71428571428572,38.30840237428678,97.29409738195234,84.19047619047619,58.19047619047619,1263.5435791015625,77.47619047619048,42.55097579956055,80.23809523809526,0.0011508914176374674,80.2857142857143,1.030558705329895,118.57508087158203,82.61904761904762,0.6192198991775513,132.1428571428571,64.70833333333334,42.968692779541016,66.4761904761905,-0.06029601544428405,124.91946411132812,89.60970306396484,74.42857142857144,0.4864017782634966,1.4026845693588257,57.66666666666667,0.3648705236727937,30.052507400512695,59.047619047619044,0.0158413565167409,59.35658645629883,59.23809523809524,0.05567451820128481,0.11409395933151245,0.14765100181102753,-0.13178694748801215,89.47619047619047,69.90476190476191,-1.6263270378112793,1.9189971685409546,0.0
30.22924041748047,72.25,-0.12562760710716248,127.75,-0.5215868144359193,163.2857142857143,103.07142857142858,266.26812744140625,140.14285714285714,-18.97831291080321,75.34186942898364,102.14285714285718,132.5625,7912.1953125,136.57142857142858,33.077022552490234,103.25,0.0008611883968114853,90.6875,3.8503189086914062,175.89852905273438,128.64285714285717,1.7235406637191772,134.61904761904762,112.5625,77.29669952392578,115.0,-0.2236983992237025,49.161075592041016,56.777923583984375,72.78571428571429,-0.022723663354084572,0.3288590610027313,129.42857142857144,-0.4733809701589727,43.049400329589844,86.85714285714288,-0.02926934976181234,57.486656188964844,135.2857142857143,-0.4033099776544778,0.12080536782741547,0.01342281885445118,-0.14129232516937695,109.64285714285717,129.78571428571428,-12.111184120178223,-20.497987747192383,0.0
385.0605773925781,91.0625,0.17417295277118683,67.0,-0.08407593883028948,102.14285714285715,52.28571428571429,767.6369018554688,101.42857142857144,12.113663589594347,89.66620764177337,46.071428571428584,101.0,1739.25439453125,113.35714285714286,45.174224853515625,78.3125,-0.001797378296032548,101.14285714285715,0.6588547825813293,318.349609375,67.7857142857143,0.8313120007514954,31.0,56.1875,39.12603759765625,81.21428571428574,-0.5294263348418299,87.83892822265625,56.12403106689453,76.5,0.22476095567299295,1.3892617225646973,45.14285714285715,0.01965273247769851,42.339561462402344,64.92857142857143,-0.1899050973733892,27.834495544433594,58.14285714285715,0.029714165564596204,0.01342281885445118,1.2147650718688965,-0.0761226917463206,98.71428571428574,55.42857142857143,-5.02734375,-4.438083648681641,0.0
204.63226318359375,21.785714285714292,-0.1425943374633789,71.85714285714286,-0.2121440527482676,64.875,74.1875,928.3261108398438,29.75,25.866537374138034,55.68215538170121,101.125,76.71428571428572,5067.1953125,67.6875,35.88698959350586,87.71428571428572,0.0007961096707731485,47.25,2.5819694995880127,75.39522552490234,55.875,0.5133205056190491,60.71428571428572,63.000000000000014,46.74384689331055,55.375,0.11452987638895087,43.35570526123047,43.283687591552734,77.8125,-0.45932271274320585,6.7919464111328125,51.125,-0.1856628618896717,27.4022274017334,85.4375,-0.6070555819078379,34.38212585449219,56.75,-0.06375559093321204,0.0,2.9328858852386475,-0.45937517806544514,80.75,74.5625,-28.974546432495117,2.6940226554870605,0.0
354.4747314453125,77.6875,0.3015255928039551,69.75,0.14830458896996468,70.14285714285715,103.14285714285714,498.9414367675781,92.14285714285714,-54.152208133031856,81.67878045153255,90.2142857142857,65.875,817.4332275390625,48.35714285714287,41.91364669799805,75.5,0.0021970567759126425,136.5625,0.8248328566551208,318.77178955078125,43.714285714285715,0.5017150044441223,34.78571428571429,43.625,36.006072998046875,67.57142857142858,-0.5970199784811675,65.671142578125,43.17304611206055,61.07142857142857,-0.004823885438216422,1.5167784690856934,57.71428571428572,0.24060857823532952,14.662765502929688,61.92857142857143,0.12896537795488525,28.882362365722656,55.214285714285715,-0.28752300555175303,0.0939597338438034,0.10738255083560944,0.45842814689784156,89.6875,55.6875,-5.631459712982178,-7.758227825164795,0.0
84.4536361694336,55.095238095238095,-0.029197372496128082,47.42857142857144,0.15007240150691267,94.125,90.25,496.96356201171875,29.375,7.712404054683327,103.28491229034911,63.25,45.214285714285715,1243.7843017578125,57.0,40.011470794677734,39.21428571428572,0.0015399466501548886,162.0,1.2248557806015015,140.93038940429688,72.8125,0.5317184329032898,63.64285714285716,87.50000000000001,25.37151527404785,78.5,-0.13678208390509053,81.3959732055664,36.11945343017578,63.6875,-0.3082090572877161,0.20805369317531586,54.75,-0.2913000371793283,16.889734268188477,46.3125,0.45384712321862,32.444889068603516,69.125,-0.06666666666666665,0.2751677930355072,6.489933013916016,-0.03225806451612903,77.4375,81.25,-6.617415904998779,9.364965438842773,0.0
522.0545043945312,83.78571428571429,0.08184456080198288,49.07142857142858,0.23545531809042095,87.35714285714286,50.78571428571429,563.5982666015625,98.2142857142857,-3.725744005817695,80.53458286017705,58.21428571428572,46.42857142857142,1564.74658203125,50.642857142857146,45.744441986083984,65.21428571428571,0.00207532849162817,165.0,0.6668845415115356,282.96063232421875,133.42857142857147,0.3656972050666809,55.142857142857146,93.57142857142858,22.692123413085938,63.142857142857146,0.37531002893017,74.82550048828125,42.82784652709961,60.57142857142858,-0.11866774203722645,0.06040268391370773,65.64285714285715,-0.20760959797019518,13.924193382263184,41.07142857142857,-0.0651349357566465,22.946313858032227,72.5,-0.3043478260869565,0.2214765101671219,0.10738255083560944,-0.1299706763690044,87.35714285714285,93.35714285714285,-7.862873077392578,3.497917413711548,0.0
276.86474609375,73.71428571428574,-0.4068000912666321,52.28571428571429,-0.0792534487422234,42.875,42.3125,534.5671997070312,44.8125,27.38004463631035,77.30484177645756,67.0,89.57142857142858,1361.793212890625,49.0,35.16412353515625,52.28571428571429,6.121996557340026e-05,151.8125,0.7779186367988586,135.52569580078125,31.625,0.7374428510665894,55.35714285714286,85.92857142857144,26.47537612915039,34.75,0.35423584960076476,96.62416076660156,46.876888275146484,83.25,-0.15340571579433698,0.07382550090551376,72.0,-0.15078176979374583,29.27084732055664,73.1875,-0.5060538323756109,7.868697166442871,56.5,-0.3547642915297231,1.865771770477295,0.0,-0.11440829981077723,59.0625,72.75,-5.079148292541504,4.452319145202637,0.0
353.869873046875,125.66666666666666,-0.011932801455259323,52.0625,0.054266410956669626,87.85714285714288,98.14285714285717,717.3504638671875,71.42857142857144,46.62993560541396,72.06546925691887,51.64285714285715,82.75,1690.9654541015625,72.0,44.26020431518555,101.5,0.0004621533153112978,38.78571428571429,0.7789179682731628,96.05859375,57.64285714285715,0.23926272988319397,65.07142857142858,54.3125,32.289390563964844,67.14285714285715,0.04913821138211383,102.7315444946289,59.76448440551758,66.5,-0.31703855691974164,0.19463087618350983,70.2857142857143,-0.3215952424625662,23.745046615600586,87.35714285714286,-0.3747903349610848,14.69253158569336,57.21428571428572,0.3269873166657968,0.0,0.4966442883014679,-0.0343589012281859,78.42857142857144,83.14285714285715,1.6101008653640747,2.077033758163452,0.0
544.27197265625,59.5,0.3164752125740051,73.00000000000001,-0.2953002680965147,66.8125,52.1875,749.1510009765625,67.75,-13.960487705849161,87.79445233651016,98.125,61.64285714285715,1624.1336669921875,77.0625,39.713356018066406,123.71428571428572,0.0014552727807313204,29.3125,1.2991056442260742,287.9096984863281,86.625,0.5720459222793579,49.80952380952381,66.5714285714286,27.489051818847656,54.0625,0.3725928165920682,89.97315216064453,49.761436462402344,52.6875,0.31654476612277127,2.1812081336975098,73.0625,-0.28440059342129725,15.809433937072754,60.375,-0.21437309420869327,23.070043563842773,61.5625,-0.07877813441436142,0.4899328947067261,0.0,-0.41956098627171384,109.1875,40.5,1.756342887878418,8.352294921875,0.0
241.8320770263672,56.0,0.04455497860908508,49.14285714285714,0.05915551449937042,87.14285714285715,39.07142857142858,356.2879638671875,51.71428571428572,10.078237329953469,89.63051857496816,127.07142857142857,76.21428571428572,963.3506469726562,82.28571428571429,39.96986770629883,81.92857142857144,-0.003244094317778945,53.35714285714286,6.971896648406982,355.7022705078125,52.35714285714286,1.9704434871673584,69.07142857142858,75.07142857142858,49.58924865722656,44.571428571428584,0.5064309622071296,45.88590621948242,47.16108703613281,58.21428571428572,0.18095682829034035,2.3557047843933105,31.928571428571434,0.0029028977699165417,35.487586975097656,79.28571428571429,-0.23800107934344333,33.86766815185547,66.35714285714286,-0.14220465290205403,1.3825503587722778,1.8859059810638428,-0.18776042289232361,82.35714285714288,63.85714285714286,-30.094247817993164,-23.48262596130371,0.0
158.9905548095703,96.35714285714288,-0.024538708850741386,80.07142857142858,-0.1024876837927701,93.49999999999999,91.21428571428572,698.8201293945312,86.00000000000001,33.4195462461286,37.71237950442155,41.50000000000001,48.571428571428584,8135.4287109375,76.78571428571429,41.87828063964844,71.21428571428571,0.0014399446081370115,82.85714285714286,0.362682044506073,68.81348419189453,60.000000000000014,0.5128747820854187,54.92857142857144,76.50000000000001,53.78173065185547,47.71428571428572,0.36471000343450294,61.255035400390625,49.379390716552734,84.57142857142858,-0.40865855023925773,0.7651006579399109,42.21428571428572,-0.023496687023801678,40.49703598022461,50.57142857142858,0.6446467384857778,48.43745040893555,53.28571428571427,1.0,0.0,0.0,-0.08692511460089729,48.714285714285715,78.92857142857144,8.448275566101074,-0.8047401905059814,0.0
115.2606430053711,63.78571428571429,-0.0647914707660675,79.21428571428571,-0.3987132760751751,57.92857142857143,86.35714285714288,205.68104553222656,59.07142857142858,-50.35424454900242,90.29153294889655,106.21428571428572,88.57142857142858,6803.73388671875,20.071428571428577,37.98455047607422,109.50000000000003,0.0016499361954629421,37.28571428571429,0.9744311571121216,229.5355987548828,31.0,1.3113783597946167,37.64285714285714,41.21428571428572,78.00025177001953,64.35714285714286,-0.19792508313917231,52.71141052246094,47.11648941040039,68.07142857142858,-0.02312098957683261,1.6845637559890747,27.857142857142854,0.10091227748368477,32.1649284362793,40.5,0.3758255965772562,52.18519973754883,49.35714285714286,-0.005321580602452763,0.4563758373260498,0.0,-0.35960532281739693,41.71428571428572,53.71428571428572,-9.92449951171875,-15.571617126464844,0.0
-55.97556686401367,125.92857142857144,-0.01563442312180996,51.285714285714285,0.011047207217829935,55.52380952380952,65.9047619047619,520.3159790039062,38.28571428571429,37.29136525544544,49.36193098311186,58.85714285714286,85.2857142857143,955.8753662109375,51.80952380952381,32.15618896484375,45.71428571428571,-0.00011489526514196768,45.047619047619044,1.409696340560913,249.06085205078125,47.619047619047606,0.3434749245643616,68.75,36.04761904761904,26.271915435791016,54.47619047619049,0.15818885857608025,48.771812438964844,32.2109489440918,60.95238095238094,-0.15481440133965946,0.06040268391370773,80.23809523809523,-0.3589088735078208,16.08633041381836,60.76190476190476,0.02465658689480935,36.424434661865234,64.33333333333334,-0.09307282488506675,1.9328858852386475,7.315436363220215,1.0,95.23809523809523,41.28571428571429,-1.5126935243606567,2.197744369506836,0.0
453.1004638671875,86.14285714285717,0.1367892324924469,48.35714285714286,-0.010922201775033552,28.285714285714292,55.28571428571429,693.1705932617188,61.71428571428572,-2.8823848370737677,90.98940392417542,83.71428571428572,103.5,1759.839599609375,104.14285714285717,43.13311004638672,75.35714285714288,0.0025347231421619654,20.642857142857142,0.825175404548645,267.7889099121094,54.57142857142858,0.38990768790245056,45.35714285714286,63.50000000000001,25.7423152923584,46.857142857142854,0.4150767622505496,115.24832153320312,50.36869812011719,72.92857142857144,-0.3813509394598112,0.6778523325920105,54.928571428571445,-0.19950887026175876,16.00457191467285,61.92857142857143,0.0387821628163391,28.998634338378906,68.71428571428572,-0.1025309238039589,0.2214765101671219,0.0,-0.03703703703703702,80.0,49.92857142857144,2.9947328567504883,0.7220337390899658,0.0
85.56094360351562,70.85714285714286,-0.019485430791974068,71.71428571428571,0.013540072736814106,98.0,73.20833333333333,486.7963562011719,39.24999999999999,14.86593399951922,98.64453672824324,58.499999999999986,68.28571428571429,6797.3017578125,54.833333333333336,43.34516525268555,58.047619047619044,0.001479600672610104,145.04761904761907,1.4170414209365845,135.77664184570312,54.500000000000014,0.8102943301200867,49.87500000000001,85.57142857142857,38.98189163208008,68.20833333333333,-0.1419148185476652,81.0536880493164,40.602474212646484,61.875,0.018595782438784944,0.16107381880283356,56.04166666666667,0.26647112754482943,22.658100128173828,69.83333333333333,-0.0468151140988633,44.445274353027344,63.20833333333332,-0.06666666666666665,0.2214765101671219,8.771812438964844,-0.02467554714457015,59.714285714285715,58.57142857142858,-7.881374835968018,11.934206008911133,0.0
14.662253379821777,21.71428571428572,-0.08048301190137863,33.47619047619048,0.7915744175168742,23.61904761904762,32.761904761904766,485.4276428222656,2.9047619047619047,14.174900943400877,60.11138516358775,75.04761904761904,6.904761904761905,13653.984375,5.999999999999999,34.49631118774414,28.95238095238095,0.0006525008357129991,7.523809523809524,3.461536407470703,41.559906005859375,13.619047619047619,1.0490397214889526,7.124999999999999,8.238095238095237,63.142356872558594,23.904761904761912,0.9066644388831462,32.05369186401367,40.53762435913086,52.0,0.4161965947088863,1.0134228467941284,13.095238095238097,0.9799436838405715,38.38025665283203,25.76190476190476,0.7314981343157766,47.347103118896484,19.285714285714285,0.39782457427065776,0.0,0.10738255083560944,-0.09382307030677584,26.857142857142854,14.761904761904765,1.8503363132476807,54.50598907470703,0.0
330.2302551269531,85.33333333333336,0.02240162342786789,82.57142857142858,-0.3259497204443761,61.85714285714287,49.642857142857146,733.5521850585938,61.57142857142857,-1.0345469899225554,90.74045756676297,64.85714285714285,138.07142857142856,1930.870361328125,107.35714285714288,48.49809646606445,118.14285714285717,0.0014379990752786398,28.000000000000004,1.0354989767074585,210.8082733154297,95.71428571428574,0.4437463581562042,104.35714285714288,117.21428571428574,27.77691078186035,75.92857142857142,-0.09094473172010649,108.85906219482422,50.78326416015625,91.00000000000001,-0.6943698739192419,0.08724832534790039,49.57142857142858,0.015728509193865054,17.538681030273438,54.07142857142858,-0.28993915554343197,26.18356704711914,58.071428571428584,1.0,0.01342281885445118,0.0,1.0,95.64285714285715,68.64285714285717,3.2494146823883057,2.6309421062469482,0.0
-51.011810302734375,112.47619047619048,-0.02441546693444252,40.78571428571429,0.18553230834184878,18.5625,36.75,522.7315063476562,31.875,84.73503693718239,91.06648143051471,57.25,21.142857142857146,1020.5562744140625,74.9375,39.26581573486328,45.42857142857144,2.7105912522529252e-05,85.71428571428574,0.878088116645813,185.4816436767578,10.3125,0.7198598980903625,31.142857142857153,21.92857142857143,27.005029678344727,53.75,0.01463716887912152,61.20134353637695,40.418113708496094,68.25,0.12463142061363036,0.08053690940141678,37.4375,0.5391956361931751,30.986957550048828,41.6875,0.7097919912733534,33.43262481689453,36.75,-0.22259791673427,0.0,0.281879186630249,0.43413323629371553,68.375,74.25,-1.0210306644439697,-0.5260738134384155,0.0
599.170166015625,84.64285714285715,0.01767868734896183,60.428571428571445,0.3033517612088118,74.07142857142858,78.14285714285717,711.669677734375,81.07142857142858,-8.759184251695672,76.6818524876572,73.85714285714288,59.42857142857143,1875.64111328125,73.7857142857143,43.48292541503906,63.21428571428572,-0.0024939384311437607,118.0714285714286,0.9884307980537415,158.9484100341797,68.57142857142858,0.6155887246131897,111.14285714285717,84.92857142857144,40.076168060302734,58.14285714285715,-0.2535331312500441,78.42952728271484,53.99245071411133,80.14285714285715,-0.2867052139315769,1.563758373260498,24.785714285714285,0.8239575448794263,40.49715805053711,61.57142857142858,0.08610152784622968,27.218660354614258,56.0,0.08462211054730567,0.4026845693588257,0.34228187799453735,-0.10228074415687921,105.2857142857143,77.7857142857143,0.48080137372016907,-6.538697719573975,0.0
275.8819274902344,51.28571428571429,0.12527605891227722,99.0952380952381,-0.787983337778569,46.000000000000014,56.1904761904762,539.0950317382812,41.523809523809526,-30.100704143111336,94.25392285628512,113.09523809523809,92.57142857142857,1321.959716796875,48.57142857142857,48.04168701171875,120.61904761904762,0.00046185252722352743,71.14285714285714,0.8929938673973083,126.22643280029297,78.8095238095238,0.5408346056938171,127.80952380952385,62.33333333333333,30.372112274169922,64.4761904761905,0.09928843569729726,142.0,52.56367111206055,74.28571428571429,0.07692534992223951,0.00671140942722559,35.33333333333333,0.042882116741341146,21.067644119262695,55.95238095238096,0.05422435582557511,28.542457580566406,54.09523809523808,0.1919995163878569,0.0,0.0,-0.025454951797879044,64.42857142857143,78.38095238095237,-7.817602157592773,-3.76322865486145,0.0
23.84708023071289,72.71428571428572,-0.08056484162807465,65.5714285714286,-0.15038861054218672,55.3125,40.5625,651.422119140625,22.75,15.973724787442276,83.47543237017,78.125,115.78571428571426,1397.4720458984375,73.0,39.203514099121094,91.78571428571429,0.0012503014877438545,87.875,0.7306330800056458,71.54866027832031,57.875,0.31738629937171936,56.92857142857143,45.21428571428572,30.20762062072754,38.92857142857144,0.18822834752661396,91.4026870727539,57.44491958618164,88.64285714285715,-0.20181362211666842,1.8053691387176514,120.14285714285717,-0.3927990202263113,24.423351287841797,76.50000000000001,-0.24441244984612992,29.77914810180664,86.78571428571429,1.0,0.0,0.2751677930355072,-0.29152999178307315,62.625,62.6875,-0.5386090278625488,0.649933397769928,0.0
295.84039306640625,231.6875,0.03017030656337738,45.4375,0.20540668309566068,118.8125,88.8125,358.7779846191406,133.625,-10.761392018939025,71.17177225826629,98.5625,101.1875,11438.85546875,137.75,36.056095123291016,54.75,0.0008923544664867222,156.0625,0.9530991315841675,86.67829895019531,102.07142857142858,1.4467542171478271,84.07142857142857,110.0625,75.82231903076172,126.78571428571428,-0.3827493063918294,52.53020095825195,44.4151496887207,96.21428571428572,-0.3973617651390408,0.04026845470070839,141.28571428571428,-0.443717972524376,26.915626525878906,124.64285714285714,-0.5512576139841917,58.92166519165039,117.35714285714286,1.0,0.0939597338438034,0.0,1.0,123.6875,134.875,-14.806293487548828,1.334031105041504,0.0
96.54949951171875,83.3125,-0.11293425410985947,37.0,-0.11974106049511103,42.0,66.14285714285715,696.7734375,43.71428571428572,40.42188210455363,76.81702473088477,71.42857142857143,71.1875,1633.5152587890625,77.57142857142857,35.15438461303711,74.4375,0.001668263808824122,101.33333333333331,0.7928625345230103,94.34486389160156,36.285714285714285,0.833271324634552,45.33333333333333,51.0,29.152231216430664,57.0,-0.12526132598395937,110.20133972167969,75.69268035888672,53.61904761904763,0.45680555129589323,0.020134227350354195,49.61904761904762,0.08729212078520832,24.257240295410156,65.52380952380953,-0.031553300954560354,36.96553421020508,41.71428571428573,1.0,0.00671140942722559,0.0,1.0,77.71428571428572,69.33333333333331,-0.12803727388381958,-0.4968172609806061,0.0
-24.60091781616211,56.14285714285714,-0.06880927830934525,76.3125,-0.5462657668115213,59.9375,68.625,264.9521179199219,72.9375,-37.70615020854361,102.78116807647775,140.375,88.125,7107.9716796875,84.125,37.58049392700195,112.625,6.613820733036846e-05,82.625,2.1781835556030273,214.2457275390625,82.21428571428572,1.3874012231826782,94.28571428571429,110.14285714285715,83.37809753417969,112.92857142857142,-0.39695199915285384,39.892616271972656,44.7479362487793,42.07142857142858,-0.23207657278976732,3.825503349304199,57.71428571428573,-0.0813470735316521,33.06534957885742,66.28571428571429,-0.09097358640649898,48.800025939941406,83.64285714285714,0.1267646574360266,0.19463087618350983,0.0,-0.006566319486601837,126.625,97.125,-18.853689193725586,-21.3121395111084,0.0
415.64056396484375,46.125,0.018774772062897682,49.75,0.5021993614757007,74.14285714285715,43.92857142857143,744.7640991210938,39.07142857142857,6.951722867136834,82.0435517310261,56.64285714285715,54.0,1769.54541015625,68.50000000000001,44.59111022949219,52.5,0.0009301425889134407,68.7857142857143,0.9889721870422363,120.91822814941406,59.7857142857143,0.6731400489807129,17.35714285714286,110.125,26.399757385253906,41.07142857142858,0.3031759271692489,136.89932250976562,54.5752067565918,89.07142857142858,-0.5862569575802795,0.0,63.50000000000001,0.3280901309794178,28.96392822265625,26.642857142857142,0.7036657094739632,40.869693756103516,42.28571428571429,-0.1564598937866377,0.0,0.0,0.024511086687252492,80.35714285714288,46.42857142857144,-7.715165138244629,0.15473343431949615,0.0
209.78533935546875,55.214285714285715,0.06202402710914612,46.71428571428572,0.05900454046609715,62.42857142857143,58.071428571428584,310.4479064941406,45.0,13.820161532635657,82.18294046898467,119.50000000000003,59.857142857142854,1086.1488037109375,55.07142857142856,34.95651626586914,80.35714285714285,-0.002334579825401306,55.78571428571429,10.572426795959473,303.35040283203125,59.35714285714286,2.6607298851013184,71.85714285714288,74.25,55.589813232421875,73.78571428571429,0.05784000237824619,36.59731674194336,42.98054885864258,45.2857142857143,0.13566673996042133,2.0939598083496094,30.428571428571427,0.18028904350388933,39.770999908447266,45.5,0.4603139490533368,35.39215850830078,113.7857142857143,0.16622728422070995,1.1610738039016724,1.5369127988815308,0.08536472675525332,53.92857142857143,50.42857142857144,-39.42573547363281,-19.561378479003906,0.0
562.675048828125,48.1875,-0.051075879484415054,62.25,0.13111914236535813,77.875,103.75,1233.7183837890625,75.375,17.518353631032394,71.30633586530892,72.0,63.375,5553.30419921875,65.5625,42.74017333984375,62.9375,0.0007011922425590456,77.0,6.018215179443359,68.22457885742188,71.71428571428572,1.1651992797851562,84.85714285714288,94.78571428571429,58.53742218017578,76.92857142857143,0.30813253975352856,27.375839233398438,40.21894454956055,32.0,0.06651638415920486,6.174496650695801,119.57142857142856,-0.33269953499654864,37.393882751464844,84.0714285714286,-0.32305292920973205,52.90757369995117,80.92857142857144,0.40440412339168036,0.0,2.429530143737793,0.3828035972676214,45.625,74.5,41.48853302001953,-26.974700927734375,0.0
251.89700317382812,83.125,0.06905557215213776,47.25,-0.042439522702080026,83.0714285714286,71.57142857142858,767.6866455078125,77.07142857142857,17.132348493841672,69.21489930099213,33.85714285714286,65.25,1983.5028076171875,94.35714285714285,48.21418762207031,108.1875,0.0016728906193748116,105.1875,0.31931135058403015,93.53228759765625,44.00000000000001,0.7304678559303284,50.2857142857143,80.0625,43.90746307373047,58.57142857142858,0.05058509825234801,86.55704498291016,67.41510772705078,78.42857142857143,-0.4173540488206504,0.8322147727012634,77.07142857142858,-0.3585191766702653,37.80824279785156,37.857142857142854,0.3973410037940695,42.78296661376953,89.64285714285717,-0.18614544236177252,0.0,0.00671140942722559,0.19867537328332266,72.21428571428571,92.35714285714288,0.14780974388122559,0.9807642102241516,0.0
116.0179214477539,53.0625,-0.047425512224435806,43.1875,0.5315603103356941,62.57142857142857,94.50000000000001,523.6340942382812,39.21428571428572,-8.409424208954677,90.63483858633072,88.28571428571429,36.3125,1311.1949462890625,66.14285714285715,29.330217361450195,57.875,0.00158276769798249,154.6875,1.1416720151901245,141.98634338378906,75.00000000000001,0.5273788571357727,95.64285714285717,94.875,23.80792999267578,82.71428571428575,-0.03493580773965324,72.83221435546875,36.37507629394531,69.35714285714288,0.013158481363453964,0.2281879186630249,48.85714285714287,0.07426999980902547,18.695592880249023,58.428571428571445,-0.33619982360059897,35.2716064453125,91.7857142857143,-0.07374631268436578,0.1812080591917038,0.0,1.0,81.07142857142858,55.78571428571429,-5.447770118713379,-4.009335041046143,0.0
69.12728118896484,75.21428571428572,-0.019609134644269943,55.35714285714286,0.23870396581980166,108.35714285714286,100.64285714285717,394.0697937011719,57.28571428571429,18.56509680555971,89.73327386594491,60.428571428571445,75.35714285714285,19471.685546875,57.85714285714286,39.644039154052734,59.42857142857144,0.0012371507473289967,70.85714285714286,2.037283182144165,106.77606201171875,71.85714285714285,1.2092043161392212,67.71428571428572,61.78571428571429,59.179405212402344,73.35714285714288,-0.22310714586562863,67.20805358886719,46.55360794067383,83.21428571428572,-0.4467020838394187,0.1879194676876068,66.78571428571428,-0.03182879206585344,29.709909439086914,75.64285714285714,-0.46784642546467153,63.527862548828125,86.5,-0.037037037037037035,0.21476510167121887,6.489933013916016,-0.037037037037037035,53.99999999999999,62.42857142857143,-9.627958297729492,11.42602252960205,0.0
382.5345764160156,103.2857142857143,0.04505893960595131,81.57142857142858,-0.17169664912715682,107.25,77.5625,761.6265869140625,41.5,14.630479088565647,84.50709955600539,75.1875,92.07142857142858,1982.937744140625,60.6875,40.08273696899414,87.57142857142858,0.002517055720090866,119.0714285714286,0.5119463205337524,154.90390014648438,20.25,0.6569861769676208,75.4375,71.71428571428572,30.285730361938477,51.5625,0.14380079960077322,184.06040954589844,68.4526138305664,67.125,0.43588666043306057,0.01342281885445118,25.125,0.1441453940066593,40.93749237060547,41.4375,0.7080571244406169,34.25263977050781,63.3125,-0.10478991903627709,0.0,0.02684563770890236,0.9779029233598313,52.71428571428572,40.85714285714287,-1.632839322090149,0.555060625076294,0.0
464.7673034667969,92.35714285714285,0.21917374432086945,62.92857142857144,-0.3485840768866686,68.35714285714286,67.14285714285715,637.2188110351562,96.71428571428574,-14.728538547686282,91.5305505814567,68.21428571428572,87.2857142857143,1484.8067626953125,108.50000000000001,42.50383758544922,95.07142857142858,0.002344610868021846,41.57142857142858,0.9635705351829529,320.74688720703125,89.00000000000004,0.5062004923820496,107.125,39.92857142857142,31.989532470703125,44.64285714285715,-0.012329220747144572,83.28187561035156,42.95355224609375,85.71428571428572,-0.2792744517529171,0.744966447353363,58.500000000000014,0.04673768567859177,15.309107780456543,43.92857142857143,-0.21682630370245895,25.611356735229492,56.64285714285714,-0.1931409795666906,0.4899328947067261,0.0,-0.051966534291358245,67.71428571428572,66.64285714285714,0.8524948954582214,-4.050765037536621,0.0
841.1571655273438,70.21428571428572,0.23332475125789642,68.71428571428572,-0.474023547131357,61.000000000000014,60.64285714285715,1347.0130615234375,49.142857142857146,-1.598587710185339,72.95188578801105,114.28571428571429,81.42857142857143,3053.74169921875,38.42857142857143,39.09149169921875,107.07142857142858,7.538566569564864e-05,145.57142857142856,1.8458019495010376,97.01876831054688,99.2857142857143,0.5653085708618164,103.375,109.92857142857144,52.571998596191406,74.14285714285715,-0.019907199129534106,51.09395980834961,60.027549743652344,54.071428571428584,0.04643211083387015,6.0872483253479,43.14285714285714,-0.11432408324102847,36.63343811035156,87.07142857142858,-0.13643527811495612,37.16785430908203,55.35714285714286,-0.1513828855430594,0.24832214415073395,2.590604066848755,-0.18134361463109952,55.071428571428584,54.14285714285715,0.8317850828170776,3.5225625038146973,0.0
360.9436340332031,85.61904761904762,0.14604946970939636,58.285714285714285,-0.05541033812375335,102.64285714285715,85.2857142857143,444.9299621582031,94.64285714285715,-52.79404890527261,88.03880207020813,111.57142857142858,86.92857142857144,957.84521484375,57.14285714285715,44.857330322265625,71.28571428571428,-0.0011902103433385491,67.21428571428571,1.6943433284759521,193.26800537109375,38.071428571428584,0.9104651808738708,58.64285714285715,33.42857142857143,61.365264892578125,86.7857142857143,0.06874545565354089,55.583892822265625,53.16646194458008,71.2857142857143,-0.1475156172639704,5.0872483253479,60.85714285714287,0.16060955130708776,27.048030853271484,87.50000000000001,-0.5462712190311528,36.46261215209961,67.35714285714285,0.03273980470993683,2.255033493041992,1.1879194974899292,0.03708324872277772,55.85714285714286,41.28571428571429,-11.263808250427246,-2.296147584915161,0.0
-86.14420318603516,65.875,-0.0038970725145190954,68.0625,-0.055886208636494406,80.21428571428572,98.21428571428572,504.2438049316406,67.7857142857143,41.210326810011125,98.01906625404564,46.92857142857142,63.9375,872.8509521484375,71.21428571428572,41.57077407836914,73.4375,-0.00033406628062948585,118.875,0.6101102828979492,408.06427001953125,24.000000000000004,1.1600285768508911,24.928571428571423,21.0625,33.774539947509766,53.57142857142858,0.19394453248278207,45.68456268310547,34.058589935302734,50.14285714285715,0.019621172326422156,0.17449665069580078,54.07142857142857,0.5065765827040953,31.834720611572266,36.214285714285715,0.7556389633601429,46.02753448486328,44.28571428571429,-0.10626702997275206,0.08053690940141678,0.4026845693588257,-0.07946863329078618,40.07142857142858,52.14285714285715,-1.1808439493179321,1.2048550844192505,0.0
-49.1729850769043,105.35714285714286,-0.018192879855632782,74.50000000000001,-0.1481213482660676,104.64285714285715,60.071428571428584,508.8785705566406,104.28571428571429,35.71462460762302,33.261142341435544,34.35714285714286,71.57142857142858,9012.9453125,59.857142857142875,29.619489669799805,75.07142857142858,-0.00016661625704728067,97.85714285714285,1.8328735828399658,164.82644653320312,59.28571428571428,0.5010328888893127,72.71428571428572,61.14285714285715,35.32229232788086,36.28571428571429,0.20173940052803227,48.73825454711914,28.136627197265625,83.0,-0.2113066875308472,0.12080536782741547,60.28571428571429,-0.14458190929001716,17.88179588317871,55.92857142857143,0.3068542753515178,42.587364196777344,103.42857142857146,-0.037037037037037035,1.3087248802185059,11.120805740356445,-0.037037037037037035,70.00000000000001,72.21428571428572,0.10814016312360764,5.864606857299805,0.0
522.4351806640625,75.25,0.06295058131217957,44.625,0.3748410750965306,78.50000000000001,53.000000000000014,561.1931762695312,79.85714285714288,-3.092097229605553,80.28835384383157,59.571428571428584,42.3125,1567.0423583984375,51.57142857142858,45.20515823364258,56.25,0.0020834472961723804,175.42857142857142,0.6436988115310669,276.27984619140625,130.14285714285717,0.3217672109603882,65.35714285714285,90.8125,22.759201049804688,55.428571428571445,-0.37789805776966195,74.43624114990234,42.67173385620117,57.00000000000001,-0.07521324291688508,0.06040268391370773,71.07142857142858,-0.23712224635233592,13.31812858581543,40.28571428571428,-0.1480298789941007,21.754405975341797,77.64285714285715,-0.0434782608695652,0.2281879186630249,0.10738255083560944,-0.08692260196116006,88.50000000000001,98.35714285714286,-6.654646873474121,2.2039976119995117,0.0
626.3009643554688,27.785714285714295,0.18902185559272766,41.0,0.40445670497792324,51.92857142857144,92.7857142857143,770.4815673828125,64.64285714285714,4.146811818116463,88.44314401320706,80.28571428571428,72.52380952380956,2118.306396484375,33.85714285714286,44.0069580078125,79.09523809523809,0.00021578316227532923,105.21428571428575,0.6312669515609741,255.22593688964844,61.42857142857144,0.5903447270393372,94.21428571428572,77.33333333333333,59.2130012512207,79.07142857142858,-0.030015774416596253,35.38254928588867,47.431983947753906,70.92857142857144,-0.2322374714250072,3.5100672245025635,76.85714285714285,-0.28761167353771605,21.08982276916504,83.71428571428572,-0.2810445009110133,31.665498733520508,49.71428571428571,-0.3411465182161538,0.6375839114189148,1.228187918663025,-0.0019487485573093186,78.21428571428572,64.28571428571429,2.6221699714660645,-2.683228015899658,0.0
349.5096435546875,81.6875,0.01574987731873989,79.875,-0.30759804310291056,62.0,38.785714285714285,730.6653442382812,75.35714285714286,3.1119587301407883,75.58962243248756,59.357142857142854,81.375,7917.408203125,43.071428571428584,45.06764602661133,101.75,0.0010862576309591532,48.28571428571429,1.2468528747558594,106.65669250488281,70.64285714285714,1.1893730163574219,60.642857142857146,64.5625,50.22637176513672,56.78571428571429,-0.23831852432136147,128.49664306640625,63.45051574707031,83.85714285714286,-0.35357610175507376,0.0,49.64285714285714,-0.20117762929929214,36.9024772644043,67.42857142857144,0.021564281445230322,37.7724609375,67.92857142857144,-0.045676663977798626,0.12080536782741547,0.0,-0.03703703703703704,76.57142857142857,50.42857142857142,13.654397964477539,10.864752769470215,0.0
162.9239959716797,30.500000000000007,-0.08156058937311172,40.57142857142858,0.3393739703459637,70.92857142857143,89.14285714285715,587.6563720703125,80.92857142857144,37.555505653355745,99.56561473260294,79.14285714285714,78.28571428571429,1199.1407470703125,94.64285714285717,40.98013687133789,59.28571428571428,-0.0027823476120829582,51.92857142857143,1.923202395439148,163.03929138183594,87.0,1.0424555540084839,98.1875,89.21428571428572,49.03916549682617,72.75,0.07115792638552447,109.4026870727539,69.56719970703125,82.8125,-0.05934793387267658,1.8053691387176514,68.5625,-0.007162578754379075,39.70647048950195,98.125,-0.1677248492027374,29.004125595092773,50.0625,0.07323362558019597,0.6174496412277222,0.536912739276886,-0.2710518486920183,59.78571428571429,85.5714285714286,-15.264796257019043,1.401410460472107,0.0
-59.02425003051758,69.875,-0.01702134683728218,50.95833333333334,-0.19041620106623938,76.28571428571429,87.33333333333333,505.21173095703125,82.9047619047619,29.959754135784685,57.49797101285984,73.04761904761905,52.00000000000001,8858.490234375,55.42857142857143,32.94866180419922,82.83333333333333,-0.00013028454850427806,67.04166666666667,1.3857402801513672,318.4923095703125,32.33333333333332,0.4734514653682709,45.785714285714285,47.66666666666667,29.591793060302734,51.19047619047619,0.2836303747798509,45.88590621948242,33.34012985229492,63.80952380952381,-0.11339267852832383,0.06040268391370773,57.142857142857146,0.2892770784841021,17.940465927124023,34.80952380952381,0.12329250300026239,37.99852752685547,69.57142857142857,-0.09385693262524791,1.4429529905319214,4.597315311431885,1.0,74.85714285714285,43.52380952380952,0.17245914041996002,3.725752592086792,0.0
494.0023498535156,80.21428571428572,0.057483840733766556,45.35714285714286,0.12486199746883164,62.71428571428572,40.14285714285715,708.249267578125,78.57142857142858,0.619251907171819,85.08849825724852,74.57142857142858,94.71428571428572,1813.9805908203125,91.71428571428572,42.590606689453125,84.0,0.002284570364281535,14.357142857142858,0.9934918880462646,249.77964782714844,63.42857142857144,0.49611321091651917,76.04761904761905,91.2857142857143,24.964473724365234,61.428571428571445,-0.014024797363754504,109.328857421875,48.58141326904297,69.21428571428572,0.24596155147239185,0.9194630980491638,65.14285714285714,-0.196378424318067,15.222893714904785,55.50000000000001,0.31586125587813674,27.106395721435547,54.07142857142858,1.0,0.0,0.0,1.0,87.14285714285714,26.857142857142858,1.1923449039459229,3.5264618396759033,0.0
249.34959411621094,66.12499999999999,0.5953657031059265,71.3125,-0.6307639657187196,40.57142857142858,106.35714285714289,857.7996215820312,89.5,-25.776409927630585,100.57602824036262,82.57142857142857,90.375,914.0771484375,159.85714285714286,43.53665542602539,124.625,0.0008632312528789043,79.00000000000001,0.387258380651474,325.59637451171875,95.42857142857144,0.37580183148384094,74.71428571428574,38.4375,56.696659088134766,55.642857142857146,0.024422493618052946,38.44966506958008,51.804542541503906,61.64285714285715,0.24539111784417736,4.7852349281311035,53.571428571428584,0.036452875971984815,22.01521873474121,53.928571428571445,0.14665312890914148,23.14980697631836,54.85714285714287,-0.3604519774011299,3.422818899154663,2.0604026317596436,0.32419648773410614,65.78571428571429,86.21428571428574,-11.866738319396973,-11.135580062866211,0.0
-46.24706268310547,61.625,-0.04534119740128517,56.0,0.025621002101588252,54.285714285714285,34.23809523809524,593.6233520507812,34.523809523809526,38.36002137756988,83.57496704312882,46.95238095238095,91.625,1141.4849853515625,66.0952380952381,33.118709564208984,76.16666666666669,0.00039728687261231244,59.08333333333334,0.8349179029464722,71.2314682006836,97.52380952380955,0.31082096695899963,117.7857142857143,58.875,36.09532165527344,40.76190476190476,0.35123202097713335,60.42953109741211,45.7520637512207,62.76190476190476,0.0007903298536192821,7.020134449005127,91.0952380952381,0.014989915854843133,11.419139862060547,65.99999999999997,-0.049534058795348716,24.771629333496094,75.66666666666666,1.0,0.0,1.2147650718688965,0.14420730779100466,75.58333333333334,78.45833333333334,-2.819596529006958,-0.12736137211322784,0.0
671.0283203125,124.76190476190473,0.009125014767050743,84.64285714285717,-0.6044789847403741,94.625,64.3125,746.2327270507812,98.375,10.462135674369415,81.49436276495487,79.8125,120.85714285714288,1874.77978515625,75.0625,46.57850646972656,92.7142857142857,-0.0023030517622828484,43.9375,1.1740072965621948,222.51548767089844,132.625,0.6739748120307922,75.57142857142858,159.5,48.225799560546875,52.5,0.18147541607952164,83.58389282226562,64.46612548828125,76.9375,-0.14349998570747866,1.845637559890747,48.1875,-0.05528331865244909,29.958459854125977,85.625,-0.15837970883018623,26.882143020629883,55.6875,0.27684087009665753,0.47651007771492004,0.16107381880283356,-0.34120344529080077,53.75,92.3125,-5.582812309265137,-11.284058570861816,0.0
175.34017944335938,24.785714285714292,-0.1634053885936737,44.42857142857142,0.33449053876932894,37.21428571428572,98.7857142857143,415.753662109375,61.142857142857146,-16.273566115822568,97.53917240528742,86.64285714285714,64.66666666666667,1022.5403442382812,48.00000000000001,39.289100646972656,41.66666666666666,-0.0030807664152234793,53.857142857142875,2.178806781768799,200.49697875976562,39.64285714285715,0.7469592094421387,32.9375,60.619047619047635,51.0036506652832,58.28571428571429,0.149170835577771,107.6040267944336,76.59909057617188,69.00000000000003,0.133254137675399,0.4966442883014679,56.42857142857143,-0.1629725117106649,35.757415771484375,81.21428571428572,0.056137316049336514,22.029706954956055,27.714285714285715,0.03797304197702974,0.4093959629535675,0.12751677632331848,-0.2175593848824137,54.571428571428584,80.14285714285715,-2.467902183532715,-8.014941215515137,0.0
382.3367919921875,67.375,-0.02287132479250431,75.83333333333334,-0.20958213945160317,77.2857142857143,77.52380952380952,548.1744995117188,92.66666666666666,11.027998709188612,80.02119075267782,78.42857142857144,47.41666666666667,1522.2210693359375,46.1904761904762,45.190853118896484,83.33333333333333,-0.0035207911860197783,65.95238095238096,0.7681430578231812,451.4800720214844,139.4761904761905,0.9453552961349487,39.64285714285715,91.20833333333333,53.8652458190918,71.42857142857142,-0.12408307313210233,79.61744689941406,62.013702392578125,102.0,-0.367729716520039,3.697986602783203,88.23809523809524,-0.255517709273341,41.84272384643555,39.571428571428584,0.5883842872908402,18.304887771606445,69.0952380952381,-0.19041835192250722,0.34899330139160156,2.281879186630249,0.16524731601626216,80.28571428571429,74.04761904761905,-1.6088656187057495,-17.747217178344727,0.0
211.99722290039062,29.42857142857143,-0.11861458420753479,66.00000000000001,-0.16892494456783558,57.71428571428572,40.14285714285715,509.3019714355469,134.71428571428572,58.16304719128065,79.14719168501236,65.92857142857144,125.35714285714286,1196.4144287109375,93.78571428571428,37.870689392089844,70.28571428571429,-0.003758220002055168,62.35714285714287,1.739851713180542,221.1840057373047,28.428571428571427,1.194583773612976,28.71428571428571,22.000000000000004,48.038352966308594,63.85714285714287,0.07492151066592877,91.53691101074219,66.7734375,70.35714285714288,0.22212501011319521,2.167785167694092,53.142857142857146,-0.14447452103755482,33.19976806640625,83.14285714285717,-0.18684823745227985,33.294219970703125,42.50000000000001,-0.23531262899343228,2.416107416152954,0.8322147727012634,-0.2330396108936804,61.142857142857146,30.571428571428573,-8.064852714538574,5.3893303871154785,0.0
437.0897521972656,120.7857142857143,0.47091013193130493,105.00000000000003,-0.5410656123177677,123.5714285714286,90.21428571428572,864.1624145507812,176.42857142857147,-16.535458476751444,93.17030811468486,132.35714285714286,132.78571428571428,1481.260498046875,107.57142857142858,43.99174880981445,115.64285714285717,0.0007639480754733086,128.14285714285714,0.7915940880775452,244.26339721679688,137.64285714285717,1.0584728717803955,103.42857142857144,156.3571428571429,63.20222854614258,72.92857142857144,0.29367464050650377,36.395973205566406,46.778621673583984,81.49999999999999,-0.08247983909859473,4.013422966003418,44.21428571428572,-0.19573381276240753,28.340356826782227,60.50000000000001,-0.03766090248747163,28.151161193847656,71.14285714285714,0.1513149864323071,3.879194736480713,1.6845637559890747,-0.4852598627696913,83.42857142857144,91.85714285714288,5.7861809730529785,-4.70021915435791,0.0
170.609375,26.9375,-0.019515058025717735,41.16666666666668,-0.3222844869014338,42.23809523809524,44.619047619047606,440.4800720214844,31.0,9.439705655178768,68.4719811125125,84.90476190476191,33.41666666666667,15823.3837890625,27.952380952380953,37.39048385620117,69.33333333333334,0.002037763362750411,45.19047619047619,1.092178225517273,74.82284545898438,36.38095238095237,0.792458176612854,62.76190476190477,56.16666666666666,57.49054718017578,46.761904761904766,-0.1373683851600609,77.52349090576172,48.641902923583984,52.1904761904762,-0.27977863872093,0.0,28.714285714285715,-0.02972585010574198,29.796489715576172,38.9047619047619,0.5212473347123613,55.669490814208984,47.333333333333336,-0.024390243902439022,0.0,0.0,-0.024390243902439022,78.95238095238096,77.28571428571428,-8.8059720993042,3.8639211654663086,0.0
95.37158203125,124.92857142857146,-0.032315924763679504,33.64285714285714,0.8533924000985562,47.642857142857146,77.42857142857144,511.333251953125,60.42857142857144,-31.120531315771526,120.59703467631881,125.42857142857144,30.500000000000007,1249.13427734375,60.28571428571429,32.83495330810547,73.71428571428572,0.0010430595139041543,157.71428571428572,1.1715062856674194,241.3795166015625,51.0,0.7529692649841309,112.4375,48.7857142857143,26.9868221282959,68.92857142857143,-0.25685436299070585,88.28187561035156,36.63351821899414,60.7142857142857,-0.22359540173205536,0.16778524219989777,49.714285714285715,0.263924635797996,20.931583404541016,41.85714285714287,0.5535021145935927,38.08784103393555,58.78571428571429,-0.037037037037037035,1.2550336122512817,0.0,-0.037037037037037035,87.00000000000003,86.21428571428572,-1.7846810817718506,-1.1384637355804443,0.0
339.1992492675781,54.85714285714287,-0.03200749307870865,35.28571428571429,0.5310146905542027,71.28571428571429,52.214285714285715,444.66412353515625,57.714285714285715,-15.672761704297674,88.7529398010117,63.14285714285716,35.35714285714286,1128.998779296875,65.42857142857144,42.58644104003906,43.57142857142857,-0.0040556201711297035,55.92857142857143,0.5599015951156616,464.92144775390625,29.71428571428572,2.122561454772949,93.35714285714288,34.57142857142858,42.419490814208984,101.07142857142857,-0.18815665004336232,54.13422775268555,46.6363410949707,85.0714285714286,-0.03725733256297116,3.429530143737793,37.42857142857144,-0.0765623407075135,35.820716857910156,53.500000000000014,0.14877822405044602,18.24590492248535,59.42857142857144,-0.04339661791357351,2.9395973682403564,2.0671141147613525,-0.35646840483768844,47.85714285714287,68.28571428571429,-9.754059791564941,10.233697891235352,0.0
12.346699714660645,118.21428571428571,0.008874079212546349,67.7857142857143,-0.10990891456492176,65.71428571428572,72.2857142857143,507.38958740234375,96.14285714285715,47.12669856356295,77.62867890777285,53.50000000000001,110.78571428571432,1143.0604248046875,70.21428571428572,37.65663146972656,79.14285714285715,3.60796229870175e-06,104.5,0.8406954407691956,378.8793029785156,44.14285714285715,0.47292396426200867,58.857142857142875,80.21428571428574,19.97028160095215,56.92857142857144,0.34878626742843327,102.42952728271484,42.276695251464844,54.57142857142859,-0.0027925788020799805,0.0,66.78571428571429,-0.02253432222313791,18.974700927734375,62.071428571428584,-0.009585108152476554,38.92655563354492,61.92857142857143,0.10954063604240279,1.1073825359344482,0.07382550090551376,1.0,88.07142857142858,39.78571428571429,0.19899627566337585,1.008692741394043,0.0
569.6965942382812,69.14285714285715,0.7487907409667969,33.095238095238095,0.6570091858275803,34.714285714285715,30.64285714285715,981.4060668945312,43.35714285714286,-18.768093005122754,60.75299202167266,43.21428571428571,36.14285714285714,11622.33203125,11.142857142857146,29.67013931274414,52.61904761904761,0.00011793149315053597,62.42857142857144,3.197737693786621,88.40909576416016,11.071428571428573,2.1140005588531494,20.142857142857146,55.61904761904762,77.21378326416016,24.85714285714286,0.9388020898307876,85.76509857177734,93.37600708007812,49.0,0.6771767073881398,0.11409395933151245,7.500000000000002,0.9956259444071858,43.61623001098633,49.57142857142858,0.6894603128488775,19.221906661987305,34.42857142857143,-0.15976331360946747,0.08724832534790039,0.0,-0.09152244323024615,75.07142857142858,37.714285714285715,18.489234924316406,27.697574615478516,0.0
629.7404174804688,113.92857142857144,0.29531922936439514,104.4761904761905,-0.06192590117700241,108.8095238095238,81.85714285714288,704.16015625,113.0952380952381,-18.09346339201567,83.63549348972913,58.19047619047619,114.09523809523807,1232.59521484375,63.76190476190478,46.95087432861328,104.14285714285712,-0.0026935150381177664,107.0,0.9980180859565735,650.2032470703125,132.1904761904762,0.672023594379425,53.91666666666666,123.8095238095238,47.076210021972656,68.71428571428571,0.030182196158546424,35.248321533203125,38.62101745605469,62.66666666666667,0.24238542220038675,2.8187918663024902,81.04761904761905,-0.34986801544092955,24.629213333129883,54.047619047619044,-0.02290531934543164,25.90103530883789,82.42857142857142,0.07133103619764841,2.6241610050201416,0.07382550090551376,-0.13966347799192802,67.42857142857142,68.23809523809524,-16.55173683166504,-4.339503765106201,0.0
-30.719270706176758,77.5,-0.02052583359181881,39.71428571428572,0.03924725229484133,73.78571428571429,66.35714285714286,521.1216430664062,69.71428571428574,42.41779707182174,42.87995313200878,81.5714285714286,73.92857142857143,1022.1488647460938,64.0,30.227231979370117,61.28571428571429,-0.00020240286539774388,36.142857142857146,0.7959507703781128,171.9862060546875,69.14285714285714,0.3954388499259949,89.7857142857143,53.35714285714286,28.95691680908203,27.071428571428577,0.3099863153999088,66.74496459960938,44.82017135620117,89.14285714285714,-0.5576728515720922,0.268456369638443,61.000000000000014,-0.376676352730877,18.455860137939453,75.71428571428572,-0.5373194050690028,40.6546745300293,58.00000000000001,-0.07692307692307694,0.7248322367668152,10.63087272644043,-0.04155977424320165,78.5,47.14285714285713,0.8632826805114746,2.450167417526245,0.0
269.98431396484375,86.07142857142858,-0.14791788160800934,100.23809523809523,-0.5801924196241763,79.66666666666669,44.708333333333336,837.9659423828125,39.125,16.917859703502398,47.40890531769703,85.95833333333333,60.42857142857143,7112.38818359375,43.625,35.424095153808594,98.71428571428571,0.0003259902005083859,83.00000000000001,4.885437488555908,70.63142395019531,35.83333333333333,0.8830485343933105,35.583333333333336,35.0,52.07775115966797,75.41666666666667,0.023176111592244326,35.42281723022461,41.3335075378418,72.79166666666666,-0.10423959474809248,6.033556938171387,72.33333333333333,-0.2891569185423624,26.622875213623047,66.54166666666667,-0.3408228650714633,44.450626373291016,89.37500000000001,-0.09230840676999845,0.0,3.134228229522705,-0.06984657205328458,63.0,56.76190476190476,-34.62236785888672,11.89396858215332,0.0
-83.81629180908203,64.14285714285715,-0.02971530705690384,63.33333333333333,-0.10833594561817017,58.999999999999986,63.19047619047619,514.8678588867188,48.61904761904761,42.369412793409104,92.79075538971166,73.7142857142857,104.14285714285714,11569.7255859375,67.23809523809524,35.24565887451172,42.238095238095234,-5.616055932478048e-05,54.90476190476191,1.717213749885559,58.34416961669922,91.04166666666669,0.2543359696865082,104.04166666666666,54.476190476190474,35.89030075073242,57.70833333333334,-0.0628902429088219,41.993289947509766,31.326061248779297,56.25,0.22418911489829577,0.9865771532058716,37.208333333333336,-0.19395505442017075,19.529356002807617,40.62499999999999,0.6558685704981575,30.011066436767578,60.875,1.0,0.0,1.2751678228378296,-0.3686794451299034,62.238095238095234,98.57142857142858,4.518477439880371,-1.3625608682632446,0.0
537.7847900390625,60.28571428571429,0.8042518496513367,22.000000000000007,0.19079854312948227,28.71428571428572,30.21428571428572,1056.73193359375,48.42857142857143,-18.533886031016408,66.93682535228638,65.57142857142858,30.357142857142865,11363.49609375,105.42857142857144,30.49001121520996,58.35714285714287,0.00011527003516675904,139.14285714285714,3.271989107131958,89.90058898925781,99.92857142857144,2.0625603199005127,96.85714285714286,82.5,76.96839141845703,110.85714285714286,0.0064951567813104,85.85906219482422,90.90839385986328,97.21428571428574,-0.05707514005715055,0.11409395933151245,108.28571428571428,0.031413351919151705,42.890804290771484,114.57142857142858,-0.08213134700925817,19.245447158813477,88.42857142857144,-0.14493313751256093,0.08724832534790039,0.0,-0.0928796559296825,90.64285714285714,92.57142857142858,18.942121505737305,29.206619262695312,0.0
224.99900817871094,72.5,-0.0146066565066576,62.42857142857143,0.20386209188904494,52.64285714285715,77.7857142857143,336.1705627441406,75.64285714285715,-0.031798643553817035,109.42600396264156,71.42857142857142,88.0,4088.176025390625,53.214285714285715,42.679134368896484,83.21428571428572,0.0013870538678020239,113.14285714285715,0.9285448789596558,262.411865234375,123.21428571428572,1.0939841270446777,135.625,48.00000000000001,39.90642547607422,73.3125,-0.2516724200082222,72.83892822265625,36.10983657836914,65.75,-0.1994596939580375,0.04026845470070839,43.875,0.2367953797256396,21.270679473876953,51.0,-0.49074227351167726,36.71507263183594,48.0,1.0,0.033557046204805374,0.0,-0.03225806451612903,77.0,139.5714285714286,-11.149928092956543,-2.8508994579315186,0.0
89.39866638183594,59.125,-0.02600749395787716,75.125,-0.5504652020766374,58.71428571428572,43.71428571428572,498.05133056640625,76.71428571428572,-5.99368924382549,100.43238041563198,75.07142857142858,59.125,1247.449462890625,65.0,37.06916809082031,83.3125,0.0014078585663810372,187.5625,1.1788280010223389,137.3509521484375,119.35714285714285,0.5604654550552368,74.35714285714286,82.25,23.653804779052734,48.71428571428572,-0.34549844241215855,78.77181243896484,33.8478889465332,74.28571428571428,-0.4223103764671373,0.14765100181102753,52.14285714285715,-0.21885815846091486,18.781726837158203,57.71428571428572,-0.4619424878332138,32.037437438964844,80.85714285714286,-0.05549711037195679,0.281879186630249,1.147650957107544,1.0,88.375,113.4375,-1.7958494424819946,4.7401580810546875,0.0
258.94036865234375,40.14285714285715,0.15455780923366547,56.000000000000014,0.06461167024606618,54.85714285714287,41.42857142857144,527.0252075195312,35.42857142857143,1.9459224499312022,98.5971165502476,97.85714285714288,40.0,846.845458984375,71.00000000000001,44.540245056152344,76.71428571428572,-0.0014801223296672106,79.07142857142858,1.2029224634170532,233.47879028320312,74.85714285714286,1.6201574802398682,115.71428571428572,63.928571428571445,46.821781158447266,56.071428571428584,0.062072896397227656,89.31543731689453,64.98477935791016,60.35714285714286,-0.25368172621979496,1.7785234451293945,45.642857142857146,0.15065617834101533,36.41011428833008,108.42857142857144,-0.5107438395319962,28.96160888671875,54.5,-0.20967954605896857,1.718120813369751,0.536912739276886,-0.4560851214042049,55.64285714285715,80.99999999999999,-6.483979225158691,2.2016007900238037,0.0
107.19694519042969,28.952380952380953,-0.10565083473920822,42.214285714285715,-0.13816708132505023,33.3125,24.125,649.4548950195312,20.6875,71.33409863470385,86.41889327080726,63.4375,69.92857142857143,1568.9786376953125,73.75,30.988035202026367,56.7857142857143,0.002030107192695141,104.75,0.8683550953865051,160.65994262695312,92.5625,0.5820603370666504,48.85714285714285,94.85714285714288,23.298873901367188,74.28571428571429,-0.2737123043233897,149.1879119873047,54.48186492919922,74.0,-0.057550576848105967,0.0,51.071428571428584,0.06504825425104278,19.004335403442383,62.142857142857146,-0.25672209238059607,26.996177673339844,63.07142857142858,-0.13108247461509823,1.2147650718688965,0.0,1.0,53.375,60.125,0.139827698469162,1.150568962097168,0.0
542.39111328125,31.25,0.23128274083137512,53.71428571428572,-0.3921687139648849,49.50000000000001,50.21428571428572,730.4193115234375,53.21428571428572,-10.736642376788511,84.15787611797165,90.64285714285715,91.64285714285715,1833.3419189453125,86.14285714285717,42.59019088745117,97.35714285714288,0.0020795168820768595,18.85714285714286,1.1017006635665894,277.42364501953125,80.5714285714286,0.5884606242179871,75.64285714285715,34.875,25.08432960510254,65.64285714285715,-0.1037098634856703,100.08724975585938,47.99999237060547,59.71428571428572,-0.030085103825252518,1.0067113637924194,80.0,0.1484900992623602,15.065361022949219,79.21428571428572,-0.06401831182811668,25.98598289489746,65.85714285714289,-0.09105690982809794,0.04026845470070839,0.0,-0.11382220655017886,45.57142857142857,28.000000000000004,-0.06684752553701401,5.110448360443115,0.0
395.7914733886719,28.642857142857142,-0.12051466852426529,22.857142857142858,0.8174700812698905,31.071428571428573,38.92857142857143,764.8511962890625,27.785714285714285,10.77876689170031,74.15341550073997,61.0,31.500000000000004,1802.9095458984375,68.92857142857142,41.37053680419922,49.571428571428584,0.0010844264179468155,70.64285714285717,0.9874475598335266,137.38829040527344,54.07142857142858,0.8226287961006165,8.875,74.92857142857144,23.356788635253906,39.64285714285715,0.3119287009875272,126.22818756103516,53.187034606933594,88.2142857142857,-0.6250757723316762,0.0,46.78571428571429,0.10295742253291557,26.83208465576172,29.285714285714292,0.4801858447820504,44.64173889160156,54.42857142857143,-0.10904147860285594,0.0,0.0,-0.03703703703703704,77.64285714285717,57.928571428571445,-6.724410057067871,2.5787062644958496,0.0
-24.79552459716797,109.71428571428571,-0.015192965045571327,55.99999999999999,0.3062793270189517,53.0,65.25,521.0712280273438,55.25,34.79247799055688,44.94571716795939,40.375,76.92857142857143,1039.909912109375,53.125,32.10260772705078,70.7857142857143,-0.00011880233068950474,45.714285714285715,0.7215605974197388,172.39402770996094,41.1875,0.3779626786708832,59.85714285714285,59.285714285714285,31.702245712280273,63.125,0.23092615259077925,49.30872344970703,33.26967239379883,52.9375,-0.25055342624779803,0.16778524219989777,39.9375,-0.01987873694377229,19.122140884399414,78.6875,-0.23303800698682958,54.933231353759766,78.75,-0.17884870671628952,3.449664354324341,7.55033540725708,-0.08222797374906894,85.125,63.375,0.3064950406551361,1.211239218711853,0.0
616.0738525390625,107.42857142857146,0.2048216462135315,79.8095238095238,-0.3511742578388864,96.38095238095241,78.71428571428571,641.5556640625,78.14285714285714,-27.177561820103417,75.09838798393793,75.33333333333333,135.85714285714283,1241.54443359375,66.80952380952381,44.81315231323242,111.42857142857144,-0.0024711317382752895,71.23809523809526,0.8267278671264648,579.89208984375,122.76190476190479,1.0749365091323853,49.42857142857143,114.58333333333331,48.6280632019043,55.904761904761905,0.2188013528490083,38.85234832763672,40.05539321899414,74.52380952380952,-0.23214903632633305,2.8120806217193604,72.76190476190477,-0.04913825847040154,23.726327896118164,41.095238095238095,0.3554727907758352,27.934432983398438,57.80952380952381,-0.015555035201626757,2.45637583732605,0.05369127541780472,0.08244766305484354,72.04761904761905,52.28571428571428,-12.989545822143555,-9.111369132995605,0.0
121.66258239746094,98.2857142857143,-0.05041343346238136,64.71428571428571,-0.17838376302162717,90.61904761904762,56.71428571428571,507.21087646484375,63.71428571428572,-6.8926075320915885,86.27666951086687,97.38095238095238,60.57142857142857,6329.37109375,58.66666666666667,40.13967514038086,80.04761904761904,0.002017050515860319,173.42857142857144,1.1562262773513794,125.21002960205078,105.87500000000001,0.7746556997299194,82.70833333333333,70.95238095238095,27.874107360839844,46.208333333333336,0.2604537691211412,80.03355407714844,38.789817810058594,46.791666666666664,0.09018001413772878,0.16107381880283356,58.75,0.12307390104962891,18.85118293762207,61.83333333333334,-0.18709495226596198,37.67073440551758,54.750000000000014,-0.038832964561819984,0.15436241030693054,0.0,1.0,64.95238095238095,105.23809523809523,-9.98648452758789,3.479989528656006,0.0
140.93736267089844,43.71428571428572,-0.1770377904176712,49.35714285714286,-0.02142071997029844,107.0625,61.1875,628.1055908203125,55.125,-3.672513157529319,88.98831559145853,49.5,64.64285714285715,5093.576171875,58.0625,42.075870513916016,65.64285714285715,0.001540298806503415,73.07142857142858,0.7314340472221375,172.0127410888672,74.9375,0.9283124208450317,105.5714285714286,104.42857142857144,40.98564910888672,68.75,-0.07049326004880412,104.17449951171875,49.32316970825195,51.875,0.22301591245153188,0.0,58.4375,0.182656441599167,28.30658531188965,54.9375,-0.32384412354932907,37.92551040649414,53.0,-0.03225806451612903,0.4563758373260498,0.0,1.0,48.6875,83.6875,8.406731605529785,8.513646125793457,0.0
229.1011199951172,92.9375,0.15455804765224457,84.625,-0.3349953804865887,87.21428571428574,81.0,365.5401611328125,76.78571428571428,-41.30837017247741,98.34040682916121,104.57142857142856,66.6875,525.7241821289062,103.35714285714289,44.89744567871094,94.875,0.0018676623003557324,43.0,1.1897987127304077,319.54608154296875,100.71428571428572,0.42338669300079346,55.285714285714285,76.1875,41.13358688354492,69.57142857142858,-0.3277905494741105,62.14093780517578,38.32114791870117,93.85714285714288,-0.6342085230654247,0.9530201554298401,61.64285714285715,0.36415636341127355,16.494478225708008,53.78571428571428,0.0016539526609029322,27.67494010925293,80.78571428571426,-0.11387386690204254,0.3087248206138611,0.0,-0.003117785721253576,94.71428571428572,91.07142857142858,-5.672943115234375,-4.9716315269470215,0.0
304.2480163574219,59.64285714285715,-0.004668273963034153,85.92857142857143,-0.0009951582176421772,123.28571428571433,67.7857142857143,489.0592956542969,48.000000000000014,-1.1296502273754785,79.99882130511799,106.64285714285717,89.35714285714288,1256.3092041015625,58.92857142857143,40.98467254638672,83.92857142857144,-0.0043967352248728275,52.50000000000001,0.6565694212913513,374.7811584472656,78.35714285714288,0.5857263803482056,60.28571428571429,70.5,51.058902740478516,69.00000000000001,0.2514492856165773,50.28187942504883,49.3140983581543,49.21428571428572,0.2940367185471255,0.8657718300819397,24.92857142857143,-0.08228710581361894,34.94859313964844,80.50000000000001,-0.26197842773501084,26.142824172973633,53.14285714285714,0.24825781826427568,1.4496644735336304,0.5234899520874023,-0.28763794798117204,59.57142857142857,57.35714285714287,-8.333015441894531,-6.286409378051758,0.0
66.19495391845703,107.85714285714288,-0.004093660041689873,49.64285714285715,0.30328219575362614,58.2857142857143,34.07142857142858,343.2152099609375,125.21428571428571,22.852662788941558,66.59346391866539,82.21428571428572,168.35714285714286,23507.556640625,128.07142857142856,33.43184280395508,78.35714285714286,0.0006104113417677581,68.64285714285717,3.3130316734313965,74.92900085449219,81.21428571428571,1.172092080116272,63.92857142857143,113.64285714285715,64.2977523803711,113.21428571428574,-0.32836956283131963,60.013423919677734,48.149513244628906,91.21428571428572,-0.16650312990098837,0.00671140942722559,126.78571428571428,-0.5053765945678446,33.86211013793945,98.7857142857143,-0.2540168583845961,72.6927261352539,103.92857142857142,-0.037037037037037035,0.281879186630249,9.65771770477295,-0.037037037037037035,90.35714285714286,107.5714285714286,-7.005430698394775,9.97504711151123,0.0
103.45569610595703,125.35714285714288,0.04575204476714134,67.57142857142857,-0.0018265231133657274,166.78571428571433,115.71428571428575,163.55752563476562,168.7857142857143,-0.5540046691894531,66.66051264490984,92.85714285714286,135.50000000000003,1286.732421875,204.85714285714283,29.818172454833984,84.85714285714286,-0.0009313763584941626,63.071428571428584,12.240711212158203,171.0572509765625,168.21428571428575,2.6865012645721436,168.2857142857143,170.28571428571433,57.90571975708008,155.3571428571429,-0.7580212650552699,22.02013397216797,38.57659912109375,80.64285714285715,-0.3417170070456424,0.5973154306411743,208.78571428571428,-0.8612273418164528,39.99428176879883,122.14285714285717,-0.668092674353887,38.12776184082031,115.14285714285715,-0.21690366513118356,0.33557048439979553,0.5503355860710144,-0.48801810854218575,119.6428571428572,134.57142857142858,-34.74531173706055,-22.277223587036133,0.0
847.9747924804688,23.000000000000004,-0.7046390175819397,32.57142857142858,0.8148006240445792,29.5,80.85714285714286,1404.102294921875,34.21428571428573,32.29100496736949,24.25084114097875,73.7857142857143,93.00000000000001,3323.007568359375,35.07142857142858,16.28173828125,123.42857142857144,0.0007959944196045399,128.42857142857144,1.4517961740493774,79.5654296875,97.71428571428574,0.30521315336227417,87.125,68.28571428571429,61.1768684387207,68.5,0.2621724697903864,58.013423919677734,63.209564208984375,62.42857142857143,0.1850597589019624,6.738255023956299,44.57142857142857,0.10128395824252719,45.23700714111328,53.142857142857146,0.48682978483501066,33.01317596435547,73.85714285714285,-0.1047646610847106,0.0,2.6644294261932373,0.3713767054501422,75.92857142857142,58.28571428571429,6.446145534515381,-1.3859074115753174,0.0
419.5455627441406,50.50000000000001,-0.07740204781293869,67.50000000000001,-0.27898104256633993,66.5,93.25,708.8611450195312,60.4375,36.52896701441703,35.7276925449418,75.75,103.07142857142858,1947.6466064453125,56.375,32.077301025390625,87.14285714285714,-0.000599231687374413,42.75,1.0304008722305298,127.51051330566406,41.875,0.2821335792541504,37.71428571428571,64.50000000000001,40.13873291015625,54.3125,0.15900198924203635,105.51677703857422,52.51034927368164,72.25,-0.17408427973425888,0.19463087618350983,50.0625,-0.20831237804019392,38.67321014404297,78.3125,-0.13836287618798207,21.020263671875,67.25,-0.08108232735349327,2.0671141147613525,0.0,-0.08654423634936186,54.25,86.5,-3.743259906768799,4.706111431121826,0.0
-28.105915069580078,86.14285714285715,0.005320213735103607,36.07142857142857,0.4481613346290347,57.71428571428572,59.64285714285715,510.78619384765625,57.14285714285713,35.44096947276352,86.34978401646374,65.28571428571429,48.428571428571445,1027.1583251953125,73.28571428571429,44.853187561035156,38.42857142857144,-0.00012744627019856125,155.42857142857144,0.7228780388832092,444.2144470214844,59.78571428571429,0.580778956413269,89.3125,40.142857142857146,22.890613555908203,34.875,0.5587332650408607,75.51677703857422,36.20404815673828,56.625,0.04745988916935039,0.0,56.5,0.1688091382427908,18.524616241455078,54.125,0.2198022280635874,44.20700454711914,83.3125,-0.09353392879352518,0.449664443731308,0.34899330139160156,1.0,77.7857142857143,78.7857142857143,-0.2921665906906128,1.9840255975723267,0.0
-32.19425964355469,123.0,-0.009760848246514797,29.6875,-0.06910370363348019,50.64285714285715,38.5,249.23033142089844,145.6428571428571,21.98496365380917,41.478463650465166,35.71428571428572,94.5,28446.859375,145.0,31.379228591918945,56.4375,-8.562160655856133e-05,92.6875,6.680874824523926,59.89470291137695,85.35714285714283,1.2076760530471802,73.92857142857143,111.4375,61.38072204589844,115.0714285714286,-0.057776975621614754,29.57046890258789,38.396949768066406,58.71428571428572,-0.008676400394043316,0.04026845470070839,126.0,-0.04037534318177889,36.9226188659668,96.78571428571429,0.04894541383505244,80.53067016601562,83.07142857142856,1.0,0.34899330139160156,13.181207656860352,1.0,101.14285714285715,102.0,5.561960220336914,10.144647598266602,0.0
-22.279979705810547,134.28571428571428,-0.009826382622122765,53.85714285714286,0.1838314843036134,97.64285714285717,114.35714285714289,244.48770141601562,125.50000000000003,19.51989696649897,35.798937409539775,76.14285714285717,125.5,28826.66796875,127.07142857142857,28.245317459106445,62.85714285714287,0.00017309366376139224,158.42857142857144,7.111830711364746,50.85634231567383,114.21428571428574,0.9905562400817871,115.57142857142858,120.64285714285714,59.63060760498047,120.49999999999999,-0.1491857183094981,30.3154354095459,38.73348617553711,102.07142857142858,-0.2111974429400255,0.0,131.5,-0.1670657703881579,34.687767028808594,110.00000000000003,-0.2603361373568481,64.34526824951172,120.14285714285717,-0.181730922406509,15.382550239562988,50.677852630615234,1.0,56.42857142857143,86.35714285714286,5.504914283752441,8.64747428894043,0.0
541.8275756835938,52.75,0.9104971885681152,6.5,-0.005115089514066497,18.42857142857143,36.21428571428572,924.8358764648438,59.357142857142854,-16.58628324214244,58.38284232179961,40.71428571428572,15.9375,11204.0009765625,163.3571428571429,27.5130558013916,32.4375,8.55088364914991e-05,165.7857142857143,3.184645891189575,75.25308227539062,160.3571428571429,2.118110179901123,103.2857142857143,129.1875,76.05412292480469,158.6428571428571,-0.5462520288551735,68.12751770019531,88.508544921875,130.8571428571429,-0.4519514488951898,0.06711409240961075,171.64285714285717,-0.5542444931973562,39.638668060302734,132.92857142857144,-0.5273527260756242,18.99182891845703,101.42857142857144,-0.11013215859030837,0.08724832534790039,0.0,-0.07531903938803278,91.85714285714286,151.0,17.117578506469727,26.053016662597656,0.0
715.8800659179688,82.42857142857143,0.30531829595565796,84.21428571428572,-0.2937906032703483,88.9375,44.375,793.21630859375,63.125,-1.6548653899023198,83.1888917085749,94.625,106.42857142857144,1776.688232421875,67.875,46.551780700683594,84.64285714285715,-0.0019802525639533997,30.5,1.2577760219573975,275.2160339355469,79.125,0.8006575107574463,80.57142857142858,104.71428571428572,43.13886642456055,48.5625,0.05510542548682886,79.42952728271484,71.01065826416016,55.75,0.1117336543804408,1.4228187799453735,46.9375,-0.10407016964858055,26.957029342651367,56.625,-0.11195604189934476,26.779573440551758,96.625,0.23547259197742623,0.1879194676876068,0.20805369317531586,-0.34536968830764664,64.75,61.875,-11.40866756439209,-14.670469284057617,0.0
-4.816271781921387,141.2857142857143,-0.026681900024414062,96.64285714285715,-0.553648200758351,100.99999999999997,62.50000000000001,522.5538940429688,97.57142857142858,69.8959051154604,31.894244415279992,71.07142857142858,104.00000000000003,1103.1636962890625,68.21428571428572,27.84426498413086,71.00000000000001,-6.0103215218987316e-05,172.5,0.7990099191665649,155.95045471191406,90.2142857142857,0.440303236246109,88.35714285714289,97.57142857142858,23.257740020751953,66.85714285714286,0.19457801683402629,75.50335693359375,32.60350036621094,55.85714285714286,0.2141815119564767,0.08724832534790039,34.35714285714286,0.40668894718003085,14.543663024902344,93.35714285714286,-0.35164874631659415,35.76134490966797,103.71428571428572,-0.03703703703703703,1.5369127988815308,6.469798564910889,1.0,85.00000000000003,43.142857142857146,2.6318671703338623,0.4702758193016052,0.0
236.3310546875,39.142857142857146,0.010090312920510769,63.35714285714286,-0.4249557841346823,39.21428571428572,44.92857142857143,320.3392028808594,102.21428571428571,-22.394189055233994,90.24081504456025,94.28571428571429,44.5,3283.553955078125,49.57142857142858,41.065032958984375,72.71428571428572,0.0010600703535601497,9.071428571428573,1.4065524339675903,265.61431884765625,115.50000000000003,0.9475274085998535,140.2142857142857,68.42857142857142,48.70003128051758,46.00000000000001,-0.034283602353873864,70.16107177734375,39.95720291137695,96.78571428571428,-0.43708167992049146,1.8859059810638428,64.28571428571429,-0.13007384526280227,22.028553009033203,80.71428571428571,-0.06457866838306621,29.213848114013672,65.5,0.06307271448297423,0.25503355264663696,0.0,-0.20964100711746692,97.71428571428574,81.92857142857144,-16.23465919494629,-4.570035457611084,0.0
-11.790764808654785,108.42857142857144,-0.3000788390636444,51.238095238095234,0.26352809072747785,115.1904761904762,100.1904761904762,209.052490234375,177.95238095238096,12.198066887439497,80.72207481332765,53.52380952380952,66.47619047619047,4343.66748046875,190.2380952380952,37.223819732666016,74.19047619047619,-0.0006789573235437274,123.47619047619047,9.953277587890625,70.34650421142578,157.04761904761907,1.296414852142334,166.38095238095235,140.80952380952382,52.32398223876953,120.8095238095238,-0.4622179580693879,62.44295120239258,76.1075210571289,148.80952380952382,-0.7086260714374987,0.6040268540382385,138.66666666666666,-0.4442927599241624,27.367395401000977,79.52380952380952,-0.21371196206722867,22.74112319946289,22.80952380952381,-0.5001179789291573,0.020134227350354195,0.1812080591917038,0.08225249796696124,114.00000000000001,144.23809523809524,54.619232177734375,-31.425840377807617,0.0
113.5113525390625,96.21428571428572,0.057306692004203796,69.85714285714286,-0.4313461914264904,119.85714285714286,63.00000000000001,438.0648193359375,93.64285714285715,-14.229655254607232,109.43119220668248,107.5714285714286,82.14285714285717,851.0675048828125,134.21428571428572,39.566375732421875,89.71428571428574,0.00047641992568969727,58.14285714285714,1.2143222093582153,264.206787109375,73.78571428571429,0.4391181766986847,32.0625,109.50000000000003,53.415435791015625,57.5,-0.08111383021692128,51.55704879760742,44.99998092651367,84.9375,-0.09659573900771534,5.617449760437012,47.8125,-0.21416485007393404,17.614540100097656,41.375,0.3580954694522045,31.05427360534668,94.75,0.3048222562353249,0.29530200362205505,0.01342281885445118,-0.06451115321657891,66.85714285714288,49.21428571428572,-1.3608227968215942,14.303035736083984,0.0
541.8738403320312,78.7857142857143,0.14666548371315002,44.047619047619044,-0.2480154486507515,55.57142857142857,49.33333333333333,526.2349243164062,47.333333333333336,-2.7284555502685923,94.05944992799503,77.66666666666667,42.19047619047619,1484.1201171875,39.28571428571429,44.31209945678711,92.0952380952381,-0.0026261829771101475,54.90476190476191,1.040056586265564,371.0976867675781,48.09523809523809,1.3880043029785156,91.38095238095238,64.33333333333334,38.382137298583984,60.57142857142857,0.010248406205683576,84.36241912841797,56.203758239746094,79.76190476190476,-0.13273440901387384,0.5503355860710144,52.61904761904762,0.013335456168687207,40.06378936767578,57.28571428571429,-0.27821535000884273,25.208765029907227,63.99999999999999,0.35267555855154203,2.45637583732605,0.6845637559890747,-0.13652834487524823,81.23809523809523,58.42857142857143,-12.283924102783203,4.685075759887695,0.0
502.2337341308594,39.92857142857143,-0.08103718608617783,59.64285714285713,0.2219060259186481,65.2857142857143,66.14285714285714,697.6546020507812,68.92857142857143,24.23456140732605,62.09379378386817,98.7857142857143,32.285714285714285,1976.71826171875,56.14285714285715,41.2760124206543,76.35714285714285,-0.0005723712383769453,30.78571428571429,1.0594323873519897,120.26903533935547,76.07142857142858,0.7646704912185669,95.64285714285714,78.42857142857143,36.000572204589844,61.78571428571429,-0.42076550495452464,83.79194641113281,51.703372955322266,79.49999999999999,-0.0984487994518136,0.5100671052932739,73.21428571428572,-0.4055458192254118,44.38655090332031,63.21428571428571,0.018573528487970375,21.451967239379883,75.71428571428572,-0.29254455764868853,0.8389261960983276,0.00671140942722559,-0.13639595236472637,79.35714285714286,109.21428571428574,-0.8571572303771973,5.2701287269592285,0.0
1.34223473072052,142.92857142857144,-0.018353262916207314,28.57142857142857,0.8254277833165232,95.85714285714285,59.00000000000001,514.6818237304688,38.42857142857144,70.37135835781993,43.51898995681265,50.142857142857146,132.35714285714283,1091.2890625,63.285714285714306,33.508018493652344,57.7857142857143,-4.890852505923249e-05,97.35714285714286,0.8465004563331604,160.72401428222656,53.71428571428572,0.27984580397605896,65.5,58.00000000000001,21.810453414916992,65.50000000000001,-0.5384301936146754,92.28858947753906,39.89689636230469,69.71428571428572,-0.23215706927107527,0.08724832534790039,58.21428571428571,-0.01406986300309225,13.185816764831543,60.21428571428572,0.0712424256730046,35.1033821105957,73.2857142857143,-0.037037037037037035,0.8724831938743591,10.577180862426758,-0.06664719341804197,79.5714285714286,48.42857142857144,-0.5587379336357117,2.5271873474121094,0.0
575.646728515625,42.5625,-0.012750043533742428,49.4375,0.26896727559986977,53.2857142857143,64.71428571428572,749.685791015625,79.85714285714288,-5.115769080967711,76.1800287650978,38.28571428571429,38.375,2282.468505859375,50.35714285714286,45.414939880371094,68.9375,0.0021631952840834856,119.35714285714288,0.3295203447341919,195.95449829101562,61.92857142857144,0.5067643523216248,53.5,95.0,20.643789291381836,70.85714285714286,-0.1354296958535839,160.70469665527344,55.864707946777344,88.07142857142858,-0.47061738843227074,0.0,61.64285714285714,0.06760887885382343,16.048051834106445,57.71428571428572,-0.20662251655629138,24.7135009765625,95.35714285714285,-0.08200876726604085,0.7583892345428467,0.0,-0.037037037037037035,75.07142857142857,59.357142857142875,0.37156471610069275,0.6618507504463196,0.0
464.4158935546875,52.6875,0.567627489566803,28.0625,0.5680237800315139,54.28571428571429,33.42857142857143,754.533447265625,57.57142857142857,-10.56473379007122,95.02213359386376,121.07142857142854,41.375,1236.3759765625,129.85714285714286,40.23346710205078,61.9375,0.0010437609162181616,49.71428571428572,1.3488850593566895,292.3600158691406,103.64285714285717,0.5772784352302551,49.28571428571429,55.3125,40.49253845214844,66.85714285714286,-0.057584297735404036,71.3355712890625,47.541656494140625,80.35714285714286,-0.39625456255185637,2.8926174640655518,69.7857142857143,-0.06840808003127978,16.8170108795166,76.78571428571429,-0.45386099646763056,23.66027069091797,90.42857142857144,-0.10146667810275324,0.5436241626739502,0.1409395933151245,-0.4000613871471504,82.50000000000003,43.571428571428584,2.233466148376465,4.732037544250488,0.0
439.6598815917969,93.14285714285717,0.11922454833984375,70.07142857142858,0.1122419730343862,97.71428571428572,64.21428571428572,478.5423278808594,66.71428571428572,-28.64149443670207,81.71531728319121,79.92857142857144,112.71428571428574,1359.990478515625,91.35714285714288,33.893009185791016,61.5,-0.0013321340084075928,55.50000000000001,7.857324600219727,345.2222900390625,42.28571428571429,0.8420336842536926,57.5,67.64285714285714,52.392765045166016,55.21428571428572,-0.19054914277933344,37.342281341552734,31.48873519897461,83.92857142857143,-0.2482959182029017,0.563758373260498,38.21428571428571,0.04983609306001982,38.906517028808594,61.42857142857144,-0.4187402187300323,34.035709381103516,45.78571428571429,-0.17482517482517482,0.3288590610027313,0.00671140942722559,1.0,73.85714285714288,59.28571428571429,-16.714984893798828,-15.42127513885498,0.0
159.6114501953125,163.07142857142858,0.06428218632936478,54.500000000000014,-0.4349076753902377,103.0625,100.875,302.65142822265625,149.125,20.212094097426444,76.77920085427925,77.0,125.42857142857144,2731.674560546875,184.0,30.952537536621094,72.64285714285717,-0.0013301409780979156,103.3125,11.057852745056152,238.56053161621094,169.125,1.901621699333191,185.92857142857144,195.42857142857144,56.52722930908203,143.71428571428575,-0.6621536876990867,27.67424201965332,42.69562530517578,104.64285714285717,-0.4203156357534859,0.42424243688583374,173.85714285714283,-0.5918617075673633,48.87824630737305,81.07142857142858,-0.6391586511510272,34.8442497253418,96.42857142857146,-0.3341258885595857,1.0681818723678589,1.4090908765792847,0.06294710491067117,83.9375,150.25,19.951904296875,-39.99219512939453,0.0
109.80669403076172,42.57142857142858,-0.25390198826789856,76.92857142857144,0.014236979410813684,55.00000000000001,51.92857142857144,292.1981506347656,42.142857142857146,-9.464511392900608,111.6099483335671,129.42857142857144,94.78571428571429,1865.0772705078125,60.2857142857143,34.97627258300781,82.85714285714286,-0.0028625535778701305,18.928571428571434,5.522693157196045,66.61000061035156,89.57142857142857,0.47767871618270874,56.71428571428573,97.6875,61.43852996826172,88.0714285714286,-0.1665670375116398,107.6107406616211,75.56468963623047,62.928571428571445,0.4574397830199527,1.1812080144882202,81.07142857142858,0.07400682211812916,36.4969596862793,42.214285714285715,-0.14436998637023354,10.394749641418457,11.214285714285715,-0.5070029781233727,0.00671140942722559,0.24161073565483093,-0.1755942347782187,74.42857142857144,62.21428571428572,2.57088565826416,11.637517929077148,0.0
83.28750610351562,61.85714285714286,-0.01668340526521206,78.50000000000003,-0.1429844087571198,86.92857142857143,100.07142857142858,497.2107849121094,163.42857142857144,7.547825016631376,80.426600759994,59.0,86.42857142857143,1232.2742919921875,64.42857142857144,39.19158172607422,64.92857142857143,0.0008475746726617217,144.5,1.1464396715164185,199.1969451904297,117.00000000000001,0.558150589466095,70.42857142857143,115.78571428571429,23.03289794921875,52.92857142857143,0.24428288709096516,100.49664306640625,37.43444061279297,35.00000000000001,0.4003226807954031,0.02684563770890236,45.35714285714286,0.26258943833482085,21.584211349487305,52.07142857142857,-0.39422196073304133,38.5035285949707,57.500000000000014,1.0,0.10067114233970642,8.389262199401855,-0.037037037037037035,83.21428571428572,90.14285714285714,5.491811752319336,6.64503812789917,0.0
-87.46864318847656,82.5625,-0.007659086491912603,44.3125,0.5613548617991092,55.333333333333336,87.4761904761905,476.0551452636719,53.80952380952381,30.035011021082834,93.03722125790938,35.42857142857143,82.5,11316.3349609375,60.38095238095238,39.99786376953125,55.5625,-0.00036196145811118186,139.7619047619048,2.021320104598999,561.48291015625,161.09523809523807,0.9536437392234802,95.5238095238095,96.75,38.60147476196289,57.76190476190476,-0.19725796716550364,61.61745071411133,50.622249603271484,52.476190476190474,0.06126192859912384,0.06711409240961075,59.047619047619044,-0.1243977055449331,26.427898406982422,49.523809523809526,-0.3922467890595158,47.82276153564453,76.00000000000001,-0.18007882334561348,0.24832214415073395,0.0,-0.3194521924277783,64.95238095238095,84.0,2.8462579250335693,5.606390476226807,0.0
109.08438873291016,111.0,-0.11773553490638733,62.6875,0.05149716334679264,122.85714285714288,103.2857142857143,275.5370788574219,88.42857142857142,3.658890851192026,80.99345266446431,51.357142857142875,77.0625,3580.681884765625,65.21428571428571,40.32918167114258,78.9375,-0.0019357760902494192,77.71428571428572,10.303382873535156,124.26569366455078,79.42857142857143,1.2533272504806519,78.92857142857144,96.6875,52.59514617919922,88.07142857142858,-0.3332102340323632,81.37583923339844,79.32259368896484,70.2857142857143,0.4095987613854911,0.1342281848192215,135.71428571428572,-0.419202992282154,29.275938034057617,61.85714285714287,0.23880097828131858,15.896865844726562,43.7857142857143,0.018623923936785337,0.21476510167121887,0.12751677632331848,0.37898604378256806,50.07142857142857,59.21428571428572,47.84381103515625,-46.918487548828125,0.0
384.0541687011719,49.4375,0.13126954436302185,62.1875,-0.31956336261466567,65.14285714285715,81.85714285714286,658.9556884765625,63.71428571428573,10.898305828939348,84.99386705076662,106.85714285714285,77.0625,1350.2275390625,110.2857142857143,42.4468994140625,88.8125,-0.0026236025150865316,43.0625,1.0110801458358765,452.5713195800781,126.92857142857144,0.9548495411872864,52.71428571428571,115.75,38.81041717529297,78.50000000000001,-0.5198234014395232,89.53020477294922,56.3802490234375,50.92857142857143,0.32767521453981424,1.1677852869033813,57.21428571428571,-0.2789146529281948,41.9890251159668,97.42857142857146,-0.5051186979521485,29.15404510498047,80.7857142857143,-0.22547787189871782,1.1610738039016724,1.5033557415008545,-0.036400658280103776,53.0,73.375,-5.4103922843933105,-4.5300164222717285,0.0
295.3522033691406,57.57142857142857,-0.06027776002883911,55.000000000000014,0.3213660348552159,71.35714285714288,41.71428571428572,683.4428100585938,40.00000000000001,-4.269670495650912,71.05760303311897,74.64285714285714,55.92857142857143,9706.5107421875,45.78571428571429,42.36565399169922,72.57142857142857,0.0005241026519797742,82.07142857142858,2.143178701400757,83.05387115478516,37.35714285714287,0.9494460821151733,40.57142857142858,36.64285714285715,58.0744743347168,67.71428571428574,0.05806660934737112,113.13423156738281,74.77623748779297,70.42857142857144,-0.2620850929070524,0.00671140942722559,38.35714285714287,-0.10470960150758532,41.90763473510742,53.07142857142858,0.0845170984345528,19.018770217895508,46.50000000000001,0.015016574040665477,0.0,0.0,0.08487331042738536,67.7857142857143,79.42857142857144,2.1331701278686523,32.34236145019531,0.0
-80.91566467285156,45.428571428571416,-0.008356024511158466,74.42857142857144,-0.25404126177988284,82.92857142857143,85.5,512.602783203125,39.92857142857143,37.90702542442603,97.78478786449558,129.57142857142856,42.35714285714286,916.0325927734375,75.71428571428572,38.97826385498047,92.92857142857144,-0.00022856936266180128,96.5,0.6915930509567261,161.65843200683594,55.142857142857146,0.6394636034965515,54.21428571428572,50.642857142857146,31.118391036987305,56.285714285714306,-0.17010478800580364,48.26174545288086,37.7615966796875,66.07142857142857,0.0577317532556698,0.34899330139160156,21.285714285714285,-0.32169424624259907,30.800811767578125,50.92857142857143,0.3254140978562365,31.696046829223633,64.35714285714286,0.04398262027111386,0.05369127541780472,0.20805369317531586,-0.040348727513256195,49.000000000000014,54.357142857142875,-1.4072011709213257,1.1112594604492188,0.0
499.5644836425781,52.000000000000014,-0.010797146707773209,55.00000000000001,-0.07715267501065992,53.85714285714286,68.7857142857143,551.5741577148438,53.64285714285715,-16.46017388689438,83.6402650316036,57.000000000000014,61.57142857142858,1598.31689453125,54.571428571428584,46.02638244628906,84.14285714285715,0.0020441492088139057,194.14285714285714,0.5535982847213745,258.52691650390625,109.42857142857143,0.4824213683605194,92.2857142857143,101.42857142857144,20.336462020874023,56.85714285714287,0.14760313786277607,91.79866027832031,56.17398452758789,85.07142857142857,-0.051048123128351545,0.06711409240961075,54.928571428571445,-0.06259689447732104,12.22868537902832,52.142857142857146,0.22183254251274642,24.68758201599121,79.35714285714288,-0.19716602638347197,0.281879186630249,0.0,-0.1970069074769788,73.78571428571429,55.71428571428571,-4.879826068878174,-2.268908739089966,0.0
500.29986572265625,54.71428571428571,0.1930159032344818,42.64285714285714,0.3741238324916274,50.42857142857144,63.500000000000014,641.2149658203125,79.35714285714286,-22.426273231238326,89.2425155678615,80.28571428571429,51.28571428571428,1477.3974609375,75.2857142857143,46.440887451171875,63.35714285714286,0.002384541090577841,63.07142857142858,0.8438424468040466,311.58843994140625,46.07142857142857,0.4461810886859894,69.00000000000001,28.71428571428571,29.740243911743164,31.64285714285715,0.5440739837136399,72.6644287109375,39.144649505615234,65.78571428571429,0.20673101707665897,0.4161073863506317,70.78571428571429,0.19554240530391256,15.91319465637207,53.35714285714286,-0.07870114369870738,25.555950164794922,40.785714285714285,-0.17781419573558221,0.268456369638443,0.0,-0.03703703703703703,49.857142857142854,56.92857142857144,1.0498411655426025,-6.903997898101807,0.0
79.47090148925781,41.333333333333336,-0.007770736701786518,78.14285714285715,-0.5426996654699116,78.875,70.625,146.67137145996094,72.0,-29.691297617534662,75.63039674730997,75.375,104.92857142857144,8737.6435546875,124.0625,34.49991989135742,113.00000000000001,0.001162892789579928,95.0,0.6958223581314087,175.3849334716797,111.75,1.5985558032989502,109.92857142857142,135.14285714285717,92.08746337890625,120.1875,-0.18816853248543464,42.161075592041016,46.80619812011719,92.875,-0.09442318114076684,1.5033557415008545,115.5625,-0.1707802693742098,38.59758758544922,84.0,0.043226005236031595,62.4677848815918,110.25,-0.13391607678028578,0.449664443731308,0.0,0.20415184954383947,84.3125,103.0,-9.997514724731445,-14.119731903076172,0.0
164.5471649169922,73.14285714285715,0.011845617555081844,85.85714285714288,-0.11841462717166072,108.64285714285715,51.28571428571429,268.19378662109375,92.92857142857146,-6.5146322336372915,86.8456349455666,96.92857142857144,85.35714285714286,901.876708984375,51.21428571428572,37.290672302246094,86.42857142857144,-0.0028962816577404737,82.42857142857144,12.742318153381348,236.84375,112.28571428571429,1.9922587871551514,138.92857142857142,64.21428571428572,59.52585983276367,87.07142857142858,-0.10044388667559738,44.28858947753906,47.744606018066406,93.28571428571429,-0.13559956232602172,0.00671140942722559,117.57142857142857,-0.23930950444206645,41.42173385620117,92.92857142857143,-0.36261432901200313,31.17005729675293,98.7857142857143,-0.008598686252781847,2.583892583847046,0.26174497604370117,0.06535200786669147,39.07142857142858,112.85714285714286,33.07570266723633,-41.07871627807617,0.0
423.4570617675781,41.75000000000001,0.7173821926116943,73.25,-0.22232785267149796,93.00000000000003,94.00000000000001,984.58349609375,70.64285714285717,-19.758238694011766,97.45190256504502,60.07142857142858,51.0,1051.1470947265625,80.71428571428572,44.02447509765625,79.1875,0.0009236069745384157,47.142857142857146,0.3598131537437439,324.373046875,69.00000000000001,0.3547256886959076,68.00000000000001,27.9375,55.61372756958008,58.71428571428573,0.3591527222413771,30.97986602783203,45.867401123046875,88.85714285714288,-0.04257392953643978,5.040268421173096,72.64285714285715,-0.1302012071728116,20.061988830566406,75.85714285714286,-0.11094801941443558,23.565309524536133,85.2857142857143,0.32452150496802223,4.187919616699219,2.1812081336975098,-0.07917672266675842,86.42857142857146,57.00000000000001,-10.815563201904297,-7.948497772216797,0.0
387.919677734375,73.625,0.1453598290681839,69.875,-0.2590103638519843,106.21428571428574,54.14285714285715,704.1531982421875,79.21428571428571,9.033079568171662,89.42693972345775,107.0,97.4375,1467.974365234375,126.5,45.33561325073242,92.8125,-0.002396560274064541,116.375,0.9134700298309326,439.5541687011719,91.92857142857144,0.9212483763694763,46.35714285714286,83.75,38.194297790527344,77.35714285714288,-0.5368712600225799,85.20805358886719,53.93387222290039,80.71428571428571,-0.04313178150089452,1.3758388757705688,57.28571428571429,-0.2588006896645353,42.59439468383789,75.2857142857143,-0.3020649845274935,27.263425827026367,59.35714285714286,-0.27480996425407483,0.6308724880218506,1.416107416152954,0.009401217679951333,70.5,67.6875,-6.3687005043029785,-1.8091790676116943,0.0
129.3057098388672,72.95238095238092,0.03888554498553276,63.57142857142858,-0.37330196193318615,58.35714285714287,55.64285714285715,538.941162109375,72.92857142857144,-36.45198576242332,106.24769476677086,92.42857142857143,53.35714285714286,811.8231201171875,57.78571428571429,40.98224639892578,56.357142857142875,-0.0017373085720464587,88.21428571428574,2.1883304119110107,162.9620361328125,56.14285714285716,0.8935452103614807,59.071428571428584,61.50000000000002,52.619319915771484,84.92857142857144,-0.21458020368072267,96.12080383300781,74.00361633300781,88.14285714285717,0.006435837603244543,1.5302013158798218,37.214285714285715,-0.18807946212504492,38.09344482421875,81.14285714285717,-0.009362372046678493,29.3997802734375,61.214285714285715,-0.4478398978257831,0.3087248206138611,0.08724832534790039,-0.1213899758579703,49.92857142857144,46.85714285714286,-7.57842493057251,7.836892604827881,0.0
415.0945739746094,58.875,-0.08144807070493698,104.9047619047619,-0.3835355615923835,70.90476190476191,89.33333333333334,591.4260864257812,47.476190476190474,22.590926559179422,63.143673209882294,56.857142857142854,91.00000000000003,1748.048583984375,49.14285714285714,39.82695388793945,110.76190476190476,0.00014709276729263365,152.09523809523807,0.7757717370986938,144.65069580078125,93.42857142857143,0.6552925705909729,141.71428571428575,64.79166666666666,27.998172760009766,40.80952380952382,0.16352620469527704,93.81879425048828,46.721805572509766,110.14285714285717,-0.5750738272453843,0.07382550090551376,73.47619047619047,-0.37933115155801495,26.942480087280273,60.38095238095238,0.023519485268241092,7.894950866699219,60.19047619047619,-0.08816346249171877,1.2684563398361206,0.0,-0.0315842586411686,74.38095238095238,92.95238095238093,-15.202548027038574,-5.221695899963379,0.0
274.9588928222656,56.78571428571429,-0.09532994031906128,81.57142857142857,-0.2520977663973734,54.28571428571429,50.07142857142858,415.0393981933594,87.92857142857143,10.785015150604632,91.46608717121964,110.42857142857142,72.5,1185.5850830078125,72.5,42.44668960571289,96.85714285714286,-0.0031230023596435785,92.85714285714285,1.5845117568969727,276.03192138671875,50.57142857142858,1.130839228630066,104.21428571428574,41.28571428571429,48.3997802734375,85.07142857142858,-0.2928646115830561,71.03355407714844,58.534156799316406,54.642857142857146,0.4958828768122723,1.2953020334243774,49.64285714285715,0.32086891259332495,33.28707504272461,61.500000000000014,-0.04065948108373127,31.347881317138672,75.71428571428574,-0.048015299104569545,3.3288590908050537,0.7046979665756226,-0.2267034446384479,71.21428571428572,52.7857142857143,-10.583144187927246,2.1376867294311523,0.0
646.457763671875,124.71428571428575,0.17091047763824463,60.00000000000001,-0.3365597122070045,80.35714285714289,55.21428571428572,1095.167724609375,121.00000000000003,-14.777643356147228,62.5333402293629,80.00000000000003,72.2857142857143,2629.277099609375,30.214285714285722,41.62786865234375,97.14285714285714,-0.0002129995555151254,109.14285714285717,1.8809998035430908,106.98589324951172,53.500000000000014,0.7155208587646484,73.57142857142857,77.64285714285715,51.325035095214844,58.92857142857144,0.07408380200449861,62.80537033081055,60.99231719970703,71.5714285714286,-0.03535311207956194,4.516778469085693,61.857142857142854,-0.24312710043523764,36.551414489746094,65.07142857142858,0.07415758613082665,35.47706604003906,126.92857142857146,0.12304796558494846,0.17449665069580078,1.3489933013916016,0.04853793365395972,72.50000000000001,71.50000000000001,-2.6517324447631836,2.599705219268799,0.0
81.09603118896484,82.7857142857143,-0.06238868832588196,92.2857142857143,-0.34203740820097656,101.7142857142857,79.1904761904762,416.5173034667969,68.14285714285714,-21.834860504873646,89.71004501869972,97.61904761904762,108.0476190476191,888.6117553710938,15.61904761904762,45.96633529663086,110.61904761904762,0.0009907097555696964,108.19047619047619,0.5135916471481323,364.8248596191406,62.57142857142859,0.5576517581939697,72.14285714285714,82.23809523809524,31.13287353515625,43.666666666666664,-0.008947451698760303,85.13423156738281,53.92496109008789,70.5238095238095,-0.023517106891412648,0.449664443731308,54.33333333333333,0.2529449040903284,21.462724685668945,40.57142857142858,0.33317786344586114,37.63849639892578,69.19047619047619,-0.013612873924411108,0.08724832534790039,0.020134227350354195,0.3057467539864767,61.14285714285715,56.952380952380956,-6.001007080078125,-4.689393520355225,0.0
390.3811340332031,132.64285714285714,-0.08763270825147629,62.21428571428572,-0.7505314611920797,57.92857142857144,67.71428571428572,872.6482543945312,82.00000000000001,43.0253054009588,60.453005786324454,105.57142857142857,102.00000000000004,2353.603759765625,90.57142857142858,43.362789154052734,105.2857142857143,0.002821932779625058,116.71428571428572,0.42361339926719666,237.77700805664062,56.5,0.4815971255302429,55.238095238095234,56.78571428571429,22.268827438354492,70.5,-0.1264772185136223,143.91275024414062,51.0568733215332,94.2857142857143,-0.7161849179340964,0.0,36.64285714285715,-0.15249927249121392,22.57895278930664,49.07142857142858,-0.01572082533627186,31.991735458374023,66.71428571428572,-0.09397020126800609,0.5167785286903381,0.0,1.0,79.35714285714288,69.28571428571429,-1.2450063228607178,2.06904935836792,0.0
70.99789428710938,47.99999999999999,0.013634084723889828,31.571428571428577,0.4055110193076841,59.071428571428584,68.78571428571429,495.4030456542969,25.5,21.50127995414222,82.55625971385076,55.71428571428571,28.14285714285714,1192.705322265625,68.42857142857144,39.567935943603516,40.571428571428584,0.00023793878790456802,165.64285714285717,1.0428303480148315,252.13192749023438,108.50000000000001,0.7468836903572083,150.5,112.42857142857146,18.815994262695312,54.78571428571429,0.090669943531735,94.38255310058594,32.832828521728516,64.35714285714286,-0.3919423154797619,0.0,66.7857142857143,-0.5189924433249369,19.269609451293945,72.64285714285715,-0.04964761947107937,38.12520980834961,82.85714285714288,1.0,0.48322147130966187,0.0,1.0,125.42857142857142,112.42857142857143,-1.3292173147201538,2.929325819015503,0.0
-65.04901885986328,103.4761904761905,-0.013478957116603851,59.57142857142858,0.13573944288306233,100.42857142857144,54.14285714285715,503.5495910644531,55.42857142857144,18.32791336750824,70.38947575770774,58.28571428571428,59.71428571428571,7654.4873046875,54.50000000000001,39.35953903198242,62.57142857142858,-0.00019783046445809305,91.71428571428574,1.5943236351013184,565.2937622070312,20.785714285714285,0.544529139995575,54.64285714285715,17.35714285714286,30.04499053955078,60.00000000000001,-0.25085485722937934,45.54362487792969,33.80927276611328,58.42857142857142,0.1540976393339728,0.06711409240961075,57.64285714285714,-0.03487500781018578,15.587597846984863,75.21428571428572,-0.11218949148635962,37.98209762573242,42.57142857142856,-0.10364114467789874,1.63758385181427,0.08724832534790039,1.0,95.71428571428572,68.28571428571428,1.8405154943466187,4.977854251861572,0.0
-27.295669555664062,51.7857142857143,0.003969562705606222,77.42857142857144,-0.31376669309932825,68.71428571428571,62.785714285714306,514.5877685546875,77.5,32.268293294730604,59.66367555346729,66.07142857142858,61.78571428571429,1018.1239013671875,62.571428571428584,44.24407958984375,78.0,-0.00012075918493792415,102.35714285714286,0.6831461787223816,197.2503204345703,52.42857142857143,0.481479674577713,85.71428571428572,71.7857142857143,33.21892166137695,53.64285714285715,0.4210249537867683,57.12751770019531,35.79533004760742,59.71428571428571,0.23476967000559995,0.12080536782741547,42.92857142857144,0.2829887125229873,19.511749267578125,52.714285714285715,-0.12152431977014228,55.24843215942383,69.14285714285715,-0.08387369959573177,3.54362416267395,0.34899330139160156,1.0,51.357142857142854,57.714285714285715,-1.2601648569107056,1.9244472980499268,0.0
-7.045755863189697,55.14285714285715,-0.027756934985518456,91.0,-0.6709438822363663,52.785714285714285,64.78571428571429,585.4674682617188,88.35714285714286,24.7921150354731,93.66139777954504,91.57142857142858,84.14285714285714,1236.1856689453125,75.35714285714286,47.82322311401367,95.2857142857143,0.0009343221317976713,89.00000000000001,0.9596607685089111,92.87586975097656,129.0,0.4518876373767853,110.3125,47.35714285714286,41.21279525756836,54.35714285714286,0.354691994603294,102.95973205566406,88.23548889160156,116.07142857142857,-0.18529628429063189,3.0872483253479004,84.14285714285714,-0.7465945361277748,37.95655822753906,138.57142857142858,-0.7427663776079678,43.120914459228516,68.57142857142856,-0.037037037037037035,0.0,0.5302013158798218,-0.5461080910236986,70.07142857142857,98.57142857142857,-0.3064384162425995,0.5556895136833191,0.0
333.5741882324219,99.14285714285715,0.09120594710111618,33.78571428571429,0.3402756397486282,39.9375,47.375,404.0469665527344,60.6875,-37.637797447609024,91.77269866563934,69.25,42.142857142857146,1322.088134765625,28.625,41.40900421142578,65.35714285714288,-0.0030162755865603685,63.3125,7.630911350250244,381.5600891113281,77.5625,1.5396521091461182,67.64285714285714,31.35714285714286,46.10597610473633,86.64285714285715,-0.35431497711943755,73.88590240478516,54.22282409667969,74.92857142857143,0.10406141268629485,1.127516746520996,55.07142857142857,0.12181277501684146,33.932350158691406,59.35714285714286,0.19929041700659522,25.24647331237793,99.92857142857144,0.19571438459184284,2.3288590908050537,1.6644295454025269,-0.13742165357271904,74.375,82.9375,-19.893367767333984,-21.799453735351562,0.0
176.52651977539062,45.71428571428572,-0.1307791918516159,88.35714285714286,-0.5754383112354012,61.50000000000001,40.42857142857143,810.0252685546875,71.28571428571429,25.067658547587044,55.189593812110225,68.28571428571429,77.28571428571429,8194.9443359375,75.71428571428572,38.835201263427734,82.14285714285715,0.0006639742641709745,57.99999999999999,4.152316093444824,66.43987274169922,68.14285714285715,0.82695072889328,67.64285714285715,41.642857142857146,52.31471633911133,82.2857142857143,-0.18064151873636553,37.583892822265625,43.331573486328125,56.857142857142875,0.19444987362537314,6.295301914215088,42.85714285714286,-0.20244925450815904,24.733041763305664,40.35714285714286,0.35569183407621746,42.811031341552734,65.85714285714286,-0.13051377908097586,0.0,3.1006710529327393,-0.13124642507203077,79.28571428571429,79.35714285714286,-44.108673095703125,3.891742467880249,0.0
379.2907409667969,84.21428571428572,0.40565842390060425,90.28571428571428,-0.5109752067849593,128.29166666666669,95.12500000000003,864.1624145507812,157.58333333333331,-16.535458476751444,93.17030811468486,100.16666666666667,126.95238095238095,1481.260498046875,89.12500000000001,44.76713943481445,105.71428571428572,0.0008062573033384979,123.79166666666669,0.8538452386856079,244.26339721679688,128.29166666666666,1.0584728717803955,103.42857142857144,124.52380952380952,63.20222854614258,82.57142857142857,-0.0029032542891167094,36.395973205566406,46.778621673583984,75.95238095238095,0.040965401107562326,4.013422966003418,39.42857142857142,-0.1839337242855813,28.340356826782227,57.61904761904762,0.005645993576697552,28.151161193847656,61.285714285714285,0.21079850290974422,3.879194736480713,1.6845637559890747,-0.43615653887528655,83.0,82.16666666666667,5.7861809730529785,-4.70021915435791,0.0
516.8976440429688,91.64285714285715,0.0870416983962059,59.666666666666664,-0.19163051846888426,62.66666666666666,69.71428571428572,682.1006469726562,64.42857142857142,21.280823358753384,79.61470114636492,112.76190476190477,81.42857142857142,1716.706787109375,77.47619047619051,40.77786636352539,82.09523809523809,-0.002225316595286131,84.23809523809524,0.669055163860321,145.7904815673828,72.66666666666667,0.7048376202583313,107.47619047619047,71.47619047619047,38.64276885986328,60.904761904761905,-0.33619920753305477,83.08724975585938,56.789371490478516,85.90476190476191,-0.24320057094388411,0.7046979665756226,19.476190476190474,0.1614189521576058,45.304107666015625,65.23809523809524,-0.25675712365301334,26.03858757019043,80.76190476190476,0.34309023279721323,0.46979865431785583,0.17449665069580078,0.03717387828365406,78.90476190476191,79.9047619047619,-2.6571168899536133,-15.913368225097656,0.0
486.7404479980469,67.0,0.433877170085907,57.428571428571445,0.012697184895040441,77.5625,93.0625,786.8366088867188,79.0625,-3.457647077189196,92.00017642851057,89.1875,95.21428571428572,1613.4801025390625,125.0625,41.13029098510742,87.07142857142857,0.0012267825659364462,36.78571428571429,1.256945252418518,285.53643798828125,77.125,0.536307156085968,94.21428571428572,148.35714285714286,31.626354217529297,73.25,-0.0844699352125933,95.91946411132812,51.67393112182617,56.0,-0.22718183116697613,1.4630872011184692,65.4375,-0.20289018052256355,16.7392635345459,103.375,-0.47759405855639697,24.075210571289062,72.5,0.18972941170500565,0.20134228467941284,0.0,-0.25958791477012044,64.1875,82.0,7.112244129180908,7.541452407836914,0.0
348.4779968261719,55.07142857142857,-0.11336562037467957,50.2857142857143,-0.5158947377744709,59.00000000000001,86.21428571428572,689.0158081054688,38.35714285714286,36.67229224851467,31.14243691074846,73.2857142857143,94.7857142857143,1835.946044921875,55.785714285714285,24.017894744873047,39.71428571428572,-0.0005322953220456839,29.928571428571427,0.9940838813781738,122.99230194091797,38.42857142857143,0.24591471254825592,31.75,70.57142857142857,40.05221176147461,66.21428571428572,-0.03961563389460834,106.24832153320312,51.52557373046875,44.42857142857143,0.41278661664851124,0.1409395933151245,58.71428571428572,0.14336280525609763,38.16766357421875,54.64285714285715,0.01424058045255685,15.200604438781738,57.428571428571445,0.11603831749040683,2.852349042892456,0.0,0.0710578878313367,73.85714285714286,91.57142857142858,-7.4727020263671875,1.879381775856018,0.0
634.594482421875,83.875,0.04611702263355255,41.125,-0.16458976410959947,95.07142857142857,71.21428571428572,854.0546875,108.21428571428572,-15.72938091032857,74.898135231053,135.5714285714286,59.625,2182.113525390625,46.0,42.29909896850586,85.4375,0.00038933957694098353,84.85714285714288,0.5279070734977722,201.3017578125,170.71428571428572,0.8201795816421509,97.00000000000001,138.625,63.07325744628906,62.714285714285715,0.3575205365860448,43.52349090576172,53.785377502441406,59.85714285714288,0.2458199072416532,2.8859059810638428,103.00000000000001,-0.7771852748162398,24.761140823364258,61.500000000000014,-0.19814278450853687,33.274810791015625,94.14285714285715,-0.2558330927421094,1.771812081336975,1.7583892345428467,-0.47928520118706247,67.50000000000001,71.35714285714286,-0.4646550118923187,-2.0555055141448975,0.0
177.05194091796875,52.57142857142858,-0.029125673696398735,62.95238095238095,-0.40291222909966556,41.14285714285714,44.42857142857142,473.20465087890625,49.85714285714286,12.13058797955113,70.36485066734939,85.66666666666669,61.666666666666664,13485.458984375,54.80952380952381,38.90790939331055,74.99999999999999,0.0021685201209038496,140.42857142857144,1.0050818920135498,82.443359375,50.000000000000014,0.7441846132278442,85.21428571428572,44.47619047619048,49.55244445800781,72.42857142857144,-0.012715630009219055,79.91946411132812,45.47446060180664,54.04761904761904,-0.30350005018550197,0.0,58.190476190476204,-0.08730120852029805,27.8325138092041,47.571428571428584,0.6487314771017968,51.771751403808594,86.66666666666666,1.0,0.0,0.0,-0.06042270318760173,95.28571428571428,99.14285714285714,-8.368609428405762,3.217867612838745,0.0
244.35214233398438,98.0952380952381,-0.1967713087797165,71.21428571428572,-0.6274590686152763,54.5,45.92857142857144,553.9003295898438,62.571428571428584,14.012846792504291,82.11911092728874,116.57142857142856,83.0714285714286,1349.09326171875,64.35714285714286,43.31571578979492,103.64285714285715,-0.0022789575159549713,109.35714285714288,0.6287014484405518,123.80308532714844,93.0,0.4971874952316284,110.07142857142858,68.28571428571428,46.87474822998047,84.21428571428574,-0.1443335979821728,93.25503540039062,59.63323211669922,64.50000000000001,0.2791953164292361,0.1409395933151245,61.42857142857143,-0.15941319117863592,41.40457534790039,78.50000000000001,-0.20503974012467255,27.254676818847656,127.49999999999999,0.05232968441191599,0.46979865431785583,0.11409395933151245,-0.20274674627917147,59.35714285714287,59.357142857142854,-10.042840957641602,-3.4904356002807617,0.0
589.8139038085938,120.78571428571429,0.055253881961107254,103.49999999999999,-0.6342427029690172,73.4375,58.375,773.3649291992188,118.125,13.845110570824387,71.99677691139097,141.1875,83.5,1997.6822509765625,57.125,44.19565200805664,118.00000000000001,-0.001502907369285822,40.75,1.3448785543441772,127.81761169433594,104.6875,1.106173038482666,105.64285714285715,91.28571428571429,37.317359924316406,67.0625,-0.12931037589619812,116.44966125488281,63.75682067871094,93.1875,-0.21320092344788008,1.0536912679672241,39.6875,-0.3034528082896983,43.7772102355957,71.3125,-0.20084698266303286,18.27466583251953,69.5,0.025254936892711206,1.208053708076477,0.1812080591917038,0.11212448162837495,51.75,87.0,-7.602356433868408,-11.280065536499023,0.0
234.608642578125,62.00000000000001,-0.050453778356313705,49.85714285714286,-0.5729416466826539,38.625,36.875,322.53338623046875,91.875,-29.88334107068961,94.94615474752825,100.0625,80.28571428571429,792.5698852539062,76.625,39.845306396484375,97.00000000000003,0.001347850076854229,8.1875,1.4299547672271729,316.4868469238281,77.3125,0.621493399143219,133.42857142857144,77.28571428571428,40.03913879394531,45.4375,0.4176430769042087,66.12751770019531,37.13412857055664,66.4375,-0.08599565042676524,1.6308724880218506,64.625,-0.1406664262837508,17.818891525268555,63.6875,0.24853236117614014,22.307273864746094,53.1875,0.015042986981085731,0.3087248206138611,0.0,0.2962324306522867,67.9375,57.3125,-9.453559875488281,3.1023645401000977,0.0
130.07687377929688,106.07142857142858,-0.026641346514225006,49.85714285714287,0.0645709280932032,78.0714285714286,71.92857142857143,541.1316528320312,88.42857142857142,34.93203564298233,72.94863467266121,46.92857142857143,74.21428571428572,1441.4237060546875,74.42857142857144,40.027740478515625,60.35714285714287,0.0008224758203141391,105.0714285714286,1.1484354734420776,267.438232421875,43.57142857142858,0.7573150992393494,41.1875,40.50000000000001,35.03581619262695,42.85714285714285,0.603292384276096,62.38926315307617,39.94639205932617,64.78571428571429,0.1262830214866857,1.6912751197814941,23.428571428571427,0.27712207291251756,27.769559860229492,61.64285714285715,0.5174813190448648,28.678010940551758,34.50000000000001,-0.04766950669435096,0.281879186630249,0.04026845470070839,0.33751739348833987,67.71428571428572,127.71428571428572,0.6030526757240295,-4.7373809814453125,0.0
274.7738037109375,85.23809523809524,0.13021691143512726,99.21428571428571,-0.4212753487178419,83.7857142857143,120.85714285714288,459.2543029785156,40.35714285714287,-33.08876992552072,92.50302687866103,121.28571428571429,89.07142857142858,917.1388549804688,32.78571428571429,43.553321838378906,118.92857142857144,-3.218793426640332e-05,159.71428571428572,1.453309178352356,184.94058227539062,157.35714285714283,0.9797009229660034,98.625,120.07142857142858,60.467552185058594,85.49999999999999,0.11560444867774675,55.939598083496094,57.38943099975586,76.2857142857143,0.30005198907056846,2.9194631576538086,85.00000000000001,-0.7290047180408896,29.060291290283203,50.42857142857144,0.24439538589192794,39.57854080200195,70.7857142857143,-0.27713765442757804,1.073825478553772,0.24161073565483093,-0.03445075332485212,122.78571428571433,110.2857142857143,-5.46221399307251,0.7502734065055847,0.0
206.40359497070312,58.42857142857144,-0.170332670211792,68.21428571428572,-0.2794235885225506,71.00000000000001,47.357142857142854,722.8748168945312,85.85714285714288,18.012397612701328,70.79285322044468,33.35714285714286,121.35714285714289,1720.1392822265625,87.00000000000001,37.7007942199707,75.35714285714288,0.001302334712818265,68.85714285714285,0.9149186015129089,176.98446655273438,93.7857142857143,0.6251807808876038,88.8125,66.85714285714286,23.71749496459961,82.2857142857143,-0.1819193212970438,113.07382202148438,57.79866409301758,99.92857142857146,-0.476619935222542,0.34228187799453735,88.0,-0.354154277405918,19.460628509521484,76.28571428571429,-0.39754838168003026,32.37800598144531,67.21428571428572,1.0,0.26174497604370117,0.0,-0.037037037037037035,108.78571428571429,87.71428571428572,2.9660754203796387,4.5116400718688965,0.0
10.148385047912598,40.19047619047619,-0.021958280354738235,58.571428571428584,0.31574287846963034,53.25,65.625,558.314697265625,40.625,36.410333898243486,85.46164216358726,51.75,60.71428571428572,1257.2025146484375,73.875,40.23516845703125,67.35714285714286,0.0009088113438338041,72.375,1.0753884315490723,97.54822540283203,61.0625,0.7131133079528809,59.92857142857143,50.64285714285715,44.720619201660156,73.4375,-0.06341057364818298,70.6040267944336,59.05574417114258,66.75,-0.20714062427569782,1.7382550239562988,57.0,-0.20235437507392987,36.529205322265625,58.75,0.41323273360417867,49.39360427856445,103.5625,0.2582781456953642,0.0,0.20134228467941284,0.5225572986376913,37.375,50.375,-2.496976137161255,0.9531999826431274,0.0
-70.15645599365234,77.14285714285712,-0.2343580722808838,72.47619047619047,-0.4148519826469735,88.00000000000001,75.38095238095238,204.1830596923828,140.47619047619048,14.067893304280787,76.53911222870616,77.28571428571428,125.57142857142858,5986.66943359375,95.52380952380952,36.80845260620117,113.52380952380955,0.0002737999602686614,51.19047619047619,5.700497150421143,175.17015075683594,63.14285714285714,1.5948926210403442,97.0952380952381,92.23809523809524,76.81454467773438,84.4285714285714,-0.06750445104849376,81.42282104492188,86.86231994628906,129.33333333333334,-0.39784708569491406,1.0939596891403198,96.57142857142858,-0.2289942622523412,48.2112922668457,78.95238095238095,-0.2116654943008159,46.12618637084961,58.57142857142857,-0.06703578284281785,0.17449665069580078,0.24832214415073395,0.5283921162920814,117.57142857142858,84.76190476190479,-10.71465015411377,-13.508001327514648,0.0
295.150390625,48.71428571428572,0.1049531027674675,54.71428571428571,-0.171211315873143,85.50000000000001,61.50000000000002,408.430419921875,85.57142857142858,-43.2573427297925,98.0308107144048,60.28571428571429,86.28571428571428,883.0286865234375,32.142857142857146,45.491844177246094,54.92857142857143,0.0017186497570946813,160.71428571428572,0.8819499611854553,310.7951965332031,55.42857142857144,0.7499027848243713,60.85714285714286,98.14285714285715,24.854652404785156,95.92857142857144,-0.5312948929622517,72.34228515625,35.74739456176758,45.07142857142857,0.18550724472274543,0.3557046949863434,63.64285714285715,0.3463859904337432,14.607585906982422,50.07142857142858,0.20271506114798962,26.742490768432617,67.42857142857144,-0.13207547169811323,0.033557046204805374,0.10738255083560944,-0.06980586534489878,69.85714285714286,114.35714285714289,-13.291024208068848,0.970683753490448,0.0
43.1451416015625,136.28571428571433,-0.04251036047935486,35.214285714285715,0.19896758904716694,53.00000000000001,91.7857142857143,278.46087646484375,75.35714285714286,-17.980652647930505,91.20224893451191,127.50000000000001,74.78571428571429,6897.55224609375,73.71428571428572,36.95911407470703,59.42857142857144,-7.100569928297773e-05,102.50000000000003,2.4720163345336914,276.76678466796875,81.07142857142858,1.077429175376892,78.0625,72.0,74.19334411621094,96.25,-0.38567944943937,66.49664306640625,59.33576965332031,70.4375,0.19572679183622815,0.3691275119781494,65.875,-0.07175526839825401,33.82969284057617,65.3125,0.07836642813467276,32.2570915222168,78.0,-0.21680962665843873,0.449664443731308,0.0,0.09460583796598922,53.50000000000001,110.21428571428574,-14.298818588256836,-24.72784996032715,0.0
410.4512023925781,61.357142857142854,-0.1643601655960083,53.285714285714285,0.28010472304874134,76.52380952380953,64.61904761904762,649.5899047851562,61.38095238095238,17.813144074990447,46.703555258512274,28.238095238095234,41.57142857142856,1915.0596923828125,52.9047619047619,40.244075775146484,54.714285714285715,-0.00026435378822498024,93.95238095238096,0.935152530670166,131.39028930664062,127.33333333333333,0.7669264078140259,71.71428571428571,106.38095238095241,30.107580184936523,50.14285714285715,0.1318468246643182,90.47650909423828,54.92295837402344,82.80952380952382,-0.3150356088361084,0.28859061002731323,51.33333333333333,0.015676044889368277,41.05345153808594,56.04761904761904,-0.21185764346568078,12.179261207580566,66.71428571428572,-0.23235037154640334,0.6174496412277222,0.07382550090551376,-0.034793627805937734,59.52380952380952,87.76190476190476,-1.6581449508666992,1.1745405197143555,0.0
-29.05331802368164,55.625,0.0012633008882403374,63.3125,-0.3205782877108954,47.50000000000001,67.85714285714286,511.2195739746094,52.0,26.116422751205878,76.61518140355427,140.71428571428572,61.4375,1010.0438232421875,74.78571428571429,44.625892639160156,73.1875,-0.0001395986182615161,105.0,0.6477581262588501,299.9967041015625,97.35714285714289,0.5042614340782166,123.57142857142856,75.5,25.664304733276367,54.85714285714286,0.04093292635203885,65.63758087158203,31.25629425048828,74.35714285714286,0.2409538161797633,0.0,56.78571428571429,-0.4376432339046966,20.83076286315918,75.21428571428572,-0.3675802761498724,44.14350509643555,67.14285714285715,-0.06960668254579512,3.577181100845337,0.3288590610027313,-0.037037037037037035,73.42857142857143,77.71428571428572,-0.5432562828063965,2.9262776374816895,0.0
235.14466857910156,77.92857142857144,-0.04046729952096939,57.357142857142854,-0.6414048857286868,50.1875,53.0625,333.9091796875,98.3125,-29.54825753803621,97.26985270507026,97.4375,92.2857142857143,727.580078125,86.125,40.52153778076172,102.85714285714288,0.0014798360643908381,8.4375,1.3887755870819092,328.34075927734375,76.125,0.6022774577140808,124.35714285714286,78.07142857142857,37.74806594848633,27.375,0.45845341104439796,66.2751693725586,36.1025505065918,68.25,-0.20585472001881977,1.0402684211730957,51.0625,0.02806259146090847,17.345731735229492,43.0625,-0.01322995583220723,22.310680389404297,47.5625,0.020608073935657667,0.28859061002731323,0.0,0.3602595179985743,75.75,59.625,-8.8340482711792,3.2159268856048584,0.0
49.95629119873047,59.50000000000001,-0.09933317452669144,44.0,0.34676555418211785,74.78571428571429,61.785714285714285,693.48779296875,46.28571428571428,29.70864916705345,61.45795304231084,74.64285714285715,82.3125,1496.23046875,71.21428571428572,32.88956069946289,49.6875,0.0012910946970805526,103.7857142857143,0.6725014448165894,66.9615249633789,104.57142857142858,0.25878795981407166,63.14285714285715,73.625,32.675384521484375,41.50000000000001,0.23994541179565604,76.88590240478516,42.415889739990234,63.71428571428572,-0.14411402744892013,2.54362416267395,58.57142857142858,0.22114503072271532,15.317828178405762,90.2857142857143,-0.2406224740211035,27.8008975982666,28.5,1.0,0.0,0.281879186630249,-0.361848747802388,57.21428571428572,65.57142857142858,-0.7757915258407593,0.5397011637687683,0.0
334.34002685546875,83.71428571428574,0.014668981544673443,60.76190476190478,-0.20190975076930306,56.52380952380952,39.38095238095238,426.4778747558594,81.04761904761908,-7.181242663363283,84.29001994530273,79.33333333333334,64.52380952380952,1141.7091064453125,49.14285714285714,40.3553352355957,104.23809523809523,-0.005189499817788601,74.14285714285714,1.5311012268066406,383.98175048828125,52.29166666666667,1.4197779893875122,89.625,41.14285714285714,48.69969940185547,94.79166666666666,-0.16328487432454486,55.46308898925781,48.15753173828125,40.041666666666664,-0.02081071351707138,1.0939596891403198,41.75000000000001,-0.060535149219898436,39.509307861328125,48.45833333333332,0.27406408343998206,20.559831619262695,72.45833333333334,-0.21544309336433837,2.973154306411743,1.852349042892456,0.06850972706553189,76.71428571428572,70.92857142857144,-5.367639541625977,-1.4293466806411743,0.0
185.23202514648438,49.000000000000014,-0.0014088409952819347,51.21428571428572,-0.33677536482031695,70.92857142857143,80.2857142857143,515.09228515625,46.92857142857144,-6.292708842346332,118.20447346806507,113.92857142857144,54.5,1409.909423828125,76.92857142857143,41.74630355834961,79.7857142857143,0.001922409050166607,98.57142857142858,0.8756213188171387,147.7638702392578,69.71428571428572,0.7112648487091064,69.0,90.14285714285715,29.662744522094727,55.785714285714285,0.2435177519144691,133.6845703125,66.0970458984375,56.857142857142854,0.4134226458198579,0.3758389353752136,51.21428571428572,0.2786819546640997,30.051069259643555,49.99999999999999,0.371265510042211,28.59147071838379,47.14285714285715,0.18296078825658552,0.0469798669219017,0.0,-0.037037037037037035,34.07142857142858,40.71428571428572,2.902841091156006,0.8582037687301636,0.0
380.030029296875,44.14285714285714,-0.11126133054494858,39.785714285714285,0.7045977670742913,81.25,79.6875,443.3896179199219,54.9375,-25.366293224812352,73.4464145511652,70.9375,47.0,1295.053466796875,48.0625,50.12343978881836,45.2857142857143,-0.002195042325183749,76.0625,1.0291692018508911,204.85279846191406,68.5,0.9472346901893616,58.500000000000014,53.07142857142858,35.370426177978516,72.92857142857144,-0.24136881526028836,98.49664306640625,59.11910629272461,79.5714285714286,-0.12487455043039108,1.5369127988815308,80.57142857142858,-0.30079367576819366,24.929166793823242,88.07142857142858,-0.5439723146004714,39.314022064208984,76.07142857142858,-0.05118053194829913,0.3557046949863434,0.8456375598907471,-0.0653770758259767,69.0625,67.25,-9.125470161437988,-12.334754943847656,0.0
335.8358459472656,76.00000000000001,-0.02248937264084816,80.7857142857143,-0.054941931074084835,102.42857142857144,82.28571428571429,568.54443359375,88.57142857142858,15.680704165089113,81.54224162578687,81.28571428571428,85.85714285714286,1459.2021484375,85.00000000000001,40.352210998535156,94.92857142857144,-0.0025027766823768616,157.71428571428575,1.0150951147079468,153.58407592773438,117.85714285714286,0.6799008846282959,51.928571428571445,119.64285714285715,38.12579345703125,88.57142857142857,-0.28242517568299413,80.02684783935547,50.34644317626953,70.07142857142858,0.22157818389283748,0.42953020334243774,37.14285714285715,-0.08154391341825497,38.77271270751953,64.42857142857143,0.0148398235717631,14.207164764404297,66.85714285714288,-0.21762012274620787,1.9664429426193237,0.06040268391370773,-0.023573047061205044,77.50000000000001,79.42857142857143,-9.106077194213867,-27.72582244873047,0.0
-41.20600128173828,73.625,0.00034897978184744716,53.79166666666668,0.1731513252095645,51.71428571428571,40.9047619047619,508.2903747558594,37.04761904761905,39.19339662670289,92.41133039883881,78.66666666666669,65.29166666666667,1023.18896484375,65.52380952380952,43.60742950439453,69.25,-0.00014165465836413205,134.42857142857142,0.7281056642532349,398.6199951171875,49.95238095238094,0.6003406047821045,83.95238095238095,46.500000000000014,24.825458526611328,45.57142857142857,0.08959274720686283,70.12751770019531,37.92526626586914,79.19047619047618,-0.41840114061710476,0.0,75.04761904761905,-0.12206716761232943,25.803497314453125,59.28571428571428,-0.2167006234286506,40.70107650756836,56.04761904761905,-0.09684698403030248,0.16778524219989777,0.42281877994537354,-0.05164232034622358,83.23809523809524,86.52380952380952,-0.32500842213630676,1.440467357635498,0.0
577.165771484375,91.85714285714286,0.25806641578674316,55.50000000000001,0.2249015416240323,76.85714285714286,56.64285714285715,718.8052368164062,110.21428571428571,-11.049318383704096,89.69616821770231,93.78571428571428,93.42857142857144,1726.3692626953125,80.78571428571429,46.180755615234375,71.14285714285715,0.0026664361357688904,87.07142857142858,0.6909451484680176,274.88653564453125,59.14285714285715,0.5257778167724609,66.78571428571429,91.71428571428572,26.16844367980957,67.5,-0.39319629642934945,97.6644287109375,50.095829010009766,65.0714285714286,0.42485156715949296,0.23489932715892792,47.35714285714286,0.38824995081649505,15.125837326049805,64.71428571428572,-0.017319294233074625,26.56165885925293,61.500000000000014,-0.10869377151290971,0.38926175236701965,0.0,-0.07557221727616897,65.85714285714286,54.357142857142854,3.1447458267211914,-3.2857091426849365,0.0
426.1753234863281,86.64285714285715,0.15486015379428864,58.71428571428571,-0.7219236350898263,37.214285714285715,19.428571428571434,720.488037109375,63.92857142857143,34.84719122576234,96.711557805043,87.57142857142858,77.71428571428571,1685.5244140625,35.21428571428572,45.670467376708984,89.14285714285715,-0.0024259837809950113,94.71428571428572,1.1582856178283691,73.94334411621094,76.49999999999999,0.6035122275352478,54.857142857142875,68.07142857142858,57.913028717041016,91.07142857142857,-0.18955635907318777,118.95301818847656,73.7582015991211,83.71428571428574,-0.13354159917487357,2.832214832305908,78.07142857142858,0.31357324462470204,34.99872589111328,37.85714285714286,0.1252346249873377,13.158224105834961,37.714285714285715,0.2027904623700292,0.02684563770890236,0.08053690940141678,0.3231870561408524,75.71428571428572,88.42857142857144,-3.6424858570098877,-10.252840995788574,0.0
560.8535766601562,143.92857142857144,0.3004920184612274,95.9047619047619,-0.5623337533249335,94.90476190476191,100.90476190476188,605.0630493164062,91.71428571428572,-46.972974550203986,88.20542959565239,98.14285714285712,115.47619047619047,1254.5994873046875,58.80952380952381,45.00499725341797,112.66666666666667,-0.0024715035688132048,68.09523809523809,1.098806619644165,472.5812072753906,58.71428571428572,0.9284444451332092,88.4375,34.285714285714285,53.257843017578125,62.142857142857146,0.34766180168930777,45.64429473876953,47.33262252807617,61.428571428571445,0.4441239254601051,4.832214832305908,59.33333333333332,-0.1655831354396273,24.813007354736328,45.095238095238095,0.2684584633139317,30.088542938232422,78.42857142857142,0.3254188910370552,1.6912751197814941,0.7114093899726868,0.08666170478902212,70.0,83.80952380952381,-8.216090202331543,-11.05394172668457,0.0
479.0620422363281,41.07142857142857,-0.05713309347629547,66.14285714285715,0.04310544877396135,81.5,109.42857142857144,984.5975341796875,77.21428571428572,8.658085527836077,74.64634232369194,86.42857142857143,77.35714285714288,5281.76806640625,116.50000000000001,41.3613166809082,85.07142857142858,0.0005265750223770738,82.07142857142858,7.097051620483398,62.63429260253906,99.1875,1.2603274583816528,111.3125,125.07142857142858,55.473876953125,102.875,0.02134778608880001,29.214765548706055,43.71806716918945,56.125,-0.2200902827274887,3.4899327754974365,156.0625,-0.5160190530155159,31.35670280456543,85.75,-0.3236291319632353,49.67336654663086,70.1875,0.28398298426853746,0.0,1.4832215309143066,0.09762292616269437,72.85714285714286,98.35714285714286,41.975433349609375,-30.73418426513672,0.0
259.8890380859375,64.52380952380953,0.08254452049732208,61.92857142857144,-0.07610093778097247,78.0714285714286,90.92857142857144,650.1504516601562,60.85714285714287,22.42234175297238,82.3170251895539,89.28571428571428,71.64285714285715,1505.727294921875,100.50000000000003,43.05464553833008,62.285714285714285,0.0010207653976976871,53.42857142857144,1.0719536542892456,229.6933135986328,76.5,0.5091257095336914,86.5625,64.64285714285715,35.11086654663086,68.4375,-0.39376676849467246,114.0604019165039,62.80621337890625,71.4375,-0.2173768919180225,2.3959732055664062,73.5,-0.2738018395502065,22.035381317138672,67.3125,-0.16656091722863206,30.663820266723633,55.125,-0.0625,0.0,0.0,-0.09699555560734935,108.42857142857144,81.78571428571429,0.576812207698822,11.407706260681152,0.0
275.6405334472656,44.71428571428572,0.024583250284194946,65.33333333333334,-0.6161328250258309,74.14285714285714,66.23809523809523,388.1020202636719,39.23809523809525,7.588295914182727,93.21968332253397,77.57142857142857,130.42857142857144,1009.979248046875,71.85714285714285,43.2711067199707,118.66666666666666,-0.004330013412982225,73.61904761904762,1.7156716585159302,385.4582214355469,100.33333333333333,0.9601261615753174,59.38095238095238,88.33333333333331,45.819427490234375,70.7142857142857,0.23232464157921756,49.18791961669922,48.82324981689453,69.38095238095238,-0.05732146637295654,1.9395973682403564,43.904761904761905,-0.08319482810312355,33.49580001831055,63.52380952380952,0.04894103257370929,23.69308090209961,95.2857142857143,-0.3355851792712464,1.6711409091949463,1.7248321771621704,-0.017121812836369946,69.52380952380952,64.04761904761904,-6.530440330505371,-4.280184745788574,0.0
53.98788070678711,77.21428571428572,-0.024739108979701996,79.57142857142857,-0.07530529871515443,104.70833333333336,94.66666666666666,362.8619079589844,112.79166666666669,-11.116616341891705,93.2788152839738,112.16666666666666,103.57142857142857,761.51025390625,73.5,47.349609375,81.23809523809526,0.0009252242161892354,37.41666666666667,0.24419210851192474,320.8034362792969,53.45833333333333,0.4234049618244171,66.85714285714286,77.14285714285712,34.490135192871094,41.79166666666667,-0.2021743303743966,117.51677703857422,54.43653869628906,94.16666666666669,-0.2975700810813793,0.0469798669219017,16.166666666666664,0.016729259132809822,23.791202545166016,45.25000000000001,-0.119730169350331,34.465309143066406,92.25,0.2774532315234999,0.0,0.0,-0.18907312937636309,54.125,65.45833333333333,-2.555732488632202,-3.025782823562622,0.0
230.294677734375,119.3809523809524,-0.27866971492767334,80.42857142857144,-0.14972014250796667,47.875,79.875,425.25390625,97.625,-3.6135066863674448,92.49142044029274,62.3125,102.2857142857143,1197.046630859375,43.125,40.047725677490234,102.78571428571429,-0.0032470610458403826,88.8125,0.7272011041641235,89.34539794921875,97.25,0.4918019473552704,107.07142857142858,84.00000000000003,54.69260787963867,84.375,-0.13142473709030708,116.30201721191406,68.40323638916016,92.6875,-0.5735400119448888,0.6442952752113342,37.3125,0.22725903061362196,34.53415298461914,50.5,0.10942569210595977,17.18467140197754,43.4375,0.32061522361835565,0.06711409240961075,0.3288590610027313,-0.06608013732985278,57.5625,62.0625,-7.519403457641602,-19.41983413696289,0.0
85.0008773803711,65.7857142857143,0.002438862342387438,56.8095238095238,0.03768926487879462,65.04761904761904,55.42857142857144,491.34228515625,73.61904761904762,-36.28207625238687,90.18572721093808,93.09523809523809,63.71428571428571,1199.06591796875,64.23809523809523,38.60337448120117,72.80952380952381,0.0005230064271017909,172.47619047619048,1.118363380432129,234.2383270263672,74.85714285714285,0.6832677721977234,63.64285714285716,82.0,19.69973373413086,50.523809523809526,0.10273033956968007,98.42952728271484,34.80824661254883,65.42857142857143,-0.17694980004818534,0.0,77.52380952380953,-0.5504222656737531,22.493167877197266,67.0952380952381,0.1149879370381422,27.530502319335938,55.19047619047619,1.0,0.3758389353752136,0.0,1.0,41.50000000000001,55.00000000000001,5.929661273956299,7.787290573120117,0.0
-68.50263977050781,95.92857142857144,-0.0029588169418275356,57.78571428571429,0.05233838701895211,49.14285714285715,46.57142857142857,506.9967346191406,105.07142857142858,25.187517319749666,78.37762656771577,89.92857142857142,47.71428571428572,902.166259765625,56.42857142857143,46.141632080078125,69.35714285714288,-0.0002818335487972945,108.21428571428571,0.5374186038970947,798.868896484375,50.21428571428571,0.46394607424736023,87.0,51.625,31.718902587890625,79.07142857142858,-0.2618393853573224,42.92617416381836,32.35148620605469,74.21428571428572,-0.5568059265039829,0.10738255083560944,70.35714285714286,-0.24851350028458924,15.089278221130371,58.92857142857145,0.13925820350441093,35.402591705322266,76.2857142857143,-0.20059276080431793,0.7382550239562988,0.2214765101671219,-0.15210622910520316,65.50000000000001,74.21428571428572,-2.0970876216888428,0.5127471089363098,0.0
207.93502807617188,61.00000000000001,-0.09706231206655502,45.16666666666667,0.26331572957251165,61.000000000000014,62.791666666666664,677.2191772460938,77.41666666666667,15.668322626376312,86.90760881879076,76.20833333333334,44.41666666666667,1501.1890869140625,54.791666666666664,40.636451721191406,55.41666666666668,-0.001966309268027544,43.416666666666664,1.8236769437789917,154.17210388183594,119.04761904761904,1.1029486656188965,116.64285714285717,106.14285714285711,52.769229888916016,91.52380952380952,-0.30091931301857483,97.70469665527344,69.1603012084961,102.85714285714286,-0.4000617340596818,1.63758385181427,40.33333333333334,-0.16504542526718965,36.291133880615234,67.85714285714286,-0.3137482818286196,29.886037826538086,82.52380952380955,-0.10243331817540337,0.25503355264663696,0.08724832534790039,-0.14273383362998826,71.50000000000001,81.375,-10.80594253540039,7.521027088165283,0.0
-26.642925262451172,128.42857142857142,-0.016266902908682823,77.76190476190477,-0.40793278784161885,86.19047619047619,87.09523809523809,469.44464111328125,126.33333333333334,39.20034930109978,42.621237686154245,55.66666666666668,96.42857142857144,16743.26171875,56.476190476190474,35.99488067626953,86.04761904761907,0.00020659275469370186,92.42857142857146,4.2260284423828125,111.50135040283203,73.0,0.7794380784034729,37.875,85.61904761904762,44.02819061279297,55.79166666666668,-0.2340686492914511,61.322147369384766,35.98308181762695,61.291666666666664,-0.08783457453720069,0.0,33.375,-0.029307184121689207,29.241952896118164,71.16666666666666,-0.3484734351564788,53.59663009643555,70.91666666666667,-0.1737268292426871,40.731544494628906,80.4026870727539,-0.02127659574468085,96.33333333333334,58.85714285714287,3.5393550395965576,6.407045364379883,0.0
603.6001586914062,84.1875,0.17990796267986298,75.0,-0.14537529155355025,118.92857142857144,128.50000000000003,811.5300903320312,101.14285714285715,8.72617774681757,90.16495906488616,49.92857142857143,73.75,2211.30078125,77.57142857142858,43.369327545166016,108.125,0.002698595402762294,160.5,0.25956758856773376,205.91485595703125,88.71428571428571,0.5253723859786987,79.2142857142857,71.875,29.293779373168945,49.50000000000001,-0.25742897599638104,110.81208038330078,54.92195510864258,79.5,0.1813259882195387,0.5503355860710144,82.35714285714288,-0.3861033970493273,15.079776763916016,76.57142857142858,-0.34608024498392237,31.057655334472656,73.07142857142857,-0.14919116778840477,0.718120813369751,0.0,-0.10890850758192443,80.00000000000001,62.07142857142857,-1.6462656259536743,4.6574225425720215,0.0
377.8166809082031,104.83333333333334,-0.0716911181807518,42.6875,0.2873782228004826,70.42857142857143,60.78571428571429,383.71636962890625,72.50000000000001,-12.94809894668776,93.81291942126308,87.00000000000001,40.75,1044.08642578125,42.00000000000001,42.09721755981445,51.0625,-0.003416867461055517,57.375,1.7217634916305542,396.07135009765625,96.50000000000001,0.7689366340637207,71.07142857142858,140.75,43.56204605102539,83.57142857142858,-0.22873188205961512,72.3355712890625,53.77289962768555,80.42857142857144,-0.22231209670089982,0.3691275119781494,38.92857142857143,0.15257930267434283,35.80587387084961,76.85714285714286,-0.06048786690051568,24.914426803588867,109.14285714285714,-0.07677428051492885,0.7651006579399109,1.3892617225646973,-0.2752080012618548,69.42857142857142,60.35714285714286,-2.855069875717163,-10.189860343933105,0.0
615.3673706054688,97.71428571428572,0.11093445867300034,99.35714285714288,-0.3930470340688353,156.78571428571428,105.07142857142858,738.9719848632812,96.42857142857144,-15.276247038137193,91.90050102453611,69.0,140.00000000000003,1851.4564208984375,46.57142857142857,48.05878829956055,113.14285714285717,0.0027317532803863287,154.6428571428571,0.40562447905540466,232.0955810546875,98.21428571428572,0.5207201838493347,74.9375,70.42857142857144,24.364398956298828,56.214285714285715,0.2899561338623366,100.19463348388672,49.11234664916992,69.21428571428572,-0.044778348891991414,0.1812080591917038,87.14285714285717,-0.5857190031504823,15.708480834960938,55.92857142857142,0.4865682929624363,28.6122989654541,88.64285714285715,-0.10541471561510053,0.19463087618350983,0.0,-0.037037037037037035,98.71428571428572,66.92857142857143,-2.2372677326202393,5.573548793792725,0.0
110.98709869384766,41.80952380952381,-0.16648252308368683,83.64285714285717,-0.5758461429993561,77.85714285714288,77.57142857142857,640.0271606445312,73.64285714285715,-9.31296152046463,92.89245806551071,100.21428571428572,58.21428571428572,1552.34130859375,83.50000000000001,37.678199768066406,70.21428571428572,0.0015882501611486077,74.92857142857144,0.6836936473846436,174.80799865722656,54.57142857142857,0.652247428894043,80.375,86.35714285714286,24.276670455932617,85.50000000000001,-0.831192728957677,124.51007080078125,54.9553337097168,60.21428571428573,0.19798397808105406,0.0,65.71428571428571,-0.4616699539776464,21.024600982666016,58.14285714285714,-0.042034469976251494,37.99851989746094,57.78571428571429,-0.05202312138728323,0.04026845470070839,0.0,1.0,110.57142857142858,70.50000000000001,1.2616972923278809,4.366532325744629,0.0
243.40061950683594,38.095238095238095,0.045342348515987396,58.92857142857143,-0.41253174118446895,55.071428571428584,52.07142857142858,352.8305358886719,58.000000000000014,-21.654399807821186,88.7753570533755,66.78571428571429,57.642857142857146,4002.448974609375,56.428571428571445,41.989410400390625,86.50000000000003,0.0007871344569139183,16.35714285714286,1.4192497730255127,251.439697265625,102.64285714285715,1.1199634075164795,90.28571428571429,48.85714285714286,56.79149627685547,42.00000000000001,0.4289182429324149,63.54362487792969,40.96609878540039,56.42857142857144,0.2642901540090702,2.6644294261932373,61.71428571428572,0.04038679136015489,24.095300674438477,96.78571428571429,-0.3533663056658392,33.20327377319336,58.142857142857146,0.04677558509548893,0.30201342701911926,0.1409395933151245,-0.5208602431987982,62.78571428571429,56.35714285714286,-14.61533260345459,-6.987652778625488,0.0
562.2883911132812,74.90476190476191,0.20173077285289764,66.5,0.09597815081623191,64.5,75.07142857142858,648.9983520507812,105.21428571428572,-14.010157490636677,98.06073968401863,128.07142857142856,64.21428571428572,1617.6510009765625,61.92857142857144,46.09547424316406,66.5,0.002397830132395029,188.8571428571429,0.4096272587776184,209.18284606933594,69.5,0.6010081171989441,31.357142857142865,62.57142857142857,23.504566192626953,71.85714285714285,0.2217897354118033,119.76509857177734,64.93501281738281,50.00000000000001,0.5070267196597701,0.29530200362205505,51.14285714285713,0.013575174094291617,14.85832405090332,58.42857142857144,0.03305438736076385,27.21987533569336,48.14285714285715,-0.16119047512590184,0.33557048439979553,0.0,-0.17028629559984118,82.92857142857144,84.07142857142857,-1.5456937551498413,0.7183200120925903,0.0
263.905517578125,32.28571428571429,0.06417860090732574,64.21428571428572,-0.0349564339399834,73.25,36.75,385.986572265625,35.0625,0.07544818700559987,104.15186026385763,152.25,38.42857142857143,4472.63525390625,64.5625,40.47223663330078,64.14285714285714,0.0011580112623050809,133.5625,0.759911060333252,186.31167602539062,149.875,1.1531786918640137,154.92857142857144,148.14285714285717,40.32315444946289,80.64285714285715,-0.10283386821203326,69.92617797851562,33.5417366027832,57.42857142857142,0.2810778565251588,0.05369127541780472,83.35714285714288,-0.31259712706385323,23.88498878479004,90.07142857142856,-0.17731471731030968,36.88359451293945,73.78571428571428,-0.1273035219906923,0.00671140942722559,0.0,1.0,55.0,57.25,-5.887275218963623,-6.613569736480713,0.0
-43.227020263671875,85.85714285714286,-0.014034895226359367,32.78571428571429,0.348639021290598,55.35714285714286,71.0,375.53875732421875,89.5,26.48542479970711,34.98793844047268,107.71428571428572,91.14285714285714,25221.0546875,91.85714285714285,31.842025756835938,34.85714285714286,-0.00013331070658750832,125.78571428571426,5.497942924499512,120.67697143554688,62.71428571428571,1.2953264713287354,98.5,56.92857142857143,60.07758331298828,70.71428571428572,0.034628161403197945,42.342281341552734,36.34819793701172,89.64285714285717,-0.42409974240346093,0.01342281885445118,96.14285714285715,-0.29991694513309114,34.03116226196289,95.71428571428571,-0.266095527436493,82.3733901977539,86.2857142857143,-0.037037037037037035,1.4630872011184692,9.92617416381836,-0.037037037037037035,57.0,80.7857142857143,4.8493475914001465,10.837839126586914,0.0
248.34872436523438,81.92857142857144,0.11700323224067688,105.90476190476191,-0.5018139496943764,64.66666666666666,61.38095238095237,614.5556640625,69.57142857142857,-21.852882225241437,107.69619372677589,71.61904761904762,103.80952380952382,1461.1956787109375,67.04761904761905,45.30499267578125,120.19047619047619,0.001992270350456238,108.80952380952384,0.4743238091468811,161.8522186279297,92.47619047619047,0.47880613803863525,40.0952380952381,55.95833333333334,27.360485076904297,73.33333333333333,-0.21577106871269042,196.41610717773438,53.645259857177734,74.38095238095237,0.035556492790083424,0.00671140942722559,67.52380952380952,-0.17131728314308026,22.509281158447266,63.523809523809526,-0.5731038620014628,39.44538116455078,42.23809523809524,-0.1866127335570806,0.0,0.0,-0.12355063972015064,58.666666666666664,70.3809523809524,0.12699387967586517,-0.7413045763969421,0.0
-52.05885696411133,125.64285714285714,-0.032821256667375565,98.42857142857144,-0.3610512346483995,134.78571428571428,101.78571428571429,419.9224548339844,125.35714285714288,40.35678108906586,73.55451060214762,81.35714285714286,126.35714285714288,21094.822265625,125.57142857142856,31.976524353027344,99.78571428571429,0.00020218831195961684,97.64285714285715,2.140428304672241,45.47198486328125,124.21428571428571,0.6540930867195129,124.99999999999999,111.35714285714289,60.28900146484375,109.00000000000001,-0.39591741870674846,45.46979904174805,45.635345458984375,95.2857142857143,-0.4802026203622586,1.5503355264663696,143.7857142857143,-0.30783654398034727,7.428175449371338,62.000000000000014,-0.35028196395541944,55.6773567199707,101.07142857142858,1.0,0.0,1.073825478553772,-0.33653527460946575,111.64285714285715,96.7857142857143,19.5417423248291,6.008535861968994,0.0
155.58688354492188,40.42857142857143,-0.21487349271774292,49.50000000000001,0.22786437691435027,65.64285714285715,65.78571428571429,324.5680236816406,75.14285714285715,-15.08612415934569,109.13498379759392,70.2857142857143,65.07142857142858,1090.3494873046875,36.785714285714285,39.80622863769531,57.35714285714286,-0.0028340136632323265,102.0,2.220438003540039,81.5151138305664,60.8125,0.5139249563217163,97.625,93.2857142857143,59.281612396240234,61.0,0.41491502784270895,114.96644592285156,69.07601165771484,92.0625,-0.2349150474345054,0.23489932715892792,58.75,0.32028788560408816,36.25383377075195,56.4375,0.26118751455195294,16.64868927001953,25.75,0.5960679549415633,0.00671140942722559,0.14765100181102753,0.40606211533672487,53.2857142857143,47.28571428571429,6.745446681976318,-14.357664108276367,0.0
319.6725158691406,34.285714285714285,-0.036252979189157486,49.500000000000014,-0.5669428914122083,30.6875,36.8125,803.27587890625,45.0,16.350158596598863,64.46141576910655,45.75,36.85714285714286,2121.4130859375,65.4375,46.39064025878906,88.92857142857146,0.002230333862826228,154.3125,0.6067607998847961,127.0880355834961,90.6875,0.8750696778297424,135.3571428571429,64.42857142857143,34.065406799316406,83.0,-0.38159080286730285,177.51007080078125,74.05817413330078,63.75,0.10237770467993883,0.01342281885445118,45.6875,-0.2165203405263084,34.36198806762695,50.25,0.20086254832291284,38.752193450927734,72.9375,0.1321084864391951,0.21476510167121887,0.0,-0.11125950878125165,62.9375,76.375,1.1745597124099731,2.7398552894592285,0.0
412.57470703125,71.95238095238096,0.048099152743816376,66.85714285714288,-0.12731829108695858,135.5714285714286,143.71428571428575,616.7212524414062,57.71428571428573,0.5932757245054806,80.82234797237295,43.71428571428573,101.00000000000001,1610.0614013671875,76.92857142857144,41.466949462890625,98.78571428571428,-0.0021604960784316063,71.42857142857144,1.2252874374389648,146.4238739013672,126.85714285714288,0.7186439037322998,138.625,150.21428571428575,39.9176025390625,79.28571428571429,-0.27410209951336845,77.36241912841797,48.65399169921875,73.85714285714285,0.033831463501291556,0.20134228467941284,22.071428571428573,-0.2278735809111533,40.60177993774414,56.42857142857143,-0.0053807900132537305,12.444477081298828,43.14285714285715,-0.4521256742374639,1.7516778707504272,0.06040268391370773,0.19926490191801288,77.50000000000003,119.85714285714288,-13.136251449584961,-22.56009864807129,0.0
115.11063385009766,72.50000000000001,-0.13659729063510895,64.14285714285714,-0.01105944747601883,77.47619047619047,48.85714285714286,615.2992553710938,62.33333333333333,-10.861934981490142,113.27636776739608,104.52380952380953,39.95238095238095,1574.2366943359375,75.76190476190476,23.584665298461914,52.714285714285715,0.0023297688458114862,58.33333333333333,0.7810995578765869,175.9690399169922,134.1904761904762,0.3163864314556122,92.09523809523807,57.45833333333334,25.983102798461914,70.1904761904762,-0.17940701895925773,124.87248229980469,46.032711029052734,52.28571428571429,0.07361839895605636,0.1342281848192215,61.80952380952381,-0.15269690845885642,17.089725494384766,70.28571428571429,-0.15068663733833898,23.560571670532227,58.9047619047619,0.2609878214371293,0.9328858852386475,0.0,-0.024390243902439022,78.04761904761904,84.76190476190476,-1.5125113725662231,0.5383123755455017,0.0
-13.310245513916016,48.083333333333336,-0.019514214247465134,42.611111111111114,-0.1627912273974891,52.44444444444443,65.5,452.0420227050781,2.4444444444444446,29.0651096381523,54.19611318474889,73.61111111111111,4.0,19002.021484375,1.6666666666666667,35.9505729675293,61.611111111111114,-0.0002879499224945903,94.88888888888889,5.466030120849609,101.22782135009766,19.22222222222222,0.7415741682052612,15.666666666666666,18.111111111111107,52.987918853759766,31.166666666666664,0.8251567819765999,59.46296310424805,33.667335510253906,49.05555555555556,0.5017688376590979,0.0,13.055555555555557,0.9778711371415811,25.3381290435791,47.0,0.6495957661575616,55.22520446777344,41.61111111111111,-0.17814644555837694,82.54629516601562,93.77777862548828,0.48848020677488974,55.888888888888886,31.44444444444444,-1.6393647193908691,10.254453659057617,0.0
161.2786102294922,32.785714285714285,-0.15236790478229523,66.28571428571429,-0.0919033541257139,67.9375,93.625,633.3457641601562,59.3125,-20.653836151097444,97.62016310788236,104.625,51.42857142857143,1262.8677978515625,33.8125,36.794315338134766,72.92857142857144,-0.001998139778152108,43.0,2.0423572063446045,172.2737579345703,126.9375,0.9145090579986572,145.0,80.85714285714286,52.91664123535156,105.64285714285714,-0.44580739576522027,95.88590240478516,69.97434997558594,63.71428571428571,0.26566564491369393,1.4832215309143066,45.00000000000001,-0.1990950555406025,35.35270309448242,88.14285714285715,-0.20107447585781382,29.92542839050293,132.0714285714286,-0.14771573604060914,0.2751677930355072,0.08724832534790039,0.23688308961204854,69.8125,65.9375,-12.52238655090332,12.376477241516113,0.0
230.59335327148438,63.7857142857143,-0.13422153890132904,36.92857142857143,0.23754246272306262,52.3125,121.375,773.8453979492188,40.9375,30.830482137683255,62.255459791920664,77.6875,74.35714285714288,1891.231689453125,71.875,38.91547775268555,63.928571428571445,0.001900110044516623,138.3125,0.6381938457489014,93.91582489013672,88.8125,0.9090563654899597,93.92857142857144,55.28571428571428,38.688106536865234,67.35714285714286,-0.20717166997763756,109.92617797851562,80.56787109375,73.07142857142858,-0.23507573023836265,0.08724832534790039,34.714285714285715,-0.29982187483383854,27.510848999023438,59.42857142857143,0.16609410727057783,39.09281539916992,36.285714285714285,-0.07586801473469709,0.00671140942722559,0.0,-0.037037037037037035,95.0,82.6875,1.171625018119812,1.1339466571807861,0.0
260.67041015625,140.2857142857143,-0.23574954271316528,90.57142857142858,-0.25214047055547817,59.285714285714285,72.85714285714286,487.9712219238281,79.28571428571429,2.9345458005898752,83.99429611957466,80.28571428571429,124.85714285714286,1275.6207275390625,61.42857142857144,42.68303298950195,122.85714285714288,-0.0029274639673531055,141.92857142857144,0.5578995943069458,119.60237884521484,83.00000000000001,0.7146270871162415,123.5,48.92857142857143,48.15275573730469,75.42857142857144,-0.06328192841341981,113.671142578125,64.70598602294922,84.78571428571426,-0.44051496977409593,1.3020133972167969,43.214285714285715,0.3412575808790049,36.393707275390625,46.000000000000014,0.4396426787224676,20.588651657104492,74.21428571428572,-0.14379536764920647,0.16107381880283356,0.38255032896995544,0.04780180413786604,62.000000000000014,66.21428571428572,-3.1966733932495117,-1.3272168636322021,0.0
117.04676818847656,66.85714285714285,0.04018126055598259,77.00000000000001,-0.4220255471497572,55.14285714285715,54.92857142857144,795.6790161132812,61.78571428571429,-30.23292001621835,91.71892785039103,113.07142857142861,53.21428571428572,1053.408447265625,66.85714285714288,46.964515686035156,75.57142857142858,0.00027374684577807784,188.28571428571428,0.6548205018043518,105.84790802001953,100.5,0.4707361161708832,49.14285714285713,73.14285714285714,28.525489807128906,72.71428571428574,-0.12256224592249554,136.85235595703125,53.37726593017578,103.00000000000001,-0.5951635951382847,0.00671140942722559,77.92857142857144,-0.28328163500487274,22.478605270385742,69.57142857142858,-0.1887645572506032,13.577676773071289,69.28571428571432,-0.30685186887954236,0.11409395933151245,0.0,-0.15390350164897068,67.21428571428572,50.642857142857146,0.8906241655349731,3.4006917476654053,0.0
248.60772705078125,122.2857142857143,0.1371917873620987,30.928571428571434,0.005326115833448378,65.35714285714286,79.64285714285714,299.95172119140625,96.14285714285717,-39.6332198869462,70.91599088682312,38.21428571428572,106.85714285714285,1414.32763671875,74.85714285714286,25.956953048706055,39.642857142857146,-0.00042892471537925303,33.21428571428572,9.808661460876465,198.77525329589844,147.5,0.9067791104316711,108.42857142857143,147.0,57.134376525878906,91.35714285714285,0.05259105552065157,25.691274642944336,32.39435958862305,71.35714285714288,0.031321920928654476,0.033557046204805374,123.28571428571428,-0.03759072038833565,45.35908889770508,70.21428571428572,0.2208244787521702,41.737911224365234,113.7857142857143,-0.07692307692307693,0.0,0.00671140942722559,1.0,72.64285714285714,95.92857142857143,-11.315521240234375,-12.81578540802002,0.0
346.5968017578125,43.90476190476191,0.10451587289571762,90.14285714285715,-0.17820383790392505,76.57142857142858,63.78571428571429,441.9387512207031,37.35714285714286,-13.0212263404923,84.04001023299837,89.64285714285717,88.14285714285715,9804.8349609375,24.42857142857143,37.62273025512695,109.85714285714288,0.0011463176924735308,171.00000000000003,0.951723039150238,144.04403686523438,123.07142857142861,1.6351938247680664,157.8125,131.57142857142858,63.37479782104492,75.78571428571429,-0.07421699925085637,66.6040267944336,44.798702239990234,72.14285714285715,-0.24475664249885,0.04026845470070839,79.21428571428572,-0.5018269818597746,26.043842315673828,66.42857142857144,-0.158167374432567,50.070098876953125,58.42857142857143,-0.1699816913923814,0.6442952752113342,0.0,1.0,137.50000000000003,160.00000000000003,-16.684167861938477,0.0014246997889131308,0.0
489.2624816894531,47.000000000000014,-0.08688534051179886,72.14285714285715,0.363457607932332,47.71428571428572,61.00000000000001,686.6560668945312,57.71428571428572,23.000742889890734,59.83492044254196,75.85714285714288,22.214285714285715,1948.9415283203125,49.57142857142858,41.65821075439453,71.50000000000001,-0.0005136110121384263,46.71428571428572,1.0444456338882446,120.42596435546875,96.00000000000003,0.76286381483078,107.57142857142857,96.00000000000001,35.80517578125,84.64285714285714,-0.5374100528585904,82.48322296142578,52.65190124511719,74.2857142857143,0.028544399512334808,0.5771812200546265,71.00000000000001,-0.34517583198406504,43.72418212890625,61.07142857142858,-0.0648788468620639,18.640520095825195,109.28571428571432,-0.020365524548620197,0.8791946172714233,0.00671140942722559,0.06938926050730104,76.7857142857143,124.2857142857143,-2.439649820327759,6.878833293914795,0.0
46.1094856262207,66.92857142857144,-0.007749595679342747,73.07142857142858,0.09953459498110108,72.4375,48.5,503.91937255859375,78.9375,22.99731928910185,93.91665368441589,54.6875,89.7857142857143,1200.32421875,56.5,42.376976013183594,70.07142857142858,0.0002560184511821717,110.0714285714286,1.0356645584106445,374.7724304199219,56.8125,0.8115337491035461,50.142857142857146,69.00000000000001,23.835988998413086,55.375,-0.15595893425295979,96.85906219482422,39.799163818359375,53.5,-0.23066061357348677,0.0,47.3125,0.32549524699195176,16.72178840637207,54.9375,-0.12491968793024323,36.082096099853516,53.9375,0.15415354963058142,0.7315436005592346,0.12751677632331848,-0.03225806451612903,40.5,53.625,-2.09733510017395,-0.8259366154670715,0.0
155.47483825683594,73.78571428571429,-0.06961110979318619,73.0,-0.2652043099956979,73.64285714285717,80.50000000000001,432.09423828125,117.0714285714286,-6.744857395255326,93.38057693486908,31.85714285714286,100.78571428571426,965.2353515625,25.285714285714292,44.35824203491211,89.14285714285717,-0.0032590790651738644,156.14285714285714,1.1107327938079834,70.31548309326172,108.35714285714289,0.3071816861629486,61.92857142857144,120.85714285714289,70.56536102294922,112.92857142857144,-0.2673227661989128,94.71141052246094,64.3212661743164,65.85714285714286,0.09281329110523301,0.05369127541780472,52.64285714285714,-0.07508124820546536,45.728519439697266,77.57142857142858,0.03248876219002955,9.643255233764648,44.5,-0.5420429875637985,0.1409395933151245,0.04026845470070839,-0.07661489321799014,71.21428571428572,79.21428571428572,-30.94355583190918,-4.7573699951171875,0.0
339.0130615234375,50.85714285714287,-0.0663159042596817,84.21428571428572,-0.10232101084413833,91.85714285714286,57.500000000000014,423.25653076171875,79.71428571428572,-7.79759529735518,76.25940141020567,98.21428571428572,94.14285714285715,1275.0035400390625,61.85714285714286,44.709476470947266,92.0714285714286,-0.002788581419736147,71.99999999999999,1.5688891410827637,337.1106262207031,131.57142857142858,1.0024133920669556,81.3125,139.5,45.45503234863281,73.64285714285715,0.13782362929336625,62.0268440246582,54.440650939941406,81.42857142857143,-0.15062613279713818,1.1744966506958008,39.57142857142858,0.011865161929397336,35.68199920654297,32.85714285714287,0.7566860036963661,24.401432037353516,70.64285714285714,-0.22258874416544683,3.3624160289764404,0.7583892345428467,-0.12958670345241838,95.92857142857144,78.35714285714286,2.5068047046661377,10.094025611877441,0.0
178.86419677734375,49.5,-0.11139985173940659,50.238095238095234,-0.11892062922439679,37.0,76.71428571428571,380.50823974609375,82.1904761904762,-41.603038139891304,72.16341417672909,48.14285714285714,94.95238095238095,2052.388427734375,67.33333333333334,45.66152572631836,69.14285714285714,-0.0002541160210967064,69.47619047619047,3.0063188076019287,125.81792449951172,54.0952380952381,0.5918142199516296,77.64285714285715,45.66666666666666,36.73286437988281,60.23809523809523,0.07437558513147412,122.69127655029297,57.013938903808594,43.0,0.3420734327669878,0.05369127541780472,50.57142857142858,0.3754525389175366,32.04630661010742,59.66666666666666,-0.008391203094620143,35.96659851074219,78.33333333333333,-0.15353987340292308,0.11409395933151245,0.00671140942722559,-0.03003147019267861,77.95238095238096,107.14285714285712,-9.26866626739502,-12.546782493591309,0.0
519.9877319335938,62.238095238095234,0.22612445056438446,90.28571428571429,-0.3578232464023937,67.64285714285715,36.92857142857143,554.67626953125,73.5,-17.854730022383617,84.9677700864574,111.42857142857144,77.71428571428572,1978.7020263671875,46.14285714285715,43.66542434692383,106.5,-0.0024551202077418566,29.642857142857142,7.890395641326904,333.1243591308594,71.07142857142858,1.8155916929244995,59.00000000000001,46.0625,49.731292724609375,57.07142857142858,-0.10801280171037107,67.90604400634766,55.26863479614258,74.2857142857143,-0.047179975941723046,1.073825478553772,36.14285714285715,0.03931991030219617,40.125282287597656,58.214285714285715,0.13807584358579356,24.779539108276367,89.57142857142858,-0.03448735311351922,3.3758389949798584,0.9664429426193237,0.045633328564527106,53.57142857142857,65.85714285714286,-26.163057327270508,-22.482847213745117,0.0
506.3063049316406,43.14285714285714,0.04067445918917656,52.14285714285716,0.3010288313307021,79.07142857142858,56.642857142857146,554.8253173828125,49.57142857142857,-12.06332107038306,80.72388511887306,77.85714285714286,59.14285714285715,1598.640380859375,52.5,45.31741714477539,66.28571428571429,0.0020974413491785526,179.57142857142858,0.5855178833007812,264.86572265625,106.00000000000001,0.369584321975708,68.5,91.64285714285717,20.025983810424805,64.57142857142858,-0.2708577735953187,82.51677703857422,46.508079528808594,59.92857142857144,-0.15901462514863185,0.06711409240961075,77.00000000000001,-0.41718685955799845,12.566636085510254,61.7857142857143,-0.3015297192962621,21.597049713134766,66.35714285714288,-0.15920713009841547,0.24161073565483093,0.0,-0.14037141986390894,77.64285714285714,102.92857142857142,-5.062050819396973,0.027914777398109436,0.0
758.959228515625,64.5,-0.5274405479431152,47.71428571428572,0.1835856650986858,42.85714285714286,52.64285714285715,1262.7080078125,40.57142857142858,8.303901144322133,45.928458883451064,117.64285714285715,44.14285714285715,7144.6796875,18.42857142857143,34.63918685913086,49.21428571428572,0.0007867711246944964,42.0,4.4801812171936035,65.09461212158203,36.07142857142857,0.9768338799476624,37.28571428571429,55.125,78.6100845336914,80.00000000000001,0.23617582697615713,34.899330139160156,49.01728820800781,81.21428571428572,-0.3803437237209758,7.436241626739502,63.71428571428572,-0.2427626954566262,49.1369743347168,55.35714285714287,0.6463333052292941,55.751956939697266,48.21428571428571,-0.049948499485617026,0.0,1.570469856262207,0.3387647413881835,68.71428571428572,61.85714285714286,37.743614196777344,-23.42466163635254,0.0
233.35382080078125,117.375,-0.03386843577027321,99.8125,-0.552294373161554,100.375,72.6875,259.9379577636719,126.75,-14.002285069267222,61.99455431591856,99.1875,125.875,668.8939208984375,93.9375,35.35312271118164,114.6875,-0.0015713071916252375,69.5625,10.46741771697998,227.89544677734375,123.42857142857143,1.4641767740249634,76.0,137.21428571428572,54.9124641418457,85.21428571428572,0.015525488793416392,68.41610717773438,64.39153289794922,72.57142857142857,-0.05922773732565879,1.2885905504226685,76.78571428571429,-0.2523021959739937,40.79331970214844,75.64285714285714,-0.14629139685796155,42.692901611328125,71.64285714285715,0.08365593893646107,0.5167785286903381,0.791946291923523,-0.07045880593058265,46.25,76.5,-14.791186332702637,-12.117213249206543,0.0
-44.00605773925781,114.6875,-0.014742995612323284,27.5625,0.7617701756248196,47.14285714285715,77.2857142857143,521.3995361328125,34.21428571428572,39.32376371574082,28.783714926466853,36.07142857142857,113.125,991.5944213867188,62.142857142857146,31.383159637451172,36.5,-0.00011561593419173732,87.07142857142858,0.6554142236709595,182.64749145507812,89.28571428571429,0.37090787291526794,97.5714285714286,59.0625,27.23940086364746,47.71428571428573,0.1783756177429289,48.6979866027832,29.58475685119629,54.50000000000001,0.16293598711651078,0.06040268391370773,82.00000000000001,-0.14289528817319147,16.985456466674805,41.142857142857146,0.08413484352143051,49.66736602783203,57.14285714285714,1.0,2.9530200958251953,7.81879186630249,-0.08302216420131124,74.28571428571429,41.92857142857143,-2.743839740753174,0.7282350659370422,0.0
307.4674377441406,71.42857142857143,-0.32561764121055603,71.38095238095238,-0.30104049419607154,83.52380952380953,50.42857142857143,541.6730346679688,29.095238095238102,32.868757323130666,66.19653720697077,56.28571428571428,77.76190476190476,1514.4908447265625,57.8095238095238,35.17388916015625,65.85714285714286,4.943832755088806e-05,131.14285714285717,0.7993867993354797,142.2700958251953,40.38095238095238,0.7273821830749512,84.33333333333336,105.80952380952377,27.75887680053711,46.857142857142854,0.12978079641544032,92.38255310058594,45.29124069213867,92.09523809523809,-0.1676558400210107,0.07382550090551376,59.85714285714286,-0.00424483694710795,29.270570755004883,71.76190476190477,-0.37428668486295386,6.098082542419434,82.42857142857143,-0.2646218237141402,1.8926174640655518,0.06711409240961075,-0.07463787619280644,58.80952380952381,73.76190476190476,-8.6194486618042,2.49294376373291,0.0
395.9674377441406,14.571428571428573,-0.2752971351146698,84.85714285714286,-0.09699321047526675,77.71428571428574,74.49999999999999,1117.111328125,32.21428571428572,37.195267046858,45.224491314412695,125.14285714285715,104.8095238095238,2674.40478515625,43.5,18.797657012939453,84.52380952380952,0.000857973878737539,67.28571428571429,1.2269914150238037,78.59373474121094,70.14285714285715,0.21670900285243988,97.0,42.523809523809526,52.570068359375,60.95238095238096,0.23443388386902486,100.76509857177734,70.99176788330078,59.33333333333333,0.24482109814040426,2.72483229637146,54.142857142857146,-0.007221499942421587,36.285526275634766,49.04761904761905,0.30730930093606845,45.9627571105957,49.857142857142854,0.15099115952559947,0.0,0.04026845470070839,-0.18835425197987968,75.35714285714286,66.57142857142858,9.84244441986084,1.5590704679489136,0.0
476.38812255859375,113.00000000000001,0.09689391404390335,77.42857142857144,-0.32302150354723475,52.583333333333336,76.5,686.3428955078125,70.20833333333333,21.89388890234416,81.59129217417173,107.87500000000001,90.09523809523809,1700.393310546875,78.54166666666666,41.91823196411133,96.23809523809527,-0.002206860575824976,71.79166666666669,0.6251446008682251,145.7904815673828,82.37500000000001,0.7048376202583313,89.57142857142858,72.61904761904762,38.64276885986328,65.375,-0.31856779709497246,83.08724975585938,56.789371490478516,57.249999999999986,-0.12738316470507263,0.7046979665756226,37.875,-0.004385993592706124,45.304107666015625,80.04166666666669,-0.35675167152526754,26.03858757019043,85.5,0.24405999938525214,0.1812080591917038,0.17449665069580078,-0.2526487474806698,63.75,84.58333333333334,-2.6571168899536133,-15.913368225097656,0.0
5.707228660583496,75.99999999999999,-0.03918169066309929,33.1875,0.5532054210621405,55.64285714285716,43.35714285714287,548.8714599609375,38.21428571428572,73.66313004893745,63.458150213043126,56.71428571428572,99.5625,1226.868896484375,84.7857142857143,34.30921936035156,47.625,0.0004972644965164363,80.21428571428572,1.0391584634780884,76.03838348388672,96.92857142857142,0.3474363684654236,46.142857142857146,92.9375,31.99997901916504,32.64285714285714,0.14868754986917282,60.07382583618164,35.1688346862793,53.50000000000001,0.5196827230516442,0.5033556818962097,34.42857142857143,0.49774972762168235,24.687122344970703,60.285714285714306,0.3574043098046694,33.793983459472656,35.78571428571429,-0.04233666681351601,0.0,0.0939597338438034,0.3919281495820693,63.2857142857143,62.21428571428572,-2.181152820587158,-0.7381917238235474,0.0
19.06864356994629,60.250000000000014,-0.03867489844560623,50.75,-0.15497453966706076,90.85714285714286,71.21428571428572,257.537841796875,112.28571428571429,-15.160850858528342,82.82112720793266,91.85714285714286,110.5,7708.01904296875,71.78571428571429,39.19431686401367,75.375,0.001321741845458746,92.92857142857144,2.601583480834961,237.92808532714844,80.0,1.4945719242095947,77.00000000000001,76.75,77.8656234741211,78.78571428571429,-0.14838093941987013,73.62416076660156,60.577144622802734,82.57142857142858,-0.3513725557081091,0.19463087618350983,77.42857142857142,-0.15101245293624488,42.945465087890625,79.92857142857144,-0.30140717337471323,42.45043182373047,80.14285714285717,0.5037119952591812,0.0,0.00671140942722559,0.2660768657319669,91.00000000000001,69.28571428571429,-15.703145027160645,-16.59437370300293,0.0
244.8015899658203,37.64285714285715,-0.16345666348934174,48.28571428571429,0.17853821577783238,61.78571428571429,77.71428571428572,719.2868041992188,48.71428571428572,9.122417583161553,84.63059714723424,72.35714285714286,82.64285714285715,2770.599609375,69.85714285714286,39.60519027709961,64.64285714285715,0.001470014569349587,65.71428571428572,0.8378416299819946,167.87127685546875,79.35714285714286,0.6591286659240723,43.09523809523809,45.2857142857143,24.752649307250977,61.50000000000001,-0.037763282754060275,115.16107177734375,48.46614456176758,71.92857142857144,-0.20384836432814527,0.0,66.28571428571429,-0.28305088823134467,19.841218948364258,45.92857142857143,0.019123671263505098,36.21549606323242,70.07142857142858,-0.037037037037037035,0.17449665069580078,0.0,1.0,75.2857142857143,47.92857142857144,-1.5060441493988037,7.676746368408203,0.0
30.503408432006836,76.64285714285715,-0.12889933586120605,110.71428571428572,-0.5545138947474987,145.00000000000003,84.85714285714286,267.82958984375,124.14285714285712,-18.02409301828218,77.58408524101641,93.78571428571429,126.85714285714289,7950.8125,118.64285714285714,34.52427673339844,102.07142857142858,0.001017069211229682,123.35714285714289,3.590704917907715,179.88023376464844,119.42857142857144,1.7371056079864502,134.14285714285717,124.99999999999999,78.39442443847656,100.92857142857143,-0.19756005790171832,51.6979866027832,56.24320602416992,98.64285714285714,-0.628276486969759,0.3154362440109253,121.42857142857142,-0.5047707086058105,43.91914749145508,83.35714285714288,-0.1438558400680688,57.867881774902344,127.2857142857143,-0.2439853960558383,0.11409395933151245,0.020134227350354195,-0.3963805671998614,97.14285714285717,124.21428571428575,-12.324982643127441,-21.454376220703125,0.0
361.9664306640625,99.64285714285715,0.9020479917526245,17.380952380952383,-0.16732101107238959,21.428571428571427,44.333333333333336,1226.0859375,29.190476190476193,-17.22853863079276,94.63612405233872,94.0952380952381,36.47619047619048,5529.93115234375,54.23809523809524,41.88228225708008,87.85714285714283,0.00015098726726137102,137.04761904761907,2.0902020931243896,109.55958557128906,70.47619047619047,1.056216835975647,54.19047619047619,67.6190476190476,45.6125373840332,55.0,-0.03268750238633615,120.9395980834961,62.235557556152344,88.0,-0.36155347756257766,0.06711409240961075,46.285714285714285,-0.2648228168761652,30.68259620666504,68.19047619047622,-0.051940589938234964,19.136308670043945,35.476190476190474,-0.09544980875730998,0.033557046204805374,0.0,-0.341420754959365,80.95238095238095,60.0,10.700291633605957,16.5126953125,0.0
46.52399444580078,10.642857142857144,-0.08630231022834778,60.285714285714285,-0.41684017919111627,47.35714285714286,63.71428571428572,660.58642578125,14.42857142857143,14.322388810399394,54.32349127209311,24.499999999999996,87.28571428571429,12188.7109375,59.57142857142858,34.309696197509766,71.50000000000001,0.0008232436375692487,150.07142857142856,2.820842981338501,60.24888610839844,67.78571428571428,0.9750097990036011,88.92857142857144,93.71428571428574,75.59454345703125,73.92857142857143,-0.22596014720454585,71.3959732055664,58.33918380737305,69.42857142857144,-0.14518060627536672,0.5033556818962097,50.64285714285715,0.2713076867758167,51.5030632019043,70.5,-0.017473219628335222,49.453521728515625,86.71428571428572,0.13071607056809467,0.0,0.0,-0.03703703703703703,69.42857142857144,50.0,30.016267776489258,40.27649688720703,0.0
384.047119140625,84.57142857142858,0.055267903953790665,65.33333333333333,0.14533714798090214,100.66666666666667,72.09523809523812,796.9024047851562,50.38095238095239,-3.934144905949599,72.52356025169567,69.0,43.04761904761906,2232.080810546875,55.28571428571429,44.13932800292969,82.23809523809524,0.002472614636644721,148.90476190476193,0.489044725894928,142.43055725097656,36.095238095238095,0.5478458404541016,50.04761904761905,35.33333333333333,29.56203842163086,52.95238095238095,0.4501305608509684,208.65771484375,48.52616500854492,57.61904761904761,-0.20745867287440575,0.01342281885445118,32.61904761904762,0.15491037692285595,40.07119369506836,58.99999999999999,0.5421880090262129,27.883935928344727,53.047619047619044,-0.08433734939759036,0.0,0.0,0.5730020023654665,48.85714285714286,37.333333333333336,-1.889900803565979,0.8776530027389526,0.0
-27.902559280395508,85.14285714285715,-0.0366741344332695,51.785714285714285,-0.029311937715153533,65.0,80.875,615.4972534179688,48.625,16.013112321796033,78.34893433643332,64.6875,89.2857142857143,1186.7586669921875,67.5625,37.6927490234375,78.07142857142858,0.0005960482521913946,62.0625,0.7284921407699585,76.33464050292969,73.8125,0.4651114046573639,75.28571428571429,79.35714285714286,40.44938659667969,46.75,0.3563260950057718,72.35570526123047,52.91858673095703,60.75,0.3319334466066105,10.013422966003418,99.0,-0.09901629382050209,22.405033111572266,34.9375,0.005652650297730432,39.23244857788086,60.0,1.0,0.0,0.8859060406684875,-0.25728123280132087,77.0,64.5,-3.793539047241211,2.4805891513824463,0.0
564.5690307617188,79.21428571428572,0.0935589075088501,75.00000000000001,-0.6909702616725653,54.2857142857143,84.21428571428572,707.6607666015625,56.78571428571429,-24.285520521986406,81.71121507468085,64.35714285714286,120.71428571428572,2100.46435546875,66.71428571428571,47.945255279541016,116.71428571428574,0.0020342355128377676,142.78571428571433,0.4245636463165283,229.77113342285156,84.64285714285714,0.5085762739181519,85.8125,91.92857142857146,20.40538787841797,67.5625,-0.051863922082277504,149.83892822265625,59.396751403808594,82.5,-0.030275691052882716,0.0,69.625,-0.4877807005399418,15.493171691894531,57.875,-0.0745049761401242,23.808719635009766,57.875,-0.08427454387489142,1.080536961555481,0.0,1.0,69.42857142857144,89.07142857142858,-0.6835824847221375,-1.255935549736023,0.0
329.5360412597656,51.42857142857143,0.6151490211486816,65.80952380952381,-0.27306149782917855,77.33333333333334,78.85714285714286,719.2858276367188,97.52380952380955,-3.7492279734387495,103.28406333198222,101.80952380952382,70.23809523809523,861.5850830078125,142.90476190476193,42.37092971801758,84.0,0.0005038330564275384,28.952380952380956,0.5012876987457275,346.5179443359375,96.95238095238095,0.4451077878475189,94.42857142857143,66.09523809523812,57.75355911254883,58.142857142857146,0.4160228568732574,34.3355712890625,36.44442367553711,79.47619047619048,0.22796329425861694,3.3758389949798584,65.23809523809524,-0.11478585784876279,21.515634536743164,54.380952380952394,0.020848583059313756,19.824207305908203,80.23809523809526,-0.03917228087311032,1.3355704545974731,0.818791925907135,-0.15686336301540113,84.52380952380952,73.61904761904762,-2.3161678314208984,-14.083476066589355,0.0
255.04661560058594,56.875,-0.033827610313892365,55.8125,-0.31399399322753335,40.857142857142854,31.000000000000004,579.4295043945312,57.64285714285717,-4.819477123702132,79.26582918364011,84.28571428571429,46.75,1658.10986328125,59.500000000000014,43.66350555419922,98.625,0.002175277564674616,142.42857142857144,0.696722149848938,112.40192413330078,30.500000000000007,1.0597968101501465,25.571428571428577,62.5625,25.777353286743164,68.14285714285715,-0.38221612661764404,137.2147674560547,72.35275268554688,46.85714285714287,0.5488976434071187,0.01342281885445118,76.0,0.20182486577979952,24.0485897064209,39.357142857142854,0.473192370087537,23.60540199279785,31.571428571428577,-0.13870332628435758,0.0,0.0,0.3618176906342864,58.42857142857143,50.5,-0.7802801728248596,7.98749303817749,0.0
278.4184875488281,50.0,0.20287363231182098,54.0,-0.29219410237153787,69.3125,110.125,480.3240966796875,44.6875,-25.138576351556203,91.32064900112302,109.0,61.8125,789.1105346679688,28.375,44.10895919799805,82.125,0.0006312910700216889,48.4375,1.4685863256454468,257.5378112792969,61.35714285714286,0.8545612692832947,135.35714285714286,62.5625,52.37971115112305,77.35714285714288,-0.03153807189744556,62.14093780517578,43.44741439819336,54.500000000000014,-0.004259606856655057,5.483221530914307,61.14285714285715,0.1489226338964322,19.939903259277344,71.5,-0.16871619757147466,23.213844299316406,60.07142857142858,0.21616298585260657,0.6979866027832031,0.1409395933151245,0.26599192351419076,64.0,50.25,-9.300922393798828,-4.619707107543945,0.0
-25.99356460571289,92.2857142857143,-0.00031377884442918,49.85714285714286,0.28629010393131493,66.50000000000001,71.00000000000001,512.3460693359375,73.64285714285717,34.484659453366426,81.99417696918955,72.78571428571429,53.642857142857146,1011.2772216796875,72.21428571428572,44.97024917602539,43.92857142857143,-0.00012913563114125282,159.64285714285714,0.7216897010803223,429.3230285644531,81.21428571428572,0.580778956413269,89.42857142857144,66.42857142857143,23.366180419921875,36.28571428571429,0.5278720985095177,74.3355712890625,34.784786224365234,58.071428571428584,0.29130854628340797,0.0,56.35714285714286,0.19797867520194276,18.008581161499023,60.714285714285715,0.19880222811329462,45.18988037109375,83.42857142857143,-0.07484047192764998,0.8389261960983276,0.34899330139160156,1.0,70.64285714285717,82.85714285714286,-0.35468605160713196,2.474168300628662,0.0
367.03448486328125,61.71428571428573,-0.10767348855733871,62.23809523809523,-0.33722264859992784,35.0,36.54166666666667,698.837646484375,73.95833333333334,24.006211389631233,106.84854657447697,113.00000000000001,63.04761904761905,1517.4246826171875,64.58333333333334,41.90788269042969,100.2857142857143,-0.002310706302523613,117.14285714285712,1.4303802251815796,69.0673599243164,94.41666666666667,0.6608015894889832,75.87500000000001,72.99999999999999,58.89622497558594,79.29166666666667,-0.039158710021759226,107.59060668945312,73.05463409423828,94.625,-0.30013884966888194,4.275167942047119,96.91666666666667,0.05611511517065028,37.664703369140625,48.87499999999999,0.058750616317425806,17.43914222717285,31.041666666666668,-0.024695000915005528,0.01342281885445118,0.38926175236701965,0.22440084104729585,66.38095238095238,50.57142857142858,-0.8962203860282898,3.7114627361297607,0.0
371.1475524902344,94.21428571428572,0.03514787182211876,83.7857142857143,-0.2802972578705824,102.85714285714285,75.57142857142858,432.71722412109375,93.42857142857144,-6.735393172942552,68.00226528187972,70.14285714285714,89.92857142857142,8999.9296875,91.57142857142857,39.45365524291992,87.92857142857144,0.0010128833819180727,124.92857142857144,0.7840915322303772,71.5682373046875,70.28571428571429,0.9745802879333496,67.35714285714286,82.28571428571429,65.41887664794922,87.0,-0.16733695916425295,60.46308898925781,39.16794204711914,79.85714285714288,-0.17587587156753035,0.10067114233970642,94.64285714285715,-0.2282197017314585,25.032161712646484,111.35714285714288,-0.6949185645486017,54.277366638183594,93.14285714285715,1.0,0.02684563770890236,0.0,1.0,92.0714285714286,93.14285714285714,-11.068601608276367,0.9382615089416504,0.0
42.68708038330078,50.625,-0.019521236419677734,46.9375,0.052296018293771576,53.9375,61.3125,521.651123046875,44.3125,37.568926263575584,46.069975074264576,87.125,61.3125,1166.84521484375,50.8125,34.342891693115234,42.3125,0.0002846320276148617,119.25,1.392741084098816,107.94005584716797,110.92857142857146,0.3831612467765808,82.78571428571429,97.57142857142858,17.3956298828125,57.85714285714287,-0.021601548198127533,78.42282104492188,26.086633682250977,71.78571428571429,-0.3378684293073019,0.0,71.99999999999999,-0.3745897000565931,15.531340599060059,84.92857142857144,-0.4898083829942895,24.46293067932129,64.50000000000001,1.0,36.771812438964844,74.81208038330078,1.0,59.3125,74.25,-0.4739041030406952,0.3914657533168793,0.0
-94.21898651123047,57.92857142857144,-0.011396526359021664,53.28571428571429,-0.5138838778646355,44.92857142857144,34.92857142857143,450.6977844238281,44.50000000000001,34.233313370871066,98.85600064029208,108.14285714285714,53.07142857142858,16543.181640625,51.21428571428572,40.81169509887695,89.21428571428572,-0.0003154102014377713,23.857142857142854,2.659863233566284,56.5800666809082,47.85714285714286,0.4224976599216461,47.214285714285715,105.85714285714288,57.818077087402344,65.85714285714285,-0.24544640146887892,51.248321533203125,42.331058502197266,66.21428571428572,0.15458826941463205,1.208053708076477,69.92857142857144,0.07309512685483972,23.648252487182617,61.71428571428572,0.03175078041667126,49.6037483215332,53.99999999999999,-0.12628544995196242,0.0,0.20134228467941284,0.7850789783906403,81.5,95.14285714285715,0.11238584667444229,-13.829521179199219,0.0
486.161865234375,29.785714285714285,0.05835530534386635,42.50000000000001,-0.15805797951457412,63.42857142857143,53.64285714285715,465.59259033203125,48.00000000000001,-21.616356746412364,91.89640781772887,97.57142857142858,63.78571428571429,1336.984130859375,44.85714285714286,41.034080505371094,63.92857142857144,-0.0022602006793022156,40.714285714285715,1.1740803718566895,382.06658935546875,42.64285714285715,1.384466290473938,112.5,83.21428571428572,39.284915924072266,61.49999999999999,0.1376996197160159,83.70469665527344,56.101478576660156,97.0,-0.2038274036821428,0.5100671052932739,44.92857142857143,-0.008727400386168174,37.40635299682617,41.71428571428572,-0.05662191916525968,24.867328643798828,61.85714285714286,0.5162803412206437,2.409395933151245,1.4966442584991455,-0.1384275618374558,82.78571428571429,60.071428571428584,-13.648764610290527,4.643747329711914,0.0
81.19976806640625,65.8125,-0.03921377286314964,64.125,-0.13833535374377756,100.85714285714286,87.5,456.9561767578125,69.85714285714285,10.619167239874,98.14811108543282,67.00000000000001,51.625,12836.8759765625,71.35714285714286,38.22876739501953,49.375,0.0015073090326040983,160.0,1.5104563236236572,128.07492065429688,118.64285714285715,0.9080678224563599,119.92857142857142,48.0625,43.90934753417969,97.5714285714286,-0.7007588280467011,72.78523254394531,41.28385543823242,72.64285714285715,-0.6202475524753068,0.28859061002731323,93.35714285714285,-0.4008005596773147,23.78921127319336,48.7857142857143,-0.08647635603118124,50.3839225769043,107.35714285714286,-0.09105690982809794,0.2751677930355072,5.0872483253479,-0.037037037037037035,84.78571428571429,108.21428571428572,-9.659234046936035,11.39478874206543,0.0
-15.576057434082031,112.625,-0.02892681024968624,25.0625,0.5712643499669069,34.00000000000001,43.500000000000014,516.2395629882812,32.785714285714285,86.59381535149261,83.35010723122886,39.42857142857142,22.4375,1108.463134765625,83.85714285714286,36.931217193603516,30.3125,0.00019823081674985588,71.07142857142858,0.987550675868988,186.9666290283203,29.214285714285715,0.677241861820221,30.78571428571429,34.375,26.85483741760254,73.0,-0.3110478899952584,76.91275024414062,43.07024383544922,38.92857142857143,0.6948346138079273,0.12751677632331848,64.14285714285715,0.05547105607758607,30.98926544189453,50.142857142857146,0.4805034842757593,25.223398208618164,50.92857142857144,-0.12261349172677129,0.4093959629535675,0.06040268391370773,-0.07791422720607767,70.07142857142858,64.50000000000001,-1.3382923603057861,-1.4676212072372437,0.0
88.46354675292969,47.42857142857144,0.05836134031414986,61.857142857142875,0.014376526918708698,73.21428571428572,65.71428571428572,501.5491943359375,87.00000000000003,33.196220778778894,112.73641506540399,128.0,64.64285714285714,1247.7318115234375,90.14285714285717,38.60544204711914,68.14285714285715,0.0013194778002798557,100.14285714285715,1.1351994276046753,136.1002197265625,84.57142857142856,0.7943524718284607,63.28571428571428,67.92857142857142,39.10685348510742,47.28571428571429,0.4361709503821476,126.65771484375,68.64535522460938,83.71428571428574,-0.09419415551224067,0.47651007771492004,65.64285714285714,0.30136476870267004,32.94767761230469,59.92857142857143,0.19213471205684626,41.81192398071289,72.50000000000001,-0.24922859299042743,1.429530143737793,0.0,0.07554221571334334,36.00000000000001,64.14285714285714,1.558850884437561,3.417958974838257,0.0
-85.47775268554688,52.00000000000001,-0.009452714584767818,55.14285714285714,0.17925892145171907,62.19047619047619,47.42857142857141,414.3330078125,49.38095238095237,43.495854124126815,90.63911336598633,83.9047619047619,48.76190476190476,20237.322265625,55.19047619047618,39.04794692993164,66.61904761904762,-0.0002823306422214955,17.238095238095237,3.204237222671509,51.64951705932617,73.12500000000001,0.4287880063056946,70.74999999999999,92.7142857142857,64.03333282470703,68.79166666666667,-0.26846692380710546,46.78523635864258,42.83707046508789,72.95833333333333,-0.023766585138424747,1.1744966506958008,61.541666666666664,0.155247574531969,25.29071617126465,62.54166666666667,0.35924585596577524,57.31371307373047,60.70833333333334,-0.05401134518708758,0.0,0.0,0.5773961790910679,86.19047619047618,68.33333333333334,-0.685674250125885,-13.738261222839355,0.0
395.46356201171875,105.0,0.24887177348136902,46.375,0.19870226571641314,41.57142857142856,75.71428571428571,461.8390197753906,81.35714285714286,-24.90521680303668,78.43417652725154,115.57142857142858,104.9375,2408.802734375,97.28571428571429,37.468196868896484,63.5625,-0.002516776556149125,52.0,11.0443696975708,268.5002136230469,71.50000000000001,2.460742950439453,74.42857142857144,99.8125,53.348751068115234,59.71428571428573,0.416566089610662,55.6979866027832,57.02780532836914,96.07142857142858,-0.14579604612901856,0.8926174640655518,115.35714285714286,-0.4663469183899554,40.00822448730469,113.92857142857142,-0.5114911685034499,23.39795684814453,39.78571428571429,-0.17134091231763865,3.2013423442840576,1.073825478553772,0.16024279985835954,58.0,86.875,-29.92156410217285,-26.0175838470459,0.0
10.437273979187012,66.35714285714285,-0.039020273834466934,46.857142857142854,-0.3551119572453353,69.61904761904762,44.28571428571429,646.6654663085938,47.28571428571429,5.396313019021846,86.63518340046244,85.71428571428572,40.095238095238095,1358.17138671875,72.76190476190479,41.23458480834961,41.76190476190476,0.0011424056719988585,92.28571428571428,0.7493444085121155,70.4006118774414,75.61904761904763,0.2894189953804016,83.16666666666667,83.71428571428572,33.45493698120117,62.23809523809523,-0.3155766022066949,92.08724975585938,55.811275482177734,65.47619047619047,-0.015607403324699749,1.9395973682403564,118.23809523809524,-0.09253692377157437,19.485918045043945,101.00000000000001,-0.46920447711974556,30.90970802307129,42.8095238095238,-0.09519445110297274,0.0,0.2751677930355072,-0.21037880815046753,81.23809523809524,80.14285714285714,-0.9912702441215515,0.6786842346191406,0.0
270.99334716796875,67.1904761904762,0.04497770592570305,62.85714285714287,-0.2549856841877802,94.57142857142858,90.2857142857143,672.9376220703125,64.42857142857144,23.624639263289087,81.9857763878776,85.78571428571428,73.92857142857143,1607.8629150390625,98.50000000000003,45.36469650268555,62.71428571428572,0.0010925179813057184,53.57142857142858,1.0356416702270508,220.14048767089844,79.07142857142858,0.5091257095336914,85.0,61.42857142857143,34.276004791259766,64.4375,-0.3608155566039605,114.69798278808594,59.63420104980469,67.375,0.15648662727615473,1.8255033493041992,65.5,-0.24822695035460995,20.391569137573242,73.25,-0.18490760212984922,30.196252822875977,57.6875,-0.0625,0.0,0.0,-0.06555948831338361,97.57142857142858,84.42857142857143,0.576812207698822,11.407706260681152,0.0
133.274169921875,59.0,-0.17887243628501892,74.38095238095238,-0.0650817226263067,69.2857142857143,86.71428571428572,363.4306640625,63.71428571428571,-49.2938116299826,77.89415604544921,52.95238095238095,120.57142857142856,927.1729736328125,89.00000000000003,43.944053649902344,81.99999999999999,3.197434125468135e-05,76.71428571428571,1.5734853744506836,144.78817749023438,39.47619047619048,0.6804265379905701,107.14285714285712,41.57142857142857,34.28444290161133,50.14285714285714,0.27479099010392904,126.37583923339844,61.92119216918945,47.904761904761905,0.27761326621261473,0.21476510167121887,62.19047619047619,0.18120519900705662,29.058757781982422,62.85714285714286,-0.08079091307546474,35.806861877441406,62.52380952380953,-0.18788067565877653,0.12080536782741547,0.0939597338438034,-0.12845502491671157,90.0952380952381,103.85714285714285,-5.918208599090576,-8.684308052062988,0.0
-102.24217224121094,82.2857142857143,-0.009988072328269482,104.5714285714286,-0.33182057398281734,56.0,73.64285714285715,508.00079345703125,108.42857142857144,39.82686076308257,95.45381514527566,78.35714285714286,66.5,815.580322265625,59.21428571428573,42.743770599365234,100.42857142857146,-0.00039001976256258786,35.00000000000001,0.6442782282829285,83.07307434082031,46.35714285714286,0.5415269732475281,39.25,73.57142857142858,38.033653259277344,68.57142857142857,-0.3723716590496641,52.47650909423828,41.86083984375,97.2857142857143,-0.3506199247375718,1.1879194974899292,50.00000000000001,-0.12135638984295899,25.019535064697266,58.42857142857144,-0.019888216500037147,28.21345329284668,95.64285714285714,-0.042129992590371264,0.0,0.08724832534790039,-0.037037037037037035,61.21428571428571,60.214285714285715,-0.21133248507976532,1.1844054460525513,0.0
79.4872817993164,113.14285714285717,-0.0976630374789238,71.42857142857143,-0.04703464481084003,74.71428571428572,70.07142857142858,567.3980712890625,93.92857142857142,-38.35699303808228,93.26385081646282,97.85714285714288,74.35714285714286,1321.0247802734375,92.7857142857143,46.61928176879883,109.00000000000001,0.0016770685324445367,75.5,0.5509610772132874,172.82943725585938,144.3571428571429,0.40740182995796204,126.00000000000001,59.00000000000001,23.24989128112793,64.64285714285715,0.2537398148345822,134.7785186767578,54.21060562133789,78.5,-0.15243209023820425,0.0,76.14285714285717,0.0580759147384019,20.03206443786621,67.28571428571428,0.2415295993161293,39.22212219238281,34.857142857142854,-0.1259103184193136,0.04026845470070839,0.0,1.0,63.21428571428572,74.14285714285715,0.42478251457214355,2.81931734085083,0.0
414.53839111328125,56.57142857142858,0.1193627119064331,53.21428571428573,-0.6232259497067149,39.50000000000001,29.285714285714292,488.3669738769531,61.785714285714285,-3.417389006822701,91.54833151140063,72.92857142857143,58.57142857142858,1287.3463134765625,50.85714285714287,40.25938415527344,65.57142857142857,0.0013356966665014625,182.9285714285714,0.6553011536598206,145.66665649414062,126.35714285714286,1.0598942041397095,151.5,143.5714285714286,19.88557243347168,72.07142857142856,-0.14011957626420313,73.328857421875,30.270465850830078,61.07142857142858,0.17286305489118026,0.08724832534790039,67.35714285714288,0.08608909892050036,21.225849151611328,86.42857142857144,-0.5317679356554462,23.39219093322754,42.0,-0.11734661859464232,0.020134227350354195,0.0,1.0,84.35714285714288,59.78571428571429,-3.5233354568481445,-2.456683874130249,0.0
72.51313781738281,76.57142857142857,-0.016440995037555695,81.28571428571426,-0.44016972604932525,82.52380952380955,90.61904761904763,500.1751403808594,91.42857142857144,14.082930948910297,62.82909892129852,77.85714285714285,60.66666666666667,1192.497314453125,61.2857142857143,37.3172492980957,76.19047619047619,0.0004066615365445614,133.52380952380952,1.1232891082763672,226.81695556640625,76.57142857142856,0.69558185338974,103.76190476190474,72.9047619047619,22.29093360900879,53.38095238095239,0.07737984461068316,96.6040267944336,36.822776794433594,69.09523809523809,-0.1890401949824458,0.0,39.90476190476191,0.04286627311129348,20.368892669677734,34.57142857142856,0.17626100744362408,33.27498245239258,70.52380952380952,-0.07217686078107516,0.12080536782741547,9.114093780517578,-0.024390243902439022,59.76190476190476,57.047619047619065,-0.1047508716583252,4.021150588989258,0.0
317.6138916015625,80.71428571428574,0.015374749898910522,68.57142857142857,-0.2200586074866466,61.28571428571429,40.428571428571416,670.0262451171875,84.57142857142858,6.5274248483197,76.12483235655132,48.904761904761905,85.80952380952381,10212.5703125,64.8095238095238,44.22623825073242,87.47619047619048,0.0010472007561475039,64.57142857142858,1.3257595300674438,103.29691314697266,89.23809523809524,1.2887400388717651,78.80952380952381,85.0,61.39512252807617,77.66666666666666,-0.3467215137871173,116.83221435546875,71.4957504272461,94.3809523809524,-0.37441839206123056,0.0,68.71428571428571,-0.1852616625177848,42.37194061279297,78.99999999999999,-0.2230183373849369,38.58864974975586,90.14285714285711,-0.020768572908427315,0.12080536782741547,0.0,-0.054239389419444825,81.28571428571429,63.47619047619048,17.81099510192871,12.662343978881836,0.0
312.5589599609375,75.14285714285717,-0.07012366503477097,51.714285714285715,-0.11529448238759146,49.66666666666667,57.85714285714286,530.9254150390625,52.66666666666666,-16.39621122331427,70.89435678325773,61.0,51.619047619047606,1573.301513671875,39.333333333333336,45.73095703125,71.09523809523809,-0.004258198197931051,130.09523809523807,3.288137197494507,331.4320068359375,80.28571428571429,1.0666033029556274,118.23809523809526,79.19047619047618,53.491973876953125,73.85714285714285,0.05587847884299674,57.61073684692383,63.24244689941406,65.52380952380952,-0.1311482247035056,0.7718120813369751,45.333333333333336,-0.047196165355991186,39.162269592285156,71.23809523809526,-0.09508340509169601,23.554702758789062,68.66666666666666,0.25104666330136943,0.8120805621147156,0.19463087618350983,0.05262503713297396,60.66666666666666,44.76190476190476,4.505138397216797,-5.715120792388916,0.0
-48.45235824584961,36.42857142857142,-0.07972743362188339,34.85714285714286,0.5141474676238518,51.09523809523811,48.047619047619044,440.51446533203125,24.904761904761905,-45.97936823224061,93.65704085639726,78.9047619047619,40.238095238095234,606.61328125,132.7142857142857,46.73464584350586,63.99999999999999,0.001181579427793622,69.80952380952381,1.272172451019287,185.51138305664062,50.428571428571445,0.9297361969947815,31.76190476190476,50.238095238095234,43.95429229736328,78.19047619047618,-0.2889402634155406,126.15436553955078,75.70578002929688,79.23809523809521,0.0664478475019414,0.42281877994537354,51.61904761904761,0.03591118304587527,31.710861206054688,61.61904761904761,0.05834966712851881,37.191162109375,101.76190476190479,-0.06532897181169499,0.3758389353752136,0.08724832534790039,0.0465875069355766,55.38095238095239,36.952380952380956,-3.8509140014648438,-10.019044876098633,0.0
187.71185302734375,87.64285714285714,-0.016252869740128517,94.35714285714286,-0.285367418590083,77.50000000000001,105.14285714285717,419.7434387207031,98.0,-47.2758236759461,86.2592891880916,113.92857142857144,106.64285714285717,915.8461303710938,48.21428571428571,47.347415924072266,89.28571428571429,0.000315492128720507,86.92857142857144,0.5843562483787537,382.6010437011719,71.07142857142857,0.5293348431587219,60.857142857142854,61.7857142857143,37.734554290771484,50.500000000000014,-0.08202380008232969,93.40939331054688,56.63423156738281,61.42857142857144,0.13835550897027793,0.536912739276886,47.21428571428572,0.14604408607390604,25.613094329833984,58.357142857142875,0.083178745133981,29.106454849243164,85.92857142857144,-0.14412689955837796,0.01342281885445118,0.0,0.5703533666417362,69.78571428571429,67.14285714285715,-2.8223824501037598,4.279428958892822,0.0
563.4017333984375,85.0,-0.10269752144813538,75.57142857142858,-0.4773795276916975,92.07142857142858,60.85714285714286,773.5252075195312,86.85714285714288,8.462831763134982,59.540722652715424,91.14285714285715,77.57142857142857,2146.4638671875,60.35714285714286,39.45437240600586,117.7857142857143,-0.0010248528560623527,52.0,1.2771590948104858,126.13764953613281,122.85714285714289,1.198948621749878,104.75,123.0714285714286,36.95171356201172,57.4375,0.05265204731356279,116.07382202148438,63.598899841308594,76.5625,-0.27483809749733124,1.355704665184021,27.625,0.020531723749216066,46.423099517822266,62.4375,0.07432554979505876,21.95676612854004,62.8125,0.25676025470672487,1.6577180624008179,0.04026845470070839,-0.17773784670263695,77.57142857142858,75.21428571428574,-2.963883399963379,-6.369842529296875,0.0
643.8330078125,81.83333333333334,0.33322498202323914,48.25,0.044089107557742244,83.42857142857144,146.64285714285717,687.444091796875,133.2857142857143,-30.93183704350619,85.37880705473303,100.2857142857143,73.625,1664.7374267578125,34.00000000000001,42.45038986206055,55.5625,-0.0011772973230108619,45.0,1.443899393081665,164.4180145263672,33.92857142857143,0.6679952144622803,60.85714285714287,46.25,51.33213806152344,71.0,-0.051745200698080314,57.35570526123047,50.31538772583008,57.21428571428572,-0.23892420911055043,4.100671291351318,79.71428571428572,-0.05428367028014367,22.89138412475586,86.64285714285714,-0.13363954624209448,27.163297653198242,69.14285714285715,0.1847507331378299,1.073825478553772,0.1409395933151245,-0.23774268606949953,41.71428571428572,45.78571428571428,-21.159740447998047,-10.355583190917969,0.0
-6.310879230499268,97.5714285714286,-0.02529902197420597,68.7857142857143,-0.5285872872833653,45.375,52.4375,517.4287719726562,89.375,37.54665325672035,50.869979724024425,73.625,106.07142857142858,1059.201904296875,46.0,30.375621795654297,90.2857142857143,0.00048272672574967146,49.0,1.7994532585144043,115.38493347167969,44.6875,0.2781078517436981,60.28571428571429,55.85714285714287,26.346736907958984,42.9375,-0.05302987221611777,70.89261627197266,27.140483856201172,59.5625,-0.091615916147054,0.0,38.25,-0.01985849517260423,18.774667739868164,41.375,0.5279816000739108,30.69635009765625,61.6875,-0.10178920788063348,96.5973129272461,89.77181243896484,0.876604392002622,73.3125,80.625,-0.5982577800750732,2.889014720916748,0.0
92.2425537109375,57.7857142857143,-0.01417473517358303,74.92857142857144,-0.6429913371899383,59.92857142857145,60.35714285714286,421.85443115234375,83.28571428571429,0.0644041895866394,106.35418326455881,94.50000000000003,91.14285714285715,830.0347900390625,123.92857142857144,38.99746322631836,119.92857142857144,0.00033580715535208583,58.07142857142857,1.1644834280014038,307.1564025878906,107.14285714285714,0.43559715151786804,73.0625,131.64285714285717,47.202415466308594,59.285714285714285,-0.1726713654914962,65.71812438964844,49.35287094116211,71.42857142857143,-0.24965865101491166,2.879194736480713,70.2857142857143,-0.4436892163266792,20.457061767578125,82.00000000000001,-0.2485645898725832,31.444272994995117,79.2857142857143,-0.24257045286545986,0.28859061002731323,0.01342281885445118,-0.0941164404635739,92.78571428571429,59.642857142857146,2.3040037155151367,9.490217208862305,0.0
215.38406372070312,91.21428571428575,-0.2197299748659134,67.28571428571428,0.1112578650530559,52.5,36.5625,458.0975341796875,110.4375,11.457944187541935,98.18227579166725,63.625,74.35714285714286,1154.0235595703125,56.5625,39.22126770019531,70.71428571428574,-0.0031071333214640617,130.3125,0.7664027810096741,117.19557189941406,33.5625,0.2901068925857544,91.64285714285712,29.500000000000007,69.54964447021484,119.875,-0.36384645947896666,98.7248306274414,65.66090393066406,100.4375,-0.03211090347089263,0.34228187799453735,73.4375,-0.060200828730562955,44.056358337402344,93.625,-0.16314333713813958,11.511556625366211,57.8125,-0.3828992109787061,0.08053690940141678,0.3959731459617615,-0.13738774571683063,58.125,62.4375,-14.200163841247559,-17.946735382080078,0.0
26.49043846130371,85.64285714285717,-0.01762465201318264,37.92857142857143,0.6474341050232617,61.35714285714286,109.21428571428572,413.02069091796875,55.07142857142857,26.9354013376588,28.336341993566908,73.50000000000003,43.5,22316.603515625,56.57142857142857,25.567672729492188,65.57142857142858,-0.0003198356425855309,79.00000000000001,5.742276668548584,71.31181335449219,44.85714285714286,0.6920878291130066,54.64285714285714,57.35714285714287,55.2479362487793,45.857142857142854,0.02240078392944636,61.268455505371094,38.22410583496094,75.50000000000001,-0.24234572918191738,0.0,46.50000000000001,0.014655314777075224,30.52901268005371,42.57142857142857,0.3606730006980843,59.39704132080078,44.64285714285714,1.0,58.79865646362305,74.77181243896484,1.0,76.00000000000001,59.357142857142854,-5.805022239685059,4.79207181930542,0.0
78.77883911132812,60.66666666666667,-0.2054515928030014,34.75,0.024012654180759586,39.642857142857146,46.785714285714285,193.44581604003906,57.42857142857144,-10.579503161795188,108.56287937109174,83.78571428571428,61.4375,3417.014892578125,4.571428571428571,33.12364959716797,85.0,-0.002158781746402383,8.0625,10.070115089416504,52.76033020019531,23.214285714285715,0.7240270376205444,35.07142857142857,45.25,59.4156608581543,96.35714285714286,-0.2196156401354656,84.08724975585938,76.99899291992188,53.50000000000001,0.49955111941338826,0.2281879186630249,75.71428571428572,0.22350212717075763,38.1258430480957,58.92857142857142,0.27562847653575034,6.396533012390137,28.0,0.010872732470116784,0.0,0.01342281885445118,-0.05241405066299174,48.8125,57.8125,21.52957534790039,23.39331817626953,0.0
583.3116455078125,79.78571428571428,-0.0797586515545845,73.35714285714286,-0.5546829356038476,90.42857142857144,64.2857142857143,785.5042724609375,106.42857142857143,6.834746153084499,61.65175220457637,109.2142857142857,80.64285714285715,2133.378662109375,60.28571428571429,41.196529388427734,122.71428571428572,-0.001113848527893424,51.571428571428584,1.3184911012649536,121.98395538330078,131.14285714285717,1.2067756652832031,120.92857142857144,122.00000000000003,36.66822052001953,81.0,-0.3152187392352739,116.78523254394531,62.97496795654297,67.71428571428572,-0.18676728041050408,1.355704665184021,77.00000000000001,-0.20306684511008743,47.77275848388672,66.92857142857143,0.04386675803821432,21.728124618530273,67.85714285714286,0.43690637282706407,1.7046979665756226,0.04026845470070839,0.30179767518697626,70.64285714285715,93.14285714285717,-4.752930164337158,-8.321656227111816,0.0
160.47740173339844,90.42857142857144,0.009776667691767216,65.66666666666667,-0.1748556030358059,45.61904761904761,72.80952380952381,542.5384521484375,54.0,4.82657070927972,73.32812152453705,80.28571428571428,53.23809523809524,1503.0511474609375,63.095238095238116,43.54031753540039,80.57142857142858,0.0011918290983885527,105.99999999999997,1.1412677764892578,187.2386016845703,49.809523809523796,0.7054588198661804,52.92857142857143,45.00000000000001,32.66603469848633,46.76190476190476,0.07766747396878722,91.69798278808594,68.5302734375,62.33333333333334,-0.259212760337453,0.9664429426193237,31.190476190476197,-0.07931666578609674,30.238744735717773,57.14285714285715,0.46019593554589194,37.34447479248047,60.04761904761904,0.0829694323144105,0.033557046204805374,0.04026845470070839,-0.15475637938702827,97.9047619047619,50.19047619047619,0.12723064422607422,-3.688868999481201,0.0
182.80734252929688,99.42857142857144,-0.11345993727445602,114.33333333333334,-0.6416917812942542,78.85714285714285,54.0952380952381,699.2857666015625,103.14285714285715,22.39855856953451,73.15172464019209,83.90476190476191,75.76190476190473,1701.1260986328125,78.33333333333334,42.096187591552734,97.0,0.0014604274183511734,70.28571428571428,0.8171356320381165,172.7076416015625,46.761904761904766,0.8521479368209839,75.58333333333334,41.71428571428571,22.928205490112305,65.57142857142858,-0.06867940700401991,122.29530334472656,53.58496856689453,81.4761904761905,-0.2650675706151708,0.0,65.00000000000001,-0.014110276383999112,22.78047752380371,77.23809523809523,-0.05524256334071566,33.710845947265625,63.52380952380952,-0.05831533477321813,0.10738255083560944,0.0,-0.024390243902439022,73.09523809523809,62.28571428571429,0.7320106029510498,5.303563117980957,0.0
458.41107177734375,74.64285714285715,0.07045634835958481,39.785714285714285,0.05624844967008977,43.21428571428572,46.50000000000001,871.8433227539062,31.571428571428573,12.587701344650064,79.99985307522203,54.92857142857142,86.50000000000003,2379.74462890625,94.14285714285715,42.59252166748047,71.35714285714288,0.0028466610237956047,113.7857142857143,0.38640496134757996,293.63690185546875,134.3571428571429,0.6387370824813843,52.50000000000001,155.8571428571429,26.803903579711914,60.92857142857144,0.1165918672600626,150.1275177001953,60.513938903808594,93.35714285714286,-0.5293596195414159,0.01342281885445118,72.14285714285714,-0.3493825787073088,27.945932388305664,71.07142857142858,-0.11238070431140315,35.88901138305664,88.14285714285715,0.10181018934828763,0.0,0.0,0.3144461025756018,97.5714285714286,65.71428571428572,0.01535372156649828,1.4808714389801025,0.0
-16.44524383544922,49.14285714285715,-0.035072166472673416,33.28571428571429,-0.055061276419409146,52.833333333333336,57.875,610.9846801757812,44.833333333333336,-17.46556135032001,89.86017263379483,57.5,44.57142857142856,1237.495361328125,68.08333333333334,35.63798141479492,100.4761904761905,0.0007780108135193586,77.38095238095241,0.8118845224380493,76.02266693115234,93.37500000000001,0.4256274700164795,56.57142857142857,84.42857142857142,44.577091217041016,61.75000000000001,0.13479984980630141,82.79866027832031,64.5823974609375,77.58333333333331,-0.09401682422941555,7.691275119781494,96.12499999999999,0.0783401585796371,27.636030197143555,76.08333333333334,-0.0036789989373592078,37.73552703857422,72.70833333333334,0.6122754539941259,0.0,1.7852349281311035,0.09405080488420177,53.374999999999986,65.66666666666666,-2.696605920791626,0.32576388120651245,0.0
-47.77082061767578,59.38095238095238,-0.04115575924515724,58.78571428571429,-0.3961523632090167,50.78571428571429,47.71428571428572,609.487548828125,41.07142857142857,37.886779033097646,76.12286042643186,81.5,83.00000000000003,1164.669677734375,67.00000000000001,32.93306350708008,95.71428571428574,0.0004556027124635875,55.2857142857143,0.7418144941329956,71.196533203125,65.42857142857143,0.3606248199939728,75.75,41.50000000000001,31.663002014160156,31.500000000000004,0.4731521832245015,70.77181243896484,44.35475158691406,71.21428571428571,-0.11940115155197822,6.241610527038574,138.3571428571429,-0.372057069483227,11.600552558898926,67.64285714285715,-0.26187576126674783,30.81041717529297,49.71428571428572,1.0,0.0,0.16778524219989777,-0.117732036240658,40.42857142857143,73.21428571428572,-0.44985347986221313,2.8067195415496826,0.0
180.2227325439453,75.28571428571429,-0.05757174268364906,44.285714285714285,-0.23614539164187917,54.761904761904766,41.95238095238095,570.7498779296875,52.04761904761905,24.4431440038169,78.74973782231233,48.619047619047635,42.04761904761905,1511.2254638671875,59.904761904761905,41.50603485107422,55.71428571428571,0.0013893352588638663,118.52380952380955,1.1133211851119995,212.535888671875,69.61904761904762,0.6254222393035889,65.61904761904759,51.904761904761905,27.233678817749023,52.80952380952381,0.190848020035178,75.14765167236328,41.16644287109375,81.90476190476191,-0.28891002528994963,0.6912751793861389,70.47619047619048,-0.0030133205666169273,25.313976287841797,60.523809523809526,0.5067551697754711,35.654850006103516,59.714285714285715,-0.1258430290741691,0.5100671052932739,0.0,0.2904873824475238,73.76190476190476,74.76190476190476,-5.625540733337402,-7.169991493225098,0.0
426.4906005859375,83.14285714285714,0.0203666053712368,70.64285714285715,-0.09236325740861441,76.92857142857144,64.71428571428572,879.6668701171875,71.42857142857144,22.287797591630245,74.38080370187181,72.71428571428571,87.00000000000003,2405.346435546875,88.42857142857144,43.58000946044922,103.21428571428574,0.0027958890423178673,158.42857142857144,0.3948005735874176,234.23228454589844,97.71428571428572,0.6365531086921692,78.14285714285714,123.50000000000003,27.303579330444336,54.35714285714286,-0.03496798602055115,164.48321533203125,60.76079559326172,49.99999999999999,-0.17614508481204474,0.01342281885445118,51.71428571428572,0.332117382242167,33.11964416503906,90.92857142857144,-0.22931889242431125,33.256248474121094,71.64285714285715,-0.13437493904460962,0.0,0.0,-0.18793616510724886,76.92857142857144,56.85714285714287,-0.1414542943239212,1.7088158130645752,0.0
94.26409912109375,83.00000000000003,0.05987047031521797,78.64285714285715,-0.24954110909822055,94.42857142857144,56.57142857142858,535.1751098632812,66.42857142857143,-34.93371042719223,106.32292552895919,70.35714285714286,73.42857142857144,1188.9163818359375,89.07142857142858,48.01460647583008,87.21428571428572,0.0017562313005328178,47.92857142857144,0.45899391174316406,163.6406707763672,26.42857142857143,0.5352749824523926,52.85714285714287,35.785714285714285,22.634044647216797,77.5,-0.334094555561469,161.1073760986328,53.032615661621094,83.07142857142858,-0.5189809411536438,0.0,57.500000000000014,0.3564418581083652,22.28565216064453,47.14285714285715,0.1912083658524785,35.97290802001953,50.785714285714285,-0.056769264970392676,0.00671140942722559,0.0,-0.03703703703703702,55.71428571428572,40.07142857142857,1.5833430290222168,0.3846812844276428,0.0
43.76108932495117,112.47619047619048,-0.018148329108953476,40.642857142857146,0.21501231101630314,97.78571428571429,49.35714285714286,519.6851806640625,97.00000000000001,50.34774200028221,49.45379219506555,27.42857142857143,124.0714285714286,1169.8248291015625,72.78571428571429,34.51478576660156,40.64285714285715,3.9413029298884794e-05,122.78571428571429,0.9299600124359131,201.1220703125,65.3125,0.6308473944664001,47.6875,93.85714285714289,19.62440299987793,48.875,0.04662117794843978,91.3959732055664,31.77940559387207,73.3125,-0.19249903349782818,0.0,33.75,0.45162859671643013,14.777292251586914,47.9375,-0.13168202544783333,32.87929153442383,54.875,1.0,1.4563758373260498,0.20134228467941284,1.0,80.2857142857143,86.71428571428572,-0.9932231307029724,0.024540895596146584,0.0
345.6393127441406,55.6875,-0.06476195156574249,57.0625,0.2570206457820627,58.0,80.14285714285715,554.0753173828125,62.357142857142875,-7.198876803803364,80.56162932560557,71.71428571428571,49.125,1468.4229736328125,48.07142857142858,45.391048431396484,68.5,-0.003873565001413226,45.21428571428571,0.9314987659454346,392.14208984375,24.142857142857142,1.2813224792480469,46.35714285714286,28.375,49.29960250854492,78.42857142857144,0.1190360949969252,78.04026794433594,62.00139236450195,94.14285714285717,-0.09422891437144999,3.691275119781494,52.57142857142858,-0.0717247211681558,43.774295806884766,69.57142857142857,0.04272746838167339,20.396873474121094,78.64285714285717,-0.11784308544197619,0.6040268540382385,2.0402684211730957,-0.4041384392103256,105.7857142857143,96.14285714285714,-10.127086639404297,-16.01211166381836,0.0
417.5595703125,45.571428571428584,0.22257232666015625,41.214285714285715,0.6147035657028795,62.57142857142858,65.14285714285714,578.049072265625,49.428571428571445,-19.292206324986964,89.54135219147682,66.57142857142858,35.07142857142857,1030.0399169921875,99.78571428571429,44.934349060058594,53.142857142857146,0.0021846743766218424,27.85714285714286,1.0133075714111328,336.7296447753906,59.428571428571445,0.4376769959926605,84.14285714285715,33.21428571428572,35.52867126464844,41.285714285714285,-0.041164481912084876,71.0067138671875,39.528682708740234,89.35714285714288,-0.32638850959591065,0.6107382774353027,63.21428571428574,0.21913920007893065,16.29354476928711,32.142857142857146,0.2647847938631297,26.039884567260742,60.714285714285715,0.004440074681114782,0.281879186630249,0.0,0.26388378938567925,39.714285714285715,49.92857142857143,-0.8583019971847534,-7.432283878326416,0.0
-37.97766876220703,84.5625,-0.05284373089671135,47.8125,0.2521208013613101,69.25,83.1875,582.865478515625,45.9375,41.17697003863802,88.22539047267243,96.8125,71.5625,1158.030029296875,66.3125,38.376800537109375,76.6875,0.0003812831419054419,70.1875,0.8777934312820435,70.78031158447266,59.78571428571429,0.13576410710811615,83.5,50.49999999999999,35.63450241088867,86.71428571428572,-0.38455954825960487,50.11409378051758,37.16253662109375,73.64285714285717,-0.5905858787449059,7.3624162673950195,85.64285714285714,0.2625718301748536,6.840970993041992,38.85714285714286,0.3673708920187793,20.59710121154785,55.5,-0.037037037037037035,0.0,1.791946291923523,-0.29854756434718266,51.8125,48.75,-2.4482421875,-0.21942660212516785,0.0
86.98262786865234,88.35714285714286,-0.11293425410985947,34.78571428571429,-0.08029932391017319,44.35714285714285,64.00000000000001,696.7734375,48.07142857142857,40.42188210455363,76.81702473088477,75.57142857142858,79.14285714285715,1633.5152587890625,81.35714285714286,35.15438461303711,67.71428571428572,0.001668263808824122,112.99999999999999,0.7928625345230103,94.34486389160156,32.714285714285715,0.833271324634552,45.07142857142858,51.0,29.152231216430664,94.71428571428571,-0.346810357451342,110.20133972167969,75.69268035888672,41.07142857142858,0.6249826791700319,0.020134227350354195,39.214285714285715,0.3856934069389364,24.257240295410156,64.64285714285715,0.02426774918272892,36.96553421020508,37.42857142857142,1.0,0.00671140942722559,0.0,1.0,74.64285714285714,63.92857142857144,-0.12803727388381958,-0.4968172609806061,0.0
329.2136535644531,66.5,0.02445942349731922,29.6875,0.7817729964330412,50.85714285714286,44.71428571428572,477.900390625,61.85714285714285,16.712008149031824,95.96323510144607,129.64285714285717,37.0,1525.8720703125,78.0,44.77136993408203,31.5,-0.0024023649748414755,65.85714285714286,4.892461776733398,332.17303466796875,64.50000000000001,0.9316650032997131,53.07142857142858,36.4375,45.29145431518555,61.28571428571429,0.05064560770920359,59.0,48.69353485107422,56.42857142857144,0.444878691842659,0.8053691387176514,20.500000000000004,-0.028162049564895777,42.122982025146484,72.57142857142858,-0.20979943400743853,28.312164306640625,64.64285714285714,-0.4521540002053537,1.1744966506958008,1.429530143737793,-0.45523141002330425,132.57142857142856,86.2142857142857,24.057188034057617,-22.534635543823242,0.0
30.99090576171875,3.6428571428571437,-0.06540799140930176,21.85714285714286,0.9043294876974483,23.5,52.42857142857144,497.56280517578125,1.6428571428571426,18.61520398763202,40.820318062705105,55.42857142857143,2.8571428571428568,14233.765625,5.92857142857143,39.24567794799805,13.214285714285715,0.0006225976976566017,10.285714285714285,3.140817642211914,46.50978469848633,22.35714285714286,1.128293514251709,13.714285714285715,16.500000000000004,87.29295349121094,36.14285714285715,0.8131670335699804,56.657718658447266,60.66685485839844,54.64285714285715,0.3674636257396851,0.3959731459617615,12.571428571428573,0.9795769762228299,57.232730865478516,46.21428571428572,0.6743801776247833,55.86867141723633,36.71428571428572,-0.19509830054247204,0.0,0.0,-0.06105650874786237,31.14285714285715,33.92857142857144,32.253231048583984,35.06159591674805,0.0
228.33352661132812,100.42857142857144,0.07316172868013382,59.28571428571429,-0.13691069254005156,79.875,73.625,266.9811096191406,98.75,-15.760051170651545,62.98798691919126,65.6875,128.50000000000003,2752.174560546875,96.25,36.172969818115234,78.21428571428572,-0.0006966328364796937,93.35714285714286,8.9276704788208,108.60873413085938,104.75,0.9496351480484009,135.42857142857144,127.2857142857143,62.981300354003906,115.6875,-0.20980796558276854,56.993289947509766,50.034549713134766,100.5625,0.06629865065924481,0.0,124.1875,-0.17979441084922665,37.19166946411133,82.375,0.10248108515811975,49.14111328125,125.125,-0.03225806451612903,0.10067114233970642,0.0,1.0,103.0625,111.625,-10.863518714904785,-12.684551239013672,0.0
351.75262451171875,43.142857142857146,0.10088513791561127,64.5,-0.589811025376633,35.92857142857144,37.07142857142858,431.2190246582031,32.142857142857146,-3.4215479349129954,102.79609881615431,128.7857142857143,69.92857142857143,3717.736572265625,59.71428571428572,42.51527786254883,96.85714285714286,0.0012105543864890933,138.28571428571428,0.6814613342285156,137.25875854492188,177.92857142857144,1.007766842842102,176.92857142857144,110.14285714285714,34.20222473144531,86.64285714285714,-0.3974638012257475,71.24832153320312,30.2916259765625,70.28571428571429,-0.5071186894911394,0.08724832534790039,55.49999999999999,0.09716373457191144,22.53292465209961,79.71428571428572,-0.29269894029912114,31.80356788635254,80.92857142857144,-0.14120735820088465,0.00671140942722559,0.0,1.0,99.64285714285715,84.35714285714286,-5.698291778564453,-5.721349239349365,0.0
204.2899169921875,94.5,0.013848226517438889,58.166666666666664,0.2927150118139482,88.66666666666664,76.00000000000001,713.3012084960938,61.66666666666668,42.70813983918836,56.91889609362455,45.61904761904762,89.95833333333334,1764.3687744140625,79.6190476190476,37.3952522277832,49.541666666666664,0.001610870473086834,74.45833333333334,0.2905450165271759,86.12033081054688,68.47619047619047,0.7110403776168823,64.66666666666667,80.87500000000001,50.396331787109375,77.14285714285714,-0.37935410860424723,65.03355407714844,55.83417510986328,62.95238095238095,-0.04873778149051807,0.6845637559890747,47.14285714285713,-0.1306614454618896,38.547733306884766,49.76190476190476,0.18526445415035844,48.27286148071289,72.19047619047619,-0.06681156037221006,0.0,0.0,-0.0752090731700915,57.19047619047618,61.047619047619044,4.6157546043396,1.4817932844161987,0.0
-4.587529182434082,51.21428571428572,-0.07850126922130585,101.42857142857142,-0.02912225945237298,95.75,114.1875,121.34972381591797,106.875,-44.75634154377368,68.08194243881985,66.3125,118.5,8881.5498046875,112.125,31.34339714050293,121.57142857142856,-6.209409184521064e-05,123.21428571428575,3.1013426780700684,143.8125457763672,111.4375,1.6988072395324707,100.0,86.50000000000001,87.70716857910156,94.0,0.11863844296804336,23.288591384887695,39.43754196166992,38.9375,0.1551542492641065,1.3020133972167969,103.4375,0.11378817061491202,39.17685317993164,87.625,0.03674851467611995,50.8668327331543,84.8125,0.10878060845906506,0.0939597338438034,0.0,-0.29264520787299914,46.92857142857144,96.42857142857146,-22.98265266418457,-21.164928436279297,0.0
485.1932678222656,78.6875,-0.12726277112960815,45.5625,0.43317286142009676,79.64285714285715,73.2857142857143,685.5411987304688,88.28571428571428,-19.875121229747,67.20500374895357,60.99999999999999,56.8125,1876.3427734375,35.92857142857143,40.118385314941406,41.3125,0.00035668601049110293,129.07142857142858,0.6358545422554016,151.89649963378906,80.14285714285717,0.8227562308311462,97.35714285714286,94.375,52.5316047668457,73.57142857142858,-0.03904562123027187,76.9395980834961,62.70332717895508,93.85714285714288,-0.09622572014878551,0.9060402512550354,65.14285714285714,0.1416144839812075,27.505477905273438,47.35714285714287,0.35270350939453676,28.780750274658203,119.42857142857144,-0.11157846830175987,0.9731543660163879,0.8657718300819397,-0.06884108576419797,66.35714285714286,73.50000000000001,-1.4294557571411133,-3.0068936347961426,0.0
94.79442596435547,116.57142857142858,-0.0239245742559433,42.57142857142857,0.5590342527869171,61.78571428571429,88.0,505.68035888671875,70.21428571428574,-38.92656174682131,116.62786640984574,120.21428571428571,43.21428571428572,1243.884033203125,60.14285714285714,35.51031494140625,85.7857142857143,0.001018854440189898,161.71428571428575,1.1601539850234985,218.76803588867188,54.21428571428572,0.740231454372406,124.07142857142858,57.42857142857143,25.373245239257812,66.64285714285715,-0.19492109899936905,89.328857421875,36.36585998535156,66.78571428571428,-0.28453550081086554,0.1409395933151245,60.21428571428572,0.14411154710130358,21.481582641601562,59.071428571428584,0.454415608487076,34.25997543334961,68.57142857142858,-0.037037037037037035,1.2550336122512817,0.0,-0.037037037037037035,102.50000000000001,103.00000000000001,-1.1929346323013306,-0.13404999673366547,0.0
301.34124755859375,87.42857142857144,-0.30593594908714294,74.85714285714288,-0.6443127534299838,73.78571428571429,42.35714285714287,538.5802612304688,76.42857142857143,25.747193509300285,70.20217591074153,56.92857142857144,94.35714285714288,1494.7392578125,53.64285714285716,38.39794158935547,88.71428571428572,0.00012698977661784738,176.5,0.7499079704284668,136.78460693359375,72.78571428571429,0.7460499405860901,100.3125,50.85714285714286,27.555137634277344,41.75,0.0019500624815937983,98.98657989501953,46.57403564453125,101.375,-0.6736741045763108,0.07382550090551376,71.1875,-0.131739216107148,25.882410049438477,56.0,-0.20581682666990725,7.311069488525391,59.0,-0.1721831591987161,1.5436241626739502,0.0,-0.2705751398841173,73.07142857142857,81.92857142857144,-9.985013961791992,0.1981571912765503,0.0
195.52317810058594,54.1875,-0.03271282836794853,82.41666666666667,-0.2306496016770061,74.57142857142856,61.71428571428571,403.60784912109375,64.38095238095238,9.088856209144497,65.30787435111813,70.14285714285714,55.58333333333334,17833.966796875,75.57142857142858,37.65480041503906,78.87500000000001,0.0018894110107794404,77.04166666666667,1.2664529085159302,66.24458312988281,76.47619047619047,0.9501833915710449,71.47619047619048,70.37500000000001,64.64852142333984,72.00000000000001,-0.09243622547051335,79.0536880493164,63.91550827026367,64.71428571428571,0.035204282106395084,0.0,69.14285714285714,-0.2155213087682625,31.52091407775879,77.6190476190476,-0.24199697117590013,56.924407958984375,82.28571428571428,0.20104906346742119,0.0,0.0,-0.04379630745965425,113.76190476190476,103.47619047619048,-8.778846740722656,5.366799354553223,0.0
58.22722625732422,57.6875,0.02210402488708496,35.95833333333333,0.09282946471071188,59.14285714285714,71.66666666666667,529.4403076171875,66.0,72.52702288339601,82.9349416005452,37.523809523809526,69.66666666666667,1272.8927001953125,88.71428571428571,38.54365539550781,58.87500000000001,0.0011236389400437474,79.14285714285714,1.151880145072937,115.50430297851562,106.47619047619048,0.7952951192855835,79.71428571428572,70.75,39.73548889160156,62.1904761904762,0.3884265091306811,102.28187561035156,63.996551513671875,73.80952380952381,-0.36984490554203675,0.47651007771492004,46.80952380952381,0.0384455702216551,34.43035125732422,73.85714285714286,0.24302276629671468,48.33050537109375,80.95238095238096,-0.015305967674616386,1.0134228467941284,0.0,0.33941807918188066,75.33333333333333,63.952380952380956,1.3787953853607178,2.559678316116333,0.0
454.52947998046875,112.35714285714286,0.2833665907382965,73.78571428571429,-0.3794962204800427,77.71428571428574,93.5,755.137451171875,67.35714285714286,16.512518714938388,77.76681732905209,72.78571428571428,121.07142857142858,5322.13330078125,52.642857142857146,42.52025604248047,126.28571428571429,0.0006179704796522856,22.642857142857142,1.3822569847106934,83.85709381103516,63.7857142857143,0.4978853166103363,50.85714285714286,69.78571428571429,38.116920471191406,53.85714285714286,-0.29303619106236617,118.46308898925781,59.99972152709961,80.21428571428574,-0.1800471054185937,0.11409395933151245,56.07142857142858,-0.5756565235514797,27.68514060974121,64.28571428571429,0.13461128361645716,15.94457721710205,51.428571428571445,0.33891402880194005,0.0,0.0,0.034581675036739236,48.7857142857143,51.2857142857143,0.4566035866737366,21.566482543945312,0.0
-7.210628509521484,67.42857142857144,-0.021998127922415733,45.14285714285715,-0.03186749807750176,95.7857142857143,96.85714285714288,595.831298828125,80.07142857142858,17.941791443216722,102.53765403144357,97.50000000000001,62.2857142857143,1267.4886474609375,75.78571428571429,45.40873336791992,78.0,0.0009653810411691666,92.50000000000001,0.902479887008667,87.8128890991211,142.28571428571428,0.38992685079574585,159.50000000000003,81.42857142857143,37.573246002197266,56.500000000000014,-0.011442367764648556,108.64429473876953,83.94255065917969,103.92857142857144,-0.12717918739934483,3.1812081336975098,60.92857142857144,-0.2295066534713837,34.341217041015625,114.71428571428575,-0.270823128244269,39.61589431762695,45.92857142857144,-0.08773668561890355,0.0,0.5167785286903381,0.06241077209068096,64.49999999999999,73.21428571428572,-0.25043386220932007,0.5339340567588806,0.0
-47.986236572265625,76.0625,-0.03205568343400955,33.0,0.6943529347703487,29.35714285714287,44.78571428571429,558.5985717773438,51.07142857142858,66.40665750295524,92.13189712654273,72.07142857142857,52.25,1084.917724609375,79.14285714285714,40.730308532714844,31.1875,0.00023694385890848935,66.8125,0.9060751795768738,70.06075286865234,102.71428571428572,0.1619020402431488,80.85714285714288,67.0,31.7564697265625,77.92857142857144,-0.14239490016523126,44.912750244140625,33.315643310546875,63.42857142857144,0.16905484161564902,3.6644294261932373,27.214285714285715,0.3829364981331698,18.93453025817871,40.642857142857146,0.5771538186673688,18.621599197387695,55.21428571428573,-0.037037037037037035,0.0,1.8120805025100708,0.45668000618571475,75.5625,43.0,-2.249452829360962,0.23629258573055267,0.0
132.1002197265625,50.8125,-0.07109534740447998,76.0625,-0.12608365236253663,97.0625,62.625,264.3462219238281,72.4375,13.83785157635708,103.67477247881064,126.75,50.5625,7380.1787109375,65.125,35.96734619140625,98.1875,0.0010749608045443892,86.125,0.7967761158943176,204.33651733398438,116.85714285714286,1.5713162422180176,100.92857142857143,60.42857142857143,63.743507385253906,57.64285714285716,-0.08638030102586475,63.94630813598633,40.978431701660156,81.5,-0.440063726854517,0.0469798669219017,54.35714285714287,-0.015811400869025192,30.585405349731445,70.64285714285715,0.02468155233415023,56.228759765625,61.99999999999999,-0.0606060606060606,0.0,0.0,-0.037037037037037035,101.875,101.25,-10.212228775024414,-7.09346342086792,0.0
371.5912780761719,95.71428571428574,0.07025396078824997,51.85714285714286,0.29649935301193653,71.57142857142857,52.23809523809524,445.70654296875,108.95238095238096,-10.682014754979603,92.1632318971137,81.28571428571429,48.619047619047635,1297.721435546875,54.333333333333336,42.05123519897461,67.47619047619048,-0.0039002946577966213,59.0,1.2037384510040283,335.4560546875,113.19047619047618,1.2221928834915161,40.57142857142857,96.23809523809524,45.592708587646484,76.8095238095238,-0.10970984168840228,65.69127655029297,54.96635437011719,83.19047619047619,-0.08720593285878454,0.17449665069580078,23.66666666666667,0.48037045271005413,35.07840347290039,42.666666666666664,0.5351804168250787,21.759498596191406,80.0,-0.3236225997045791,2.8120806217193604,0.7986577153205872,0.36777180928256425,81.90476190476191,72.0952380952381,2.693450450897217,6.166849613189697,0.0
423.4695129394531,55.71428571428572,0.07173734903335571,43.857142857142854,0.3478031273343152,55.375,36.375,572.6124267578125,76.75,17.489429422672963,93.64500007196317,88.0625,68.57142857142858,1527.9720458984375,90.0,47.09248352050781,82.71428571428571,-0.002579584252089262,64.875,2.313082456588745,360.2697448730469,65.3125,0.8442574739456177,107.78571428571429,102.14285714285717,41.82441329956055,53.3125,0.027663319636697267,57.0335578918457,45.52075958251953,95.375,-0.273422997989841,1.0134228467941284,51.25,-0.0848914466371922,41.830665588378906,57.0,0.13426632540446615,24.133028030395508,54.375,-0.09000314782244409,0.9060402512550354,1.355704665184021,-0.03440083362278569,86.5,88.1875,10.993266105651855,-14.009838104248047,0.0
226.4202423095703,63.928571428571416,0.013840102590620518,63.49999999999999,0.1652421528344269,45.28571428571429,55.000000000000014,385.65130615234375,75.42857142857144,-36.93169024326657,90.70397131580044,65.35714285714285,84.21428571428572,559.899169921875,92.78571428571429,42.23382568359375,91.2857142857143,-0.0029798042960464954,46.57142857142857,5.12453556060791,353.2415466308594,75.6875,0.6516106128692627,80.1875,92.92857142857144,40.605430603027344,69.5625,-0.37500306960086677,92.95301818847656,59.576171875,91.8125,-0.24259069326364266,0.6308724880218506,49.25,0.012235396713157404,36.8701057434082,70.25,-0.07940851233144597,34.868831634521484,73.25,-0.15398095290700128,0.5570470094680786,0.20805369317531586,-0.2441345469133497,96.64285714285715,85.35714285714286,-6.664341449737549,-15.734468460083008,0.0
251.10009765625,64.00000000000001,0.15297551453113556,74.2857142857143,-0.14086350233767927,66.5625,65.9375,721.6128540039062,52.875,-5.865855439797344,87.42032654397181,83.3125,75.71428571428572,1842.906005859375,88.1875,45.66294860839844,121.2857142857143,0.0017423838144168258,105.3125,0.2973071336746216,113.92352294921875,80.25,0.8583371043205261,75.50000000000001,29.071428571428573,39.72666549682617,42.642857142857146,-0.6715715287450432,118.62416076660156,79.22090911865234,89.07142857142858,0.12099426352562047,0.281879186630249,19.07142857142857,-0.19690851102713602,30.269840240478516,32.21428571428572,0.5433089535237329,42.65207290649414,46.57142857142857,0.2882741954624406,0.0,0.0,-0.1064203233256351,57.0625,73.25,1.806838035583496,1.6107076406478882,0.0
-26.071287155151367,77.85714285714288,-0.030712300911545753,43.28571428571429,-0.21672856904529847,49.28571428571429,42.78571428571429,603.7855834960938,43.142857142857146,6.963941870119748,93.24657417008979,65.42857142857144,51.428571428571416,1234.4898681640625,77.92857142857143,34.930477142333984,42.857142857142854,0.0006319302483461797,84.0,0.8103986978530884,75.8460464477539,74.85714285714288,0.426948219537735,51.14285714285713,38.78571428571429,44.67650604248047,62.21428571428572,0.20694614408382878,74.83221435546875,58.43534851074219,76.64285714285715,0.016629821380165062,8.838926315307617,112.14285714285714,-0.09217927946457384,27.13385581970215,48.42857142857143,0.005269684265405425,35.97831726074219,65.35714285714288,-0.037037037037037035,0.0,1.6107382774353027,0.026004032499214527,67.78571428571429,99.78571428571429,-3.4400930404663086,-0.3626420199871063,0.0
-87.2400131225586,49.78571428571429,-0.013172531500458717,38.21428571428572,0.4136817751295367,50.21428571428572,75.78571428571429,502.6673583984375,35.92857142857143,39.70797420828134,93.23132654075195,37.78571428571429,69.42857142857144,853.6654663085938,64.07142857142858,40.18581008911133,52.35714285714286,-0.00037314026849344373,167.2857142857143,0.5523553490638733,521.843017578125,124.00000000000003,1.0132323503494263,99.3125,57.5,30.64395523071289,45.8125,-0.18183731894233274,58.174495697021484,46.416664123535156,66.3125,-0.014876762328780862,0.06711409240961075,69.625,0.026724959089465847,24.969486236572266,62.0625,0.13049956207612093,42.38832092285156,77.875,-0.11039372868970826,0.1879194676876068,0.2281879186630249,-0.26255227761608857,52.07142857142858,62.35714285714286,-0.9764729142189026,0.6312605738639832,0.0
-31.588163375854492,83.85714285714286,-0.04441166669130325,71.57142857142857,0.1856713465774954,71.00000000000001,59.57142857142857,580.0091552734375,64.14285714285714,31.226244741638236,90.97152783649449,94.28571428571429,62.04761904761905,1166.677978515625,76.28571428571429,40.99189376831055,74.0,0.00041547391447238624,71.33333333333333,0.9039061665534973,71.276123046875,99.80952380952381,0.18442240357398987,66.0,63.00000000000001,38.270084381103516,86.57142857142856,-0.37177634148271016,52.76510238647461,38.684993743896484,76.95238095238096,-0.12674392714355825,7.456376075744629,84.9047619047619,0.16312198851965354,7.296027183532715,42.285714285714285,0.268696166577862,23.264795303344727,68.71428571428571,1.0,0.0,2.429530143737793,0.300213169114164,72.66666666666666,68.52380952380952,-2.4604458808898926,0.15290126204490662,0.0
72.28905487060547,171.92857142857144,-0.07022016495466232,33.21428571428572,0.662756752724371,71.71428571428574,65.42857142857144,578.4119262695312,142.5,19.456836591630974,39.07598472712235,86.57142857142858,110.35714285714288,15178.5439453125,136.78571428571428,35.22184753417969,53.071428571428584,0.0010527794947847724,149.0,0.4688352644443512,50.137237548828125,143.14285714285714,0.588001012802124,149.57142857142856,127.00000000000001,68.60039520263672,120.14285714285715,-0.483778505904941,49.29530334472656,43.50584411621094,98.92857142857144,-0.48155659943031154,1.583892583847046,137.5714285714286,-0.3904249979827731,32.5329704284668,103.92857142857146,0.00877709732788034,58.722503662109375,135.3571428571429,-0.07548798254517333,0.0,0.23489932715892792,-0.46083277033033443,150.3571428571429,143.35714285714286,7.726582050323486,-7.994155406951904,0.0
-36.39925003051758,97.6875,-0.021273277699947357,46.375,0.12893533638145002,62.000000000000014,95.92857142857144,522.42822265625,61.357142857142875,39.11879788739169,44.8836987057293,32.42857142857143,85.9375,993.1923217773438,53.50000000000001,27.13114356994629,62.5,-0.00022079631162341684,41.875,0.795407772064209,168.0682830810547,45.42857142857144,0.4021606743335724,50.85714285714285,46.4375,29.9510555267334,33.85714285714286,-0.06507699950322898,58.40939712524414,38.244712829589844,48.571428571428584,0.3149628655538786,0.1812080591917038,61.14285714285714,-0.22448732852824926,17.51475715637207,54.28571428571429,-0.15533577923113737,40.1386833190918,57.285714285714285,-0.08247422680412371,1.0939596891403198,10.859060287475586,-0.037037037037037035,58.928571428571416,24.57142857142857,0.4293217957019806,2.5098586082458496,0.0
193.37606811523438,140.71428571428572,-0.08168890327215195,114.52380952380955,-0.46483346084063787,46.19047619047619,68.19047619047619,735.2769775390625,34.2857142857143,12.454837301433486,89.31604712097142,95.2857142857143,79.38095238095238,4464.9267578125,45.095238095238095,39.16720199584961,95.33333333333334,-0.0008262578048743308,81.66666666666666,6.3780341148376465,97.3705825805664,49.0,1.3900119066238403,80.38095238095238,57.91666666666667,56.23638916015625,74.1904761904762,-0.07677139037433159,56.30872344970703,56.77128219604492,74.85714285714286,0.09467877852707159,1.3288590908050537,69.85714285714286,-0.12275180418135387,43.06775665283203,89.95238095238095,-0.03148854704717461,22.140146255493164,55.95238095238095,-0.08780238759925701,0.0,0.1342281848192215,-0.11372345764296753,74.47619047619045,65.95238095238096,-11.852789878845215,34.894798278808594,0.0
374.1905212402344,95.85714285714286,-0.0010560567025095224,53.2857142857143,0.19091947003690626,65.07142857142857,72.0,751.81689453125,75.85714285714286,5.271339927743745,90.49507656207011,74.71428571428571,61.14285714285715,1904.4537353515625,104.07142857142856,45.45351028442383,57.071428571428584,0.0014919072855263948,22.142857142857146,1.0834434032440186,232.28518676757812,137.71428571428575,0.4770049750804901,112.78571428571428,69.00000000000001,29.40989112854004,67.28571428571429,-0.07484005356345778,106.16778564453125,52.53000259399414,86.14285714285715,-0.329257535733007,0.30201342701911926,93.85714285714285,-0.38567755956640437,16.331762313842773,81.7857142857143,0.13661894608021896,26.43990707397461,65.07142857142858,-0.08930512316432476,0.05369127541780472,0.0,-0.1345814848657738,120.64285714285715,106.21428571428575,5.387356758117676,3.4223034381866455,0.0
299.78497314453125,72.78571428571428,-0.13305728137493134,56.76190476190476,0.08280941511224693,100.20833333333336,71.375,573.4430541992188,66.95833333333331,2.5743675279937333,81.19327873900055,48.66666666666667,63.04761904761905,1394.4091796875,66.0,43.17823028564453,88.23809523809524,-0.002667393069714308,144.09523809523807,1.0826178789138794,170.6468963623047,48.83333333333333,0.5369552373886108,48.333333333333336,59.714285714285715,49.841617584228516,64.375,-0.10543590607860845,93.20805358886719,54.34358596801758,70.5,0.028287732563923994,1.0268456935882568,43.041666666666664,-0.0673518119308388,48.48311233520508,72.95833333333334,-0.2566006233258997,26.578392028808594,70.04166666666667,-0.07728357758593964,0.20134228467941284,0.6375839114189148,-0.2724818729032287,70.76190476190477,60.38095238095239,-19.721607208251953,-5.378791809082031,0.0
-19.130422592163086,31.285714285714285,-0.03580978512763977,44.85714285714286,0.10850806070517206,42.125,52.1875,620.3104858398438,38.0625,-17.799803161781107,81.33516118611229,63.3125,33.42857142857143,1233.8548583984375,70.1875,35.58876037597656,49.78571428571429,0.0007827438530512154,78.75,0.7506508827209473,76.49103546142578,94.875,0.47049570083618164,75.07142857142858,51.142857142857146,43.1434440612793,66.0,-0.33718526885295746,72.71141052246094,54.0186767578125,78.625,-0.1175390867007092,10.610737800598145,124.4375,-0.14698537555121177,26.297542572021484,47.625,0.3674094207543783,37.125667572021484,86.0,-0.03225806451612904,0.0,1.5973154306411743,0.1890059221964951,90.5,89.875,-4.106592655181885,1.3171346187591553,0.0
185.60397338867188,68.57142857142857,0.12114585191011429,64.00000000000001,0.23356747749207304,76.07142857142858,64.14285714285715,456.0448913574219,53.214285714285715,2.3414421065541724,92.36883741918504,141.21428571428572,69.21428571428572,919.0501098632812,95.07142857142858,45.95254135131836,67.64285714285715,0.0001240535348188132,41.50000000000001,0.806533932685852,256.4153747558594,98.35714285714288,0.47981953620910645,141.35714285714286,27.785714285714292,33.660789489746094,53.071428571428584,0.029631886156733487,135.2214813232422,60.76810836791992,61.35714285714287,-0.1372584554518198,0.23489932715892792,69.21428571428572,0.10456829398473083,23.856281280517578,65.28571428571429,-0.35980924443986995,30.934598922729492,83.78571428571428,0.24421250443357112,0.01342281885445118,0.0,-0.24404823761542352,65.64285714285715,54.71428571428573,8.30575180053711,-2.277772903442383,0.0
94.37210083007812,22.71428571428572,-0.13009732961654663,49.92857142857143,-0.6534530650431452,57.28571428571429,150.85714285714286,899.2026977539062,50.64285714285715,19.811305741735755,65.17930960926603,130.21428571428572,36.857142857142854,2869.26171875,57.142857142857146,20.9438533782959,36.28571428571429,0.0010769539512693882,68.2857142857143,0.9899671673774719,77.67961120605469,100.57142857142857,0.24036583304405212,111.78571428571432,75.07142857142858,43.52634048461914,80.92857142857144,-0.43407204977362546,93.54362487792969,54.67677688598633,69.21428571428572,0.013111529872256335,0.3624161183834076,30.500000000000007,0.17749943940801485,40.04690170288086,68.57142857142858,-0.16246982884341438,27.833316802978516,38.07142857142858,-0.2278096747748953,0.0,0.20805369317531586,0.13704695731243263,64.0714285714286,72.57142857142857,5.158705234527588,12.668922424316406,0.0
309.6585998535156,64.07142857142858,-0.3168901801109314,55.80952380952382,0.2957832778874815,49.54166666666667,41.62499999999999,587.0648193359375,83.16666666666667,8.155626499412843,112.08395285978672,95.99999999999999,72.14285714285712,1357.962158203125,94.66666666666664,36.938873291015625,78.0,-0.0025276965461671352,104.33333333333334,2.3448357582092285,64.34246826171875,81.29166666666669,0.6345342993736267,72.04761904761905,66.14285714285714,63.035491943359375,86.87500000000001,-0.10888026854397476,97.47650909423828,74.88296508789062,89.54166666666669,-0.18851718409935278,4.348993301391602,104.29166666666666,0.04909577905234729,34.70534133911133,51.791666666666664,-0.0628185376527483,17.878042221069336,29.875,0.16062708727477337,0.01342281885445118,0.38926175236701965,0.2766493877898135,67.29166666666669,50.75,-2.709341526031494,17.668277740478516,0.0
535.9529418945312,57.50000000000001,0.2705633342266083,57.35714285714287,0.04952408701993753,39.07142857142858,102.57142857142858,705.2986450195312,73.2857142857143,-22.141697275658583,83.9108164599429,89.64285714285714,123.92857142857144,1704.190185546875,100.07142857142856,41.36748504638672,76.00000000000003,0.001961811212822795,23.428571428571434,1.1569299697875977,292.6070861816406,112.57142857142856,0.5913692712783813,68.57142857142858,39.0,25.423730850219727,49.92857142857144,0.23831066172133042,97.14765167236328,47.429832458496094,72.42857142857143,-0.319788784447048,1.0134228467941284,76.71428571428571,0.07607125066484058,15.032364845275879,74.35714285714286,-0.22894929574061146,26.146087646484375,45.57142857142858,-0.2087482137164757,0.3087248206138611,0.0,-0.07968312445036253,94.14285714285717,30.14285714285715,0.07661217451095581,6.56450891494751,0.0
220.6048583984375,66.28571428571429,-0.1875663846731186,45.14285714285715,-0.5039877588434416,29.42857142857143,49.64285714285715,540.229248046875,65.35714285714286,9.398578143959877,82.50753209565163,123.71428571428571,66.92857142857143,1335.3287353515625,69.50000000000001,44.144039154052734,73.50000000000001,-0.002473660046234727,116.42857142857146,0.634817898273468,123.14659881591797,111.5714285714286,0.47352004051208496,110.50000000000001,68.92857142857143,48.38445281982422,75.85714285714288,0.020070730595295305,90.92617797851562,59.07112503051758,61.85714285714286,0.1370003416467373,0.20805369317531586,52.85714285714286,-0.16200980148183544,39.72483444213867,77.00000000000001,-0.19875666281090695,27.237632751464844,107.07142857142857,0.41382114725469593,0.34228187799453735,0.12751677632331848,-0.23187834256972253,68.00000000000001,47.92857142857144,-13.09140396118164,-2.961757183074951,0.0
582.6854248046875,95.0,0.12066998332738876,53.9375,-0.2482102591086855,41.785714285714285,35.142857142857146,824.6883544921875,75.57142857142857,11.117995582670973,87.41354660038036,84.42857142857144,101.125,2496.229248046875,76.71428571428572,51.24357223510742,90.125,0.002414366463199258,145.85714285714286,0.2771446108818054,160.66262817382812,105.85714285714289,0.44084253907203674,106.21428571428571,107.5,24.54254150390625,85.92857142857144,-0.4358613320517334,140.51007080078125,63.71882629394531,154.21428571428572,-0.7137017881065684,0.3087248206138611,60.92857142857143,-0.05506441544432567,19.126218795776367,89.2857142857143,-0.23780785118264536,33.350704193115234,94.28571428571428,0.1622047244094488,1.5503355264663696,0.0,-0.13934913639851462,108.28571428571432,144.35714285714286,1.3112883567810059,-0.515609085559845,0.0
418.11956787109375,74.50000000000001,0.11502526700496674,85.14285714285717,-0.2922310091787951,79.14285714285717,61.07142857142858,823.2493896484375,48.49999999999999,-3.72771964777236,83.83160187373838,64.21428571428572,106.42857142857142,2198.98974609375,98.64285714285712,43.5352668762207,108.07142857142857,0.0027338333893567324,100.71428571428572,0.4894450306892395,225.43052673339844,119.00000000000003,0.6253302097320557,59.21428571428571,123.50000000000003,30.14119529724121,52.28571428571428,-0.21895676789063667,154.1409454345703,69.82221221923828,58.285714285714285,0.3237669902474315,0.02684563770890236,64.57142857142857,0.15694892159312315,31.919382095336914,59.14285714285714,-0.08780706153457202,33.60494613647461,76.21428571428572,-0.02822738613167281,0.0,0.02684563770890236,-0.07629515783237549,40.00000000000001,22.0,0.1460159569978714,0.126739963889122,0.0
69.0308837890625,97.28571428571432,-0.018100524321198463,65.14285714285715,-0.09992402040594812,52.92857142857144,66.14285714285715,512.0463256835938,54.71428571428572,-38.848847462826924,126.20062222989648,81.71428571428572,33.35714285714286,1295.996337890625,78.07142857142858,37.56871032714844,55.14285714285716,0.0019008725648745894,85.28571428571429,1.0091315507888794,177.7361602783203,64.21428571428572,0.33341217041015625,63.75,66.85714285714286,28.390548706054688,50.92857142857144,0.09120538040333845,137.48992919921875,48.384037017822266,79.00000000000001,-0.493345142654082,0.0,49.71428571428573,0.24121362219176545,14.10379695892334,71.50000000000001,0.1184977257364146,31.110427856445312,58.92857142857144,-0.11447334643253067,2.7583892345428467,0.0,1.0,64.00000000000001,87.14285714285715,-0.8917450308799744,1.8163073062896729,0.0
76.44682312011719,50.8125,-0.008512962609529495,51.791666666666664,-0.06119521920995344,39.47619047619048,48.0,512.81494140625,97.80952380952382,31.504437059764093,62.87246162036952,54.71428571428572,53.45833333333333,1205.7763671875,56.42857142857143,37.893680572509766,75.08333333333333,0.0008533481741324067,105.23809523809523,1.5784574747085571,119.37776947021484,100.33333333333333,0.41200342774391174,78.95238095238096,101.04166666666666,16.026308059692383,73.38095238095238,-0.2990175054143821,65.19463348388672,25.877532958984375,50.14285714285713,0.2349888127593237,0.0,54.142857142857146,0.13102595329993763,15.283222198486328,66.14285714285714,-0.1831504570613474,29.72216796875,60.19047619047618,-0.03960396039603961,0.6912751793861389,41.46308898925781,-0.024390243902439022,68.23809523809524,47.95238095238095,-0.3847314417362213,1.0582540035247803,0.0
316.0339660644531,60.75,0.0064875101670622826,83.625,0.1237930469115726,112.07142857142858,71.28571428571429,504.3812255859375,24.142857142857142,-4.792348967302566,78.2072428974643,64.0,81.0625,1303.70947265625,56.214285714285715,39.82831954956055,83.25,-0.004430918954312801,51.0,0.6040970683097839,380.23370361328125,90.92857142857144,0.7333292365074158,94.2857142857143,78.1875,51.500999450683594,88.85714285714288,-0.07097289482464032,45.657718658447266,47.15243911743164,77.35714285714288,-0.4565008904791222,1.2483221292495728,44.57142857142858,0.19095514228160274,36.311038970947266,68.78571428571428,-0.4262671038828345,24.988515853881836,66.00000000000001,0.047886319043938384,1.6040267944335938,0.7785235047340393,-0.4702975025070436,49.42857142857143,57.285714285714285,-8.623416900634766,-1.7162727117538452,0.0
239.44528198242188,74.92857142857144,-0.14834366738796234,91.92857142857144,-0.5767162323234082,70.64285714285717,97.00000000000001,696.6954956054688,78.00000000000001,10.305434594218363,89.81913566043369,47.571428571428584,105.64285714285715,1756.8077392578125,104.2857142857143,44.75620651245117,104.7857142857143,0.0017198410350829363,18.642857142857146,0.8097048401832581,175.47622680664062,57.142857142857146,0.6117106676101685,80.375,92.57142857142857,23.554224014282227,51.07142857142857,-0.18526243127245476,116.91946411132812,57.396484375,54.2857142857143,-0.4928491547783538,0.020134227350354195,54.00000000000001,0.06291089287929343,20.14905548095703,60.71428571428572,-0.07004296975341757,34.382957458496094,54.07142857142856,-0.05147055547387041,0.01342281885445118,0.0,1.0,67.21428571428572,38.42857142857142,-0.16115765273571014,1.2683769464492798,0.0
549.25244140625,59.0625,-0.08370347321033478,58.6875,-0.19245823855930116,41.78571428571429,52.571428571428584,737.682861328125,41.42857142857143,-17.70172973717219,70.89206706501999,52.71428571428572,79.0,1902.5203857421875,33.0,40.53719711303711,68.8125,0.00040075634024105966,112.5,0.6219708919525146,171.99191284179688,76.42857142857144,0.9584113359451294,88.42857142857144,106.25,54.13990020751953,70.78571428571429,0.23343664955319002,65.9328842163086,59.14986801147461,84.78571428571429,-0.020811987004521814,1.2147650718688965,54.71428571428571,0.12664629773819694,27.207624435424805,50.71428571428573,0.5182854971584651,34.8869514465332,105.21428571428571,0.03804784074490287,1.429530143737793,1.5234899520874023,-0.1331828977539512,78.64285714285717,96.0714285714286,1.441399335861206,0.7020185589790344,0.0
67.41041564941406,112.57142857142858,-0.0014543102588504553,51.64285714285715,-0.14561968974704456,75.7142857142857,52.666666666666664,183.69869995117188,142.2857142857143,13.92698673593918,33.512644930915826,71.6190476190476,123.35714285714288,14287.2509765625,140.1904761904762,14.875517845153809,62.928571428571445,0.0004617404192686081,141.92857142857144,0.12339018285274506,30.584293365478516,112.42857142857144,1.288535237312317,95.47619047619048,94.42857142857144,76.49295043945312,84.7857142857143,-0.2542628767851804,20.22147560119629,50.376014709472656,45.78571428571429,-0.15662520169905603,0.2751677930355072,134.57142857142858,-0.3982757738506132,42.38188552856445,84.14285714285715,-0.3128009817154594,56.050479888916016,88.64285714285714,-0.06578505383377825,0.0,0.0,-0.07639652854174306,78.85714285714285,86.8095238095238,12.151313781738281,-8.35649116197601e-05,0.0
567.6893920898438,86.92857142857144,0.0733187347650528,67.64285714285714,-0.5803288487080432,49.0,54.6875,714.0226440429688,61.8125,-18.524503657881844,80.62312726567932,69.625,129.78571428571428,2181.330078125,54.8125,48.41325378417969,110.85714285714286,0.0020106974989175797,126.875,0.4315149784088135,227.58514404296875,78.4375,0.4777463376522064,85.2857142857143,65.35714285714286,19.73210334777832,86.4375,-0.1759693370304996,154.26174926757812,55.58238220214844,95.8125,-0.32680320605792024,0.0,62.125,-0.6671067543343169,15.604413986206055,50.25,0.3273873690633581,22.142196655273438,49.3125,-0.06164303180365652,1.127516746520996,0.0,-0.03225806451612903,95.5625,101.0625,-1.1129932403564453,0.12286771088838577,0.0
594.8991088867188,45.125,-0.0068872165866196156,49.0,-0.1798160761137466,42.42857142857143,66.85714285714286,774.807861328125,50.57142857142858,6.1005833741002435,74.17420040682075,40.642857142857146,83.625,2036.9332275390625,41.28571428571429,42.148414611816406,94.875,0.00032360327895730734,123.75,0.6256560683250427,169.3212890625,126.71428571428575,0.7104189991950989,85.71428571428572,130.5625,59.918888092041016,113.71428571428571,-0.0877566015887634,62.44966506958008,64.80828094482422,89.35714285714288,-0.4679779425946094,1.7516778707504272,57.35714285714286,-0.34990847300336025,24.52532958984375,48.642857142857146,0.08511378593634762,33.61760711669922,41.14285714285715,-0.13037329483515514,0.3691275119781494,0.9328858852386475,-0.4694590737511292,69.3125,81.75,2.0538511276245117,-3.9671318531036377,0.0
42.642730712890625,68.64285714285714,0.018444862216711044,58.500000000000014,0.02261500972675246,57.71428571428572,38.50000000000001,498.5210266113281,74.28571428571428,29.666361401445112,79.22637701554206,70.78571428571426,75.64285714285714,1123.4461669921875,65.28571428571429,42.48198318481445,76.07142857142858,0.0001365401694783941,39.92857142857143,0.7705212235450745,155.4655303955078,113.78571428571429,0.5302827954292297,125.0,34.92857142857144,19.207338333129883,60.142857142857146,-0.19955512399106434,110.83892822265625,42.64950942993164,54.142857142857146,0.05587875458790043,0.0,81.2142857142857,-0.49430557059474506,19.11505699157715,60.64285714285715,-0.15288692796364178,32.31440353393555,60.21428571428572,1.0,0.0469798669219017,12.577180862426758,1.0,56.142857142857146,48.35714285714286,-2.7680039405822754,2.2202980518341064,0.0
247.6199188232422,52.6875,-0.14422684907913208,42.1875,0.5874150173536706,66.35714285714288,29.35714285714286,588.3951416015625,16.07142857142857,1.2433874339065296,91.73268603091319,64.5,60.0625,1569.0562744140625,65.85714285714286,26.404277801513672,37.625,-0.00044864005758427083,80.14285714285715,0.8836641907691956,109.15301513671875,107.78571428571428,0.39465853571891785,90.78571428571429,96.75,41.29310989379883,61.42857142857144,0.3034783213863178,110.65771484375,50.51543426513672,65.85714285714286,-0.11830747688169807,0.0,76.14285714285714,-0.21425528847944775,40.65179443359375,103.42857142857146,-0.16014137273437026,14.874113082885742,52.21428571428572,0.38685313566019425,3.449664354324341,0.033557046204805374,-0.11096409029537078,123.21428571428574,72.85714285714288,-12.754866600036621,-1.4965871572494507,0.0
17.05562400817871,81.57142857142857,-0.03801820054650307,40.61904761904762,-0.2550754915301192,29.285714285714285,57.476190476190474,558.7673950195312,21.76190476190476,80.92261052771703,82.74552100641215,83.76190476190479,32.142857142857146,1280.6307373046875,81.33333333333333,37.32037353515625,71.3333333333333,0.0012511878740042448,83.42857142857142,1.0667208433151245,129.35543823242188,29.047619047619044,0.7484811544418335,30.285714285714285,42.09523809523809,39.306217193603516,67.61904761904762,-0.02292771960875243,112.53020477294922,70.18868255615234,61.66666666666667,0.3662104886053137,0.8053691387176514,56.14285714285714,0.3173199169446531,29.349897384643555,72.47619047619047,-0.3384281376848658,53.8936653137207,71.57142857142856,-0.16110581506196378,1.080536961555481,0.12751677632331848,-0.06643578355407985,60.71428571428572,49.14285714285714,0.7584386467933655,2.8230655193328857,0.0
306.5977478027344,92.99999999999997,-0.13322746753692627,110.00000000000001,-0.5929764073631489,99.75,57.5,408.4649353027344,69.0,-4.193823552371671,86.20100336529697,108.0,100.78571428571429,1102.1541748046875,53.125,43.95927047729492,146.21428571428575,-0.0022152913734316826,43.1875,1.3974586725234985,295.3237609863281,89.8125,1.103684902191162,144.42857142857144,114.0714285714286,43.36568069458008,81.28571428571429,0.19763817211659188,72.7248306274414,56.499794006347656,82.35714285714286,-0.14075334386594515,1.416107416152954,34.64285714285714,0.22668896672362876,33.85012435913086,66.0,-0.1551896227695094,27.34867286682129,66.14285714285715,-0.40668035160240873,2.738255023956299,0.6778523325920105,-0.37953770092819256,107.9375,62.8125,-2.9643726348876953,9.065922737121582,0.0
146.01258850097656,98.7857142857143,-0.02042069472372532,79.5,-0.2020827371471252,82.35714285714286,79.28571428571428,427.697265625,76.64285714285717,-8.586023686916237,90.43340816460231,81.07142857142858,115.0,10981.8330078125,44.71428571428572,38.28175354003906,102.7857142857143,-0.00030155564309097826,36.42857142857143,5.070582389831543,139.15965270996094,58.21428571428572,1.2806687355041504,45.71428571428572,65.42857142857144,58.60105895996094,61.21428571428572,0.19793903077034253,61.04026794433594,61.85205078125,90.85714285714286,-0.10824134716863408,0.10067114233970642,70.07142857142858,-0.07891891940316023,49.912879943847656,80.2857142857143,-0.09155288834676574,26.856462478637695,77.28571428571429,-0.07907348242811504,1.436241626739502,0.5033556818962097,0.11423864133619013,98.64285714285717,61.78571428571428,31.397254943847656,41.68620300292969,0.0
-24.791744232177734,73.0,-0.019252879545092583,42.0,-0.06310015667696961,51.0,76.14285714285715,426.8934326171875,36.78571428571429,30.562898015452397,30.55315015485568,89.14285714285715,21.142857142857146,22182.697265625,37.92857142857143,31.03365707397461,39.78571428571429,-0.00040951865958049893,150.5,5.974789142608643,95.01325988769531,28.35714285714286,0.6876955628395081,52.35714285714287,33.78571428571429,56.30668640136719,45.07142857142857,-0.07272094097757781,56.31081008911133,34.6825065612793,63.785714285714285,-0.07275485678062416,0.0,30.285714285714292,-0.1632560643645311,30.061229705810547,32.214285714285715,0.3576785597639914,57.755455017089844,42.714285714285715,0.11183471335493117,89.64189147949219,70.60134887695312,0.5680429941988924,64.35714285714285,36.357142857142854,3.4032962322235107,7.441965579986572,0.0
285.6879577636719,100.21428571428575,0.9358624815940857,42.000000000000014,-0.12872136947267984,43.0,60.28571428571429,1128.8984375,47.92857142857143,-15.910188908544963,89.01380052381813,87.0714285714286,52.14285714285715,8044.310546875,38.214285714285715,39.24897384643555,97.5,7.54371503717266e-05,147.0714285714286,3.1792361736297607,93.76749420166016,91.42857142857142,1.2406314611434937,98.71428571428572,85.71428571428572,61.161582946777344,51.21428571428572,-0.0413136467460377,109.22818756103516,75.66741943359375,77.50000000000001,-0.11558804444189,0.06711409240961075,50.64285714285715,-0.19538740288702375,39.35826873779297,62.64285714285715,0.04442313812175461,19.623777389526367,66.78571428571428,0.15010257118865655,0.02684563770890236,0.0,-0.30097549522415257,51.64285714285716,46.35714285714286,15.530661582946777,25.739408493041992,0.0
337.4547119140625,94.50000000000001,-0.15083354711532593,51.9375,0.14581378719451954,79.125,76.8125,716.055419921875,48.3125,37.38633168143714,76.47350474622743,44.0,78.0,1663.54443359375,64.25,41.939144134521484,91.5,0.0004682669823523611,33.875,0.7665897011756897,96.01111602783203,47.2857142857143,0.25246661901474,35.35714285714286,48.64285714285714,34.2075080871582,67.71428571428571,-0.24922594643008822,103.97986602783203,60.4875602722168,49.64285714285715,0.3508848879263375,0.20134228467941284,68.57142857142857,-0.502081661269071,23.822124481201172,98.78571428571429,-0.4288316046216359,14.73774528503418,39.07142857142858,0.2034727022379022,0.0,0.11409395933151245,-0.27644098320271143,58.625,77.9375,2.107342004776001,2.453451156616211,0.0
15.066426277160645,60.33333333333334,-0.03323761746287346,52.357142857142875,-0.18065606419866811,85.14285714285717,84.71428571428572,235.8074951171875,128.7142857142857,-15.634172218757987,76.87051170911083,82.57142857142857,123.92857142857144,8179.34228515625,105.42857142857142,38.96373748779297,79.78571428571428,0.0012996630975976586,117.28571428571429,2.766733169555664,216.7527618408203,104.14285714285715,1.606119990348816,109.14285714285714,75.92857142857143,81.86907958984375,99.07142857142857,-0.17333267288315396,65.51007080078125,60.8590202331543,82.2857142857143,-0.12636056659211503,0.19463087618350983,107.57142857142858,-0.2896981950164822,44.30367660522461,81.71428571428572,-0.46338313857489827,44.467735290527344,82.7857142857143,0.5003724428911916,0.0,0.00671140942722559,0.22553997344960153,117.85714285714288,87.14285714285714,-15.954307556152344,-16.678985595703125,0.0
132.91049194335938,41.785714285714285,0.7810598015785217,58.500000000000014,0.17325032145978392,118.92857142857144,52.500000000000014,760.800048828125,69.50000000000001,-0.7920338035429884,88.03859809351803,100.7857142857143,63.000000000000014,9723.13671875,72.42857142857143,33.248294830322266,47.5,-6.7559890339907724e-06,112.57142857142858,4.000400066375732,77.55702209472656,69.92857142857144,1.3969074487686157,74.85714285714286,88.5,69.11865997314453,74.35714285714285,0.2866708307353074,97.01342010498047,85.58499908447266,54.71428571428574,0.4809653292194371,0.0,78.0,0.3320440531016856,46.281978607177734,73.78571428571429,0.12587730541461106,19.96804428100586,46.07142857142857,-0.1922429653133985,0.16107381880283356,0.0,0.18227060161779576,70.07142857142858,63.85714285714286,7.0427680015563965,35.927005767822266,0.0
570.435302734375,79.07142857142858,0.13002221286296844,48.90476190476189,0.4646526362534087,74.0,83.79166666666666,607.3402709960938,58.249999999999986,15.543138554032216,89.84660664383885,70.375,70.42857142857144,1621.930908203125,69.83333333333333,45.86844253540039,63.952380952380956,-0.0031221869867295027,83.38095238095241,1.1057491302490234,335.47894287109375,54.625,1.3646477460861206,62.83333333333333,47.42857142857143,41.37339401245117,66.45833333333333,-0.007593804345770125,74.3892593383789,55.931251525878906,73.875,-0.03210471136302812,1.4228187799453735,44.70833333333334,-0.04808808029652541,40.21321487426758,60.91666666666668,-0.18120383614322227,19.144771575927734,83.95833333333333,-0.13980598136847117,1.919463038444519,0.7718120813369751,0.01831094912222227,80.47619047619048,56.71428571428572,-0.020553691312670708,-2.8315792083740234,0.0
314.9247131347656,66.57142857142857,0.3692181408405304,50.8125,-0.10709301815984257,56.5625,79.8125,679.3012084960938,54.25,-1.0008957706041783,100.45957495117041,137.75,64.5,1207.98095703125,108.875,42.128379821777344,76.125,0.0003658175119198859,46.3125,0.5584045052528381,346.846435546875,90.92857142857146,0.4936937689781189,63.000000000000014,106.35714285714285,56.98106384277344,83.07142857142858,0.07335399680973133,34.44295120239258,36.57966995239258,74.14285714285715,0.22889728620197192,2.825503349304199,65.64285714285715,-0.00940343768398214,19.562589645385742,78.64285714285718,-0.6154374107657323,18.496463775634766,89.2857142857143,-0.16897988296922536,1.1812080144882202,0.7382550239562988,-0.1946258367820673,72.4375,78.3125,-1.4443644285202026,-10.889723777770996,0.0
-65.39473724365234,102.92857142857142,-0.00977092981338501,47.00000000000001,-0.3775861214374227,91.21428571428572,70.21428571428574,319.09564208984375,121.35714285714286,17.023738113825754,69.2776791334947,82.57142857142858,124.92857142857142,25834.333984375,127.7857142857143,35.78663635253906,81.14285714285717,-0.000263018038822338,121.71428571428574,4.8229475021362305,309.5274963378906,143.14285714285717,1.605414628982544,126.2142857142857,123.21428571428575,73.20198059082031,117.57142857142858,-0.38656420529294383,53.30872344970703,61.56645202636719,95.21428571428572,-0.39698436099027606,0.06711409240961075,127.85714285714286,-0.3655681480412705,43.94240188598633,97.14285714285715,-0.17348070972339266,76.06389617919922,122.85714285714288,-0.1731465572192127,0.20805369317531586,0.0,-0.037037037037037035,84.00000000000003,141.28571428571428,10.37325668334961,14.757330894470215,0.0
52.820465087890625,130.8095238095238,-0.02626911550760269,63.571428571428584,-0.2647955652704212,49.285714285714285,71.92857142857144,546.8392333984375,52.92857142857144,65.82109265359456,54.38551758190585,52.28571428571429,131.0714285714286,1317.4449462890625,79.64285714285715,37.4721565246582,93.7857142857143,0.0006866776384413242,87.21428571428572,1.1230536699295044,109.87242126464844,89.50000000000001,0.4293520748615265,62.5,65.07142857142858,37.72641372680664,39.57142857142857,-0.009390676725514897,63.6375846862793,42.71950149536133,81.71428571428574,-0.26426250374470905,0.8053691387176514,51.71428571428572,0.08351788434323247,28.15662956237793,54.642857142857146,0.6310532465195496,33.09821701049805,41.71428571428572,-0.037037037037037035,0.04026845470070839,0.08053690940141678,0.5577549536481938,87.5714285714286,67.07142857142857,-2.5011487007141113,-1.692851185798645,0.0
-16.32107925415039,92.28571428571428,-0.01812550239264965,59.64285714285715,-0.1932723291548339,43.500000000000014,72.71428571428572,522.1939697265625,122.92857142857142,27.091389511455624,77.06162740566397,89.64285714285714,109.7857142857143,16134.5,73.14285714285715,38.643367767333984,79.42857142857143,0.0005779541097581387,61.35714285714286,1.1263490915298462,58.94046401977539,109.78571428571428,0.672216534614563,163.92857142857144,116.64285714285715,57.52520751953125,70.21428571428574,-0.23643422798878483,49.86577224731445,44.537540435791016,86.14285714285717,-0.2702434353784283,6.523489952087402,117.42857142857144,-0.5213219286294366,8.682560920715332,46.000000000000014,-0.18279455866571087,50.071502685546875,97.0,-0.08767987015013891,0.0,0.3557046949863434,-0.1453147136207245,106.71428571428574,134.07142857142856,17.91609764099121,-2.737908124923706,0.0
128.97463989257812,64.54166666666666,0.08184219151735306,79.875,-0.5696464620321963,85.375,66.375,497.078125,71.8125,-30.29860356990123,90.42539433529636,83.125,86.875,1359.57666015625,69.1875,36.8448486328125,97.25,0.0012544987257570028,86.125,1.1575374603271484,126.63914489746094,71.57142857142858,0.8176907896995544,54.21428571428571,79.2857142857143,40.71883010864258,60.64285714285715,-0.5248373807961337,110.44966125488281,77.97783660888672,95.42857142857144,-0.060196097441578396,1.154362440109253,61.00000000000001,0.042196256495919446,32.92465591430664,66.64285714285715,0.24031595236234948,38.57243347167969,83.92857142857144,-0.053707938544929654,0.033557046204805374,0.04026845470070839,-0.15144189043165227,72.3125,55.8125,1.0253139734268188,2.8031437397003174,0.0
479.7077941894531,67.57142857142858,0.174673393368721,77.76190476190476,-0.3516068384891978,75.47619047619047,91.19047619047619,552.67724609375,101.52380952380952,-12.571489108088832,92.96210682957751,116.42857142857143,75.76190476190476,1567.7222900390625,46.238095238095234,42.65480041503906,87.0,0.0015312675386667252,164.09523809523807,0.5878132581710815,200.8553009033203,133.45833333333331,1.3314692974090576,144.66666666666669,133.8095238095238,21.972827911376953,58.70833333333334,0.09679550247842889,84.74496459960938,43.0850830078125,69.91666666666667,-0.16327897272628022,0.0469798669219017,87.16666666666666,-0.1647065285393343,17.089427947998047,53.83333333333334,0.22214423097060376,27.71286392211914,57.125,-0.1739360783020094,1.1006711721420288,0.0,-0.051797739025902026,125.33333333333329,178.3809523809524,-10.258633613586426,-2.436168909072876,0.0
-15.925098419189453,97.52380952380952,-0.004421888384968042,54.071428571428584,0.49372515986203325,30.78571428571429,42.78571428571429,509.9337158203125,53.07142857142857,42.10957257939665,89.6567593867589,62.785714285714285,112.21428571428574,1091.1492919921875,78.5,39.898033142089844,95.07142857142858,-5.1931245252490044e-05,108.00000000000003,0.8058066368103027,427.5434265136719,34.57142857142858,0.4892614483833313,35.50000000000001,38.5,24.41420555114746,57.78571428571429,0.22526345698477276,90.328857421875,45.46677017211914,66.42857142857144,-0.06682075682159797,0.020134227350354195,59.21428571428572,0.0383103608435481,24.320846557617188,71.92857142857144,0.12287623144876664,47.346004486083984,33.357142857142854,0.17681595982460485,0.7651006579399109,0.1409395933151245,0.9783013351954148,83.92857142857143,69.78571428571429,-0.5126846432685852,0.9899992346763611,0.0
450.13543701171875,92.375,0.2345903068780899,54.4375,-0.00900121275296659,69.85714285714285,85.28571428571428,596.0418701171875,95.09523809523809,-27.879539529049158,87.8947689812715,90.42857142857142,96.125,1209.8531494140625,45.14285714285715,42.3431282043457,99.1875,0.0014597675763070583,32.54166666666666,1.3734591007232666,308.1131896972656,68.14285714285714,0.5980486273765564,82.38095238095238,52.0625,38.122314453125,74.4761904761905,-0.3970892900486181,75.6040267944336,41.72679138183594,54.095238095238095,0.20201020183569912,3.2080535888671875,52.7142857142857,0.25834058320400927,16.1331787109375,55.47619047619048,0.2491238914726897,21.647857666015625,49.476190476190474,-0.1676178683805743,0.6912751793861389,0.1409395933151245,-0.1973870763021348,58.66666666666667,71.47619047619048,0.1821489781141281,9.093035697937012,0.0
214.0721435546875,83.00000000000003,0.0850512832403183,74.95238095238095,-0.15164710091331562,79.50000000000001,72.35714285714286,256.2964172363281,107.85714285714285,-21.89069781567426,65.87887474167078,80.64285714285715,102.47619047619047,2533.6162109375,112.50000000000003,33.622867584228516,83.1904761904762,-0.0008005426498129964,86.07142857142858,9.08961296081543,110.4620361328125,117.85714285714286,0.9318518042564392,132.71428571428572,120.47619047619047,64.70016479492188,121.21428571428572,-0.15623520724351803,46.28858947753906,46.219974517822266,97.78571428571429,0.024926784057980676,0.033557046204805374,139.57142857142856,-0.2887781374507021,36.203636169433594,85.5714285714286,0.08510126272620776,51.579917907714844,134.71428571428572,-0.06877885634737663,0.01342281885445118,0.0,1.0,114.35714285714286,133.5,-9.639876365661621,-12.781905174255371,0.0
417.99554443359375,84.14285714285714,0.060752518475055695,80.78571428571429,-0.09863629051616794,81.85714285714288,56.28571428571429,563.1278686523438,49.14285714285715,1.623000236965666,79.07828184976191,79.14285714285717,115.78571428571428,1341.372802734375,80.71428571428572,40.56215286254883,96.0,-0.0034598992206156254,23.92857142857143,1.1178393363952637,416.01556396484375,84.28571428571428,1.4904464483261108,45.125,86.14285714285715,34.988704681396484,69.57142857142858,0.17304037736700748,80.48992919921875,56.67363739013672,77.57142857142858,-0.11198929839197426,1.3087248802185059,41.14285714285715,-0.39216345380939155,39.28141784667969,63.71428571428572,-0.45828434113980704,23.564748764038086,64.42857142857143,0.4764897163947697,3.859060287475586,1.5167784690856934,-0.02360899673471657,57.92857142857143,43.5,-7.428380966186523,3.211230754852295,0.0
501.4234619140625,56.99999999999999,0.21020905673503876,71.57142857142858,-0.09794997692209793,90.00000000000001,57.78571428571429,795.633056640625,47.14285714285715,1.0812336894489776,86.12194066159391,58.64285714285715,93.42857142857143,2019.227783203125,93.35714285714289,42.663185119628906,77.42857142857144,0.0016443333588540554,17.85714285714286,1.1325318813323975,249.3408203125,107.57142857142858,0.5174326300621033,89.07142857142858,67.35714285714286,26.84629249572754,80.28571428571428,-0.06248951161049064,108.42282104492188,53.934730529785156,71.0714285714286,0.024898900144980425,0.4563758373260498,100.14285714285717,-0.6449469921652805,14.989188194274902,61.21428571428572,-0.20804968226630097,25.58734703063965,62.50000000000001,-0.037037037037037035,0.04026845470070839,0.0,-0.08719059707638162,116.50000000000001,101.42857142857144,5.210940837860107,4.849174499511719,0.0
189.6083526611328,86.21428571428572,-0.1990940272808075,53.142857142857146,-0.37052760592973033,62.142857142857146,103.14285714285717,707.5447998046875,63.92857142857143,11.715454028356795,94.72397525422723,63.571428571428584,74.95238095238095,1855.2181396484375,74.57142857142858,17.238798141479492,74.85714285714286,0.0025181989185512066,41.42857142857143,0.6162799000740051,178.78915405273438,99.92857142857144,0.2978024184703827,107.00000000000003,66.80952380952381,28.048866271972656,72.0,-0.3600378176088241,123.61744689941406,49.43622970581055,80.85714285714286,-0.2796395611575422,0.16107381880283356,69.85714285714286,-0.43805160312867925,17.360864639282227,59.64285714285716,-0.02414294961465342,23.243778228759766,50.71428571428572,-0.02907965372942653,0.899328887462616,0.0,-0.09515453973653827,57.000000000000014,82.50000000000003,2.583204746246338,2.7528493404388428,0.0
-50.0683479309082,82.71428571428572,-0.02961416356265545,44.0,0.3938308042188902,44.9047619047619,48.76190476190476,557.6015014648438,52.66666666666668,68.99137718325494,90.54228053488697,50.28571428571429,45.61904761904761,1079.3521728515625,74.9047619047619,38.59965133666992,38.80952380952381,0.00021278695203363895,68.71428571428571,0.8954751491546631,69.83820343017578,85.9047619047619,0.15129637718200684,74.28571428571428,76.1904761904762,30.753211975097656,51.90476190476192,-0.09859841692085143,43.69127655029297,32.9276008605957,50.33333333333333,0.4646233809182202,3.436241626739502,34.66666666666667,0.11173414107542529,19.202362060546875,42.285714285714285,0.5762829115195662,17.785062789916992,45.523809523809526,-0.024390243902439022,0.0,1.8255033493041992,0.42254585780781045,80.47619047619048,53.28571428571429,-2.1543869972229004,0.435685396194458,0.0
386.61541748046875,69.35714285714285,-0.1173190176486969,68.80952380952381,-0.16974583220774891,90.57142857142856,67.1904761904762,483.0382385253906,82.71428571428572,-24.979995748690712,73.88461103669785,66.85714285714286,103.52380952380952,1313.681640625,51.95238095238095,48.954139709472656,93.85714285714286,-0.0023708310909569263,58.57142857142858,0.8747162818908691,270.08843994140625,75.52380952380952,1.0109128952026367,67.28571428571428,76.38095238095238,39.746177673339844,70.42857142857144,0.0416473559118191,86.20805358886719,60.56016540527344,70.23809523809524,-0.04174023779083345,1.9731543064117432,47.19047619047619,0.13396725331985473,22.70606803894043,69.76190476190476,0.007584490315226908,40.40409851074219,76.95238095238096,0.13160203027746983,0.8322147727012634,0.29530200362205505,0.03886718649058314,70.57142857142857,79.9047619047619,-9.683954238891602,-11.397150039672852,0.0
216.61026000976562,34.642857142857146,-0.06626544147729874,62.92857142857144,0.4130380253023576,52.42857142857144,41.50000000000001,547.28466796875,24.92857142857143,-19.399250015716426,105.27275329810666,74.7857142857143,35.42857142857144,1363.301513671875,70.14285714285715,34.85306930541992,40.57142857142858,-0.0004173954657744616,117.85714285714289,0.8797262907028198,113.13697814941406,73.92857142857144,0.5624821782112122,46.50000000000001,56.71428571428572,40.73153305053711,54.42857142857143,0.014549331517200559,107.14093780517578,52.3901252746582,69.21428571428574,-0.14780276284150817,0.020134227350354195,60.071428571428584,0.10267391995027589,44.110504150390625,67.21428571428574,0.24077226037868155,19.466482162475586,75.7857142857143,0.4272706457653592,3.127516746520996,0.05369127541780472,-0.17254050644886634,65.42857142857144,46.214285714285715,-11.690226554870605,-1.7242157459259033,0.0
215.664306640625,80.35714285714286,0.04413551092147827,53.21428571428572,-0.5566345880760954,42.875,48.6875,399.2810974121094,114.75,12.849313916675996,57.50851712591234,46.75,132.2857142857143,17698.49609375,143.0,38.453372955322266,101.14285714285715,0.0018110837554559112,146.25,1.5472350120544434,70.10990142822266,75.875,1.4418474435806274,70.14285714285714,114.42857142857142,73.35989379882812,103.4375,-0.06260933118511552,92.86576843261719,92.77552032470703,66.9375,0.6206800512590287,0.0,128.0,-0.2719387259379749,36.80353927612305,71.6875,0.4871138127312978,55.688201904296875,139.5625,-0.13693470309386424,0.0,0.0,-0.06287224648717843,92.5625,100.9375,-7.835709095001221,9.29242992401123,0.0
79.38943481445312,45.75,-0.0017086887964978814,48.0625,0.1129237209019882,83.85714285714288,83.21428571428574,416.416259765625,24.78571428571429,28.54676143915061,74.54670508222776,71.07142857142857,40.5,19415.369140625,21.071428571428573,36.863121032714844,59.6875,0.0008921693079173565,55.92857142857143,3.109722375869751,90.73193359375,60.5,0.9851111769676208,45.214285714285715,49.625,52.822227478027344,39.142857142857146,0.1600553645849177,68.0536880493164,41.05305099487305,52.28571428571429,0.32770581708194013,0.00671140942722559,35.92857142857143,-0.20070426397124613,30.9000186920166,56.42857142857143,-0.1628426082094132,65.29660034179688,37.92857142857143,1.0,0.5100671052932739,13.624160766601562,1.0,64.00000000000001,43.714285714285715,-6.57107400894165,7.527223110198975,0.0
309.2503662109375,48.58333333333334,-0.057447146624326706,62.0625,-0.004860085593763402,33.14285714285715,74.64285714285715,514.1710205078125,45.928571428571445,-15.151592941892227,71.67186208245904,76.42857142857144,22.8125,1754.905029296875,49.57142857142858,46.2870979309082,73.0,-0.004128156695514917,98.85714285714288,4.9390716552734375,322.60821533203125,42.35714285714286,1.2915288209915161,87.7857142857143,44.875,54.23586654663086,66.64285714285714,0.25376050647266024,56.18791961669922,61.3623161315918,74.0,-0.06832947444226761,0.8255033493041992,78.28571428571429,-0.6334364462955004,37.669010162353516,51.28571428571429,0.4152401915932128,22.970932006835938,77.92857142857144,0.21995073048893152,0.7583892345428467,0.0939597338438034,0.2569356031754324,80.14285714285717,63.14285714285714,14.592206954956055,-16.415735244750977,0.0
-70.40728759765625,84.71428571428574,-0.034336306154727936,54.00000000000001,0.3423221104693331,79.95238095238093,72.42857142857143,492.43414306640625,82.66666666666667,35.58581106774759,80.72777947653097,81.42857142857144,85.0952380952381,16467.404296875,86.23809523809524,33.972442626953125,46.952380952380956,9.743768168846145e-05,39.14285714285714,2.0051422119140625,53.52263259887695,76.42857142857143,0.4677579700946808,82.64285714285715,82.61904761904762,45.13655090332031,103.1904761904762,-0.19085143162058624,50.79865646362305,42.292362213134766,77.52380952380953,0.006717328282937759,1.570469856262207,101.28571428571426,-0.381810414663789,7.412970066070557,82.0,0.06231921609271213,42.61915588378906,95.0952380952381,1.0,0.0,1.3825503587722778,0.6328919379447829,99.21428571428574,93.35714285714286,13.336628913879395,4.021000385284424,0.0
259.8532409667969,39.9375,-0.11974871158599854,61.4375,-0.4912789520677995,57.35714285714286,44.50000000000001,776.9309692382812,62.7857142857143,21.70215900732367,77.51594160245665,76.64285714285715,59.4375,2023.94921875,71.71428571428572,41.26498031616211,111.625,0.002300298772752285,149.42857142857144,0.6321660876274109,137.0734100341797,77.64285714285714,0.7239264249801636,67.64285714285715,73.3125,31.924789428710938,85.0714285714286,-0.6855628281162605,178.8859100341797,64.54586029052734,103.07142857142858,-0.15554114613010242,0.01342281885445118,37.99999999999999,-0.1259670121150197,35.15489959716797,106.07142857142858,-0.24681222479344955,34.13386154174805,95.2857142857143,-0.03703703703703703,0.24161073565483093,0.0,-0.12490233568574648,70.64285714285715,71.14285714285717,0.2902418375015259,2.583841323852539,0.0
158.8688201904297,96.0625,0.037462979555130005,47.3125,-0.18860828831680357,45.285714285714285,99.71428571428574,533.1746215820312,60.07142857142856,-0.34018201635987966,75.51545834153652,94.7857142857143,49.3125,1482.4720458984375,65.64285714285715,39.47926712036133,85.125,0.0011844028485938907,107.75,1.152853012084961,162.81617736816406,71.42857142857144,0.711166262626648,44.071428571428584,61.5,33.29834747314453,61.28571428571429,-0.2952435442808718,93.0536880493164,71.81303405761719,79.57142857142858,-0.3841932965300591,0.9127516746520996,45.28571428571429,-0.32624860379767034,30.528018951416016,51.14285714285714,0.49007141499584744,36.94927978515625,60.42857142857143,0.057239057239057214,0.02684563770890236,0.04026845470070839,-0.2456127095422308,73.125,38.6875,0.9456688761711121,-2.172086477279663,0.0
-44.560821533203125,110.28571428571432,-0.014910832047462463,92.07142857142858,-0.39166689735633853,92.57142857142857,89.92857142857143,347.2362060546875,91.35714285714285,25.05691614277011,32.12111171779569,66.57142857142858,110.92857142857144,26283.77734375,92.07142857142857,29.484939575195312,107.71428571428572,-7.341878517763689e-05,119.2857142857143,5.553869247436523,122.86570739746094,83.57142857142858,1.40392005443573,81.92857142857143,114.85714285714286,65.88105010986328,83.57142857142858,-0.4626870236679088,30.765100479125977,30.234294891357422,81.64285714285715,0.03708376839271187,0.00671140942722559,84.42857142857144,-0.10752895631175087,35.71943283081055,93.57142857142858,-0.5507679347744334,83.65655517578125,92.35714285714285,-0.037037037037037035,0.8255033493041992,8.724832534790039,-0.037037037037037035,83.28571428571432,103.14285714285715,5.8034987449646,13.303702354431152,0.0
64.36419677734375,55.714285714285715,-0.10269498825073242,85.50000000000001,-0.256425937740885,83.47619047619045,72.71428571428572,708.8621215820312,64.28571428571428,8.223787697144603,49.27693449176825,68.8095238095238,36.571428571428584,1582.9276123046875,64.47619047619048,21.96747589111328,52.57142857142857,0.0012995136203244328,97.14285714285714,0.601800799369812,64.2465591430664,99.14285714285715,0.1993773728609085,59.833333333333336,120.71428571428574,31.40483283996582,63.3125,-0.3523075867466059,70.28187561035156,38.629730224609375,74.6875,0.06621004511848215,1.9060403108596802,50.0,-0.19736479806332985,14.83810806274414,59.5625,0.11462762825574456,25.63417625427246,43.9375,-0.06730391882042945,0.0,0.20134228467941284,-0.13157728027164345,52.23809523809524,61.619047619047635,-1.0635364055633545,0.4666867256164551,0.0
-14.312182426452637,49.071428571428584,-0.018558669835329056,44.142857142857146,0.4723408379624464,50.375,58.8125,578.01806640625,67.375,20.05161068023451,94.41134074501421,74.4375,67.64285714285715,1223.07763671875,77.1875,46.34077072143555,41.00000000000001,0.0006928116781637073,69.9375,0.976992130279541,77.31085968017578,44.1875,0.3505014479160309,32.14285714285715,26.071428571428573,39.856971740722656,84.07142857142857,-0.06488916851080945,64.52349090576172,56.13353729248047,36.49999999999999,0.37427362030589784,5.6375837326049805,121.21428571428572,-0.42123008251409205,23.637664794921875,88.35714285714286,-0.4164019804852932,29.83740997314453,65.2857142857143,1.0,0.0,1.3355704545974731,-0.3921319164338521,75.4375,72.9375,-2.0789830684661865,-0.7904523611068726,0.0
335.22161865234375,105.42857142857143,0.03349791094660759,72.71428571428572,-0.1979130845217626,44.35714285714287,79.2857142857143,451.438720703125,92.71428571428574,2.098149729655093,81.45658169760063,55.928571428571445,79.85714285714286,1177.52294921875,73.5,42.4652099609375,78.85714285714285,-0.004058347549289465,86.07142857142857,0.9442211985588074,377.29437255859375,51.64285714285715,1.1855475902557373,50.71428571428572,63.000000000000014,45.300540924072266,100.42857142857143,-0.524492176110409,46.671142578125,43.011383056640625,102.21428571428575,-0.38685491859313303,3.127516746520996,40.50000000000001,0.4005039854795792,31.57038116455078,65.00000000000001,-0.019409939347463653,18.88222885131836,74.28571428571429,-0.16049996128767302,3.3557047843933105,1.6174496412277222,-0.33932150945088446,67.64285714285714,70.50000000000001,-16.877521514892578,11.287083625793457,0.0
-5.931942939758301,60.125,-0.02021939679980278,42.0625,-0.1786845679366488,63.5,83.4375,467.7584533691406,45.25,29.5147416203311,49.37384892298638,66.375,46.75,16689.693359375,44.125,32.42920684814453,56.0625,-0.00020161907013971359,92.75,4.791189670562744,102.64434051513672,76.85714285714288,0.6443822383880615,68.2857142857143,58.57142857142858,47.72465515136719,30.357142857142854,0.3260635581427397,66.04545593261719,33.783145904541016,60.92857142857143,-0.3932025119603024,0.0,45.92857142857144,0.20592851882384527,22.986202239990234,45.50000000000001,0.0656422690229342,49.945167541503906,38.92857142857144,-0.09483450024927924,92.89393615722656,86.18939208984375,0.5279931291153738,51.6875,76.125,-2.1715524196624756,8.622278213500977,0.0
-80.05033874511719,53.20833333333333,-0.03488759696483612,67.0,-0.023864893165178702,87.00000000000003,55.0,516.20849609375,62.14285714285715,48.67242546209553,88.38492966589871,79.35714285714286,95.5,12083.173828125,68.00000000000003,32.78873062133789,49.6875,-2.3165950551629066e-05,47.3125,1.7426060438156128,58.101654052734375,93.7857142857143,0.35688599944114685,78.14285714285715,67.9375,37.657958984375,57.785714285714285,0.03715831164289863,41.9664421081543,31.044979095458984,63.428571428571445,0.34276417088666394,1.1677852869033813,39.00000000000001,-0.3651127445826205,18.897647857666016,59.07142857142857,0.1236654261484961,31.039758682250977,65.42857142857143,1.0,0.0,1.7248321771621704,-0.5988087819864159,74.375,98.6875,6.143096923828125,1.0748069286346436,0.0
-21.443099975585938,105.57142857142857,-0.019927849993109703,40.85714285714286,-0.09462471711276356,76.21428571428574,87.92857142857144,457.6038513183594,42.78571428571429,37.424295959320474,36.68745634520825,62.71428571428574,78.42857142857144,18504.884765625,47.285714285714285,31.724119186401367,67.5,-0.00023124055587686598,118.35714285714286,4.835873126983643,101.73784637451172,71.07142857142857,0.638148844242096,23.125,60.21428571428573,48.0488166809082,37.57142857142858,0.10901650165016502,62.63120651245117,33.72740173339844,79.85714285714285,-0.5096915236639882,0.0,52.78571428571429,-0.20439202340386176,25.802047729492188,49.42857142857144,-0.07079304036724124,50.392906188964844,67.35714285714288,-0.15464680546701293,97.0567398071289,76.0141830444336,0.8590596178260014,67.64285714285717,79.64285714285715,0.9903656244277954,7.583677768707275,0.0
161.3882598876953,68.4375,0.026276998221874237,53.85714285714286,0.40689293956538586,34.142857142857146,61.142857142857146,543.6810913085938,114.49999999999999,45.218547678633826,42.39247197870285,61.57142857142858,118.64285714285717,13144.8759765625,84.71428571428572,32.09404754638672,58.571428571428584,0.0013495233142748475,76.35714285714286,0.2408331036567688,83.98526763916016,48.57142857142859,1.3084605932235718,53.50000000000001,36.3125,82.5916519165039,88.07142857142858,-0.21859123332620883,57.6308708190918,65.8615951538086,76.71428571428572,-0.0773973310853798,0.3624161183834076,56.14285714285715,-0.03734963020753296,45.41444778442383,98.21428571428572,-0.4510597527177695,68.7213363647461,80.14285714285715,-0.06728869374313941,0.0,0.0,-0.07643600180913614,73.07142857142858,83.71428571428571,14.421298027038574,-6.5769877433776855,0.0
191.68678283691406,46.07142857142858,0.014167113229632378,69.92857142857143,-0.405894398988788,60.21428571428572,67.28571428571429,321.81463623046875,28.28571428571429,-11.946286343888149,66.11957284545501,55.07142857142857,75.78571428571429,7180.2724609375,2.071428571428571,33.63225555419922,86.28571428571429,-0.0005780341452918947,29.78571428571428,8.28032112121582,43.91936492919922,12.642857142857146,0.9316359758377075,28.5,11.42857142857143,58.320796966552734,85.85714285714288,0.2714911175255663,33.86577224731445,44.62470626831055,60.85714285714286,0.3749516437148794,0.00671140942722559,8.071428571428571,0.993039719150533,45.11255645751953,44.285714285714285,0.6855364716751354,20.44450569152832,70.2857142857143,0.2741109540474575,0.0469798669219017,0.0,-0.12945800909879318,54.42857142857143,22.000000000000004,23.491273880004883,56.135684967041016,0.0
86.466796875,64.625,-0.06793387234210968,81.5,-0.5134963687841373,81.64285714285715,74.28571428571429,182.104736328125,63.35714285714287,-41.051603390866475,85.14183581510127,80.0714285714286,114.875,8004.60498046875,88.07142857142857,37.56180953979492,110.5625,0.0014767242828384042,78.42857142857142,0.822790801525116,199.31993103027344,84.2857142857143,1.555440068244934,87.64285714285715,113.25,88.12211608886719,105.21428571428575,-0.2728595551871868,46.583892822265625,46.537723541259766,74.64285714285714,0.11103451972395498,1.5570470094680786,88.0,-0.2612625482597342,36.24875259399414,63.5,0.18585905610794395,60.877262115478516,97.35714285714289,-0.11006731258492665,0.4429530203342438,0.0,0.16078907086921004,80.64285714285715,81.85714285714286,-9.707149505615234,-15.821064949035645,0.0
163.53457641601562,103.07142857142858,0.02524738200008869,78.21428571428572,-0.507917667537435,38.85714285714286,66.07142857142858,259.42669677734375,100.78571428571432,-22.437691802046444,89.44895767710574,84.92857142857144,106.28571428571428,6254.62939453125,20.0,38.66728973388672,76.28571428571429,0.0010247292229905725,17.57142857142857,1.2329953908920288,228.20484924316406,47.14285714285714,1.2772021293640137,49.625,35.214285714285715,73.02397918701172,56.35714285714285,-0.4389758201938695,58.9664421081543,44.54096984863281,79.35714285714285,0.11991028823325059,1.2684563398361206,27.92857142857143,-0.03184109380832127,30.45237922668457,40.57142857142858,-0.34288584423919405,44.82926559448242,51.57142857142857,0.5120957385515659,0.281879186630249,0.0,-0.11770933634211354,84.5714285714286,86.0952380952381,-18.646013259887695,-8.744973182678223,0.0
-25.739139556884766,111.6875,-0.01746125891804695,59.125,-0.32695793743629725,41.21428571428571,38.85714285714286,518.7859497070312,71.07142857142858,40.84138671123741,52.693848404273815,81.92857142857144,96.75,996.7922973632812,55.71428571428572,35.72547149658203,74.0,0.00022291789355222136,90.92857142857144,0.9113403558731079,140.96148681640625,60.92857142857144,0.5835472941398621,75.14285714285714,36.0625,27.176105499267578,48.928571428571445,0.22876915267360945,88.09395599365234,52.87484359741211,74.7857142857143,-0.3292721227214408,0.02684563770890236,36.00000000000001,-0.14884418187364887,19.921798706054688,37.35714285714286,0.20362444794096238,40.25227355957031,56.21428571428572,-0.037037037037037035,5.328858852386475,55.912750244140625,1.0,76.35714285714286,92.64285714285714,0.86520916223526,3.83437180519104,0.0
77.23607635498047,79.78571428571429,-0.10815167427062988,70.57142857142858,0.09965001326101312,77.07142857142857,69.50000000000001,541.7123413085938,65.50000000000001,-29.246669240545906,106.15465012225877,49.71428571428572,72.14285714285715,1290.570556640625,100.21428571428572,42.681983947753906,74.35714285714289,0.0017377062467858195,35.07142857142857,0.5572264194488525,173.27183532714844,56.4375,0.4529135227203369,108.4375,80.92857142857144,23.015926361083984,68.25,0.008560914476044438,156.36912536621094,50.463401794433594,72.625,0.0995668503835029,0.0,79.625,-0.2971745689372869,20.153776168823242,49.3125,0.062385843776096774,36.500850677490234,73.25,-0.10158502879407177,0.00671140942722559,0.0,-0.05856995595539312,57.142857142857146,97.42857142857143,1.673134684562683,0.1770990937948227,0.0
614.9238891601562,78.64285714285714,0.12792672216892242,88.21428571428571,-0.6422583494166526,77.57142857142857,37.64285714285715,722.3528442382812,61.21428571428571,12.701273468516817,70.71682097350282,59.71428571428572,83.78571428571428,2038.564453125,58.78571428571429,44.62127685546875,124.7857142857143,-0.0005631407839246094,92.85714285714288,1.1613731384277344,110.76276397705078,71.57142857142858,0.8825385570526123,129.57142857142858,70.85714285714286,33.166961669921875,47.571428571428555,0.10813996498409487,65.04698181152344,39.02886962890625,45.21428571428572,0.5475072725409196,0.7852349281311035,59.21428571428572,-0.04729224723842128,30.58394432067871,81.0,-0.41579622790696213,15.47307014465332,65.64285714285715,0.37440106076282514,0.1812080591917038,0.04026845470070839,0.3355534199806475,77.28571428571429,58.35714285714287,-17.218048095703125,-6.694003582000732,0.0
-26.050800323486328,104.00000000000001,-0.013836847618222237,80.71428571428572,-0.3844568383380572,78.78571428571429,81.50000000000001,382.8983459472656,74.28571428571428,32.26945845932769,34.12611258309613,71.78571428571429,76.99999999999999,25370.9296875,73.92857142857144,32.39543914794922,90.57142857142858,5.2237126510590315e-05,121.35714285714286,6.417703628540039,87.3022689819336,87.42857142857144,0.9697847962379456,59.285714285714285,81.5,59.987693786621094,77.0,-0.4222974203117376,44.61745071411133,35.633968353271484,64.64285714285714,-0.2872624634302295,0.0,66.0,-0.19641006566031285,34.3136100769043,95.14285714285715,-0.4787719628706473,64.91195678710938,96.5,-0.22686401120413882,41.73825454711914,72.97986602783203,1.0,107.85714285714289,97.14285714285714,5.370887756347656,7.018509864807129,0.0
39.30919647216797,78.92857142857143,-0.03201288729906082,78.85714285714288,-0.1708500987876361,70.52380952380953,64.19047619047619,521.692138671875,49.14285714285714,43.074913632149666,35.21383282543744,75.66666666666666,69.14285714285714,1165.0057373046875,51.857142857142854,24.96928596496582,56.33333333333334,8.046461516642012e-06,88.76190476190474,1.7230521440505981,100.03718566894531,73.19047619047618,0.38858896493911743,59.190476190476204,76.80952380952381,17.232423782348633,68.52380952380952,-0.3020792063221981,74.09395599365234,23.72022247314453,83.33333333333333,-0.039078018943896925,0.0,49.14285714285714,0.5119391430682273,15.632064819335938,55.80952380952382,0.2747950201287986,25.881614685058594,79.38095238095238,1.0,47.22147750854492,78.13423156738281,1.0,55.47619047619048,77.47619047619047,-0.005854280199855566,0.20034828782081604,0.0
-3.590064525604248,120.52380952380956,-0.017361275851726532,48.78571428571429,0.42523781677541883,98.14285714285715,60.21428571428572,514.7542724609375,42.785714285714285,64.95666093794291,49.18828183200979,42.85714285714286,143.7857142857143,1077.0677490234375,67.42857142857144,32.662784576416016,50.92857142857144,-7.255744276335463e-05,89.85714285714288,0.8226991891860962,163.99142456054688,53.642857142857146,0.24024632573127747,87.14285714285717,71.14285714285715,19.85350799560547,54.71428571428572,-0.2561630673499267,91.0604019165039,48.33110809326172,68.64285714285714,0.22344302452338777,0.08724832534790039,41.42857142857143,0.16609580195449106,13.090218544006348,52.85714285714286,-0.19880576131484493,35.078125,83.14285714285715,1.0,0.6577181220054626,11.033556938171387,-0.04130243570271105,32.357142857142854,62.785714285714285,0.7612165808677673,2.2769935131073,0.0
59.19572448730469,55.91666666666667,-0.009835055097937584,70.25,0.25578453147403635,79.57142857142858,71.21428571428572,501.876220703125,88.14285714285714,10.376148978735776,94.82878842403765,62.21428571428573,85.6875,1203.3790283203125,67.42857142857143,40.653961181640625,67.625,0.0002597374841570854,98.5,1.0417331457138062,376.4991149902344,73.92857142857143,0.8343048095703125,64.07142857142858,70.0,23.45652961730957,40.00000000000001,0.08126336224389469,98.18791961669922,36.91826248168945,64.71428571428574,-0.4754146290855761,0.0,65.28571428571429,-0.16427532258358243,16.33269691467285,73.85714285714286,0.04662543240805039,37.38272476196289,56.07142857142858,-0.22684561032149272,0.7248322367668152,0.12751677632331848,1.0,34.8125,50.0625,-1.2139744758605957,-0.9849787950515747,0.0
490.73919677734375,39.28571428571429,-0.03780248016119003,59.5,0.42767864980989767,61.14285714285715,78.42857142857144,1130.213134765625,47.21428571428571,19.140674121427857,98.15976973793512,70.07142857142858,48.642857142857146,1956.149658203125,35.14285714285714,43.08916473388672,53.928571428571445,0.00013891959679313004,105.0714285714286,2.6226303577423096,116.0610580444336,50.42857142857144,0.6037347912788391,79.78571428571429,53.642857142857146,50.86909484863281,64.85714285714286,0.41041967544340185,53.825504302978516,59.907955169677734,73.35714285714289,0.32990790963826133,5.610738277435303,53.857142857142854,-0.02981044365077234,33.198326110839844,87.92857142857144,0.01821657936409898,46.736778259277344,46.785714285714285,0.10392308668057611,0.0,3.0939598083496094,0.11773391322363243,68.57142857142857,50.214285714285715,26.968969345092773,-2.9605672359466553,0.0
-63.8679084777832,43.8125,-0.03146587684750557,67.5625,-0.05634404783591013,65.42857142857143,39.92857142857143,472.5380554199219,20.428571428571434,38.605733257012076,79.70692532167686,114.5,21.5,18299.892578125,21.42857142857143,33.605472564697266,57.1875,0.0001523929531686008,45.35714285714286,2.064650297164917,51.19232940673828,25.428571428571427,0.5325550436973572,30.142857142857146,35.6875,51.675750732421875,78.85714285714285,-0.23479990874347992,53.30872344970703,45.02674865722656,69.5,-0.2875561165244611,1.8389261960983276,77.21428571428572,0.29083609148070605,7.213369369506836,67.92857142857144,0.01682319457821452,48.02151870727539,70.28571428571429,1.0,0.0,1.3288590908050537,0.12492117873723971,52.64285714285715,48.571428571428584,16.63106346130371,4.293296813964844,0.0
-83.31230163574219,100.42857142857144,-0.007586013525724411,54.00000000000001,0.4087231977623862,69.78571428571429,91.78571428571428,469.07672119140625,58.21428571428572,21.540296152934133,90.85922709497368,56.0,73.71428571428572,12760.9775390625,61.57142857142857,40.80481719970703,59.00000000000001,-0.0003438683634158224,136.8571428571429,2.3215973377227783,631.7265014648438,175.3571428571429,0.9162460565567017,101.92857142857144,129.35714285714286,39.989585876464844,51.928571428571445,-0.23682796271837236,59.04026794433594,48.02472686767578,62.71428571428572,0.11201074454088147,0.0,67.42857142857144,0.08235003123523461,25.5113468170166,38.78571428571429,0.12676868996261006,48.562782287597656,82.5,-0.16012451352420415,0.5302013158798218,0.00671140942722559,-0.36574752578325465,62.64285714285715,100.28571428571429,4.275968551635742,7.646474361419678,0.0
281.91070556640625,31.0,-0.08946190774440765,56.50000000000001,0.13471725770525192,50.35714285714286,54.07142857142858,503.19720458984375,36.57142857142858,30.325513231674297,84.00437087068832,108.50000000000003,50.78571428571429,1379.782958984375,60.500000000000014,46.415767669677734,67.92857142857143,-0.0031405941117554903,93.71428571428574,0.7530680298805237,247.5106964111328,23.214285714285715,0.34257155656814575,53.071428571428584,14.214285714285717,62.446468353271484,105.5,-0.25732364772732785,93.87919616699219,68.94078063964844,115.57142857142858,-0.14659984174653168,2.3691275119781494,111.14285714285715,-0.3988316704787761,41.471160888671875,78.35714285714286,-0.1970459324234013,15.120031356811523,66.50000000000003,-0.14367478459018732,0.21476510167121887,0.8322147727012634,-0.08437608913173016,78.78571428571429,67.14285714285714,-4.336185932159424,-24.725500106811523,0.0
177.58853149414062,49.28571428571429,0.027032023295760155,35.57142857142857,0.061005660860039654,28.214285714285722,37.85714285714286,487.6273498535156,30.71428571428572,-47.56392732002591,103.584873844798,113.71428571428574,43.142857142857146,4939.55419921875,76.92857142857144,41.39832305908203,41.85714285714286,-0.00032409909181296825,127.42857142857146,2.511772871017456,120.507080078125,47.50000000000001,0.8452012538909912,90.7857142857143,70.78571428571429,44.15646743774414,64.71428571428572,-0.22482975256982782,99.89933013916016,56.05435562133789,63.00000000000001,0.14144356301803568,0.020134227350354195,57.642857142857146,0.31201535289814447,50.97526931762695,54.78571428571427,0.1812249624516624,20.630720138549805,47.35714285714286,0.11298055481223798,1.6107382774353027,0.2281879186630249,-0.1734085485124967,51.14285714285715,67.0,-0.9980778098106384,15.449273109436035,0.0
-0.26726996898651123,78.14285714285715,-0.012333089485764503,143.21428571428572,-0.6961990485101672,88.21428571428572,64.71428571428572,344.0020446777344,127.64285714285714,16.081745130956666,42.99655886160994,69.14285714285715,144.5,27126.66796875,127.57142857142856,32.31219482421875,169.2857142857143,-0.0007369958329945803,122.85714285714286,7.732500076293945,68.21541595458984,143.07142857142856,0.8517828583717346,126.00000000000003,134.57142857142858,71.35066223144531,121.92857142857144,-0.20271600366122772,50.01852035522461,42.42378234863281,70.35714285714288,0.31437933105171634,0.0,124.2142857142857,-0.07338905452667127,30.396556854248047,106.21428571428572,-0.2717353123599555,70.52271270751953,109.28571428571429,-0.05365292273502916,75.95867919921875,65.71295928955078,-0.2855407249289803,92.85714285714288,81.2857142857143,-4.715075969696045,8.557705879211426,0.0
192.71754455566406,65.14285714285714,-0.40775009989738464,42.500000000000014,0.2493430095221473,51.78571428571429,69.92857142857144,544.881103515625,115.5,-4.5782378871968925,81.90156227768624,109.92857142857142,51.78571428571429,1193.4119873046875,21.85714285714286,36.90058517456055,60.500000000000014,0.0002608888316899538,190.28571428571428,0.6803440451622009,110.22323608398438,64.92857142857144,0.6223607063293457,55.5,39.35714285714287,25.951147079467773,59.5625,0.08905273445116503,124.81208038330078,49.14918518066406,80.8125,-0.5113156955367606,0.0,73.0625,-0.14372094668003335,21.416419982910156,80.0625,-0.09149679073336335,9.009421348571777,70.9375,-0.2936235858758999,0.6308724880218506,0.0,-0.05920435415894442,65.07142857142857,66.42857142857144,-5.827059745788574,-2.383843421936035,0.0
296.3672180175781,116.50000000000003,0.07367324829101562,80.85714285714288,-0.48394274594896475,103.0,99.85714285714288,480.4674987792969,115.5,-37.35771792847038,92.34010001909115,126.57142857142858,80.42857142857144,538.4580688476562,113.92857142857143,41.83885955810547,101.85714285714286,-0.0033420114777982235,92.64285714285715,3.443021059036255,427.7728271484375,43.85714285714287,0.6609076261520386,91.35714285714286,35.285714285714285,37.139469146728516,71.50000000000001,-0.25208667196459883,91.48322296142578,58.14857482910156,54.85714285714287,0.057013110385051045,0.5503355860710144,69.71428571428572,-0.21954364467403042,32.49995040893555,38.0,-0.4126900823501208,31.927030563354492,85.7857142857143,-0.15649471721566188,1.2483221292495728,0.16107381880283356,0.12582265617155666,69.71428571428572,31.071428571428577,-7.366572856903076,-21.298023223876953,0.0
187.78245544433594,98.42857142857143,-0.10330542176961899,80.35714285714288,-0.584315006198781,80.7857142857143,59.35714285714287,436.63726806640625,78.21428571428572,-18.43405089442362,80.51388489827279,108.14285714285717,101.57142857142853,997.9666748046875,45.142857142857146,43.45615005493164,115.7142857142857,-0.0028786961920559406,121.57142857142858,1.5903271436691284,69.83053588867188,105.21428571428572,0.32155951857566833,56.21428571428572,132.50000000000003,65.11026763916016,104.49999999999999,-0.3567552173669539,92.49664306640625,64.32505798339844,59.07142857142859,0.03457294257854177,0.020134227350354195,34.42857142857144,-0.15506456676483282,39.04324722290039,69.42857142857144,-0.354052498641174,5.4323954582214355,25.071428571428577,-0.11144061683471461,0.1812080591917038,0.04026845470070839,-0.044687156834242986,62.28571428571429,103.42857142857144,-29.465559005737305,-11.329071044921875,0.0
409.795166015625,93.0,0.007479858119040728,76.42857142857144,-0.20285172190113168,114.5714285714286,125.57142857142858,464.7976989746094,117.28571428571426,-29.980119210111614,85.8362682909315,60.071428571428584,101.00000000000003,1442.373779296875,109.2857142857143,40.31040954589844,109.85714285714286,-0.0012983365450054407,63.42857142857144,5.678562164306641,303.1396179199219,120.71428571428575,0.6664156317710876,47.85714285714287,84.0,44.48698425292969,40.21428571428572,0.31444756505195104,45.52349090576172,34.43242263793945,47.92857142857143,0.45974295673158677,1.073825478553772,66.21428571428572,-0.15295773306597965,30.934131622314453,36.78571428571429,0.3529618710117072,32.55008316040039,71.64285714285715,-0.07692307692307693,0.449664443731308,0.00671140942722559,1.0,100.57142857142857,123.35714285714286,-14.090964317321777,-14.424227714538574,0.0
262.1180114746094,43.875,-0.028077473863959312,34.25,0.2881962187020951,45.1875,25.125,580.0046997070312,65.1875,-7.098271105913508,78.99423365277781,70.4375,32.875,1658.6817626953125,53.1875,43.19441604614258,80.625,0.0021251277066767216,125.1875,0.7303840517997742,110.9384994506836,42.35714285714287,1.0183769464492798,40.5,53.500000000000014,26.172557830810547,68.14285714285714,-0.2156589064890674,133.8859100341797,71.96210479736328,39.78571428571429,0.5727792470401528,0.01342281885445118,69.71428571428574,0.11429229615009853,23.514875411987305,48.71428571428572,0.5033659403609245,24.05124282836914,40.142857142857146,-0.1299471530196487,0.0,0.0,0.5418945304208861,57.875,60.5625,-0.027912523597478867,7.3084330558776855,0.0
258.0173645019531,83.125,-0.19900991022586823,64.8125,-0.04683449170536343,52.28571428571429,62.78571428571429,804.66650390625,73.85714285714286,44.738294088000416,73.05278965202552,104.7857142857143,81.875,2078.808837890625,80.92857142857144,31.991304397583008,95.9375,0.002715100534260273,100.85714285714286,0.5533303022384644,189.74327087402344,93.64285714285711,0.3784486949443817,37.7857142857143,46.0625,20.419921875,60.85714285714287,0.10218518638809367,140.1140899658203,46.70894241333008,46.571428571428584,0.3144563904540343,0.0,37.42857142857142,-0.1315651240703832,21.195751190185547,38.00000000000001,-0.135866352211253,25.810144424438477,63.21428571428572,-0.156630922921822,0.7785235047340393,0.0,1.0,70.57142857142858,61.071428571428584,-1.4617321491241455,1.254278302192688,0.0
304.877197265625,81.42857142857143,0.03791074827313423,42.214285714285715,0.6802426516789817,50.21428571428572,54.14285714285715,446.7132873535156,78.00000000000001,12.372988198427546,97.169504412539,119.07142857142858,59.57142857142858,1801.7943115234375,88.00000000000001,44.61390686035156,49.071428571428584,-0.002072863280773163,79.5,7.631275653839111,312.725830078125,98.71428571428572,1.355309009552002,99.42857142857144,59.071428571428584,49.88072204589844,63.64285714285716,0.12075894254479559,50.3691291809082,47.791259765625,66.71428571428572,0.46058866379908414,0.5973154306411743,22.714285714285715,-0.07647220441432362,41.52642822265625,59.2857142857143,0.013146989415344914,31.33014488220215,79.14285714285715,-0.32755222053570243,1.0469799041748047,1.4429529905319214,-0.23989282828203584,105.42857142857144,94.2857142857143,26.045747756958008,-25.842330932617188,0.0
268.3875732421875,145.78571428571433,0.10323549807071686,68.57142857142857,0.005952847184146635,99.57142857142857,71.21428571428572,340.7569580078125,120.64285714285715,-33.60366341686689,85.17134801449487,66.00000000000001,85.71428571428572,1938.5479736328125,96.50000000000001,37.51008224487305,83.42857142857144,-0.0023001127410680056,120.07142857142858,11.101852416992188,286.35833740234375,86.64285714285715,2.697518825531006,77.23809523809524,73.5625,53.566280364990234,95.00000000000001,-0.30575006109018604,54.29530334472656,57.124671936035156,73.5,-0.25520183562146964,0.818791925907135,87.50000000000001,0.011127613924697726,37.621524810791016,72.57142857142858,0.026682468215086165,25.350601196289062,82.14285714285715,0.5360640882748676,2.2080535888671875,1.1812080144882202,-0.20229129827148887,57.42857142857143,80.35714285714286,-29.98084259033203,-28.125051498413086,0.0
340.9132080078125,71.92857142857143,-0.046434346586465836,41.142857142857146,0.4653562640888481,64.95238095238095,49.476190476190474,454.7513122558594,57.33333333333334,-15.978416536328377,86.37637317413711,80.9047619047619,45.761904761904766,1145.6656494140625,62.04761904761906,42.37873840332031,55.14285714285716,-0.004086077678948641,92.66666666666667,0.5866541862487793,484.0140380859375,31.857142857142854,2.189399480819702,89.76190476190476,54.125,41.59919357299805,78.28571428571429,0.03486148264979042,54.46308898925781,46.25455093383789,75.57142857142857,-0.365414727393179,3.3892617225646973,25.28571428571428,0.09967100242608455,32.86605453491211,56.238095238095234,-0.28124705676861883,18.382492065429688,68.0,-0.2875506483408677,2.4697985649108887,2.0604026317596436,-0.41349069093790985,68.71428571428571,56.23809523809524,-7.219607830047607,7.679959297180176,0.0
373.4889221191406,49.875,0.06438706815242767,59.875,-0.1285345804305378,64.28571428571429,48.57142857142858,493.8755798339844,72.14285714285715,16.16414306627824,92.91107488326728,81.00000000000001,83.3125,1921.6839599609375,112.28571428571428,45.88478469848633,89.875,-0.0023093807976692915,43.285714285714285,6.87888765335083,341.87713623046875,104.64285714285715,1.3342034816741943,120.66666666666669,63.4375,49.977577209472656,58.42857142857143,0.07082444918265814,48.22147750854492,46.81175231933594,68.21428571428572,-0.07219054412135718,0.563758373260498,44.785714285714285,-0.10129715850671699,42.20459747314453,62.000000000000014,-0.4710705445544553,31.651987075805664,87.07142857142861,0.007092198581560299,1.0067113637924194,1.4093959331512451,-0.49030964580084657,61.71428571428572,73.92857142857143,22.512662887573242,-27.391742706298828,0.0
33.560279846191406,76.6875,-0.08333058655261993,67.3125,0.16762332154646806,63.71428571428572,78.78571428571429,603.2133178710938,13.92857142857143,93.13961953724791,70.07084295515004,33.57142857142857,70.6875,1391.951416015625,77.35714285714288,23.306047439575195,54.6875,0.0015652453294023871,100.78571428571428,1.0159759521484375,147.65411376953125,75.2857142857143,0.7123330235481262,86.0,71.125,22.050485610961914,68.64285714285715,-0.08287332526474263,144.71812438964844,58.20722961425781,89.64285714285717,-0.2076015032730202,0.020134227350354195,43.357142857142854,0.16128203243271672,19.1281795501709,83.42857142857144,-0.09310746499294338,32.43529510498047,41.28571428571429,0.005671601755809702,1.3892617225646973,0.0,-0.037037037037037035,79.14285714285715,68.28571428571429,0.5789633393287659,3.1813435554504395,0.0
359.2288513183594,94.76190476190477,0.044293470680713654,79.85714285714288,-0.16726514796848382,94.6875,70.0625,518.5511474609375,105.875,11.187483049879138,84.55568118755535,61.375,84.21428571428572,1507.5330810546875,50.4375,48.74196243286133,64.28571428571429,-0.0027628352399915457,127.6875,0.671367347240448,364.9082946777344,172.5625,0.5671440958976746,107.2857142857143,148.71428571428572,52.438079833984375,78.75,-0.07861864216894467,84.62416076660156,65.73492431640625,79.0625,-0.14588570596932718,2.4697985649108887,55.375,-0.17970423508068203,40.22075653076172,59.75,0.03581892762965134,21.27790641784668,94.9375,0.42996760581648313,0.6241610646247864,1.080536961555481,-0.08713501873982767,79.0,79.3125,-0.06850848346948624,-13.37907886505127,0.0
103.2618179321289,78.07142857142858,0.005221268627792597,38.8095238095238,0.14814021867681365,47.24999999999999,46.33333333333334,590.1282348632812,31.458333333333336,-8.731401542289145,107.03898226017387,93.125,42.42857142857143,4174.2197265625,91.50000000000003,44.787986755371094,65.47619047619048,-0.00011010622984031215,108.66666666666666,1.9637740850448608,124.03287506103516,55.08333333333333,0.9340131878852844,54.761904761904766,34.047619047619044,48.97526168823242,58.91666666666667,-0.3198524111449272,121.52349090576172,68.7191162109375,103.04166666666664,-0.1981870443858417,0.06711409240961075,69.00000000000001,-0.43063866077937796,48.44986343383789,72.75,0.12985631432520356,20.696115493774414,59.125,0.10591537088436499,0.9530201554298401,0.0,0.22372982325318871,49.24999999999999,43.79166666666667,-1.2123810052871704,27.156766891479492,0.0
228.36817932128906,85.1875,-0.20693792402744293,51.5,0.618109138575478,61.928571428571445,81.99999999999999,738.5263061523438,74.99999999999999,8.380079944261768,84.26459488942974,87.0714285714286,97.9375,1947.1236572265625,81.42857142857146,16.422636032104492,117.0,0.0026088773738592863,41.42857142857143,0.5921095013618469,181.44554138183594,92.21428571428572,0.30743294954299927,102.71428571428571,81.9375,26.25463104248047,82.64285714285714,-0.029998563811909677,122.95973205566406,48.547061920166016,76.07142857142857,-0.07882953723937705,0.1812080591917038,79.35714285714286,-0.5942033180154354,16.654773712158203,72.57142857142858,-0.5873036986540524,26.28632354736328,60.642857142857146,-0.20556820138937681,1.208053708076477,0.0,1.0,85.35714285714286,84.07142857142858,1.144469141960144,2.545506715774536,0.0
583.2435302734375,125.71428571428572,0.12161101400852203,61.428571428571445,-0.27037187163422005,83.57142857142858,27.857142857142858,840.9127807617188,72.14285714285715,17.554299243044532,84.70091584150909,114.71428571428575,124.21428571428574,2493.632568359375,87.35714285714286,51.38025665283203,94.0,0.0024621763732284307,127.7857142857143,0.27716064453125,163.5763397216797,101.85714285714288,0.40875840187072754,99.2857142857143,95.00000000000003,28.30460548400879,48.92857142857144,-0.08681745426178515,132.28187561035156,64.45820617675781,125.42857142857144,-0.7415713775072135,0.3959731459617615,68.14285714285714,-0.3989897878818544,18.65569305419922,113.92857142857147,-0.5551243695256465,32.80120849609375,113.14285714285717,-0.22377622377622375,1.4966442584991455,0.0,-0.2062864863486884,118.35714285714288,144.71428571428575,1.3299809694290161,-0.6366303563117981,0.0
81.18161010742188,47.52380952380953,-0.05196345970034599,101.28571428571428,-0.4300179917624494,110.8125,68.1875,473.17333984375,63.8125,-5.480754116237564,97.24527134137085,68.6875,63.35714285714286,10480.4375,58.4375,35.36194610595703,27.857142857142865,0.00163678964599967,173.0625,1.314454197883606,127.28369903564453,134.75,0.9190014600753784,144.0,95.00000000000001,45.13349533081055,96.0625,-0.5968321661852598,70.46979522705078,41.001155853271484,59.5,-0.2648729446935725,0.281879186630249,82.8125,-0.18746753594557125,24.367483139038086,50.6875,0.19155376311682207,52.005859375,87.125,-0.03225806451612903,0.1879194676876068,3.3758389949798584,1.0,84.75,112.625,-11.146537780761719,8.792439460754395,0.0
-65.48960876464844,111.50000000000001,-0.040764112025499344,73.28571428571429,0.03857553296065536,58.66666666666668,84.19047619047619,586.3804321289062,45.66666666666668,42.4646414886385,86.39485313024448,82.42857142857143,87.71428571428571,1067.764892578125,71.76190476190476,31.443607330322266,92.71428571428572,0.00025887120864354074,55.61904761904762,0.7968713641166687,65.52066040039062,90.90476190476193,0.20441146194934845,98.5714285714286,76.76190476190479,32.25811767578125,45.095238095238095,0.24207510528772377,65.22818756103516,41.21854019165039,45.28571428571429,0.5101878264701571,3.5167784690856934,65.95238095238096,0.25086782229987425,7.359065532684326,33.47619047619047,0.6900221211303131,23.092710494995117,69.0952380952381,1.0,0.0,0.9463087320327759,0.019342404270230838,59.476190476190474,77.33333333333337,-1.033223271369934,1.632176399230957,0.0
101.94792175292969,131.64285714285714,-0.15777598321437836,88.64285714285718,-0.6257475325579532,86.64285714285717,63.28571428571429,638.5933227539062,51.92857142857143,-13.825789581909275,88.42359702313233,101.35714285714288,124.71428571428572,1468.8084716796875,93.35714285714288,38.53828048706055,72.57142857142857,0.0015734797343611717,89.78571428571428,0.7097963690757751,171.87547302246094,105.57142857142858,0.6586413979530334,99.50000000000001,42.64285714285714,23.455211639404297,71.7857142857143,-0.012812979741945708,114.3959732055664,52.25310516357422,59.85714285714286,0.16874860789892795,0.0,120.28571428571429,-0.8099272636657361,20.870662689208984,71.28571428571429,0.12261770204659038,37.011348724365234,44.64285714285715,-0.07692307692307693,0.1879194676876068,0.0,1.0,91.14285714285714,108.85714285714286,2.0481443405151367,4.207146167755127,0.0
395.49005126953125,30.333333333333336,0.2756669223308563,37.71428571428572,0.6720590112197895,66.71428571428572,51.85714285714286,929.9599609375,40.714285714285715,-13.340556171516445,108.97964822216086,65.07142857142858,27.642857142857146,1063.29833984375,41.85714285714286,45.5124397277832,53.35714285714287,-0.0005341265350580215,89.64285714285717,2.305861711502075,140.8144073486328,38.35714285714286,0.5840111374855042,51.071428571428584,29.5625,53.526153564453125,77.0,0.2041604987041852,73.49664306640625,74.2887191772461,72.07142857142858,0.08223081479711522,3.859060287475586,68.0,-0.25033966546625164,33.61918258666992,49.35714285714286,0.2594869548135512,45.039974212646484,47.99999999999999,-0.15724700755052023,0.10738255083560944,1.8859059810638428,0.023593216848781757,70.07142857142858,54.07142857142857,1.6543413400650024,18.916723251342773,0.0
796.20556640625,36.19047619047619,-0.028771234676241875,18.214285714285715,0.876738066778058,36.92857142857143,23.285714285714292,1558.31396484375,33.71428571428572,17.61150776219848,81.79948891784005,30.357142857142854,27.642857142857146,3397.54052734375,30.14285714285715,41.023136138916016,23.500000000000004,0.0007298991549760103,163.14285714285714,1.7492413520812988,90.1832046508789,60.85714285714285,0.3893059194087982,29.500000000000004,45.28571428571429,55.402530670166016,96.85714285714286,-0.05043764654714321,33.181209564208984,40.71476364135742,66.42857142857144,-0.1280421615249414,7.194631099700928,44.07142857142857,0.17141497883165935,36.741275787353516,78.71428571428572,0.22061626317658053,35.991859436035156,82.21428571428572,0.02911649158856442,0.0,3.54362416267395,0.01008787656135195,57.071428571428584,97.85714285714288,7.644687652587891,7.088326454162598,0.0
121.14615631103516,47.5,-0.20010767877101898,61.80952380952382,-0.7492296285998933,76.14285714285715,25.071428571428577,483.474609375,127.64285714285715,-21.284425991493585,105.86841220508845,132.0714285714286,39.476190476190474,891.7113037109375,50.357142857142875,32.91210174560547,64.19047619047619,-0.002493729116395116,90.28571428571428,2.209155559539795,178.00303649902344,59.21428571428572,0.95421302318573,87.2857142857143,49.61904761904761,50.97548294067383,71.71428571428572,-0.07761903617149747,107.15436553955078,71.54064178466797,78.28571428571429,0.1202438480148101,0.48322147130966187,52.14285714285715,-0.12351073134366326,37.04833221435547,41.28571428571429,-0.2386036575746077,28.414216995239258,51.71428571428572,-0.4321111983304932,0.463087260723114,0.0469798669219017,-0.03226578388938682,50.07142857142857,68.35714285714286,-13.811277389526367,1.2705036401748657,0.0
625.4393920898438,91.7857142857143,0.10397569090127945,78.5,-0.3099302339638328,74.71428571428572,102.5714285714286,791.0671997070312,144.5714285714286,-4.3866935355351275,88.44869062537687,142.0714285714286,73.14285714285715,2206.177978515625,59.357142857142854,47.62659454345703,92.92857142857143,0.002363997045904398,160.5714285714286,0.31577202677726746,175.66880798339844,116.5,0.4455397427082062,61.57142857142858,94.78571428571428,23.548995971679688,74.0,-0.12300184876049737,143.8926239013672,64.92598724365234,128.57142857142858,-0.6117086983055084,0.3087248206138611,71.35714285714286,-0.16103412335127615,18.06418228149414,83.0,-0.47245398571986014,31.10744857788086,81.57142857142857,0.12500000000000006,1.0939596891403198,0.0,-0.04959607904597719,106.85714285714283,91.28571428571429,0.9492642283439636,-1.349915862083435,0.0
456.77197265625,98.0,-0.08359575271606445,34.25,0.547557592570257,89.50000000000001,106.0714285714286,473.37677001953125,75.64285714285715,32.52233298672926,97.11722476285132,121.5714285714286,61.75,1327.1112060546875,77.64285714285715,38.20551681518555,69.5,-0.002742275595664978,79.4375,1.2249958515167236,334.6322937011719,60.71428571428572,1.210471749305725,50.714285714285715,62.9375,40.538631439208984,63.07142857142858,0.19239777718674475,76.92617797851562,53.64875793457031,74.64285714285715,-0.20587909493187498,1.2953020334243774,47.50000000000001,-0.22322911773803664,42.74396896362305,50.85714285714286,-0.15200774958105598,22.467748641967773,61.49999999999999,0.24103553733133998,1.3892617225646973,0.6644295454025269,0.273581907586661,53.14285714285715,29.14285714285715,2.1349451541900635,-2.8110475540161133,0.0
35.072898864746094,10.761904761904763,-0.08553848415613174,27.999999999999993,0.8909204435938158,29.928571428571438,36.785714285714285,622.240234375,1.4285714285714284,9.522663149857681,54.837587143165294,32.642857142857146,3.2857142857142856,12868.4169921875,5.928571428571429,35.20334243774414,23.642857142857146,0.0007858689641579986,10.42857142857143,2.93259596824646,56.91229248046875,18.142857142857146,1.0229547023773193,14.8125,11.785714285714288,78.8980712890625,43.0625,0.7906134864430608,64.91946411132812,57.30461502075195,71.1875,0.35942299094790114,0.34899330139160156,12.4375,0.9809421998909245,52.8116455078125,54.5625,0.5836878197658272,50.77220916748047,48.8125,-0.10131636723749732,0.0,0.0,1.0,77.57142857142858,28.714285714285722,15.318809509277344,46.68622970581055,0.0
130.73204040527344,76.00000000000001,0.11145598441362381,58.142857142857146,-0.2844533846212469,46.642857142857146,37.42857142857143,547.2597045898438,57.000000000000014,-29.269993861449645,110.68432177597268,54.21428571428572,45.85714285714286,642.9008178710938,69.92857142857144,41.76572799682617,51.928571428571445,-0.0014802231453359127,93.85714285714286,2.2416720390319824,149.2999267578125,80.7857142857143,0.7636256814002991,105.50000000000001,82.21428571428572,52.92219161987305,62.57142857142857,0.10028072200650642,98.07382202148438,75.93313598632812,75.07142857142857,0.3936656091961838,1.3892617225646973,44.35714285714286,-0.11379631205027112,39.526973724365234,87.42857142857143,-0.12951821660061735,30.63565444946289,69.14285714285715,0.011262409179875296,0.28859061002731323,0.0939597338438034,-0.11028156129108371,44.28571428571429,52.35714285714286,-1.0463624000549316,10.259665489196777,0.0
38.868465423583984,92.57142857142857,-0.015902724117040634,55.71428571428572,-0.2304034270667531,92.00000000000001,73.21428571428572,520.6984252929688,109.07142857142858,45.1770320366693,52.398312312482744,38.00000000000001,127.42857142857144,1182.513427734375,72.50000000000001,39.494232177734375,58.071428571428584,3.1799620046513155e-05,103.71428571428574,0.9146526455879211,203.6099853515625,69.64285714285717,0.5526489615440369,59.0625,98.14285714285715,18.88144302368164,44.71428571428572,-0.25980662983425423,92.83892822265625,33.94272232055664,47.71428571428572,0.2777826200644993,0.0,33.64285714285715,0.49132279480871144,14.73664665222168,31.714285714285722,0.13633145033123004,32.590179443359375,39.50000000000001,0.4502010138266262,1.4026845693588257,0.20134228467941284,1.0,69.00000000000001,43.57142857142857,-0.661404013633728,-0.1345478594303131,0.0
264.5282897949219,38.214285714285715,-0.0437171533703804,45.21428571428572,0.6705327027153588,65.07142857142858,93.35714285714285,393.8241882324219,107.07142857142857,-23.57631347693453,62.74556417153724,44.0,24.35714285714286,2612.095703125,48.57142857142858,43.715858459472656,41.64285714285715,-0.0008672993863001466,57.85714285714287,4.7548017501831055,123.87379455566406,98.07142857142858,0.7610113620758057,81.14285714285715,96.42857142857144,43.41417694091797,64.5,-0.2612566973117432,103.83892822265625,57.09724044799805,72.5,-0.28184939750432214,0.0469798669219017,56.5,-0.26782377039132865,35.34657669067383,70.57142857142858,-0.09221348449163706,35.50175094604492,47.78571428571428,-0.17509964196446667,0.21476510167121887,0.00671140942722559,1.0,93.35714285714289,56.92857142857144,-12.608231544494629,-15.83065128326416,0.0
25.182374954223633,98.85714285714286,-0.03917410224676132,70.35714285714286,0.009817326570259794,59.14285714285715,97.00000000000003,233.93048095703125,83.71428571428572,-12.28976560639055,87.81527260189193,92.28571428571429,89.28571428571428,8400.658203125,74.85714285714286,33.792449951171875,65.00000000000003,-9.84856960712932e-05,115.28571428571429,3.0135598182678223,234.65704345703125,80.07142857142858,1.3756892681121826,66.92857142857143,77.64285714285715,84.92678833007812,97.57142857142858,-0.2690844079784342,51.744964599609375,58.08985900878906,66.78571428571429,0.023115708034805962,0.38255032896995544,74.07142857142858,-0.11966624672998008,38.61545944213867,93.07142857142858,-0.31445413838751074,33.538639068603516,80.14285714285714,-0.35713598306226535,0.4093959629535675,0.0,-0.40010689722008486,55.85714285714287,60.71428571428572,-24.131515502929688,-31.861045837402344,0.0
12.868097305297852,105.0625,0.0005103869480080903,79.71428571428572,-0.1264595344891361,102.35714285714289,92.35714285714288,516.3643188476562,69.50000000000001,37.78027017724594,64.9672025298034,42.0,127.00000000000003,1133.7149658203125,69.42857142857143,43.29096603393555,84.92857142857143,-3.221781662432477e-05,130.3571428571429,0.8205181360244751,390.4239196777344,91.35714285714288,0.460679292678833,77.14285714285714,63.25,19.416778564453125,54.500000000000014,0.32967875468307223,97.44295501708984,42.7035026550293,64.50000000000001,0.31268443859593864,0.0,50.85714285714287,0.09026587143207808,16.875274658203125,78.21428571428572,-0.3746413211347436,42.18922424316406,37.285714285714285,-0.321460373998219,1.2953020334243774,0.07382550090551376,1.0,77.7857142857143,65.71428571428572,0.0646134465932846,1.9778016805648804,0.0
38.115386962890625,38.0,-0.08118579536676407,39.42857142857143,0.27910159322929495,41.476190476190474,52.714285714285715,663.8262329101562,45.80952380952381,33.71682374869417,79.63367729312273,54.42857142857144,48.66666666666667,1459.60498046875,75.33333333333331,42.350154876708984,67.33333333333331,0.001398637774400413,88.76190476190476,0.823282778263092,87.68824768066406,49.047619047619044,0.6256523728370667,55.285714285714285,67.33333333333334,24.866701126098633,68.14285714285717,-0.30914991160121796,120.08053588867188,79.5417709350586,51.33333333333333,0.5774433851837316,0.6979866027832031,32.095238095238095,0.1855198751312671,32.3350715637207,74.23809523809523,-0.08187910305760986,33.49656295776367,43.952380952380956,-0.024390243902439022,0.0,0.06711409240961075,-0.22522885789014815,52.04761904761905,58.38095238095238,0.41566237807273865,0.8115584850311279,0.0
198.29446411132812,56.85714285714287,-0.0355365052819252,79.00000000000001,-0.6546215814225409,44.07142857142857,44.85714285714287,540.9862670898438,34.35714285714286,17.47530912722917,74.5043750219712,69.21428571428572,68.28571428571429,3687.01318359375,63.42857142857144,41.72722244262695,88.78571428571429,0.0023721689358353615,150.64285714285717,0.8176053166389465,94.19395446777344,72.21428571428572,0.6027294397354126,72.3125,73.78571428571429,22.316070556640625,72.07142857142858,-0.1332314907081846,90.0536880493164,37.17792892456055,55.071428571428584,-0.09560069611176882,0.00671140942722559,58.714285714285715,0.300194665427838,21.77631950378418,55.42857142857144,0.3585488028607569,29.291112899780273,57.7142857142857,-0.0430598852685371,0.0,0.0,-0.11397721739580934,117.07142857142858,99.00000000000003,-5.5271382331848145,0.09176655858755112,0.0
671.27587890625,85.21428571428572,0.15610051155090332,69.50000000000001,-0.14891886897061543,63.0,91.50000000000001,744.770751953125,101.85714285714289,-1.5273139812802308,76.88097179754008,114.35714285714288,83.7857142857143,2045.57275390625,55.71428571428571,47.52153015136719,109.57142857142858,-0.0008059145766310394,53.78571428571428,1.2934632301330566,114.46942138671875,73.0,0.7904625535011292,98.0625,36.28571428571429,38.824886322021484,48.500000000000014,-0.13188292570964483,67.76509857177734,49.2595329284668,72.64285714285715,0.15263173274939942,1.6979866027832031,43.21428571428572,0.3059716847932194,26.22649574279785,51.07142857142857,-0.09929578387320742,18.49735450744629,41.714285714285715,-0.011890906997639852,0.19463087618350983,0.0469798669219017,-0.3401512458003922,67.50000000000003,54.5,-19.834667205810547,-12.165363311767578,0.0
676.3760986328125,77.35714285714288,0.14388607442378998,89.23809523809523,-0.6143949505880174,77.47619047619048,55.66666666666667,761.2034912109375,83.66666666666666,0.3415732863765435,77.3293182442239,83.47619047619048,98.95238095238093,2104.836669921875,52.476190476190474,47.82335662841797,119.38095238095237,-0.0008349530398845673,29.380952380952383,1.2853384017944336,116.6987075805664,70.38095238095238,0.8685978055000305,98.95238095238095,57.95238095238095,39.92355728149414,56.57142857142856,-0.001411509634276257,69.75167846679688,54.401432037353516,63.8095238095238,-0.10857571121242016,1.7449663877487183,58.47619047619047,-0.2647888426306394,31.35963249206543,48.85714285714286,-0.18380970504281635,19.969608306884766,76.42857142857144,0.08892049795891523,0.23489932715892792,0.0469798669219017,-0.3004175956425809,72.61904761904763,79.80952380952382,-17.623580932617188,-10.443962097167969,0.0
592.6956176757812,65.5,0.3799453675746918,61.7857142857143,0.071743469803321,65.85714285714286,77.28571428571429,771.2489624023438,63.71428571428573,-11.774506080070598,98.15791750866552,101.7857142857143,54.0,1815.822265625,38.00000000000001,43.75371551513672,66.28571428571429,0.00023958731617312878,85.42857142857144,0.5735312104225159,335.12750244140625,99.7857142857143,0.5235599279403687,57.78571428571429,89.57142857142858,60.45126724243164,81.57142857142858,-0.2026030890735143,26.838926315307617,31.982810974121094,57.5,-0.019366275522285932,4.046979904174805,44.64285714285715,0.361415921163581,17.769174575805664,62.50000000000001,0.10412895002114529,19.28692054748535,60.571428571428584,-0.11086245556100725,1.3892617225646973,1.3825503587722778,-0.07052298420513542,82.7857142857143,77.92857142857143,-0.3126436173915863,-6.740317344665527,0.0
196.00379943847656,79.57142857142858,-0.0713765025138855,116.42857142857142,-0.5291237859605716,117.71428571428571,87.92857142857144,464.32525634765625,118.35714285714285,3.0491009094571107,69.34387373518072,58.07142857142857,130.8571428571429,9651.5048828125,121.42857142857144,40.37520217895508,121.42857142857144,-0.0003402993897907436,130.07142857142856,5.682102203369141,147.48495483398438,43.85714285714286,1.4856820106506348,121.35714285714286,57.7857142857143,58.84743881225586,119.14285714285715,-0.5541175598665321,74.44295501708984,62.14211654663086,101.0,-0.46580948808021566,0.0,122.85714285714285,-0.2649051842863059,57.30789566040039,78.5,-0.399445039239004,19.558076858520508,75.64285714285717,-0.3624093184764294,2.4966442584991455,0.16778524219989777,-0.037037037037037035,48.14285714285715,123.07142857142858,50.03511047363281,-3.2590856552124023,0.0
435.8314514160156,88.21428571428571,-0.18283669650554657,77.92857142857144,-0.16008691305126424,70.42857142857143,90.2857142857143,729.0106811523438,107.0714285714286,-13.043747109054719,68.18957444097241,77.07142857142858,70.0,1935.4227294921875,43.21428571428572,41.412010192871094,85.57142857142861,0.00035673315869644284,87.14285714285715,0.6003854274749756,142.53724670410156,58.42857142857143,0.7109278440475464,101.0,60.500000000000014,56.27323532104492,97.64285714285714,-0.28936310128503806,80.87248229980469,67.91707611083984,98.7857142857143,-0.2569163353755762,0.899328887462616,86.85714285714288,-0.2058006700623758,25.7491455078125,65.0,0.04733021834317788,34.04189682006836,147.28571428571433,0.3271241297413091,0.5704697966575623,0.30201342701911926,-0.042266929488184266,66.21428571428572,58.7142857142857,-1.522709846496582,-4.186042308807373,0.0
114.85221862792969,49.1875,0.1876637488603592,45.33333333333333,-0.23570410279283416,80.23809523809523,53.66666666666666,224.117919921875,97.85714285714286,-14.668641158398366,68.40789084900511,84.57142857142856,89.37499999999999,8276.06640625,130.33333333333337,30.50806999206543,55.79166666666666,0.00019107178377453238,32.0952380952381,1.624699592590332,139.7806396484375,132.3809523809524,1.9948235750198364,123.85714285714286,93.70833333333334,96.55513763427734,112.6190476190476,-0.009605973450267166,38.3624153137207,49.267276763916016,96.14285714285714,-0.1128677748549852,2.174496650695801,123.3809523809524,-0.10881574117911387,38.19078063964844,74.42857142857143,0.3168905973253089,56.057308197021484,86.66666666666666,-0.14065702884297737,0.0469798669219017,0.0,-0.552862084479426,90.95238095238096,96.7142857142857,-17.388389587402344,-19.24125862121582,0.0
152.91671752929688,120.95238095238095,-0.07805103063583374,53.85714285714287,0.12072007502467348,64.57142857142857,89.21428571428574,701.8432006835938,52.142857142857146,8.63277512908782,93.98969660708494,104.64285714285717,68.78571428571428,4574.40869140625,62.7857142857143,38.82162094116211,63.71428571428571,-0.0009077521390281618,77.85714285714286,6.8456573486328125,90.42692565917969,89.25,1.478660225868225,123.125,64.64285714285715,56.64996337890625,69.125,0.07466451065560616,57.563758850097656,59.600494384765625,74.3125,0.1380066908383304,0.7114093899726868,110.125,-0.2450599997489259,44.13401412963867,98.125,-0.16443747634751585,22.071674346923828,70.8125,0.08402366863905325,0.0,0.08053690940141678,0.0519232638146514,55.71428571428573,69.50000000000001,-11.66120719909668,37.90226364135742,0.0
238.37623596191406,77.35714285714286,0.03767053410410881,82.21428571428572,-0.1702822595825838,53.14285714285716,40.71428571428572,525.79052734375,77.85714285714286,-16.731041957868026,94.34575012948001,117.2857142857143,97.0,1109.9757080078125,57.07142857142858,46.25507736206055,124.50000000000003,0.0003345642180647701,54.21428571428572,0.9269943833351135,181.18060302734375,134.5714285714286,0.5691841244697571,83.07142857142858,62.28571428571429,29.89325714111328,51.714285714285715,0.1354490640220644,152.9932861328125,57.101051330566406,80.35714285714286,-0.016939373974674665,0.06040268391370773,71.64285714285715,-0.0071049887920610205,24.477643966674805,58.0,-0.0029910480314668726,34.28459167480469,105.92857142857143,-0.002329050535925501,0.0,0.0,-0.05206760620120531,101.14285714285715,55.00000000000001,-2.2229056358337402,-1.9081711769104004,0.0
236.7474822998047,24.5,-0.16345666348934174,58.19047619047619,0.002311349532489223,69.95238095238095,83.47619047619045,719.2868041992188,47.80952380952382,9.122417583161553,84.63059714723424,64.23809523809524,88.23809523809526,2770.599609375,67.47619047619048,39.60519027709961,73.09523809523809,0.001470014569349587,61.61904761904761,0.8378416299819946,167.87127685546875,75.14285714285715,0.6591286659240723,32.9047619047619,62.54166666666667,24.752649307250977,49.571428571428584,0.02701323716701035,115.16107177734375,48.46614456176758,79.52380952380952,-0.168077975486942,0.0,57.952380952380956,-0.07595001694166935,19.841218948364258,57.238095238095234,-0.04151520637888286,36.21549606323242,56.42857142857143,-0.024390243902439022,0.17449665069580078,0.0,1.0,70.9047619047619,57.47619047619047,-1.5060441493988037,7.676746368408203,0.0
266.46142578125,39.85714285714286,-0.1832331418991089,51.047619047619044,-0.21881793941282265,54.83333333333334,77.04166666666666,796.6953125,58.541666666666664,16.61298182166663,76.37885258248012,110.54166666666669,42.52380952380952,2059.813232421875,61.95833333333334,38.24174880981445,73.19047619047619,0.002474055625498295,114.54166666666669,0.5945844054222107,147.34451293945312,41.166666666666664,0.5613080859184265,58.333333333333336,66.28571428571429,26.79836082458496,51.25,0.3358084794630619,172.28858947753906,58.578155517578125,68.33333333333334,0.21095849998499636,0.01342281885445118,28.5,0.1229121069001267,34.86436080932617,59.875,0.32663793145307113,25.055217742919922,52.16666666666668,-0.12817019311260572,0.08053690940141678,0.0,0.5880991490459997,60.62500000000001,38.58333333333333,-1.465980887413025,1.4600862264633179,0.0
397.38739013671875,119.14285714285715,0.03583180531859398,68.78571428571429,-0.21029852472539715,136.8571428571429,81.0,475.4621887207031,127.35714285714286,4.285376851190657,82.74214092338669,94.35714285714286,52.571428571428584,1139.452392578125,40.99999999999999,41.1600341796875,100.21428571428574,-0.003004558617249131,59.78571428571429,1.1147465705871582,434.9444274902344,33.35714285714286,1.2553362846374512,124.71428571428571,90.07142857142858,33.91501235961914,47.85714285714286,0.2357809897372522,74.13423156738281,53.958927154541016,83.21428571428572,-0.0382176495205054,1.36241614818573,35.92857142857144,0.5811203482593149,36.224334716796875,49.07142857142858,-0.018482463812705532,27.93819236755371,85.14285714285714,-0.16987869972153097,3.8053691387176514,2.3758389949798584,0.48287493783598173,77.07142857142857,71.42857142857143,-6.614193916320801,4.5028462409973145,0.0
142.7757110595703,123.71428571428572,-0.04282094165682793,78.8095238095238,-0.3623900425799959,63.285714285714285,27.38095238095238,522.80908203125,32.66666666666667,3.31285528588615,128.10721666128362,148.76190476190476,27.952380952380953,1354.2119140625,83.42857142857146,38.732635498046875,60.904761904761905,0.0021672819275408983,63.28571428571428,0.7357076406478882,168.890869140625,67.04761904761904,0.3203604817390442,68.42857142857144,69.9047619047619,28.13705825805664,41.8095238095238,-0.06927918762569521,144.07382202148438,60.2672004699707,45.42857142857143,0.19100236406171747,0.1342281848192215,53.71428571428572,0.12347826086956525,20.105300903320312,47.857142857142854,0.06246969776999239,26.526046752929688,41.47619047619048,-0.0840958917758573,0.02684563770890236,0.0,-0.11378875002332933,85.66666666666666,54.00000000000001,4.939143657684326,1.1496182680130005,0.0
352.1246337890625,95.04761904761905,0.04430197551846504,81.21428571428572,-0.4600859960524198,48.14285714285715,41.42857142857143,441.7036437988281,127.85714285714285,41.04439841675878,96.20898462514353,71.92857142857144,104.07142857142858,1208.7379150390625,82.14285714285715,36.163246154785156,110.64285714285715,-0.0032605640590190887,81.78571428571428,1.1833679676055908,307.970947265625,108.14285714285717,1.1481930017471313,129.64285714285717,94.64285714285715,41.480987548828125,62.14285714285715,-0.09753830346204533,71.55704498291016,54.2379035949707,58.07142857142857,0.03200283453561088,1.1812080144882202,47.92857142857144,0.057904519527570864,37.128440856933594,70.0,-0.1699576527358325,23.35271453857422,92.07142857142858,-0.2818707753104037,1.5302013158798218,0.8322147727012634,-0.37530811172177886,97.64285714285717,84.35714285714286,2.470904588699341,-5.959745407104492,0.0
-115.53128814697266,87.07142857142856,-0.3162040412425995,67.14285714285715,-0.23084660052935377,115.7857142857143,102.2857142857143,388.34393310546875,113.71428571428572,-10.319698447749118,101.92978164819843,70.57142857142858,56.64285714285715,537.8233642578125,110.85714285714288,40.09095001220703,69.92857142857143,0.0007422795169986784,81.42857142857144,1.305405616760254,291.44305419921875,54.214285714285715,0.4578947424888611,76.14285714285714,42.35714285714286,45.6069221496582,53.071428571428584,0.47090139590397356,101.98657989501953,79.85548400878906,71.92857142857143,0.3081243036177586,1.36241614818573,56.857142857142875,-0.03152221922312464,33.85490417480469,47.071428571428584,0.5690256823040407,34.735958099365234,74.85714285714288,-0.21184510250569477,0.5771812200546265,0.38255032896995544,0.08540138910044769,54.42857142857143,66.85714285714286,-8.079859733581543,-12.348544120788574,0.0
210.56922912597656,75.5714285714286,-0.140621617436409,65.64285714285717,-0.07727441504125057,68.1875,113.75,756.6731567382812,41.5625,37.50949693486194,67.44171859023666,78.25,114.14285714285715,1859.201904296875,72.125,37.549049377441406,100.50000000000001,0.0019253764767199755,132.25,0.6645612120628357,101.55260467529297,119.3125,1.0156641006469727,140.2857142857143,74.28571428571428,38.96860122680664,69.35714285714288,-0.39206848397461375,123.0067138671875,82.0068359375,108.0714285714286,-0.2707933536202003,0.01342281885445118,43.21428571428572,-0.07170219986519354,25.47962188720703,55.0,-0.10029003749409984,40.83653259277344,60.71428571428572,-0.0523088944655657,0.08724832534790039,0.0,1.0,115.1875,82.125,0.7927504181861877,1.033441185951233,0.0
369.766357421875,26.500000000000004,-0.12505125999450684,43.42857142857143,0.5780366458548812,39.6875,66.9375,620.2540893554688,39.0,0.40139177181576724,62.473208234511084,86.1875,12.428571428571429,1835.98876953125,39.5625,44.394065856933594,34.42857142857144,-0.00036524361348710954,79.71428571428572,0.9315013885498047,123.81597137451172,63.25,0.3413124680519104,66.5,61.999999999999986,35.1888542175293,44.25,0.06230804318078152,103.41610717773438,53.21844482421875,65.8125,-0.04180875900517862,0.00671140942722559,55.4375,-0.4981102294538784,36.861881256103516,48.0,0.28071059802849074,13.404595375061035,72.0625,-0.03235041845683466,1.1879194974899292,0.00671140942722559,0.4799928456447863,70.9375,73.75,2.2428042888641357,7.504024982452393,0.0
562.2308349609375,95.21428571428574,0.25813591480255127,78.35714285714286,-0.29188083896120426,50.642857142857146,61.28571428571429,691.772216796875,73.71428571428572,-12.977558177689579,89.35001502884398,53.85714285714285,105.21428571428574,1667.50927734375,77.00000000000001,45.57289123535156,104.85714285714283,0.002552635269239545,84.50000000000001,0.7623955011367798,276.953857421875,50.714285714285715,0.565754771232605,71.92857142857144,64.14285714285715,28.166000366210938,53.357142857142854,0.0020975383500241277,81.92617797851562,43.05562210083008,80.57142857142858,-0.6422226080916825,0.3221476376056671,58.64285714285715,0.27604625259617843,14.970114707946777,67.21428571428572,-0.341766447318627,23.836368560791016,48.28571428571429,-0.06476581047726358,0.38255032896995544,0.0,-0.04953063689748166,74.14285714285715,41.92857142857143,1.7866425514221191,-4.519179821014404,0.0
-78.38324737548828,50.714285714285715,-0.009505826979875565,64.3809523809524,-0.22110828214730302,71.14285714285714,78.19047619047619,512.9208984375,43.61904761904763,39.75118409787248,97.39145250381726,120.57142857142857,36.238095238095234,927.868408203125,72.14285714285715,37.84868621826172,80.28571428571428,-0.0002168643695767969,88.90476190476191,0.6977542638778687,165.19175720214844,56.52380952380953,0.6533982157707214,65.09523809523812,46.23809523809524,31.071067810058594,51.95238095238096,-0.1336049414715073,50.04026794433594,38.60519027709961,66.99999999999999,-0.09805552470686334,0.34899330139160156,20.666666666666668,-0.25252140818268315,31.092172622680664,59.19047619047619,0.16973029591741293,31.196552276611328,57.714285714285715,0.041420292919433645,0.06040268391370773,0.28859061002731323,-0.10660181108744318,57.66666666666667,75.9047619047619,-1.1732509136199951,1.0015543699264526,0.0
394.3595886230469,62.142857142857146,0.17257727682590485,105.35714285714288,-0.2691689793157401,80.14285714285715,93.07142857142858,720.1290893554688,71.14285714285715,5.967835399928509,99.17078393642493,70.78571428571428,103.21428571428572,1246.92431640625,65.64285714285715,45.383026123046875,96.57142857142856,-0.0016788874054327607,54.21428571428572,0.8694425821304321,118.7983169555664,51.85714285714287,1.4322181940078735,39.714285714285715,81.00000000000001,49.59897994995117,81.07142857142857,-0.3114150008488138,120.50335693359375,66.12948608398438,76.35714285714286,-0.17866015581741088,2.0536913871765137,52.07142857142857,-0.32847206819343894,39.12041091918945,53.92857142857144,0.32066091099619404,17.448429107666016,69.57142857142858,0.36121843998388836,0.791946291923523,0.08053690940141678,-0.08297841601895466,74.21428571428574,83.57142857142858,-12.72125244140625,4.703662872314453,0.0
306.5452880859375,37.4375,0.2555560767650604,44.625,-0.08577914707313117,69.71428571428572,34.64285714285715,850.2174682617188,54.2857142857143,-23.68270733332474,104.60955251943409,84.2857142857143,58.125,1186.4107666015625,73.57142857142857,40.88566589355469,50.125,-0.0008651514071971178,79.75,2.2480244636535645,144.29037475585938,42.85714285714287,0.6985955238342285,78.57142857142858,49.25,54.60460662841797,112.57142857142858,-0.5120871589107993,77.09395599365234,76.1500015258789,61.50000000000001,0.1167431067064757,4.288590431213379,54.21428571428571,-0.1156990846018261,35.662044525146484,45.57142857142857,0.3630233187365039,42.823097229003906,102.50000000000001,-0.0794716545839681,0.33557048439979553,1.080536961555481,0.20129662886023372,78.0,83.4375,3.06844425201416,16.60158920288086,0.0
404.0254821777344,96.50000000000001,-0.13623656332492828,56.142857142857146,-0.26925289392106294,84.19047619047619,67.80952380952381,783.4885864257812,77.47619047619047,40.49092125892639,82.01332575832232,58.523809523809526,44.0952380952381,2274.89794921875,74.14285714285714,43.923397064208984,46.666666666666664,0.0024514126125723124,40.66666666666667,0.4040173590183258,176.04515075683594,36.95238095238095,0.42753541469573975,76.0952380952381,46.9047619047619,25.963470458984375,73.66666666666666,-0.1422253500959749,125.11409759521484,54.96814727783203,89.6190476190476,-0.27360620700884614,0.33557048439979553,69.42857142857143,-0.3205899516248289,16.040176391601562,50.14285714285714,-0.06493305193755734,30.84484100341797,59.95238095238095,-0.027544626174940325,1.583892583847046,0.0,-0.05647586142496966,69.71428571428571,78.61904761904765,4.571903705596924,2.2108118534088135,0.0
197.70135498046875,29.85714285714286,0.19820265471935272,49.00000000000001,0.4574599481292687,51.000000000000014,35.78571428571429,582.0371704101562,47.92857142857143,-42.68843406168806,102.95865552329556,55.5,37.64285714285715,1227.0986328125,103.28571428571429,48.32361602783203,69.64285714285715,0.001819178112782538,110.57142857142858,0.4141630232334137,156.36326599121094,67.85714285714286,0.6125693321228027,73.75,65.14285714285714,27.143224716186523,62.642857142857146,-0.07926006662838236,181.3221435546875,52.2657470703125,79.78571428571429,-0.1036877344149001,0.0,83.64285714285717,0.02108981780914956,23.27643394470215,60.71428571428571,-0.06362748616594194,36.91109085083008,45.2857142857143,-0.07155298669493242,0.00671140942722559,0.0,-0.07250521970605624,36.85714285714286,45.71428571428572,2.1636152267456055,0.3290121555328369,0.0
90.28527069091797,79.125,-0.010236751288175583,67.8125,0.02636916835699797,82.92857142857143,89.71428571428572,496.4321594238281,97.7857142857143,-17.644230893594308,95.16872506628191,94.64285714285717,98.8125,1234.7469482421875,54.85714285714287,40.2298583984375,78.5,0.0010633069323375821,170.85714285714286,1.1682575941085815,146.13796997070312,83.57142857142857,0.6225348711013794,82.64285714285715,85.9375,23.371938705444336,46.35714285714285,-0.030124216485376835,92.2684555053711,37.5834846496582,75.7857142857143,-0.6162282202558799,0.08053690940141678,74.50000000000001,-0.28362870608193086,20.69815444946289,68.0,-0.4648579866783964,31.68922233581543,61.857142857142875,-0.03703703703703703,0.281879186630249,0.0,-0.04573393392576061,70.57142857142858,87.57142857142858,2.732762575149536,5.843119144439697,0.0
189.96534729003906,77.3125,0.03469417989253998,46.5,-0.06469972067039106,80.57142857142858,79.00000000000003,510.7629089355469,88.14285714285715,3.2667379859309866,94.7809451051144,126.00000000000003,71.5,1013.448974609375,36.85714285714287,44.998741149902344,87.25,0.000240702458540909,39.5,0.901155948638916,217.63392639160156,151.92857142857144,0.6304997801780701,106.85714285714286,68.1875,31.895994186401367,73.92857142857143,-0.028798164005525203,153.013427734375,54.98663330078125,52.64285714285713,-0.05747042566969787,0.06040268391370773,96.57142857142858,-0.6559302361893261,24.056901931762695,64.78571428571429,-0.19054309710410708,33.12077331542969,57.285714285714285,0.2560054494200254,0.0,0.0,-0.3404989314841466,82.1875,86.875,3.8145928382873535,-1.648364782333374,0.0
626.8782348632812,42.23809523809524,-0.5586611032485962,45.50000000000001,0.7264366219750007,42.07142857142858,53.14285714285715,1134.117919921875,26.28571428571429,14.32127394132166,50.19480266910767,107.64285714285717,36.28571428571429,7662.8203125,22.642857142857146,29.02333641052246,55.28571428571429,0.000755293935071677,20.35714285714286,3.9681613445281982,66.89749908447266,38.5625,0.8723843693733215,39.4375,44.5,77.0691909790039,81.4375,0.015942006604640804,55.28858947753906,66.66558074951172,62.8125,0.3105764519462213,5.973154544830322,39.8125,-0.1538675126008683,49.94681930541992,74.1875,-0.5912271427519228,55.73044204711914,49.3125,-0.15332784725093715,0.0,0.8590604066848755,0.2454687809985222,48.142857142857146,46.42857142857142,44.52714920043945,-4.742664337158203,0.0
536.7689819335938,73.00000000000001,0.05053672194480896,53.07142857142858,0.45001125692437416,105.64285714285717,104.7857142857143,579.7495727539062,76.64285714285715,-14.282690630663161,81.82532789706086,49.85714285714286,72.71428571428572,1616.6722412109375,62.00000000000001,45.09993362426758,62.7857142857143,0.002266552532091737,192.0,0.5962150692939758,257.81170654296875,60.000000000000014,0.44671469926834106,65.71428571428571,62.999999999999986,23.474695205688477,71.21428571428571,0.043165690031733144,81.9463119506836,42.638607025146484,59.35714285714286,-0.23977306177090854,0.0469798669219017,108.42857142857144,-0.5852803332000069,13.599959373474121,52.92857142857144,-0.12321154281089225,22.790843963623047,85.92857142857144,0.23470022272722132,0.3087248206138611,0.10738255083560944,-0.0579053958180153,101.07142857142858,73.71428571428571,-5.9485015869140625,4.726592540740967,0.0
66.29878234863281,30.666666666666668,0.17716911435127258,31.785714285714292,0.8119947403092901,33.214285714285715,27.78571428571429,308.6467590332031,35.357142857142854,-16.04553615566868,94.5473145896604,95.50000000000001,18.428571428571438,7373.9892578125,79.00000000000001,41.22944641113281,43.14285714285715,8.353704470209777e-05,96.21428571428571,2.0455920696258545,200.00283813476562,88.92857142857144,1.5503458976745605,106.28571428571429,77.64285714285715,91.74809265136719,98.71428571428572,-0.15689078498772951,44.04026794433594,46.96477127075195,67.99999999999999,0.20422318326342412,3.879194736480713,74.00000000000001,-0.11791288244479768,34.98044204711914,102.57142857142858,-0.4887583608313965,50.05515670776367,90.50000000000001,-0.19191117617682676,0.2214765101671219,0.0,0.16269864174976517,76.57142857142858,102.49999999999999,-17.70936393737793,-23.008129119873047,0.0
0.011756743304431438,45.25,-0.052184805274009705,37.45833333333333,-0.006694322697880963,98.71428571428574,113.38095238095241,579.3370361328125,80.61904761904762,-1.6796606259057987,78.79467426473657,95.00000000000001,64.25,13081.30078125,65.90476190476193,38.83048629760742,46.375,0.0008429395966231823,81.33333333333334,0.7135714292526245,61.702476501464844,73.04761904761905,0.6444237232208252,88.95238095238096,60.12500000000001,51.22526931762695,89.33333333333331,-0.3888792873977001,52.61745071411133,45.04205322265625,76.23809523809526,-0.2770261336841762,8.73154354095459,80.04761904761904,0.034790772962637224,19.211816787719727,91.47619047619047,-0.15795443413882174,39.21397018432617,59.42857142857143,-0.02617701938938316,0.0,0.8791946172714233,-0.13228312785431348,55.095238095238095,82.80952380952382,-1.8263287544250488,-16.50785255432129,0.0
57.59471893310547,118.28571428571429,-0.019403649494051933,103.21428571428574,-0.5718530512083464,68.0,55.57142857142857,519.9697875976562,75.07142857142858,37.69518394478215,52.746610249300225,65.64285714285715,95.35714285714288,1187.42041015625,53.00000000000001,34.134368896484375,112.35714285714286,0.0004115158226341009,170.35714285714283,1.677817463874817,110.53504180908203,64.21428571428572,0.3686545789241791,33.64285714285715,45.285714285714285,17.276023864746094,82.85714285714286,-0.33481879731534153,70.0604019165039,24.67431640625,66.21428571428572,-0.3521237925273723,0.0,63.71428571428572,0.08144383104080163,15.692508697509766,53.21428571428572,0.278002308478109,28.889631271362305,61.857142857142854,1.0,15.644295692443848,65.08724975585938,1.0,53.85714285714286,50.35714285714286,0.04496496170759201,0.3999447524547577,0.0
93.76188659667969,71.2857142857143,-0.028708115220069885,51.19047619047619,0.13342921426292118,41.285714285714285,68.47619047619048,509.27825927734375,33.38095238095238,-22.373824768818466,130.77694942199395,147.61904761904765,28.33333333333333,1277.70654296875,73.90476190476188,41.284664154052734,45.23809523809523,0.001934077125042677,77.28571428571428,0.9494856595993042,166.7989959716797,43.1904761904762,0.46417850255966187,23.4375,62.04761904761905,30.38243293762207,59.62499999999999,-0.08365959986887354,133.3489990234375,56.410400390625,73.33333333333334,0.04533380128592455,0.17449665069580078,44.24999999999999,0.021311342045081356,21.003787994384766,46.416666666666664,0.3230666797690504,25.22606086730957,71.75000000000001,0.3414133934649173,0.7248322367668152,0.0,1.0,72.09523809523809,55.8095238095238,-2.2669894695281982,2.7028861045837402,0.0
360.77874755859375,68.4375,-0.0538315549492836,52.333333333333336,-0.42236926648656903,84.0,90.71428571428572,555.3624267578125,77.28571428571428,27.45279450584578,54.92701043657072,62.76190476190476,86.91666666666669,5898.369140625,66.90476190476191,35.83916473388672,96.58333333333333,-0.0008475688518956304,40.85714285714286,7.598313808441162,79.93898010253906,79.19047619047619,1.2846949100494385,73.61904761904762,64.125,58.65088653564453,80.85714285714286,0.20483503875679757,75.3959732055664,65.04029083251953,97.57142857142856,-0.16292785253963232,0.08053690940141678,55.28571428571429,0.2754077501278846,54.69712448120117,79.0,0.19790979378069998,11.59346866607666,68.76190476190477,0.08534173535183193,0.5838926434516907,0.0,-0.052639498466445486,55.47619047619046,72.80952380952381,18.76980972290039,41.29907989501953,0.0
356.58880615234375,116.78571428571432,0.18765129148960114,76.71428571428572,-0.3163038270996253,76.2857142857143,73.71428571428572,714.40771484375,105.35714285714288,0.5811539304336445,94.39616973878948,108.07142857142858,85.35714285714288,1487.1317138671875,113.21428571428571,41.99529266357422,100.28571428571429,0.0011282244231551886,45.28571428571428,1.2080167531967163,258.8812561035156,94.14285714285715,0.43127816915512085,109.7857142857143,74.21428571428572,33.3522834777832,71.71428571428572,-0.5191542279154683,100.09395599365234,50.19523620605469,64.21428571428572,0.016529556569657055,0.7382550239562988,71.85714285714286,-0.42588301827163777,17.301095962524414,77.92857142857146,-0.312539798115996,27.35778045654297,51.14285714285714,-0.19871207805412736,0.10067114233970642,0.0,-0.4671961520869241,71.57142857142858,110.50000000000001,8.1673583984375,5.792762756347656,0.0
146.2486572265625,46.0625,-0.06268540024757385,62.5,0.02602550580380344,86.21428571428571,105.00000000000001,298.850830078125,90.21428571428572,-42.310775458412685,97.89537215814917,113.07142857142858,62.0,5104.1328125,30.142857142857146,41.96876525878906,62.75,0.0015632143476977944,131.9375,0.9404895901679993,275.7143859863281,72.28571428571428,1.359920620918274,95.14285714285715,102.9375,53.57997131347656,55.2857142857143,0.12085464444811088,68.52349090576172,42.101600646972656,63.57142857142858,0.05587165989747577,1.1073825359344482,63.71428571428572,0.0022668824935006804,24.558490753173828,67.50000000000001,0.058861824376848504,44.98859405517578,75.21428571428571,-0.11276532765518621,0.033557046204805374,0.0,-0.07692307692307693,107.0,128.375,-16.09364891052246,-9.440983772277832,0.0
84.67003631591797,112.21428571428571,-0.06733166426420212,83.00000000000001,-0.43330328946073465,63.33333333333333,102.04761904761904,556.4957275390625,115.76190476190479,-37.37032343967249,93.17099872798603,118.33333333333331,92.47619047619047,1270.947021484375,75.85714285714286,47.46754837036133,113.85714285714289,0.0017008380964398384,87.14285714285714,0.49429449439048767,169.49813842773438,127.57142857142856,0.411285936832428,81.38095238095241,80.61904761904762,23.017274856567383,53.285714285714285,-0.20789258163134328,136.34228515625,51.40061569213867,73.23809523809524,0.05647137367983694,0.0,63.14285714285714,0.40675465805930633,20.26030158996582,51.80952380952381,0.2949460079567221,37.89461135864258,50.90476190476192,0.05714285714285715,0.15436241030693054,0.0,-0.024390243902439022,72.14285714285717,71.0,0.6583486199378967,2.4014101028442383,0.0
99.17356872558594,85.57142857142858,-0.09169353544712067,117.14285714285712,-0.5060903783463241,111.5714285714286,67.78571428571429,654.69580078125,123.57142857142856,25.082938729316595,48.621796480505445,66.00000000000001,126.42857142857144,12218.8505859375,121.14285714285717,37.96563720703125,142.5714285714286,0.000743547803722322,126.42857142857144,3.2676310539245605,58.26411819458008,124.85714285714283,1.0668600797653198,127.71428571428571,127.5714285714286,79.78546142578125,121.78571428571428,-0.3936013875514782,83.3355712890625,69.9206314086914,99.92857142857146,-0.281549863598445,0.26174497604370117,117.85714285714286,-0.239289413372417,57.32609176635742,109.64285714285715,-0.49796917030042803,50.72880172729492,100.64285714285714,0.28633697149898674,0.0,0.0,0.9103860801295817,76.78571428571429,120.64285714285712,47.7933235168457,-4.96486759185791,0.0
409.795166015625,106.7857142857143,0.007479858119040728,76.42857142857144,-0.20285172190113168,114.5714285714286,125.57142857142858,464.7976989746094,117.28571428571426,-29.980119210111614,85.8362682909315,60.071428571428584,101.00000000000003,1442.373779296875,109.2857142857143,40.31040954589844,109.85714285714286,-0.0012983365450054407,63.42857142857144,5.678562164306641,303.1396179199219,120.71428571428575,0.6664156317710876,47.85714285714287,155.00000000000006,44.48698425292969,40.21428571428572,0.31444756505195104,45.52349090576172,34.43242263793945,47.92857142857143,0.45974295673158677,1.073825478553772,66.21428571428572,-0.15295773306597965,30.934131622314453,36.78571428571429,0.3529618710117072,32.55008316040039,71.64285714285715,-0.07692307692307693,0.449664443731308,0.00671140942722559,1.0,100.57142857142857,123.35714285714286,-14.090964317321777,-14.424227714538574,0.0
417.7582702636719,111.4375,-0.016353977844119072,60.750000000000014,-0.1711273763666304,94.83333333333333,59.291666666666664,588.143798828125,67.62500000000001,11.150869921549855,77.3688214552692,81.75,91.37500000000001,1426.205078125,52.20833333333333,40.596988677978516,97.41666666666666,-0.003653377527371049,45.58333333333334,1.1351041793823242,385.8109130859375,63.33333333333333,1.5957294702529907,90.7857142857143,93.6190476190476,39.0982666015625,73.14285714285715,-0.18730806938551078,84.03355407714844,55.916690826416016,81.9047619047619,-0.05049796144049021,1.5234899520874023,35.666666666666664,0.4745557593503638,41.6239013671875,47.19047619047619,-0.3145952579568171,24.07847785949707,69.3809523809524,-0.22436974414427294,2.6308724880218506,1.228187918663025,0.1960994010781226,88.45833333333334,81.29166666666669,-10.47745132446289,-2.010019302368164,0.0
325.2475891113281,40.5,-0.019636431708931923,69.91666666666669,-0.4154569703676398,88.1904761904762,86.47619047619048,391.0536193847656,81.00000000000001,-55.71574953828482,89.20185929377433,129.38095238095238,101.625,914.05517578125,67.04761904761904,45.19285583496094,103.62499999999999,-0.0019098824122920632,30.875,1.7562861442565918,227.05274963378906,89.80952380952381,0.7450875639915466,85.38095238095238,115.00000000000003,59.564964294433594,98.0,-0.24900477068386387,68.22147369384766,65.07991027832031,64.38095238095238,-0.40490270956636054,5.885906219482422,70.47619047619047,-0.32161288628540585,27.92921257019043,68.14285714285714,-0.09534862852797037,35.923927307128906,61.14285714285713,-0.21006054960409873,2.3489933013916016,1.2953020334243774,0.13873182617557855,57.70833333333333,51.41666666666667,-9.868522644042969,-5.527040481567383,0.0
232.0160675048828,69.04761904761905,-0.09978782385587692,81.85714285714286,-0.05652116522992885,86.7857142857143,72.5,827.3911743164062,78.00000000000001,24.30932594265714,37.59774468686538,55.71428571428572,55.857142857142854,2045.64501953125,77.07142857142858,33.00120162963867,71.14285714285717,0.001597748720087111,116.5714285714286,0.45921099185943604,78.26078796386719,44.428571428571445,0.5876092910766602,58.50000000000001,126.85714285714289,38.9293098449707,66.92857142857144,0.010699548533752625,76.80536651611328,60.09016799926758,61.64285714285714,0.1078434795156271,1.2416107654571533,35.57142857142857,0.14389145652337973,34.6506462097168,55.571428571428584,0.2741309401524571,36.609676361083984,83.07142857142857,-0.10019629451064122,0.0,0.00671140942722559,-0.46893517950577907,59.28571428571428,72.71428571428574,0.15866509079933167,0.14417758584022522,0.0
586.9188842773438,43.75,-0.25442594289779663,87.6875,-0.35857080730421836,38.0625,39.1875,1119.449951171875,42.9375,28.371946109221284,20.020189114057636,81.3125,62.5,2830.159912109375,41.25,17.75946617126465,80.1875,0.0005999385612085462,83.875,1.5114169120788574,81.1484375,70.35714285714286,0.2592252194881439,53.928571428571445,82.35714285714285,48.217567443847656,36.00000000000001,0.3528613983085017,79.6040267944336,65.54939270019531,87.07142857142858,-0.22945392503366832,1.416107416152954,64.92857142857142,-0.4175881306986234,38.952274322509766,82.57142857142858,-0.176719522255248,30.584375381469727,80.85714285714286,-0.43005599252429816,0.0,0.6510066986083984,-0.37095429505240907,73.0,39.8125,3.530998468399048,0.3598012328147888,0.0
233.90643310546875,42.92857142857143,-0.03995685279369354,46.9047619047619,0.011227406382180003,73.33333333333334,66.19047619047619,271.93560791015625,60.80952380952381,-14.337571216109614,69.50909346952632,87.0,50.14285714285714,745.1859130859375,75.80952380952381,35.0656852722168,71.6190476190476,-0.0016525198007002473,115.23809523809523,11.931625366210938,227.805419921875,87.19047619047619,2.2592148780822754,68.54166666666667,74.09523809523809,52.63232421875,91.57142857142856,-0.06339626791565448,37.14093780517578,44.9359016418457,84.85714285714285,-0.07995440374585895,1.2885905504226685,73.95238095238096,0.25472987150165616,44.98785400390625,82.04761904761905,0.028354070849251498,31.829891204833984,112.47619047619047,0.07899858063082699,2.859060287475586,1.9597315788269043,-0.14183016481873084,55.71428571428571,81.0,-12.960989952087402,-20.793107986450195,0.0
351.7167053222656,54.85714285714287,0.06634959578514099,43.14285714285715,-0.4347505805108496,53.78571428571429,65.21428571428572,672.8533325195312,56.7857142857143,-3.9878312081298573,95.4774347677568,90.35714285714288,69.64285714285715,1227.54541015625,40.78571428571429,44.87226104736328,83.85714285714289,-0.001998012885451317,130.5714285714286,0.9764564037322998,126.80875396728516,42.357142857142854,1.6099802255630493,36.66666666666666,57.85714285714286,50.63176727294922,75.85714285714286,0.020107170196478695,117.24832153320312,64.14569091796875,69.14285714285715,0.1297132070409444,1.7651007175445557,31.214285714285715,0.6647493609506006,37.25318145751953,80.35714285714286,-0.13476297017120223,17.34866714477539,37.92857142857143,0.07013019142159138,0.718120813369751,0.2281879186630249,0.1521831948639004,58.571428571428584,77.00000000000003,-12.886361122131348,3.6092984676361084,0.0
305.2242431640625,74.0,0.14828479290008545,90.42857142857142,-0.28082436443069325,92.28571428571429,65.07142857142858,593.3870239257812,50.42857142857144,5.795468554800789,78.29592684529112,104.21428571428571,100.21428571428574,1310.812255859375,81.21428571428571,41.2747802734375,99.78571428571428,0.0004923029919154942,42.64285714285715,1.0473082065582275,234.7943572998047,107.07142857142858,0.4339442551136017,89.5625,71.78571428571428,26.67705726623535,50.35714285714285,0.3444872139140577,136.36241149902344,64.27574920654297,95.42857142857142,-0.3916415905457166,0.6375839114189148,80.00000000000001,-0.27255624254497945,23.54586410522461,71.07142857142858,-0.3334199714684868,24.464021682739258,78.35714285714288,-0.07071341044263128,0.01342281885445118,0.0,0.08277385876355899,77.21428571428572,51.92857142857144,9.328564643859863,-0.012389983050525188,0.0
690.4639282226562,98.21428571428571,0.512249231338501,57.57142857142858,0.5168788720754987,72.71428571428572,80.64285714285717,846.6048583984375,67.21428571428572,-18.41098145570531,84.28915643182714,72.21428571428572,105.64285714285717,1598.998779296875,78.64285714285715,42.903255462646484,70.57142857142857,-0.0033407893497496843,130.71428571428572,0.7971351146697998,469.7596435546875,116.00000000000003,0.38993993401527405,93.9375,134.92857142857144,39.976383209228516,55.642857142857146,0.1683515017612606,63.51677703857422,54.35066223144531,57.71428571428572,0.18766027771973476,1.7583892345428467,14.92857142857143,-0.040223608463062034,36.13861846923828,56.14285714285715,-0.014334750755673925,27.017465591430664,64.35714285714286,-0.22921417241260816,1.1409395933151245,0.6644295454025269,-0.03378766712961022,53.071428571428584,127.7857142857143,9.8662748336792,-2.9391298294067383,0.0
-47.73065185546875,101.04761904761907,-0.018561793491244316,66.92857142857143,-0.2037399959412074,95.50000000000001,46.92857142857144,484.8873596191406,59.071428571428584,34.05915980801086,36.07510743549762,32.92857142857144,61.785714285714285,14617.35546875,58.92857142857144,28.202274322509766,78.92857142857143,-0.00019291708304081112,92.71428571428571,3.303295373916626,151.0226593017578,17.5,0.7757364511489868,42.07142857142857,64.28571428571429,42.7828254699707,45.71428571428571,-0.13874193161778556,51.3020133972168,33.037845611572266,68.85714285714286,-0.37527993754211086,0.12080536782741547,59.28571428571429,0.03299850062678716,22.864816665649414,59.78571428571428,-0.35134307607675724,55.90116500854492,92.7857142857143,1.0,1.3221476078033447,11.979866027832031,1.0,102.00000000000003,47.21428571428572,3.2634429931640625,8.095952987670898,0.0
625.40234375,90.95238095238095,0.7155872583389282,69.78571428571429,0.2539282551454517,103.07142857142858,84.85714285714288,1042.901611328125,75.07142857142857,-14.317831763485135,89.51056416263282,77.85714285714288,88.42857142857143,1702.12744140625,57.00000000000001,41.947715759277344,70.5,0.0007644356810487807,18.5,0.38545170426368713,308.7130432128906,70.07142857142856,0.533014178276062,67.21428571428571,69.78571428571428,57.219120025634766,77.35714285714286,0.19227854170855824,19.402685165405273,29.885892868041992,56.7857142857143,-0.22522227601203842,6.073825359344482,59.85714285714286,-0.14219177921750892,22.882312774658203,52.64285714285715,0.2503996785625575,22.763471603393555,48.000000000000014,-0.1991941211022794,4.899328708648682,2.865771770477295,-0.5816191887282994,44.57142857142858,62.71428571428572,-2.4516117572784424,-1.5757378339767456,0.0
59.14547348022461,34.666666666666664,0.031171932816505432,35.07142857142858,0.4506218859506655,55.6875,39.25,513.3798217773438,88.9375,60.38366956198776,111.13037529282418,80.0,49.92857142857144,1254.5174560546875,92.875,41.756317138671875,36.85714285714286,0.0014125609304755926,83.5,1.095770001411438,137.0913848876953,128.0,0.7846769094467163,56.642857142857146,63.64285714285715,38.55353927612305,48.25,0.561620653860359,123.53020477294922,65.68130493164062,72.125,0.044790152143473545,0.3691275119781494,57.9375,0.267142079056009,31.99884033203125,54.125,0.12254983884445504,43.55033874511719,94.75,-0.1616909117105518,1.7583892345428467,0.0,-0.10537908040948876,44.125,92.125,1.8969159126281738,3.1118063926696777,0.0
87.9344482421875,62.66666666666668,-0.12130225449800491,65.625,0.06367536098663296,54.71428571428572,88.35714285714286,732.1390991210938,46.85714285714286,27.183797662065132,48.31724618149246,77.64285714285714,92.6875,1677.64208984375,78.21428571428572,27.669038772583008,52.9375,0.0014269903767853975,112.64285714285715,0.593609631061554,67.61437225341797,57.64285714285714,0.21316173672676086,139.0,57.6875,32.663429260253906,61.21428571428572,-0.3411228031554878,72.3355712890625,43.480709075927734,63.64285714285715,0.32238480491788607,2.0671141147613525,69.78571428571428,-0.013032861854718603,19.434574127197266,56.92857142857144,0.012293638423573634,27.70313835144043,52.35714285714287,-0.053392828716179404,0.0,0.00671140942722559,-0.5958902228702804,49.00000000000001,47.64285714285715,-0.9690844416618347,-0.272079199552536,0.0
211.1900177001953,83.00000000000001,0.10263250023126602,101.71428571428572,-0.5957643364431381,89.14285714285715,87.92857142857143,448.1797790527344,61.71428571428571,-50.54141011934152,87.85591687213358,110.85714285714286,80.14285714285715,907.3831176757812,29.785714285714292,48.50212860107422,111.71428571428572,0.00031245703576132655,90.92857142857144,0.6948990821838379,253.73814392089844,49.000000000000014,0.6204367876052856,86.7857142857143,29.071428571428573,34.452640533447266,41.0,-0.06445801380673753,114.04026794433594,56.98014450073242,93.7857142857143,-0.21486111379652065,0.24832214415073395,74.14285714285717,-0.004422235935158371,23.39219093322754,70.35714285714286,-0.35768641108903626,29.817203521728516,46.85714285714286,-0.17872495038989353,0.0,0.0,-0.23449688107410224,59.21428571428571,65.42857142857143,-6.471009254455566,4.0625128746032715,0.0
550.01953125,77.375,-0.050138507038354874,84.625,-0.48727888044753476,100.71428571428572,95.2857142857143,759.935302734375,75.28571428571429,2.275376133392596,63.01227764928397,72.35714285714286,67.75,2049.7529296875,58.214285714285715,41.860130310058594,112.875,-0.0011638759169727564,40.00000000000001,1.3469090461730957,126.24751281738281,131.64285714285717,1.164283037185669,109.92857142857143,136.0625,37.12318801879883,53.00000000000001,0.08952279253293051,117.54362487792969,58.10202407836914,76.57142857142858,0.011862138177164434,0.9530201554298401,37.285714285714285,-0.16104454411727898,43.864906311035156,91.5,-0.4719968395008063,19.77167320251465,58.000000000000014,0.14978288180742425,1.8993288278579712,0.04026845470070839,0.17986399760406632,67.71428571428572,119.57142857142858,-6.585775375366211,-6.821127414703369,0.0
51.283416748046875,65.25,-0.004562217276543379,59.85714285714287,0.06255245095007993,87.92857142857143,78.42857142857143,513.81787109375,124.21428571428572,35.60858612652593,66.86751482987559,19.928571428571427,145.35714285714283,1193.389892578125,80.71428571428572,40.624046325683594,64.92857142857144,7.603917765663937e-05,118.50000000000001,0.9337831735610962,239.46145629882812,61.7857142857143,0.6236729025840759,61.92857142857145,56.25,18.93506622314453,71.78571428571429,-0.2314283935050197,95.91946411132812,33.09707260131836,85.00000000000003,-0.31613624023723,0.0,76.78571428571429,-0.41066954971154795,15.018280982971191,80.35714285714286,-0.6784957637931393,35.400856018066406,116.35714285714283,1.0,1.3825503587722778,0.12751677632331848,1.0,89.50000000000001,121.00000000000001,-1.188671588897705,-0.042844630777835846,0.0
308.41217041015625,53.33333333333334,0.060691092163324356,54.0,0.0019581338352893675,94.6875,60.1875,413.6311340332031,93.0625,-50.21321722395068,93.70329460851816,111.5,78.14285714285714,912.3613891601562,52.0,44.359710693359375,68.85714285714286,-0.001281730248592794,72.5625,1.7672120332717896,192.55625915527344,69.3125,0.8854197263717651,46.642857142857146,43.64285714285715,60.33003616333008,98.57142857142858,-0.0633713268777505,57.20805358886719,53.26498031616211,66.07142857142857,0.18978538472464027,4.926174640655518,67.85714285714288,-0.4117968893416218,28.593299865722656,55.35714285714287,0.14354595265867887,39.04561233520508,84.21428571428572,0.20525949807193886,2.174496650695801,0.9127516746520996,0.23483257649542782,64.0625,67.1875,-11.886795997619629,-2.2340502738952637,0.0
496.4676513671875,107.9375,0.02789449319243431,88.0625,-0.8229906461181469,73.92857142857144,91.78571428571429,664.5693969726562,123.21428571428572,-9.681799801804075,75.8329349769508,119.14285714285715,104.5625,1694.349609375,41.92857142857143,42.222694396972656,122.75,-0.002080304082483053,41.5,1.1307344436645508,138.65284729003906,157.2857142857143,0.8437912464141846,134.3571428571429,145.3125,44.91514587402344,92.71428571428574,-0.45689430359984984,79.41610717773438,53.39872741699219,108.14285714285717,-0.0556124578536519,0.563758373260498,49.64285714285715,-0.2801433704703792,43.60828399658203,76.21428571428572,-0.29908097018258073,18.302059173583984,77.50000000000001,-0.08433788315294626,0.9932885766029358,0.02684563770890236,-0.09706313070799043,87.9375,95.0625,-16.257213592529297,-21.340721130371094,0.0
443.07928466796875,87.85714285714286,-0.05684807896614075,64.35714285714288,-0.38946048183445287,72.64285714285717,96.85714285714288,702.7971801757812,90.7142857142857,33.56163968448058,45.40872452208489,156.64285714285717,141.07142857142856,1966.4334716796875,71.71428571428572,36.97657012939453,109.92857142857144,-0.0006140074692666531,46.071428571428584,1.0426949262619019,132.01226806640625,55.21428571428572,0.3930376172065735,37.142857142857146,140.14285714285717,39.86056137084961,65.85714285714288,0.06652014907583449,97.43624114990234,52.613868713378906,49.642857142857146,0.11844389501212241,0.6711409687995911,55.71428571428571,0.008116047363798805,41.41147232055664,75.64285714285717,-0.2171669509236267,22.909954071044922,71.07142857142858,-0.5412272431341469,1.4228187799453735,0.00671140942722559,-0.08785938034308298,59.07142857142857,66.57142857142857,-0.40473517775535583,7.685849189758301,0.0
-3.31156325340271,42.214285714285715,-0.04322323948144913,27.78571428571429,0.7452322122378404,78.7857142857143,90.5,530.8941650390625,40.142857142857146,-5.9690601591695875,81.3287051516897,106.42857142857144,33.42857142857143,15935.310546875,69.42857142857144,37.605167388916016,27.142857142857146,0.0007408504607155919,79.07142857142858,0.8169845938682556,56.748512268066406,70.85714285714286,0.6878211498260498,53.6875,64.21428571428572,55.91895294189453,39.5625,0.20024568277318117,53.080535888671875,47.6579704284668,78.625,-0.22723031245581785,6.738255023956299,60.375,0.2286505117957081,19.312021255493164,25.375,0.874491288898725,44.50408172607422,57.1875,-0.07000854457419539,0.0,0.6375839114189148,0.6755798690493566,64.78571428571429,74.2857142857143,-1.3097182512283325,-18.801433563232422,0.0
222.60714721679688,56.71428571428572,0.06404423713684082,35.42857142857144,-0.14058725460174887,40.125,34.5625,313.707275390625,84.625,-17.68384809782041,88.76085196370857,115.6875,36.142857142857146,4821.35498046875,35.8125,39.44677734375,67.78571428571429,0.0007598981028422713,6.625,1.3611838817596436,245.18734741210938,101.375,1.1807888746261597,91.57142857142856,78.28571428571428,61.39850997924805,46.92857142857142,-0.0017182471754667,65.79866027832031,41.867000579833984,91.5,-0.2640113165700669,1.852349042892456,75.64285714285717,-0.23596528415341764,25.950777053833008,65.00000000000001,0.14071256514622027,37.05695343017578,57.000000000000014,0.06307271448297423,0.281879186630249,0.0,0.028055974324660143,98.0,78.1875,-17.804258346557617,-6.117204666137695,0.0
142.92054748535156,115.33333333333331,-0.10182572156190872,66.35714285714286,0.27577145703050626,95.5,100.4375,344.61456298828125,75.0,-33.05756818138113,60.34057138707219,72.25,38.64285714285715,4094.3876953125,59.3125,41.8402099609375,73.92857142857144,-0.00030187383526936173,51.75,6.162918567657471,103.4267349243164,77.375,0.785086452960968,57.428571428571445,84.78571428571428,52.859745025634766,80.375,-0.06233461083219297,105.08053588867188,64.40939331054688,85.25,0.1608420041285633,0.020134227350354195,75.75,-0.14513791518893376,39.87389373779297,77.8125,0.1778497414800931,39.376041412353516,113.5625,-0.12393732529288569,0.00671140942722559,0.00671140942722559,1.0,66.8125,75.125,-9.912141799926758,-15.098326683044434,0.0
99.23702239990234,66.35714285714286,-0.07269787788391113,71.07142857142858,-0.2950082756629358,47.35714285714286,78.50000000000001,182.7732391357422,63.64285714285714,-41.27863438177429,87.16981244223552,111.14285714285717,79.57142857142858,7560.12109375,54.642857142857146,37.590824127197266,91.57142857142858,0.0014900191454216838,56.07142857142857,0.9386349320411682,205.92987060546875,57.07142857142858,1.406167984008789,65.42857142857144,64.5,84.39189147949219,76.71428571428571,-0.13454964942117642,49.53691101074219,46.48728561401367,79.2857142857143,-0.1543712521990252,1.3758388757705688,59.2857142857143,-0.15085798345453028,35.2137451171875,59.35714285714287,0.17035011592055652,56.32017517089844,67.00000000000001,0.018047076907148345,0.5100671052932739,0.0,-0.3087482993604696,53.071428571428584,73.85714285714286,-9.92474365234375,-14.02719783782959,0.0
141.03204345703125,54.38095238095238,0.2176576852798462,72.50000000000003,-0.33965127713269305,100.35714285714286,56.35714285714286,256.0010070800781,103.21428571428575,-9.879555616602802,72.46913120155139,81.42857142857146,110.71428571428577,8174.626953125,142.14285714285717,32.29550552368164,70.71428571428572,0.00020056290668435395,36.07142857142857,1.6607353687286377,153.30686950683594,128.375,1.8615976572036743,121.3125,108.7857142857143,97.10376739501953,125.0,-0.1947662149583061,41.09395980834961,49.238407135009766,97.0625,-0.15606968511278338,2.5167784690856934,121.75,-0.2310192231971274,37.54448699951172,79.6875,0.4001035149661904,55.52608871459961,81.8125,-0.133798259944777,0.16107381880283356,0.0,-0.48672821029069496,94.92857142857143,116.5,-18.563753128051758,-19.947402954101562,0.0
-20.776525497436523,48.0625,-0.023456986993551254,55.375000000000014,-0.019621974519719216,56.95238095238095,66.14285714285714,619.4412231445312,61.38095238095238,12.903133465339673,75.79797907919423,70.66666666666666,64.33333333333334,1222.8050537109375,69.19047619047618,39.89295196533203,73.54166666666666,0.0006590341799892485,65.74999999999999,0.6788406372070312,77.51704406738281,88.04761904761904,0.41688522696495056,74.66666666666669,66.0,41.5858268737793,58.71428571428571,0.37545354681934695,68.61744689941406,50.1163215637207,65.85714285714286,0.25718168772864436,10.744966506958008,86.1904761904762,0.18125157465050912,19.50942611694336,39.9047619047619,-0.060403476926255514,39.252769470214844,72.95238095238095,-0.07692307692307693,0.0,0.7248322367668152,-0.26494154775334805,63.38095238095238,67.61904761904762,-2.2247097492218018,0.056631918996572495,0.0
254.18728637695312,89.92857142857143,-0.055663805454969406,69.42857142857143,-0.40168670752818975,74.92857142857143,43.785714285714285,555.4696655273438,86.92857142857144,-20.03973621169993,106.58588177233803,116.0714285714286,86.64285714285715,1576.189453125,72.35714285714286,43.291473388671875,99.57142857142858,0.0021987820509821177,92.64285714285714,0.5000792741775513,166.4900665283203,74.07142857142858,0.536359965801239,47.71428571428572,61.35714285714286,23.845447540283203,38.42857142857143,0.19292034181453188,185.04698181152344,57.960105895996094,80.21428571428571,-0.19109744286787836,0.0,72.14285714285714,-0.3099545974447522,16.703344345092773,62.928571428571445,0.16373338555308053,28.554899215698242,63.78571428571429,0.08301245926386817,0.5771812200546265,0.0,-0.037037037037037035,66.0,68.92857142857144,2.2532238960266113,6.05241584777832,0.0
-48.69919204711914,63.125,-0.04333572834730148,59.291666666666664,-0.05615364190659003,59.857142857142854,50.0952380952381,597.3839721679688,33.9047619047619,35.64848974167101,84.20438040750344,73.14285714285714,88.20833333333334,1147.6517333984375,68.57142857142858,32.159366607666016,68.83333333333333,0.00039906366146169603,67.0,0.8028437495231628,71.4024658203125,59.61904761904762,0.38569730520248413,64.3809523809524,45.95833333333335,36.34355163574219,43.95238095238095,-0.22477900023480232,66.80536651611328,47.849552154541016,66.76190476190476,-0.06639778410850056,7.26845645904541,94.28571428571428,0.17327760539223763,13.426104545593262,43.80952380952381,0.06278413497679189,28.255876541137695,75.57142857142856,1.0,0.0,0.5771812200546265,0.27582790611380764,71.38095238095238,79.42857142857144,-2.9171252250671387,0.726104199886322,0.0
86.7860107421875,58.66666666666667,-0.017158834263682365,66.71428571428571,-0.013413375855923478,91.71428571428574,58.07142857142858,495.87249755859375,56.35714285714286,17.45715731842406,99.91933761585379,49.21428571428573,65.71428571428572,1233.678466796875,61.14285714285715,44.185386657714844,57.64285714285715,0.001467932597734034,172.64285714285714,1.242478370666504,139.6661376953125,73.85714285714286,0.49843958020210266,51.07142857142858,84.75,24.088891983032227,48.78571428571429,0.03912961549986253,81.46979522705078,36.8331184387207,50.35714285714286,-0.07168039680298587,0.15436241030693054,51.785714285714285,-0.21084894052675848,17.115049362182617,53.42857142857144,0.26020572250900786,31.56502342224121,66.57142857142858,-0.12,0.16107381880283356,7.315436363220215,-0.037037037037037035,56.42857142857144,63.00000000000001,-3.598186731338501,7.661625862121582,0.0
117.96366119384766,100.07142857142858,-0.01883825846016407,90.42857142857143,-0.424063841950206,85.125,88.75,407.98931884765625,117.8125,-37.90120383197029,91.35108928621747,132.0,76.78571428571432,718.4923706054688,33.625,49.0468635559082,97.64285714285715,0.00025745914899744093,83.4375,0.5386208891868591,281.5474548339844,70.6875,0.5642926096916199,82.2857142857143,57.92857142857144,32.43296432495117,44.3125,-0.036600333377204274,139.2147674560547,60.02969741821289,99.5625,-0.40072623360373344,0.07382550090551376,50.875,0.2058068163327613,23.77412986755371,64.1875,-0.41200756136454325,32.84586715698242,118.4375,0.26975968342687906,0.0,0.0,-0.42575508957042685,42.5,70.9375,-2.903553009033203,5.53262186050415,0.0
-76.98145294189453,149.0,-0.03169490396976471,32.214285714285715,0.6275120758706325,72.64285714285717,81.14285714285714,540.1743774414062,23.35714285714286,73.22394186218312,89.72711623826504,53.64285714285714,91.35714285714289,977.1534423828125,71.57142857142858,26.0845947265625,36.92857142857143,-5.142727241036482e-05,73.28571428571429,0.7939943075180054,67.93057250976562,125.21428571428574,0.20665739476680756,117.35714285714286,114.0,25.182172775268555,47.500000000000014,0.511977738710439,43.79194641113281,33.19967269897461,59.00000000000001,-0.0699412338656838,0.7046979665756226,47.571428571428584,0.33840441816997785,20.989763259887695,42.21428571428572,0.6836802431787677,17.47764778137207,67.78571428571429,-0.037037037037037035,0.0,0.8322147727012634,0.42932817774168663,57.7857142857143,71.64285714285715,-1.3645553588867188,2.2004189491271973,0.0
556.9976196289062,97.85714285714286,-0.4260050356388092,48.642857142857146,-0.08645873914653657,86.57142857142858,93.42857142857146,852.1209106445312,144.21428571428572,0.4446889033188691,35.952781506777,70.07142857142858,53.14285714285715,8219.93359375,170.35714285714283,37.93629837036133,96.85714285714288,0.0005084100412204862,187.99999999999997,5.549401760101318,41.08320617675781,198.28571428571428,1.241363763809204,176.3125,188.57142857142856,76.11226654052734,100.85714285714288,-0.07832187691312129,17.54054069519043,36.299686431884766,39.21428571428572,-0.15018164797747066,5.452702522277832,151.71428571428572,-0.552138174096735,47.96402359008789,98.00000000000001,-0.18454873530144592,65.43753051757812,154.57142857142858,-0.16823013318050206,0.0,0.9054054021835327,-0.3411251580250748,157.0,183.57142857142858,39.7175407409668,-28.939815521240234,0.0
302.6354675292969,62.000000000000014,-0.07438146322965622,52.214285714285715,0.3561464443893963,51.5625,49.3125,351.0849914550781,49.25,-34.480287867104444,75.42721328782886,93.25,61.2857142857143,820.7516479492188,46.5625,41.786407470703125,63.42857142857144,-0.002370277186855674,98.21428571428574,5.527858734130859,396.4764709472656,61.75,0.7767086625099182,59.714285714285715,44.428571428571445,39.025821685791016,75.8125,0.07805649189838774,88.0604019165039,60.1295280456543,79.4375,-0.30888106707214863,1.9597315788269043,46.6875,0.014421011936207978,37.5046272277832,75.125,-0.12376985297679068,37.47831344604492,113.25,0.16261218788899098,0.6040268540382385,2.120805263519287,0.10416725991033318,65.8125,57.125,-9.39165210723877,-10.05867862701416,0.0
86.92407989501953,89.92857142857143,0.11396864801645279,96.09523809523812,-0.465512288042969,55.761904761904766,53.666666666666664,320.3669738769531,97.95238095238095,-24.940958283891614,99.77687294487247,115.04761904761905,97.71428571428571,705.3857421875,58.52380952380952,42.4819221496582,114.4761904761905,0.0003042641037609428,18.619047619047617,0.480270653963089,307.84332275390625,126.57142857142863,0.3889707326889038,117.14285714285714,74.19047619047619,41.223934173583984,72.14285714285715,-0.24417996683273052,103.65771484375,60.54802703857422,87.47619047619048,-0.421893458421239,0.28859061002731323,86.71428571428571,-0.3352008901456279,22.90789794921875,52.71428571428572,0.34790586554274916,32.070091247558594,50.476190476190474,-0.2813717949825868,0.0,0.0,0.16130891677382164,76.90476190476191,78.61904761904763,14.495140075683594,-6.856006622314453,0.0
501.6435546875,106.21428571428574,0.4223089814186096,95.21428571428571,-0.443559637133298,94.2857142857143,72.21428571428572,781.8511962890625,89.21428571428574,-33.79901352984793,91.50782511466866,70.57142857142857,111.42857142857144,1172.0947265625,101.35714285714286,44.058837890625,101.7142857142857,-0.00307315681129694,148.8571428571429,0.4705359637737274,496.94232177734375,149.9375,0.7403532266616821,76.625,165.14285714285717,37.91596984863281,61.9375,-0.07891492887972808,90.75167846679688,66.57073974609375,53.75,-0.039899167303758504,0.7986577153205872,40.4375,-0.13034170969869294,38.626861572265625,68.3125,-0.3613826764125248,27.49650764465332,74.875,-0.027156617577761402,1.3221476078033447,0.5503355860710144,-0.2421195158600419,54.7857142857143,113.35714285714286,10.008721351623535,-8.810115814208984,0.0
-47.73065185546875,94.95238095238098,-0.017863262444734573,24.8125,-0.09804756078097569,36.875,41.0625,432.19366455078125,17.0625,29.51763820831958,36.80333415430489,44.3125,34.125,21270.724609375,17.8125,28.835371017456055,40.25,-0.00017449197184760123,89.6875,4.637953281402588,132.11163330078125,27.07142857142857,1.071007490158081,33.21428571428572,77.57142857142858,54.518516540527344,38.07142857142858,0.32507538004703024,46.46979904174805,35.407039642333984,69.14285714285714,-0.40139009556907046,0.12080536782741547,72.64285714285715,-0.32004461777322146,29.702503204345703,70.57142857142858,-0.4218373132854704,72.77596282958984,98.14285714285714,1.0,1.2953020334243774,10.677852630615234,1.0,103.75,49.6875,3.95570969581604,9.614941596984863,0.0
730.9873657226562,67.125,0.30303698778152466,71.9375,-0.19184262280736464,110.35714285714286,85.35714285714288,758.5443725585938,53.42857142857144,-4.1190046246019785,82.77545737986493,62.857142857142854,80.25,1405.3197021484375,34.357142857142854,46.67363739013672,92.875,-0.002632211660966277,80.07142857142858,1.0299688577651978,597.2658081054688,149.3571428571429,0.7091102004051208,45.78571428571429,146.875,48.37855911254883,61.142857142857146,0.015698466856119666,47.825504302978516,53.67372512817383,56.85714285714287,0.30072728108922836,2.3959732055664062,60.85714285714287,-0.2652838965322045,25.88323402404785,58.92857142857144,0.3072340213800223,31.583498001098633,70.57142857142858,0.3902485749998927,2.2214765548706055,0.1342281848192215,0.39131984866123415,64.07142857142857,47.642857142857146,-11.424300193786621,-1.7127429246902466,0.0
327.0724182128906,58.14285714285715,0.012319465167820454,68.92857142857144,0.04444948830482771,67.78571428571429,46.000000000000014,565.48291015625,38.642857142857146,3.0288726101385666,92.26020722248805,96.71428571428574,64.28571428571429,1680.6844482421875,69.14285714285714,44.386741638183594,91.92857142857144,0.0024165210779756308,109.64285714285717,0.2579079270362854,180.81045532226562,73.35714285714285,0.6167047023773193,45.92857142857142,97.57142857142856,24.068004608154297,64.57142857142858,-0.11158703755367283,201.76510620117188,52.34865188598633,45.07142857142857,0.32658499330903246,0.0,48.42857142857143,0.15146664761156162,17.042407989501953,29.428571428571438,0.05190618273858465,26.954774856567383,84.7857142857143,-0.15381607682697718,0.28859061002731323,0.0,1.0,53.214285714285715,70.0,-3.414588212966919,10.31946086883545,0.0
366.8453674316406,60.50000000000001,0.13753345608711243,58.0,0.129771932279278,48.85714285714287,74.2857142857143,748.5075073242188,61.92857142857142,-2.510107196417431,83.09991040091025,67.0,89.25,2068.02880859375,73.35714285714286,45.48362350463867,80.75,0.0021504692267626524,153.75,0.4919584393501282,147.3607940673828,65.64285714285714,0.6728517413139343,75.50000000000001,67.0,35.78400802612305,71.92857142857144,0.06498635347847799,196.3355712890625,68.10755920410156,80.71428571428572,-0.37233089131816716,0.020134227350354195,52.64285714285715,-0.030355338416153826,31.371456146240234,77.78571428571429,-0.026234029966713455,35.569366455078125,71.28571428571429,-0.10168629815949981,0.0,0.0,-0.18091381655169197,74.28571428571429,68.35714285714286,-0.6528149247169495,2.8783369064331055,0.0
442.0036315917969,43.785714285714285,0.009767407551407814,60.42857142857144,-0.015857532077870436,105.375,100.375,436.60260009765625,51.1875,-22.95868305146894,94.1111240929493,93.4375,71.85714285714286,1230.48681640625,41.8125,40.12421417236328,66.71428571428572,-0.002283957088366151,57.78571428571428,1.2365946769714355,377.2171325683594,67.4375,1.3059955835342407,108.25,65.35714285714286,38.71455001831055,73.5625,-0.06552301952521701,87.87248229980469,56.00806427001953,67.25,0.2712132863521067,0.6979866027832031,45.5,-0.23903414339886064,37.13991165161133,36.6875,0.32474066215139563,24.826553344726562,77.5,-0.05301760737973101,1.798657774925232,1.3020133972167969,0.5423572906900639,70.07142857142858,54.35714285714287,-13.302227973937988,-2.1019394397735596,0.0
-30.7176513671875,56.14285714285715,-0.03533589094877243,44.19047619047619,0.46856339648739126,31.952380952380956,36.857142857142854,598.6956787109375,28.523809523809526,24.66044298834449,87.76078383766502,47.80952380952381,67.95238095238095,1191.3851318359375,73.99999999999999,36.44290542602539,62.99999999999999,0.0005140205612406135,74.71428571428572,0.8449689149856567,73.16627502441406,68.42857142857144,0.37729987502098083,87.76190476190476,65.61904761904762,42.21877670288086,52.85714285714286,0.3264491197939029,62.6644287109375,50.93614959716797,71.85714285714289,-0.009160656442448036,8.10067081451416,110.85714285714286,-0.009772358592261096,24.958511352539062,23.76190476190476,-0.08100456974546773,30.681474685668945,52.23809523809524,-0.024390243902439022,0.0,1.919463038444519,0.1274366295305507,60.38095238095238,73.19047619047618,-3.130333423614502,-0.9117310643196106,0.0
924.589111328125,33.57142857142858,-0.3012354373931885,24.21428571428572,0.9257279825704978,19.1875,67.3125,1502.6109619140625,22.5625,27.322670454146877,35.68907648743129,44.0625,88.64285714285714,3576.759521484375,32.6875,31.54042625427246,113.78571428571429,0.0007496571051888168,126.85714285714289,1.528779149055481,80.46656036376953,62.375,0.3060927987098694,72.0625,66.35714285714286,58.49494934082031,80.0625,0.09753194277831789,58.9664421081543,64.20858764648438,49.6875,0.3511726008890737,6.26845645904541,42.375,0.033336861482777445,46.18201446533203,63.1875,0.28736142186050084,32.013099670410156,71.4375,-0.18081418283919773,0.0,3.0872483253479004,0.25703742643041944,78.125,80.8125,5.343401908874512,-1.4837994575500488,0.0
240.76473999023438,41.125,0.3121604323387146,55.375,0.5591937722527306,84.5,73.57142857142858,587.2855834960938,80.28571428571429,-11.602520824278761,106.38178604451393,99.28571428571428,40.875,880.53271484375,136.78571428571428,42.58302688598633,58.125,0.0006302306428551674,64.35714285714288,1.3067882061004639,268.384033203125,100.5,0.5273292064666748,66.14285714285715,80.375,48.31374740600586,49.785714285714285,0.049009205388110905,66.47650909423828,49.92068862915039,93.07142857142858,-0.3873377155052828,4.610738277435303,46.7857142857143,0.30739285687489576,16.427614212036133,74.5714285714286,-0.09631229964774571,28.01412010192871,80.92857142857143,0.04621882329500521,0.3557046949863434,0.0,-0.165227150404729,67.92857142857144,79.85714285714286,0.3315679430961609,-1.8387362957000732,0.0
430.841064453125,88.21428571428574,-0.09904784709215164,38.42857142857143,0.5808859742804439,56.071428571428584,67.92857142857143,487.9279479980469,61.00000000000001,34.39518354563105,93.67910181641238,128.5714285714286,54.42857142857144,1353.7679443359375,73.28571428571429,38.53553771972656,72.92857142857143,-0.002404009224846959,65.42857142857143,1.0767736434936523,326.3517150878906,53.14285714285715,1.1784566640853882,47.14285714285715,87.78571428571429,41.29031753540039,76.78571428571429,-0.3372900915488343,73.16778564453125,53.255672454833984,66.57142857142858,-0.04218201100285013,1.2348992824554443,20.92857142857143,0.06980692042535244,39.632225036621094,39.07142857142858,0.17105422771902462,23.3428955078125,58.428571428571445,0.06324864821426521,1.1610738039016724,0.718120813369751,0.10321998990909917,58.85714285714286,37.50000000000001,3.9360744953155518,-3.1823577880859375,0.0
262.7921447753906,46.000000000000014,-0.15518818795681,32.0,0.2637364513100623,60.85714285714286,66.35714285714286,565.4287109375,73.28571428571429,-0.581682863651506,81.79061872185666,69.21428571428572,40.42857142857144,1368.927490234375,71.07142857142858,44.29712677001953,77.71428571428572,-0.002294772770255804,128.14285714285717,0.8323394060134888,147.99569702148438,74.57142857142858,0.5401526093482971,92.50000000000001,63.85714285714287,46.594261169433594,88.92857142857144,-0.7212873964870667,93.95973205566406,56.40397262573242,65.7857142857143,0.08464060991374936,0.29530200362205505,42.35714285714286,-0.4398937513686424,46.612422943115234,95.00000000000001,-0.37433046128399533,26.68197250366211,91.71428571428575,-0.14624587155963306,0.1409395933151245,0.12080536782741547,0.002754761086474618,83.07142857142858,80.50000000000001,-17.300125122070312,-3.2995734214782715,0.0
646.01318359375,79.64285714285717,0.3632908761501312,145.28571428571428,-0.7697750476949203,112.23809523809524,86.19047619047619,729.7720947265625,111.38095238095238,-22.456344469081635,89.22581576317259,115.66666666666667,131.64285714285717,1227.4302978515625,37.90476190476191,46.5738410949707,143.85714285714283,-0.0032185378950089216,48.38095238095238,1.0422654151916504,671.5004272460938,133.38095238095235,0.4603433609008789,51.37499999999999,79.7857142857143,45.124385833740234,57.71428571428572,0.40714625120946585,39.38926315307617,44.01795196533203,80.35714285714286,-0.13889357447266862,2.4899327754974365,81.2857142857143,-0.10974041685827249,27.13739585876465,63.28571428571429,-0.11033531834665858,27.300933837890625,45.000000000000014,-0.08452017552646517,2.120805263519287,0.07382550090551376,0.674701071827272,65.38095238095238,55.76190476190478,-17.38714027404785,1.968669056892395,0.0
256.09930419921875,69.0,-0.1353645920753479,61.64285714285715,0.2928970463575856,64.71428571428572,68.21428571428572,827.9217529296875,74.21428571428572,25.008387289991315,41.651532178781515,45.21428571428572,51.92857142857143,2124.762451171875,76.85714285714286,37.02207565307617,93.71428571428572,0.0017389975255355239,147.2142857142857,0.5313245058059692,86.26707458496094,55.64285714285715,0.8345809578895569,75.78571428571429,76.2857142857143,39.089229583740234,53.85714285714287,0.10843010558341992,86.91946411132812,67.60152435302734,64.78571428571429,0.1745562416119908,0.3557046949863434,47.71428571428572,0.04423391725174542,31.753992080688477,79.42857142857143,0.06270905577362894,37.630313873291016,93.92857142857143,-0.14298323036187113,0.0,0.0,-0.2592758088975345,76.71428571428574,83.07142857142858,1.236232876777649,1.6948487758636475,0.0
533.656494140625,51.571428571428584,0.08028299361467361,46.142857142857146,0.18247092455137406,41.857142857142854,51.857142857142854,593.5472412109375,52.80952380952381,-17.007937264922482,93.37855456298034,85.76190476190476,54.85714285714287,1574.1690673828125,55.28571428571429,46.46210861206055,54.857142857142854,0.002344986656680703,169.42857142857142,0.4708636403083801,222.2340087890625,74.76190476190476,0.5835046172142029,56.904761904761905,61.85714285714287,22.169965744018555,76.38095238095238,0.036037248500627395,110.42282104492188,59.647193908691406,58.66666666666666,0.23058090281759624,0.01342281885445118,54.66666666666667,-0.125685820566918,14.387502670288086,71.61904761904762,-0.04887351860108731,25.06998634338379,52.95238095238095,-0.20465587863787116,0.3154362440109253,0.0,-0.09609893202164382,63.904761904761905,72.38095238095237,-3.2866435050964355,0.25086021423339844,0.0
92.37689971923828,45.214285714285715,-0.1382603794336319,44.57142857142858,0.36878955473950964,72.0625,32.4375,596.8660278320312,76.4375,-14.65682486819741,94.50937331051348,43.0625,45.7857142857143,3449.812255859375,75.25,45.75013732910156,46.28571428571429,0.0016255822265520692,93.0625,0.6561403870582581,170.3724822998047,60.9375,0.6336145401000977,52.21428571428572,68.42857142857144,30.568317413330078,75.75,-0.12517548609510493,109.83892822265625,47.80371856689453,59.6875,-0.12478157593255189,0.0,54.4375,0.0882213495128783,21.769472122192383,48.625,-0.00956396980849604,40.02022933959961,71.5625,-0.1083713114281244,0.463087260723114,0.0,1.0,44.6875,54.5625,5.18751335144043,3.8526036739349365,0.0
228.47064208984375,140.71428571428572,0.08494649827480316,68.57142857142857,0.2549173995891438,113.85714285714286,105.92857142857146,260.7774353027344,132.07142857142856,-10.136341234781598,55.890828356456225,72.5,123.92857142857144,3286.77734375,115.99999999999999,35.69661331176758,57.00000000000001,-0.0005725313094444573,100.57142857142858,8.629081726074219,91.71177673339844,104.92857142857144,0.9854881167411804,105.875,129.5,66.47530364990234,120.9375,-0.37447837936674505,50.81208038330078,49.48152160644531,130.25,-0.3605645569063689,0.0,121.0,-0.2214098016803554,37.99341583251953,84.375,0.13254673805374093,48.483734130859375,124.25,1.0,0.10067114233970642,0.0,1.0,110.64285714285715,108.92857142857143,-9.65450668334961,-12.363762855529785,0.0
-20.150026321411133,48.0,0.016164295375347137,41.5625,0.013748859209468708,87.35714285714286,48.642857142857146,585.1397705078125,50.42857142857143,24.194335955101373,87.47522513684875,110.5,49.4375,1206.817626953125,79.78571428571429,41.07441711425781,88.8125,0.0005384731339290738,76.6875,0.925912082195282,73.65518951416016,117.35714285714289,0.17674916982650757,83.71428571428572,66.4375,42.400691986083984,106.5,-0.7272286896722577,62.838924407958984,54.07750701904297,71.71428571428572,0.07220160042202987,7.597315311431885,147.57142857142858,-0.5960768828263039,14.883708953857422,95.64285714285715,-0.41159696353449304,27.67412757873535,80.50000000000001,-0.037037037037037035,0.0,2.3959732055664062,-0.6008015059954365,60.57142857142859,76.42857142857144,-2.484645366668701,-0.7954590320587158,0.0
260.2091979980469,123.71428571428571,-0.013858456164598465,53.19047619047619,0.3636438711746234,97.38095238095238,85.76190476190476,377.25335693359375,109.19047619047619,8.678801892587803,66.24305036217226,51.76190476190477,52.2857142857143,2919.447265625,80.95238095238096,42.599483489990234,49.57142857142857,-0.0031066136434674263,112.76190476190476,11.611068725585938,238.61923217773438,106.8095238095238,1.7157496213912964,101.19047619047619,96.45833333333331,53.68600082397461,93.04761904761902,-0.2978427542188025,37.986576080322266,49.23222351074219,81.57142857142857,-0.21070436654125663,0.48322147130966187,123.90476190476191,-0.3025745268762361,34.854305267333984,113.28571428571428,-0.5249012889141474,17.840858459472656,80.28571428571428,-0.16523271991471905,0.3557046949863434,0.12751677632331848,-0.1432794056910563,44.0952380952381,66.57142857142857,43.46717834472656,-44.608062744140625,0.0
289.49468994140625,95.5625,0.039404869079589844,62.6875,0.35857286679359146,84.07142857142858,84.14285714285715,734.4734497070312,93.0714285714286,18.96155780373804,82.1944016477289,44.71428571428572,79.625,1867.1900634765625,108.14285714285715,50.22541809082031,44.8125,0.0013463047798722982,37.78571428571429,1.0067495107650757,195.39727783203125,105.21428571428572,0.5640298128128052,79.21428571428572,47.0625,29.035118103027344,49.642857142857146,0.07825634244103175,110.69127655029297,49.52958297729492,59.99999999999999,0.3314407314625151,0.020134227350354195,68.64285714285714,-0.2668410653774408,20.490785598754883,58.571428571428584,-0.1411142922022699,25.772808074951172,69.42857142857144,1.0,0.01342281885445118,0.0,1.0,64.78571428571429,91.71428571428572,-0.31065937876701355,4.602715015411377,0.0
590.925537109375,15.071428571428573,-0.45841267704963684,36.71428571428572,0.5867335622457374,32.3125,65.5,1250.4442138671875,28.8125,34.70592784881592,28.793406269155348,84.4375,85.21428571428574,3053.992431640625,34.75,11.079059600830078,70.42857142857144,0.0008139120182022452,118.25,1.3432536125183105,78.86373901367188,80.0625,0.2139458805322647,100.35714285714286,59.71428571428571,59.56547164916992,78.1875,-0.2658589116067346,80.47650909423828,72.18940734863281,57.375,0.43501357115160916,4.744966506958008,43.5625,0.3235914493245894,40.10273742675781,48.375,0.45542814669876946,42.030147552490234,73.625,0.5713804421636888,0.0,1.3020133972167969,-0.16152190830036797,61.25,59.125,7.7201337814331055,1.1054075956344604,0.0
-4.248305797576904,54.5,-0.01020939089357853,39.6875,0.37166401450584435,69.50000000000001,75.71428571428572,494.0659484863281,100.7857142857143,8.056929264492636,81.48354257661836,49.50000000000001,79.6875,17527.923828125,72.42857142857144,36.061607360839844,51.8125,0.0006235018954612315,70.2857142857143,1.0196009874343872,54.08002853393555,73.92857142857144,0.7111139297485352,146.21428571428572,81.625,60.28766632080078,64.57142857142858,-0.022635830563961932,50.61745071411133,47.08076858520508,74.07142857142857,-0.12688622032396246,6.255033493041992,106.28571428571426,-0.17633121691616363,12.596320152282715,47.85714285714286,-0.1932245497148665,50.695457458496094,109.71428571428572,-0.165518999520385,0.0,0.29530200362205505,-0.6137167853766398,88.50000000000001,103.5,17.566301345825195,-12.51467514038086,0.0
410.8896484375,122.76190476190476,-0.008257743902504444,88.50000000000001,-0.3764593406689217,125.14285714285717,127.42857142857144,687.1245727539062,69.07142857142858,48.50530477658214,73.14064721288699,81.57142857142858,133.50000000000006,1713.309814453125,78.28571428571428,43.654476165771484,103.57142857142858,0.0004078283382114023,53.92857142857144,0.7756035923957825,110.43255615234375,48.285714285714285,0.33262529969215393,54.85714285714287,64.92857142857144,36.673099517822266,75.28571428571429,-0.04216959207590395,92.16778564453125,60.372161865234375,64.71428571428572,0.05712262860636875,0.8926174640655518,53.14285714285714,0.4504658721560131,24.012855529785156,53.42857142857142,-0.2183407521295458,16.658634185791016,78.14285714285717,0.1663041152171454,0.08053690940141678,0.563758373260498,-0.2929342448830842,49.50000000000001,62.857142857142854,0.6361956596374512,0.645336389541626,0.0
-25.74388885498047,83.00000000000001,-0.018984172493219376,91.35714285714286,-0.32624153650297694,90.75,119.25,407.16259765625,79.5625,31.141435741475135,32.15368556545395,50.625,74.5,23933.765625,80.25,29.340864181518555,72.57142857142858,-0.00047554131015203893,127.0,6.481096267700195,84.44173431396484,63.0625,0.8021462559700012,55.357142857142854,58.642857142857146,63.19211196899414,71.6875,0.2579369949046079,51.09090805053711,37.01417922973633,79.3125,0.07515989353106813,0.0,63.6875,0.33695017660244575,29.729671478271484,57.0,0.44093144370718557,63.123779296875,80.625,0.7114147909967844,88.71212005615234,65.00826263427734,0.43424159245069427,71.5,71.125,2.4051129817962646,9.551192283630371,0.0
214.19845581054688,49.07142857142858,-0.06472964584827423,77.14285714285715,-0.44320520491297083,76.28571428571429,67.2857142857143,463.9959716796875,137.71428571428575,42.323645245708875,92.50162726665155,47.57142857142857,96.50000000000001,1085.2962646484375,82.7857142857143,40.57929611206055,94.50000000000001,-0.0030049127526581287,68.50000000000001,1.8583691120147705,220.49423217773438,40.00000000000001,1.2310186624526978,56.6875,43.142857142857146,49.31774139404297,72.1875,-0.24000875843401098,90.52349090576172,66.58955383300781,58.5,-0.11910285736018823,2.402684450149536,62.5,-0.13361660994421734,33.50469970703125,120.9375,-0.5066389622278253,34.625579833984375,44.125,-0.21509554696023805,2.8859059810638428,1.0536912679672241,-0.46036494627504265,62.21428571428572,44.785714285714285,-12.03725528717041,3.76607608795166,0.0
-36.8905143737793,54.12500000000001,-0.015525075607001781,49.8125,0.5252862669197964,49.64285714285716,49.78571428571429,512.5249633789062,43.42857142857143,65.74420258502832,87.9628303183102,72.07142857142858,50.4375,1031.60986328125,73.0,40.860565185546875,58.5,-5.0279104470973834e-05,98.21428571428572,0.8237646818161011,338.2679748535156,13.714285714285715,0.6746888756752014,26.428571428571427,21.1875,26.136539459228516,42.00000000000001,0.08678877897082901,75.10738372802734,41.36320495605469,66.50000000000001,0.32068599253045765,0.020134227350354195,40.57142857142858,0.5476283711236025,30.415706634521484,26.35714285714286,0.8493341022776282,38.74705123901367,30.571428571428573,-0.017996727867660368,0.16107381880283356,0.14765100181102753,0.0965717577885226,60.07142857142858,32.57142857142858,-0.7030815482139587,0.3430631458759308,0.0
236.27474975585938,130.04761904761907,0.04494232311844826,70.50000000000001,-0.15799389882948123,65.35714285714286,71.78571428571429,490.15447998046875,74.5,-16.51907083372142,82.19066228836986,104.42857142857144,108.00000000000001,1221.081787109375,62.000000000000014,43.28376007080078,84.21428571428572,0.00010092103912029415,57.2857142857143,1.0701984167099,394.549072265625,37.142857142857146,0.548321545124054,42.49999999999999,60.49999999999999,45.145179748535156,77.14285714285715,-0.07306054093479251,42.55704879760742,40.61298370361328,72.28571428571429,-0.18264872041240238,2.0536913871765137,25.142857142857146,0.060376341187254046,18.73465919494629,81.07142857142858,-0.31548408195876987,22.532636642456055,67.5,0.0767448361657436,0.536912739276886,0.3691275119781494,0.32390984089269526,61.57142857142858,66.85714285714285,-7.303537845611572,-11.751500129699707,0.0
118.04338836669922,66.5,0.11016712337732315,78.09523809523809,-0.559253009071972,77.66666666666666,68.42857142857142,444.452392578125,74.42857142857144,-12.0095457662672,105.28986886834204,110.66666666666669,79.09523809523807,630.3056640625,68.76190476190476,42.03645706176758,94.66666666666667,0.000490195001475513,39.28571428571428,0.7682033777236938,354.620849609375,96.47619047619048,0.42125704884529114,62.25000000000001,75.09523809523809,51.172393798828125,59.833333333333336,0.026479364042251995,43.73825454711914,39.06996154785156,74.04166666666666,-0.28833501650743804,2.0738255977630615,39.91666666666667,0.37633358244525916,22.36221694946289,64.0,-0.2549113121695177,23.34819221496582,47.95833333333333,0.3594046167253633,0.6845637559890747,0.4093959629535675,0.06884299313355309,69.42857142857143,68.9047619047619,-2.687150478363037,-16.918027877807617,0.0
625.4362182617188,81.6875,0.1508805751800537,89.4375,-0.28517789175289066,98.57142857142858,80.64285714285714,751.4718627929688,88.35714285714288,-20.36275794172047,87.27914052361818,85.14285714285715,117.6875,1856.482421875,47.92857142857144,47.9241943359375,114.875,0.0027535920962691307,133.8571428571429,0.43027397990226746,246.9925079345703,51.7857142857143,0.5055121779441833,59.71428571428573,62.375,25.065946578979492,61.78571428571429,-0.16066754759245797,102.15436553955078,50.617225646972656,72.07142857142857,-0.25962208984818064,0.16107381880283356,73.14285714285715,-0.7097739444255904,16.781524658203125,55.642857142857146,0.324878683634012,32.14509963989258,44.85714285714286,-0.07692307692307693,0.12751677632331848,0.0,1.0,76.42857142857144,60.14285714285716,-0.8914176225662231,5.001986503601074,0.0
511.6998291015625,66.35714285714286,-0.2864311635494232,53.42857142857144,-0.007397658888005954,84.4375,100.5,895.1182861328125,125.875,5.350945130290601,39.02570597263998,61.5,69.71428571428572,7672.5986328125,155.0,37.35818862915039,82.07142857142858,0.000506275799125433,186.4375,5.9561944007873535,42.5484619140625,190.75,1.268908143043518,191.5,138.92857142857144,69.74520111083984,110.71428571428574,-0.5734964771802739,16.9865779876709,37.32426452636719,14.857142857142858,-0.20339238030764603,5.3624162673950195,178.5714285714286,-0.7278285468458722,43.26106643676758,88.21428571428575,-0.2931107584618902,64.21347045898438,152.92857142857144,-0.17033603707995362,0.0,0.899328887462616,-0.44903451391753596,116.4375,168.4375,40.81145095825195,-27.955543518066406,0.0
-38.54330062866211,115.35714285714286,-0.04544898122549057,57.571428571428584,0.16716216905216927,48.07142857142858,44.42857142857144,534.1651611328125,24.35714285714286,92.03869943330751,84.54796194182676,46.42857142857143,77.50000000000001,1054.6827392578125,83.85714285714286,29.894176483154297,75.85714285714286,0.0001999089290620759,77.92857142857143,0.9664958119392395,111.6336898803711,23.14285714285715,0.5012441277503967,53.64285714285715,35.5,27.613142013549805,46.92857142857143,0.34525821808829643,63.61745071411133,37.85358428955078,57.785714285714306,0.39466372358580865,0.25503355264663696,65.21428571428571,0.14330439732460504,27.702877044677734,55.00000000000001,0.5902347539287331,23.531129837036133,37.642857142857146,0.07778556412053259,0.020134227350354195,0.20134228467941284,-0.10225421554164124,39.42857142857143,53.00000000000001,-1.3319311141967773,0.0890064612030983,0.0
459.4881896972656,59.76190476190476,0.17982178926467896,74.71428571428571,-0.697733781835656,66.75,51.25,620.0935668945312,66.3125,-21.90068620083316,88.65437037519733,59.875,112.64285714285715,1385.3138427734375,102.0625,44.75373458862305,88.35714285714286,0.002305875765159726,46.125,0.9616190195083618,316.78814697265625,41.875,0.4672885239124298,50.28571428571429,41.2857142857143,30.29106903076172,39.5625,-0.07106684185736649,76.97986602783203,37.99125289916992,75.75,-0.006856234320158629,0.4161073863506317,62.9375,0.11728178098205334,15.594414710998535,42.75,0.13103334569885822,24.368152618408203,30.625,-0.09048192417256468,0.4899328947067261,0.0,-0.006159427868138563,72.6875,63.1875,0.4443173408508301,-5.5676984786987305,0.0
671.27587890625,85.21428571428572,0.15610051155090332,69.50000000000001,-0.14891886897061543,63.0,91.50000000000001,744.770751953125,101.85714285714289,-1.5273139812802308,76.88097179754008,114.35714285714288,83.7857142857143,2045.57275390625,55.71428571428571,47.52153015136719,109.57142857142858,-0.0008059145766310394,53.78571428571428,1.2934632301330566,114.46942138671875,73.0,0.7904625535011292,81.14285714285715,36.28571428571429,38.824886322021484,48.500000000000014,-0.13188292570964483,67.76509857177734,49.2595329284668,72.64285714285715,0.15263173274939942,1.6979866027832031,43.21428571428572,0.3059716847932194,26.22649574279785,51.07142857142857,-0.09929578387320742,18.49735450744629,41.714285714285715,-0.011890906997639852,0.19463087618350983,0.0469798669219017,-0.3401512458003922,67.50000000000003,54.5,-19.834667205810547,-12.165363311767578,0.0
217.89991760253906,27.125,0.27941352128982544,51.8125,0.21575646102921994,38.92857142857144,33.42857142857143,516.3501586914062,73.57142857142858,30.050135943313574,101.15047084415355,95.0,33.125,888.1953125,97.14285714285715,42.80715560913086,53.375,-0.001805949374102056,107.21428571428572,1.5877513885498047,215.66546630859375,47.07142857142858,1.5114595890045166,84.35714285714286,30.75,48.65058135986328,72.14285714285715,-0.30674800055868967,93.77852630615234,66.26171112060547,105.5714285714286,-0.4431487509356388,1.4697986841201782,31.357142857142854,0.3496399130724611,34.930545806884766,61.99999999999999,-0.389200135122912,32.627315521240234,74.35714285714286,-0.07981814693013706,2.167785167694092,0.42953020334243774,0.07785321113295485,81.7857142857143,75.14285714285714,-14.147394180297852,3.1997804641723633,0.0
484.499267578125,90.0,-0.005836960393935442,95.71428571428574,-0.163267660431134,129.00000000000003,122.85714285714289,564.1441040039062,112.2857142857143,-26.05530552856074,90.15395948167286,72.57142857142858,108.50000000000001,1616.3411865234375,57.07142857142858,44.60414123535156,112.92857142857147,0.0019442907068878412,194.78571428571428,0.5120372176170349,249.19546508789062,74.07142857142858,0.5264748334884644,51.85714285714286,60.642857142857146,20.593637466430664,78.71428571428572,-0.22416964862014688,102.48322296142578,62.43467712402344,76.21428571428572,0.09769289990806275,0.06711409240961075,81.5,-0.5011313627035275,12.408443450927734,73.85714285714288,-0.270706897520109,28.424264907836914,65.42857142857144,-0.22676813387761133,1.1409395933151245,0.0,-0.08230416998337052,58.714285714285715,69.35714285714286,-2.9950857162475586,-5.513577938079834,0.0
-4.9127326011657715,37.6875,-0.043506838381290436,36.0,-0.547293682828381,34.214285714285715,46.571428571428584,622.9932861328125,50.35714285714286,-5.6897531967835135,90.85210682185604,132.42857142857144,40.25,1244.4927978515625,71.92857142857144,39.25086212158203,72.75,0.0009808465838432312,94.35714285714288,0.8141918778419495,73.89160919189453,49.571428571428584,0.29632219672203064,109.35714285714286,64.25,35.87512969970703,67.07142857142858,-0.26644979387125606,91.80536651611328,60.26537322998047,62.50000000000001,-0.5586548322285568,3.7785234451293945,127.21428571428574,-0.20518679418774835,22.925642013549805,74.21428571428574,0.10823882432411637,30.65395164489746,84.14285714285715,-0.07374631268436578,0.0,0.2751677930355072,-0.045061181193382885,88.85714285714288,97.14285714285715,-1.256874680519104,0.680505096912384,0.0
258.1701965332031,84.0,-0.1083483099937439,50.42857142857144,0.2525041069838239,115.14285714285717,84.57142857142858,711.4878540039062,98.50000000000001,13.487048595543676,87.70306798366333,76.14285714285715,52.92857142857143,1617.526611328125,61.500000000000014,42.12931823730469,40.42857142857144,-0.0018649845151230693,76.42857142857144,1.7862809896469116,150.80430603027344,159.78571428571433,1.191758394241333,124.57142857142858,133.57142857142858,52.69356155395508,74.35714285714286,0.10942923794671792,92.62416076660156,68.8736343383789,106.07142857142861,-0.571848206455568,2.0671141147613525,79.85714285714286,-0.2759952036863813,37.7603759765625,84.14285714285717,-0.36201919287459605,30.216981887817383,110.42857142857144,0.1828308502030909,0.25503355264663696,0.08724832534790039,-0.3981853750861241,68.85714285714286,89.7857142857143,-9.18863296508789,7.904205322265625,0.0
68.60453033447266,153.35714285714286,-0.025153448805212975,109.9047619047619,-0.36922234031228723,64.875,65.79166666666669,381.76055908203125,107.29166666666666,-9.496752696549333,94.68227883811508,100.70833333333333,137.95238095238096,769.7532348632812,82.66666666666667,47.29804992675781,122.14285714285712,0.00023209858045447618,40.333333333333336,0.36567065119743347,296.9059753417969,46.04166666666668,0.4767630398273468,117.62500000000001,97.90476190476191,34.833927154541016,49.87499999999999,-0.08615273836191378,145.5503387451172,57.7480583190918,80.125,0.013653431933237464,0.06040268391370773,30.0,-0.06925547893392389,25.482105255126953,39.41666666666667,0.09921847983954633,34.99934768676758,78.625,-0.16747128433852795,0.0,0.0,0.03341259453777755,69.9047619047619,67.52380952380952,0.29100334644317627,1.7483665943145752,0.0
-17.385202407836914,80.92857142857144,-0.0168239027261734,67.23809523809524,-0.24611638598462027,95.14285714285717,84.38095238095237,514.2323608398438,69.47619047619048,41.36540158062973,45.245937959700285,99.3809523809524,66.61904761904762,4778.02783203125,51.99999999999999,38.557071685791016,83.28571428571429,0.0002173307875636965,38.523809523809526,2.192049264907837,127.66817474365234,51.047619047619044,0.4280221462249756,53.71428571428571,111.0952380952381,27.047449111938477,43.523809523809526,-0.2746292044924126,66.53691101074219,31.038301467895508,75.95238095238095,-0.16094042906251954,0.0,82.4761904761905,-0.37491690159028684,26.82496452331543,71.52380952380953,0.05188012979576256,42.692440032958984,33.14285714285714,-0.024390243902439022,55.100669860839844,84.3892593383789,1.0,90.09523809523809,93.28571428571428,-0.3461626172065735,1.9660365581512451,0.0
80.80049133300781,79.28571428571429,-0.023515475913882256,60.92857142857143,-0.07913824168039796,105.64285714285715,110.85714285714286,463.576904296875,59.642857142857146,12.75387582602917,97.59389946739762,70.49999999999999,80.14285714285715,11933.4833984375,71.42857142857143,42.56863021850586,48.35714285714287,0.0014607658376917243,169.85714285714283,1.57265043258667,129.45098876953125,79.64285714285715,0.8654386401176453,67.57142857142857,60.92857142857142,41.62391662597656,79.64285714285714,-0.1620200130331539,76.49664306640625,40.677589416503906,96.35714285714286,-0.6354719221234256,0.268456369638443,95.57142857142856,-0.40102851872982626,23.560138702392578,60.49999999999999,0.27152311020213327,47.6488037109375,65.2857142857143,-0.06877885634737663,0.2214765101671219,6.489933013916016,-0.07281394341038569,87.85714285714288,96.78571428571429,-9.415739059448242,11.453736305236816,0.0
317.8385009765625,93.00000000000001,-0.013391641899943352,64.00000000000001,-0.11832951888951569,79.85714285714286,51.85714285714286,481.7103576660156,65.21428571428574,18.219882511677557,86.37927414245861,84.2857142857143,151.71428571428572,1306.60693359375,72.2857142857143,44.3624153137207,104.7857142857143,-0.0027682555373758078,58.000000000000014,1.4886418581008911,305.9288635253906,67.78571428571429,1.428384780883789,80.3125,44.714285714285715,44.771514892578125,78.14285714285715,0.009804770609562296,69.40939331054688,57.511600494384766,95.64285714285715,0.054863464358340844,2.6174497604370117,33.64285714285714,0.28947765070579606,41.694053649902344,84.57142857142858,-0.28850706845150287,20.639646530151367,88.2857142857143,-0.04879628889066625,3.288590669631958,1.0671141147613525,-0.1293615463637545,48.5,49.714285714285715,-5.699957847595215,19.7396183013916,0.0
418.9423828125,78.0,-0.07850231975317001,66.9375,0.11295784685661958,67.8125,100.375,687.84130859375,105.375,24.887193658607917,37.12062737596783,84.625,43.8125,4278.5478515625,48.6875,30.027761459350586,80.375,-0.0005950075574219227,34.25,3.437747001647949,126.21644592285156,70.21428571428572,0.8690486550331116,62.714285714285715,59.25,43.67073059082031,44.857142857142875,0.21149769157664472,107.15436553955078,53.48257064819336,68.07142857142858,-0.09163620298859129,0.1409395933151245,49.214285714285715,-0.04874475615525027,43.63944625854492,46.00000000000001,0.3721278105704219,15.279967308044434,87.07142857142858,0.14824638180869779,2.5167784690856934,0.0,0.9593597991526752,38.875,84.0625,23.911216735839844,-0.9291169047355652,0.0
90.91857147216797,62.071428571428584,-0.12099193036556244,59.64285714285714,-0.005422222329161499,63.71428571428572,84.57142857142858,575.2479858398438,49.500000000000014,-24.519630314919773,122.78756916458529,108.71428571428572,48.142857142857146,1462.2723388671875,75.57142857142858,25.432048797607422,57.21428571428572,0.0021996586583554745,65.78571428571429,0.8590980172157288,177.5888214111328,110.00000000000003,0.28291282057762146,45.07142857142858,75.92857142857144,26.43661880493164,59.14285714285715,-0.11410162748726073,117.61744689941406,41.61079025268555,48.71428571428572,0.3823589027329478,0.1342281848192215,69.2857142857143,-0.2580913726714539,16.05124855041504,79.92857142857143,-0.1986630178339297,23.78635025024414,83.85714285714288,0.6183383032547096,1.6778523921966553,0.0,1.0,80.57142857142858,63.5,-2.363906145095825,0.2187040150165558,0.0
279.6698913574219,94.42857142857144,-0.07328103482723236,60.71428571428572,-0.22876553006775954,63.571428571428584,69.64285714285715,527.316162109375,62.42857142857143,-3.4909527429798306,76.75262361567408,76.14285714285714,76.35714285714286,1857.3697509765625,46.714285714285715,42.95957565307617,68.71428571428572,-0.0018093837425112724,47.64285714285715,2.825666666030884,75.77485656738281,91.07142857142858,0.2623380422592163,62.21428571428571,31.28571428571429,53.67603302001953,115.71428571428575,-0.588700631572931,61.09395980834961,46.848228454589844,89.71428571428574,-0.47837801361879645,0.2214765101671219,29.285714285714292,-0.013609961239884496,29.470664978027344,48.42857142857143,0.17850923157537835,15.490235328674316,62.357142857142875,-0.0020838448016811694,0.24161073565483093,0.033557046204805374,-0.10013763261196706,71.64285714285715,60.21428571428572,6.770507335662842,-0.13832533359527588,0.0
27.05293846130371,83.21428571428571,-0.031920649111270905,84.00000000000001,-0.42158012800724415,74.28571428571429,73.35714285714288,520.8207397460938,47.64285714285715,40.196543801550895,46.944659145390496,73.85714285714286,87.50000000000001,1134.7117919921875,56.71428571428572,24.36875343322754,68.28571428571429,-1.5205960153252818e-05,122.14285714285711,1.707689642906189,99.11275482177734,114.78571428571429,0.39271947741508484,115.07142857142857,129.92857142857144,16.495380401611328,41.71428571428572,0.5460287133024349,77.0,23.773540496826172,44.21428571428572,0.10088199699624807,0.0,48.71428571428572,0.15160932942186964,15.564850807189941,82.14285714285714,-0.3405082527693636,23.86333656311035,76.42857142857143,1.0,59.12080383300781,83.23490142822266,1.0,83.2857142857143,87.28571428571429,-0.09536758810281754,0.3055606484413147,0.0
370.805908203125,62.500000000000014,0.29660362005233765,52.761904761904766,0.380797870758797,64.9047619047619,62.047619047619044,522.1903076171875,57.95238095238096,-14.612340844217563,95.42670150059202,73.04761904761904,42.52380952380954,699.3938598632812,83.47619047619048,43.144466400146484,59.85714285714285,0.002102912636473775,28.04761904761905,1.044246792793274,333.7328186035156,106.19047619047618,0.45201438665390015,80.42857142857143,70.14285714285714,37.79734420776367,62.19047619047618,-0.34345052445820146,66.7248306274414,40.76234436035156,96.80952380952381,-0.3823240221022648,0.7718120813369751,73.38095238095237,-0.13319808796158064,16.839466094970703,54.04761904761904,-0.13820531717190265,24.891845703125,46.904761904761905,-0.16386120454659878,0.26174497604370117,0.0,-0.011044469900631732,74.47619047619048,56.857142857142854,-1.3016434907913208,-8.789172172546387,0.0
604.1011352539062,63.142857142857146,0.16203609108924866,46.21428571428572,0.31403811620228234,85.35714285714286,78.07142857142858,940.8751831054688,71.92857142857144,21.250400719726645,64.68214780591622,34.07142857142858,53.92857142857144,2620.224365234375,71.35714285714286,46.987552642822266,67.35714285714286,0.002950887195765972,96.21428571428572,0.13444209098815918,361.4762878417969,75.85714285714286,0.48485904932022095,87.57142857142858,81.64285714285717,25.72482681274414,56.85714285714286,0.29896514444994404,111.52349090576172,55.315757751464844,50.857142857142854,0.3207951669606084,0.33557048439979553,66.57142857142858,-0.14814198176547028,15.344345092773438,55.64285714285715,0.12949460511708927,36.772403717041016,53.71428571428572,0.4546059869855253,0.4966442883014679,0.0,0.04438145216502706,71.42857142857144,50.28571428571429,6.128206253051758,6.669162273406982,0.0
246.79464721679688,62.047619047619065,-0.01808908022940159,49.071428571428584,0.18765726086443196,60.07142857142858,45.42857142857142,675.7755737304688,86.42857142857143,12.549897781954515,69.93693794202952,50.92857142857144,96.7857142857143,1587.9765625,103.00000000000003,40.31367874145508,52.50000000000001,0.0010425701038911939,67.64285714285715,1.0343185663223267,218.2142333984375,118.14285714285717,0.5026838779449463,91.99999999999999,108.9375,27.923419952392578,82.21428571428572,-0.2798239669223981,129.74496459960938,61.059669494628906,76.85714285714286,-0.06864270904599507,0.9060402512550354,88.50000000000003,-0.09906421568519401,24.353755950927734,88.28571428571428,-0.3110348778255516,32.13200759887695,84.71428571428572,-0.037037037037037035,0.0,0.0,-0.037037037037037035,63.14285714285715,97.71428571428572,3.847708225250244,8.951225280761719,0.0
235.13182067871094,92.7857142857143,0.20841075479984283,97.92857142857143,-0.1781012203868229,70.875,85.3125,411.7498474121094,74.1875,-40.53819636160495,97.08899085981159,88.375,81.92857142857144,498.22039794921875,74.6875,43.601661682128906,105.78571428571428,0.001993682235479355,56.9375,1.128314733505249,318.0865173339844,87.875,0.45093661546707153,45.57142857142857,56.5,41.917049407958984,33.14285714285715,0.4383400219745931,60.912750244140625,40.63372802734375,73.50000000000001,-0.2103031524421999,1.0671141147613525,66.71428571428572,0.07803272789532181,17.162160873413086,48.64285714285715,-0.10639194341118528,28.252485275268555,54.85714285714286,-0.2557585512050405,0.3624161183834076,0.0,-0.4428645994263678,53.5625,59.3125,-1.855311393737793,-12.023265838623047,0.0
310.1753845214844,69.28571428571428,0.02389855869114399,80.80952380952381,-0.028250851578639213,73.66666666666667,88.57142857142856,486.3852844238281,83.76190476190476,17.18804892077542,76.74648588482877,67.00000000000003,81.57142857142856,1278.7568359375,51.14285714285715,42.193119049072266,88.00000000000003,-0.0043882085010409355,56.809523809523796,0.6904865503311157,346.4644775390625,107.47619047619048,0.7920678853988647,105.42857142857142,73.14285714285714,47.022552490234375,66.66666666666667,-0.009100241362451229,52.14765167236328,45.13252258300781,58.42857142857143,-0.089120014582975,0.8590604066848755,24.19047619047619,0.05509740880538776,34.07894515991211,73.8095238095238,-0.3835411903652577,27.651140213012695,51.42857142857142,0.0743269325133305,2.691275119781494,0.8724831938743591,-0.2725513054134273,56.904761904761905,52.9047619047619,-13.355405807495117,5.925182819366455,0.0
72.80180358886719,117.00000000000001,0.0014466448919847608,62.095238095238095,-0.028419199780151536,75.66666666666669,70.71428571428574,498.1317138671875,51.14285714285714,11.744394324369878,102.08251779331249,111.95238095238096,40.14285714285714,1198.1241455078125,64.61904761904762,41.86482620239258,88.04761904761905,0.00037477246951311827,112.42857142857142,1.0781750679016113,377.1137390136719,32.61904761904762,0.8199344873428345,36.523809523809526,45.52380952380953,23.230579376220703,64.23809523809524,-0.09598988963467088,96.81208038330078,35.436561584472656,32.142857142857146,0.334790887778406,0.0,51.61904761904763,0.1586595183143242,20.77890968322754,54.04761904761905,0.3030357330183658,34.19065856933594,51.47619047619048,-0.10174880763116058,0.6375839114189148,0.12751677632331848,1.0,50.57142857142856,29.42857142857143,2.770193576812744,0.6174702644348145,0.0
270.6098327636719,90.71428571428574,-0.10452204942703247,52.71428571428572,-0.3770640886650957,57.85714285714287,55.71428571428572,520.0769653320312,54.85714285714287,-0.7161775659394745,75.1590361404276,66.5,93.5,1552.23583984375,52.21428571428572,42.416263580322266,56.85714285714287,-0.0019888607785105705,46.214285714285715,2.387110948562622,76.55917358398438,98.42857142857144,0.23286573588848114,51.07142857142858,34.00000000000001,53.639488220214844,103.2857142857143,-0.46574890210857456,66.08724975585938,47.113731384277344,103.14285714285715,-0.3041458187602198,0.3557046949863434,25.85714285714286,-0.014625532920033926,29.85063362121582,57.14285714285715,-0.22366553470118147,14.148174285888672,54.642857142857146,0.03563925805897318,0.26174497604370117,0.033557046204805374,-0.08860474595251848,52.64285714285715,54.71428571428572,-1.6231439113616943,-6.146920680999756,0.0
352.360107421875,103.66666666666666,0.03086777590215206,88.85714285714286,-0.7426733872006456,54.571428571428584,47.000000000000014,705.8666381835938,124.99999999999999,1.457449690207539,91.16943207686731,80.35714285714288,111.7857142857143,1847.8826904296875,81.57142857142857,42.50023651123047,103.71428571428574,0.0024722875095903873,83.50000000000001,0.6212455630302429,175.3026123046875,101.28571428571429,0.6037165522575378,147.42857142857144,90.5,27.50628662109375,90.64285714285714,-0.5174590312503331,142.16778564453125,68.0930404663086,96.71428571428572,-0.5618438662728011,0.06040268391370773,62.14285714285714,0.12456638089102529,22.82212257385254,63.000000000000014,0.19250458804211343,34.792381286621094,62.57142857142857,-0.11587763290180936,0.0,0.02684563770890236,1.0,86.28571428571429,95.21428571428572,-0.2859163284301758,0.7486706376075745,0.0
284.3548278808594,17.809523809523807,-0.1868312954902649,60.214285714285715,-0.2270815051705695,79.5625,55.375,553.853759765625,22.625,-20.697986544778683,84.70671202143056,47.0625,54.00000000000001,1567.263916015625,52.0625,33.29594802856445,39.785714285714285,-0.00036404901766218245,83.875,0.9116181135177612,128.62347412109375,54.0,0.26951950788497925,43.857142857142854,66.78571428571429,37.54507064819336,95.5625,-0.3751861060824934,114.7382583618164,54.35619354248047,79.4375,-0.498081033163986,0.00671140942722559,34.0625,-0.33494623942418544,39.02999496459961,58.375,-0.21640613270937006,15.173833847045898,67.3125,-0.3644533418569049,1.8120805025100708,0.04026845470070839,-0.03227463218903255,79.25,75.4375,-5.097329139709473,0.417222797870636,0.0
31.02889633178711,37.85714285714287,-0.015820402652025223,52.92857142857144,0.38005010898281844,57.64285714285715,60.14285714285715,547.4044799804688,42.92857142857144,69.86829022433133,76.65159204565393,68.21428571428572,65.14285714285714,1268.0250244140625,86.21428571428572,36.93336868286133,68.14285714285715,0.0010530647123232484,85.35714285714286,1.1172373294830322,108.188232421875,61.7857142857143,0.8026134967803955,75.07142857142858,76.42857142857143,39.09326171875,89.42857142857143,-0.26711723482598887,88.78523254394531,58.638187408447266,77.57142857142858,-0.19045431105827937,0.4563758373260498,60.28571428571429,0.16812064821230452,34.568756103515625,108.21428571428575,-0.31289838569022355,48.2423095703125,83.14285714285714,-0.11999999999999995,0.6577181220054626,0.05369127541780472,-0.378511067060156,65.57142857142858,63.21428571428572,0.2072860449552536,2.1467409133911133,0.0
217.10659790039062,78.0714285714286,0.07310456037521362,70.78571428571429,-0.5176552907799359,47.07142857142858,56.71428571428573,383.0115966796875,111.85714285714286,12.463827006668852,61.907617741951086,63.071428571428584,134.64285714285714,17607.50390625,128.78571428571428,38.63671875,83.21428571428572,0.0017500459216535091,128.35714285714283,1.6321001052856445,93.08293914794922,77.25,1.594146490097046,80.125,98.92857142857143,74.79144287109375,109.3125,-0.08526346547190025,118.57047271728516,104.04988861083984,60.875,0.703594402979418,0.0,126.3125,-0.2154717620101029,39.56035232543945,69.25,0.5712344912593231,53.303733825683594,120.25,-0.14338304062997187,0.0,0.0,-0.09257684636264285,83.92857142857144,85.50000000000003,-7.974013805389404,10.167016983032227,0.0
517.7236328125,53.07142857142858,0.04602070152759552,40.928571428571445,0.579325691641753,91.7857142857143,66.85714285714286,561.3277587890625,58.57142857142857,-8.921631513825998,81.48856347378785,52.500000000000014,56.50000000000001,1599.927490234375,54.07142857142858,45.04803466796875,40.28571428571429,0.0021531698293983936,193.3571428571429,0.5964182615280151,265.419189453125,87.92857142857144,0.31341493129730225,73.625,79.92857142857144,23.326217651367188,57.571428571428584,-0.1091913785065071,81.2751693725586,44.99020767211914,65.71428571428572,-0.3241621727060112,0.06040268391370773,86.50000000000001,-0.52000014353612,13.200395584106445,65.85714285714285,-0.3466128573385457,21.956504821777344,55.07142857142856,0.071080401347814,0.2281879186630249,0.10738255083560944,-0.14603135415380816,70.71428571428572,82.78571428571429,-5.522580146789551,1.8829009532928467,0.0
-45.60065841674805,55.9375,-0.017302680760622025,27.45833333333334,0.21309434959599602,44.38095238095237,54.38095238095238,432.19366455078125,36.42857142857144,29.51763820831958,36.80333415430489,52.476190476190474,44.33333333333334,21270.724609375,37.95238095238095,29.72207260131836,36.29166666666666,-0.00017449197184760123,102.04761904761907,4.637953281402588,132.11163330078125,31.0952380952381,1.071007490158081,33.21428571428572,44.29166666666667,54.518516540527344,42.90476190476191,0.23508265915224402,46.46979904174805,35.407039642333984,83.47619047619048,-0.5361465447034195,0.12080536782741547,38.95238095238095,-0.1826301460769195,29.702503204345703,47.190476190476204,-0.03699424218529871,72.77596282958984,53.33333333333334,1.0,1.2953020334243774,10.677852630615234,-0.024390243902439022,101.47619047619045,58.52380952380953,3.95570969581604,9.614941596984863,0.0
750.0532836914062,38.92857142857143,-0.1741413176059723,43.35714285714286,0.6454055389367516,48.642857142857146,59.285714285714285,1400.64599609375,72.71428571428572,19.47382520109215,74.29800765695197,50.92857142857143,35.07142857142858,5032.54736328125,16.0,42.79515075683594,32.71428571428572,0.0007733246893621981,108.42857142857144,4.863180160522461,76.86261749267578,86.57142857142858,0.951568067073822,32.57142857142858,39.07142857142857,60.08937454223633,85.28571428571428,-0.021431889288034307,29.879194259643555,40.584800720214844,63.21428571428572,0.23113000032598546,6.885906219482422,50.35714285714286,0.35532114280222016,38.61189270019531,40.214285714285715,0.481546499477534,48.773521423339844,70.5714285714286,0.5602159483343395,0.0,3.26845645904541,0.37464753876493556,58.14285714285715,49.214285714285715,36.48386001586914,-18.291091918945312,0.0
-20.09691619873047,36.6875,-0.0032878585625439882,28.833333333333336,-0.20657283176868685,47.142857142857146,45.238095238095234,584.7118530273438,34.476190476190474,6.277244796688925,94.56380438832333,111.42857142857144,37.37499999999999,1214.5137939453125,75.66666666666669,40.69864273071289,102.08333333333333,0.000634639582131058,76.25000000000001,0.9139619469642639,74.31108093261719,67.85714285714285,0.17547306418418884,79.76190476190476,81.75,42.09420394897461,76.33333333333336,0.10205531532082512,67.51677703857422,56.777748107910156,50.57142857142856,0.39124210943630805,7.738255023956299,151.23809523809527,-0.6069624942690249,18.473459243774414,43.952380952380935,-0.20890965467442552,30.225391387939453,70.85714285714286,-0.024390243902439022,0.0,2.2348992824554443,-0.17026670377014042,70.90476190476191,72.14285714285712,-2.535385847091675,-1.8977409601211548,0.0
118.8185806274414,69.64285714285715,0.07446058094501495,81.0,-0.4730803361396749,97.66666666666666,72.14285714285714,484.4148864746094,87.0952380952381,-42.6340822917503,102.23921987407358,75.57142857142856,82.95238095238095,1262.498779296875,73.38095238095241,39.24064636230469,80.76190476190476,0.0014351464342325926,88.57142857142856,1.1202847957611084,143.4270782470703,75.09523809523809,0.7936699390411377,64.80952380952381,78.47619047619048,37.90810775756836,75.76190476190477,-0.5557675691812922,126.51677703857422,72.85921478271484,116.52380952380953,-0.47871749522229673,0.926174521446228,48.04761904761906,0.22430055768530294,31.02237319946289,64.85714285714285,-0.10548900529081928,35.849517822265625,100.09523809523809,0.13087037686168695,0.9597315192222595,0.033557046204805374,-0.12559997446189464,83.23809523809526,73.19047619047619,0.5888069868087769,3.494736671447754,0.0
285.7869567871094,73.47619047619045,0.01337153185158968,66.07142857142858,0.10998836855462688,70.50000000000001,72.64285714285715,648.7994384765625,67.07142857142857,-15.101445061135912,67.43806532014283,59.00000000000001,77.85714285714286,10217.0693359375,38.42857142857144,44.81813430786133,75.85714285714285,0.0004441609198693186,71.7142857142857,2.3351035118103027,84.52835083007812,49.142857142857146,1.0773656368255615,52.785714285714285,57.50000000000001,61.16806411743164,50.42857142857143,0.12267038055274206,116.75167846679688,80.06707763671875,71.78571428571428,0.0674285507353529,0.00671140942722559,47.35714285714285,0.0476488291727158,44.900291442871094,58.857142857142854,-0.16612650420732045,18.26638412475586,61.285714285714306,-0.1750599520383693,0.0,0.0,-0.14500937489720508,64.14285714285714,49.21428571428572,-1.2272658348083496,31.45840072631836,0.0
263.2261657714844,83.21428571428572,0.02818979322910309,70.64285714285714,-0.22855924871165545,56.00000000000001,17.071428571428573,555.1668701171875,77.42857142857143,-9.767074269736373,93.4564320502832,111.85714285714286,81.07142857142858,1170.1492919921875,54.21428571428572,44.203704833984375,130.14285714285717,0.0003821096324827522,53.78571428571429,0.9560091495513916,185.04869079589844,163.7142857142857,0.5689588785171509,112.2857142857143,90.85714285714288,29.99508285522461,57.50000000000001,-0.10260037685284058,152.3355712890625,57.477115631103516,83.21428571428574,-0.12853920658851264,0.06040268391370773,95.85714285714286,-0.4035058630631627,24.69280433654785,79.71428571428572,-0.3022357162572454,34.999237060546875,92.35714285714286,-0.11964689737027559,0.0,0.0,0.1869302125077834,97.92857142857143,69.64285714285715,-0.5186947584152222,-2.295297622680664,0.0
31.292438507080078,69.42857142857142,0.14839814603328705,28.285714285714285,0.8616390952158665,33.047619047619044,24.523809523809526,290.31915283203125,42.14285714285714,-15.35442269488469,96.81452018656329,88.85714285714286,21.35714285714286,7549.57666015625,101.95238095238093,41.714698791503906,70.78571428571429,5.873453483218327e-05,97.42857142857144,2.1534509658813477,197.68338012695312,104.0,1.5563843250274658,109.28571428571429,88.71428571428572,92.10941314697266,115.57142857142858,-0.3066282098800186,42.30872344970703,46.764713287353516,77.0,0.25426274676175714,3.7785234451293945,82.38095238095238,-0.12564092861666928,35.13322448730469,98.42857142857143,-0.413026482911392,50.47563552856445,101.42857142857143,-0.0642862086032987,0.1879194676876068,0.0,0.33821942837542796,86.04761904761907,105.71428571428571,-18.725358963012695,-23.323083877563477,0.0
587.6708374023438,111.64285714285717,0.16577716171741486,85.47619047619048,-0.20701854668127034,124.35714285714285,134.71428571428572,748.1364135742188,104.92857142857143,-4.1336950775760934,95.93622569258609,58.5,76.52380952380952,2027.7845458984375,70.28571428571428,45.70869827270508,112.85714285714286,0.002664997475221753,192.14285714285717,0.3059554696083069,204.55284118652344,56.714285714285715,0.5772661566734314,85.42857142857144,59.08333333333334,28.518396377563477,68.42857142857143,-0.1916008417420432,109.44295501708984,54.74729919433594,74.23809523809523,-0.035279277942368924,0.4161073863506317,78.33333333333333,-0.47617807862535794,15.0758638381958,72.23809523809524,-0.24025560691597994,30.58522605895996,92.04761904761904,-0.18588235294117644,0.34228187799453735,0.0,-0.10063432960613594,73.71428571428572,71.64285714285715,-2.261777400970459,4.390452861785889,0.0
642.6360473632812,94.2857142857143,0.23981539905071259,85.57142857142857,0.19434166899073466,84.5625,68.6875,690.7650756835938,84.5,-20.07501672513333,79.85375423340611,50.0625,100.2857142857143,1230.2840576171875,46.5625,47.08373260498047,94.7857142857143,-0.00256239902228117,93.35714285714285,0.9127466678619385,633.8170166015625,91.9375,0.9784395694732666,40.28571428571429,89.85714285714286,51.64480972290039,72.5,-0.12080837799768737,34.28187942504883,37.87476348876953,74.875,0.1329967494294211,3.0335569381713867,73.5,-0.26168881872962657,23.220714569091797,61.875,-0.23967846649984328,26.829721450805664,68.5,-0.2076727699170846,2.5167784690856934,0.08724832534790039,-0.11231621255521212,67.5,46.0625,-13.625410079956055,-6.7044358253479,0.0
-4.309499263763428,61.428571428571416,-0.03574402630329132,75.2857142857143,-0.3023338301924239,55.3125,64.6875,597.9659423828125,61.75,20.43985114081594,99.27000890109113,73.4375,69.71428571428572,1291.56591796875,68.375,46.28657150268555,74.85714285714286,0.0010382262989878654,85.25,0.9123830199241638,93.50067138671875,135.5625,0.4576065242290497,112.57142857142857,45.35714285714287,40.99951171875,63.3125,0.21725758982410237,108.65100860595703,89.37950897216797,128.9375,-0.4015653816558765,2.9395973682403564,78.4375,-0.6866901955055048,36.765472412109375,140.125,-0.7459505704903802,41.76005554199219,57.25,-0.04758078855690268,0.0,0.4966442883014679,-0.6350342019830997,74.4375,79.9375,-0.17922420799732208,0.6564739942550659,0.0
291.8844909667969,73.00000000000001,0.057626646012067795,51.35714285714286,-0.044551356490170474,65.85714285714289,84.42857142857142,448.7870788574219,110.92857142857143,30.658618597976314,87.42888837479441,132.50000000000003,58.57142857142858,1193.9637451171875,64.92857142857144,40.743980407714844,73.42857142857143,-0.003700029104948044,59.428571428571445,0.8981163501739502,333.0718994140625,98.85714285714286,0.7264591455459595,81.5625,146.71428571428572,44.295013427734375,96.92857142857144,-0.47217479607345997,64.0671157836914,48.413578033447266,48.57142857142858,0.14917622377195897,0.46979865431785583,46.285714285714285,0.030947595890173846,35.0473518371582,92.42857142857143,-0.11163950254348423,24.331802368164062,76.07142857142858,-0.287425401313959,1.7516778707504272,0.7516778707504272,0.16504493141395804,62.64285714285715,35.92857142857143,-1.9386645555496216,-10.261975288391113,0.0
324.29644775390625,51.57142857142856,0.003549461718648672,83.35714285714286,0.029374337308638275,112.3125,78.5,572.106201171875,63.5625,-2.8727624180832967,81.06964645227045,61.0625,69.42857142857143,1424.5767822265625,55.5,45.09532165527344,68.2857142857143,-0.0035609386395663023,56.0,1.142295479774475,236.7673797607422,48.3125,0.5308828353881836,52.07142857142858,41.35714285714287,55.289371490478516,70.35714285714288,-0.1852136422898109,84.97315216064453,59.97280502319336,101.21428571428572,-0.2914788236795282,3.0604026317596436,51.64285714285715,-0.1631833811335219,44.47724151611328,69.28571428571429,-0.07650740582358202,24.781641006469727,105.28571428571429,-0.19887539328896736,0.16778524219989777,1.0268456935882568,-0.2597409531747913,77.9375,61.9375,-15.60039234161377,-7.326633930206299,0.0
7.879969596862793,96.92857142857144,-0.019378159195184708,43.142857142857146,0.27649756017435956,64.4375,33.0,526.9556274414062,36.0625,48.6093866225057,43.210762409319756,43.8125,62.21428571428572,1131.863525390625,57.875,40.402618408203125,36.5,-5.5382977734552696e-05,123.64285714285715,0.7944505214691162,256.94244384765625,64.0625,0.48991960287094116,109.78571428571428,79.85714285714286,23.148347854614258,61.1875,-0.07249891238779985,73.08724975585938,34.29030227661133,93.5,-0.12027337571253766,0.12080536782741547,62.125,0.033832265207486105,16.220993041992188,64.0,-0.08830721445715092,39.38304901123047,50.3125,-0.0764525993883792,2.4832215309143066,0.0939597338438034,1.0,56.0,51.5,2.072096347808838,1.4969254732131958,0.0
383.401123046875,94.90476190476193,0.08888770639896393,45.571428571428584,0.3484489441445687,49.285714285714306,79.35714285714286,447.5926513671875,57.857142857142875,18.477231953918135,96.91903195652272,123.0,46.0,1183.265869140625,69.14285714285717,34.95851516723633,72.21428571428574,-0.0032837579492479563,40.21428571428572,1.062689185142517,328.4532165527344,49.28571428571429,1.2789298295974731,44.07142857142858,40.21428571428572,41.870906829833984,46.214285714285715,0.5069458127219879,72.28187561035156,53.203433990478516,71.57142857142858,0.07360871254889428,0.8523489832878113,43.642857142857146,-0.4399356521102266,36.39698028564453,82.64285714285717,-0.25878167197094915,24.49527359008789,49.71428571428572,0.5046141463282038,2.013422727584839,0.9060402512550354,0.05735276853917105,43.85714285714286,43.0,-3.248356580734253,-0.4946145713329315,0.0
-10.463051795959473,63.92857142857144,-0.0167365912348032,50.14285714285714,-0.44845972455993927,63.952380952380956,65.38095238095238,515.22900390625,64.85714285714286,40.380136078036074,60.86720667072131,78.80952380952381,67.71428571428571,1051.0501708984375,60.428571428571445,34.73642349243164,82.38095238095241,9.197468898491934e-05,81.76190476190476,0.7365031242370605,162.16452026367188,100.95238095238093,0.293335884809494,102.00000000000001,90.90476190476191,20.821300506591797,50.238095238095234,-0.10305280596434908,107.84563446044922,56.389076232910156,60.80952380952381,0.3416366389410704,0.08724832534790039,78.61904761904762,0.15495937693467635,17.166536331176758,63.0,0.0929150726014869,41.202117919921875,72.99999999999999,-0.024390243902439022,0.05369127541780472,20.033557891845703,1.0,108.33333333333333,66.85714285714286,-0.042923688888549805,4.281242370605469,0.0
509.908447265625,69.92857142857143,0.7314212918281555,59.85714285714287,-0.007856694537447957,98.14285714285714,87.21428571428571,1017.2837524414062,75.5,-17.96019672947442,94.21440876317604,52.0,58.71428571428573,1240.5606689453125,48.14285714285715,41.70153045654297,64.07142857142858,0.0008245455101132393,48.42857142857144,0.3563269376754761,327.0154724121094,70.28571428571429,0.4086867868900299,83.0,39.92857142857143,56.84709167480469,65.5714285714286,0.33591116480734295,23.302013397216797,32.55675506591797,76.57142857142861,0.11456766620250128,5.322147846221924,78.21428571428572,-0.027999282754098694,19.938596725463867,73.92857142857144,-0.023324143415779593,22.319576263427734,75.14285714285715,0.3126256323265644,4.590603828430176,2.3355705738067627,0.10616437963469412,89.28571428571428,57.5,-8.284083366394043,-7.228554725646973,0.0
37.25918960571289,110.35714285714286,0.011718870140612125,30.714285714285715,0.6683177614503688,52.64285714285715,43.71428571428572,495.3125,72.64285714285717,50.242293436955286,71.4497239389613,70.14285714285714,103.64285714285717,1133.32763671875,61.78571428571429,36.42981719970703,57.92857142857144,-1.3701364878215827e-06,62.92857142857143,0.9011279940605164,164.6263427734375,60.57142857142858,0.5426317453384399,165.07142857142856,80.14285714285714,20.23350715637207,98.42857142857143,-0.5247245531640216,113.77181243896484,43.04580307006836,66.14285714285715,-0.4103937132251313,0.0,104.78571428571428,-0.5917485921937287,17.555097579956055,48.85714285714286,0.023087016764697786,31.388534545898438,61.071428571428584,1.0,0.15436241030693054,10.80536937713623,1.0,116.35714285714286,98.85714285714288,-4.196532249450684,3.179194211959839,0.0
127.11145782470703,85.00000000000001,-0.05592985078692436,52.071428571428584,-0.3006615272641126,44.64285714285715,59.21428571428572,542.5008544921875,58.14285714285715,18.704450116061523,97.03920022916499,58.071428571428584,73.00000000000001,1374.7301025390625,65.57142857142858,24.819564819335938,65.07142857142858,0.0014414915349334478,155.2857142857143,1.1344791650772095,179.4202880859375,91.71428571428574,0.6355613470077515,133.2142857142857,92.64285714285717,27.41969871520996,64.57142857142858,0.04159008659074975,75.81879425048828,36.28430938720703,49.28571428571429,0.27995491651733645,0.29530200362205505,70.71428571428572,-0.2605640221671285,23.484025955200195,37.214285714285715,0.4371706679260683,35.721221923828125,77.57142857142858,-0.12716328444597538,0.5704697966575623,0.0,-0.27875600474049844,93.28571428571429,87.42857142857144,-6.689306259155273,-5.207033634185791,0.0
668.5846557617188,28.20833333333333,0.4522090256214142,68.375,0.24935184294230486,45.07142857142858,34.57142857142857,754.1221923828125,79.2857142857143,-14.547791148392147,90.73527639412315,80.42857142857144,52.0625,1446.283935546875,27.35714285714286,42.42860412597656,83.1875,-0.0022252805065363646,50.14285714285715,1.1399281024932861,481.6750793457031,43.35714285714286,0.9266591668128967,59.78571428571429,46.4375,49.48796844482422,85.85714285714289,-0.23850983235852571,52.30872344970703,59.48141860961914,66.57142857142861,-0.13697173031969462,3.0805368423461914,66.07142857142858,-0.25217481704804096,27.33871078491211,76.78571428571429,-0.4237970651716878,28.745710372924805,42.28571428571429,-0.4295192284908656,1.2885905504226685,0.3557046949863434,-0.42804127625152694,70.28571428571429,62.142857142857146,-8.127572059631348,-11.668753623962402,0.0
221.49134826660156,94.92857142857143,0.022785158827900887,71.21428571428572,0.3816555246639957,72.71428571428574,64.07142857142857,726.2073364257812,69.57142857142858,33.51556614301349,66.77241826689469,73.85714285714288,78.5,1811.4462890625,80.92857142857144,44.36153030395508,82.2142857142857,0.0016608556034043431,88.78571428571428,0.28986087441444397,94.1452407836914,126.21428571428571,0.7534307241439819,126.00000000000003,50.785714285714285,44.186134338378906,41.71428571428572,0.09491274283832729,77.53691101074219,64.8624267578125,108.42857142857144,-0.4618114815579785,0.4429530203342438,113.5,-0.6615824613891325,36.34152603149414,100.92857142857144,-0.5463289522567593,44.06923294067383,64.42857142857143,-0.317816001262427,0.0,0.0,-0.13390326778368325,59.35714285714286,60.21428571428572,-0.29651427268981934,1.5772302150726318,0.0
127.40223693847656,143.5,-0.013629399240016937,53.28571428571429,-0.01983276315983619,124.0625,62.5625,182.78616333007812,150.375,9.960213731599334,64.62891409611568,36.9375,58.92857142857144,1016.253173828125,110.5,32.35779571533203,62.21428571428572,-0.0010661679552868009,101.0625,12.348665237426758,173.03103637695312,169.1875,2.129810094833374,172.0952380952381,104.64285714285715,57.81532287597656,138.125,-0.508714940243873,35.248321533203125,45.671852111816406,105.5625,-0.39831257404652537,0.17449665069580078,183.125,-0.6547873162703326,37.371978759765625,110.25,-0.5251804958693275,31.861743927001953,109.5,-0.061442415206858,1.4228187799453735,0.16107381880283356,-0.2580152740427298,47.75,130.375,31.15392303466797,-25.50345802307129,0.0
492.0703125,39.57142857142857,-0.06472977250814438,37.142857142857146,-0.2852243657770976,33.78571428571429,133.57142857142858,721.5447387695312,39.07142857142857,28.75264614732661,54.20970539000623,86.00000000000001,102.57142857142857,2008.947509765625,61.35714285714287,38.42763900756836,84.0714285714286,-0.0007058021146804094,51.642857142857146,1.136784553527832,134.11758422851562,65.35714285714285,0.7190560102462769,54.85714285714287,126.57142857142858,36.650169372558594,62.21428571428572,0.1502208340016573,101.3959732055664,57.68973159790039,61.42857142857142,0.08433680855600567,0.6845637559890747,20.785714285714285,-0.32793554299880645,43.22313690185547,59.28571428571429,-0.07253335147801163,23.272098541259766,71.14285714285715,-0.5767911805317105,1.416107416152954,0.0,-0.08819387752960604,66.78571428571429,65.21428571428572,0.4297712743282318,6.168604373931885,0.0
723.5479125976562,69.78571428571429,0.47099554538726807,64.64285714285714,0.10755784483895667,82.35714285714288,78.28571428571429,916.99560546875,66.64285714285714,-14.720912531718312,95.58317306727164,99.5,58.642857142857146,2115.229736328125,33.99999999999999,42.98778533935547,70.78571428571428,0.00027924642199650407,115.0714285714286,0.5087616443634033,298.6065979003906,68.71428571428572,0.5934560298919678,97.21428571428572,44.42857142857144,61.01274490356445,81.2857142857143,-0.05304091594474542,25.77852439880371,40.25102996826172,51.07142857142857,0.28167225438057686,4.026845455169678,86.28571428571428,-0.14620862149085642,21.030319213867188,63.57142857142859,0.2348774408545077,21.736709594726562,93.92857142857144,-0.31200343842708966,1.8993288278579712,1.3355704545974731,0.2170753690869528,39.14285714285715,83.28571428571429,0.5026007294654846,-5.721962928771973,0.0
-19.549516677856445,53.571428571428584,0.00804045982658863,50.21428571428572,0.02102071519500057,72.00000000000001,80.42857142857143,203.35093688964844,118.92857142857142,13.999644053462367,86.77237312950078,71.85714285714286,76.85714285714286,5850.58447265625,89.07142857142856,40.445804595947266,76.92857142857144,0.00034913691342808306,54.5,5.322189807891846,216.27420043945312,82.5,1.5377647876739502,102.35714285714286,79.21428571428574,76.54025268554688,98.21428571428571,-0.17205588978280165,54.79865646362305,66.91384887695312,95.85714285714286,-0.7009377480592517,1.6510066986083984,101.0,-0.47848315194198493,41.53477478027344,65.28571428571429,0.020967775619739767,47.26171875,76.92857142857144,-0.009211021260637605,0.19463087618350983,0.30201342701911926,-0.20739530313234927,93.57142857142858,81.5714285714286,-10.486211776733398,-18.15085220336914,0.0
190.87646484375,102.61904761904762,-0.013534803874790668,86.21428571428572,0.09585953573951916,96.00000000000001,99.28571428571429,729.5419311523438,78.14285714285717,41.4002221018676,44.71885350684601,36.92857142857143,61.28571428571429,3344.9599609375,79.42857142857144,41.05506134033203,83.0,0.0015552040422335267,88.42857142857143,0.34164518117904663,77.15753936767578,70.07142857142858,0.47328290343284607,62.64285714285715,82.35714285714286,48.316368103027344,59.28571428571429,0.16058671332004043,61.986576080322266,51.334407806396484,82.78571428571429,-0.640447915856452,0.6845637559890747,34.785714285714285,0.10338122313072116,40.44748306274414,54.85714285714286,0.3792131620210422,45.28868865966797,67.14285714285714,-0.037037037037037035,0.0,0.0,-0.2763184005723813,60.92857142857143,70.00000000000001,4.1289381980896,0.3270050585269928,0.0
404.106689453125,29.625,-0.19041816890239716,67.625,-0.6938786756826815,71.57142857142857,59.78571428571429,1061.4366455078125,65.85714285714288,24.81144252999517,27.187285682593973,113.2857142857143,71.1875,2561.43505859375,55.92857142857143,21.31523323059082,43.0,0.0006659751525148749,73.28571428571429,1.4803019762039185,79.98908233642578,54.357142857142854,0.23500598967075348,66.14285714285715,59.5625,45.84575271606445,79.5,-0.003278858863297003,79.69127655029297,63.68281936645508,111.42857142857144,-0.1504536398871381,0.8859060406684875,72.35714285714288,0.005945411347437077,40.03192138671875,98.42857142857144,-0.6811645858796487,28.2249755859375,95.07142857142858,-0.3344333724362858,0.0,0.3691275119781494,-0.1630768314208586,62.142857142857146,40.07142857142858,4.529058456420898,-0.7091225981712341,0.0
244.07846069335938,75.8125,-0.016027629375457764,65.75,-0.024773466860968364,109.42857142857142,81.66666666666666,418.2253112792969,82.9047619047619,35.61774904435913,91.53882885475119,119.42857142857144,54.04166666666666,1061.77197265625,68.52380952380952,40.9127311706543,89.91666666666666,-0.0032783313654363155,53.47619047619047,1.0742413997650146,331.98297119140625,44.285714285714285,0.6097562313079834,87.14285714285715,64.75,43.661712646484375,55.61904761904762,0.25207471969054274,71.77181243896484,48.46670913696289,45.095238095238095,-0.08247998756184163,0.33557048439979553,42.38095238095239,-0.07669929294920634,36.19248962402344,65.80952380952382,0.214971272687339,27.32442283630371,95.23809523809524,0.23868632134658108,2.3758389949798584,0.7248322367668152,0.15796491113965627,109.33333333333331,75.33333333333333,-2.2709574699401855,-13.516829490661621,0.0
152.64959716796875,79.90476190476191,-0.1041967123746872,44.857142857142854,-0.36363800447621103,51.5,91.71428571428572,405.5027770996094,107.92857142857143,-8.579457246217151,96.8582696752651,101.92857142857146,105.00000000000004,918.0197143554688,19.5,44.65047073364258,87.92857142857143,-0.0030302274972200394,149.21428571428572,1.241763710975647,67.80164337158203,97.07142857142857,0.3285440504550934,90.57142857142858,73.7857142857143,73.55477905273438,130.28571428571433,-0.6368100915922985,88.5973129272461,62.43621063232422,74.21428571428574,0.11674002837268233,0.05369127541780472,77.35714285714286,-0.026856574334257734,42.55569076538086,91.5,-0.15433062346422705,7.131440162658691,26.35714285714286,-0.3171471557017946,0.16107381880283356,0.04026845470070839,-0.08113303782835464,74.85714285714288,98.42857142857144,-28.400249481201172,-8.468718528747559,0.0
424.8049011230469,121.90476190476193,0.2397717982530594,52.92857142857143,0.25513201758561094,94.35714285714288,83.78571428571429,469.9225158691406,126.64285714285712,7.352627036155471,69.70259483656801,87.64285714285715,109.64285714285715,3019.12451171875,130.28571428571428,35.34463882446289,55.5,-0.0022879443131387234,96.85714285714286,11.422744750976562,231.7058563232422,103.4375,2.2674930095672607,128.4375,112.14285714285717,55.33489227294922,101.125,-0.4042627856836791,39.59060287475586,48.691471099853516,91.875,-0.42550468862901497,0.6241610646247864,81.4375,0.1883450122111706,40.041873931884766,66.5625,0.30906234703683777,17.536136627197266,59.1875,-0.122133520484253,1.510067105293274,0.5771812200546265,-0.3878576048848053,78.71428571428572,95.71428571428572,-25.018245697021484,-40.95194625854492,0.0
489.2385559082031,65.92857142857144,0.4084535837173462,58.785714285714285,-0.20583347103544244,74.57142857142858,81.71428571428572,629.2088012695312,80.57142857142858,-26.033130867469232,82.60822791375242,46.714285714285715,92.92857142857144,954.7445678710938,45.71428571428572,42.28431701660156,117.35714285714286,0.000993544002994895,47.7857142857143,1.4187248945236206,278.4110412597656,64.35714285714288,0.709555447101593,55.71428571428572,51.57142857142858,48.68272399902344,61.85714285714287,-0.24069856552289876,67.6040267944336,44.74368667602539,101.28571428571429,-0.30489116230444685,4.53691291809082,48.92857142857144,0.2903935494206227,18.124876022338867,64.64285714285714,-0.11153980715496252,21.524259567260742,57.35714285714286,-0.14086146682188588,0.6510066986083984,0.1409395933151245,-0.4046243379513383,109.85714285714288,56.857142857142854,-0.3445783257484436,4.223646640777588,0.0
-96.64408874511719,94.50000000000001,-0.013509068638086319,75.8095238095238,-0.3720509597163068,78.14285714285717,71.33333333333331,460.840087890625,103.61904761904763,15.792225760901534,90.57360155299986,114.5238095238095,100.95238095238098,14994.6396484375,56.42857142857144,40.20210647583008,97.52380952380955,-0.0003804350853897631,137.14285714285714,2.725437641143799,215.38050842285156,51.66666666666667,1.2177655696868896,39.14285714285714,53.28571428571428,50.093997955322266,46.23809523809524,-0.1341127846183047,61.080535888671875,54.310386657714844,66.09523809523809,0.264611992440005,0.4026845693588257,41.95238095238095,0.030951401439227148,32.46145248413086,30.761904761904756,0.6057359710980849,50.36335372924805,41.761904761904766,-0.108742676113912,0.1812080591917038,0.0,-0.07302406586236061,63.19047619047619,64.57142857142856,7.457378387451172,9.62537956237793,0.0
238.9549560546875,76.28571428571429,0.20006190240383148,92.76190476190476,-0.18854165572129147,99.38095238095238,95.71428571428574,363.5232849121094,75.57142857142858,-58.12563768799273,95.09100816762222,81.57142857142858,77.9047619047619,454.3138427734375,76.52380952380955,44.56157684326172,99.33333333333334,0.0020905770361423492,69.80952380952382,1.0609662532806396,307.9355163574219,64.33333333333334,0.4792242646217346,38.85714285714286,37.9047619047619,40.14118576049805,67.19047619047619,-0.29817169771492336,61.006710052490234,38.50346374511719,55.80952380952381,0.17354950425415003,1.791946291923523,62.523809523809526,0.015285831405010185,15.12847900390625,47.47619047619048,0.3376985858040632,29.640172958374023,59.904761904761905,0.1508754729342777,0.4563758373260498,0.0,-0.044223504024508586,62.95238095238095,65.09523809523809,-3.4532389640808105,-14.437171936035156,0.0
328.45538330078125,47.35714285714286,0.004828424192965031,58.28571428571429,-0.14788108970015468,88.8125,101.8125,529.04931640625,47.625,2.0072074728524125,71.91432863905284,112.6875,37.42857142857143,1371.2713623046875,44.9375,43.32081985473633,57.857142857142854,-0.004235096275806427,28.1875,0.46967294812202454,371.8321228027344,80.75,0.8491717576980591,73.80952380952381,63.71428571428572,51.88262939453125,67.375,0.23291700428703502,48.64429473876953,56.7885627746582,43.9375,-0.09602607953003013,1.1140940189361572,49.9375,0.02241081991361929,34.583221435546875,71.6875,-0.5114534566013292,25.43720817565918,81.0,0.0630832082306751,1.429530143737793,0.5973154306411743,-0.07857049683180292,59.4375,62.1875,-9.320024490356445,4.07402229309082,0.0
419.9250183105469,102.07142857142858,0.04195401072502136,69.78571428571429,-0.2356077064840719,95.125,73.0625,587.8280639648438,74.5625,9.20732320715117,72.94716898433572,71.1875,112.50000000000001,1387.73828125,58.875,41.3027229309082,111.00000000000001,-0.003824002807959914,46.71428571428572,1.1093192100524902,395.4805908203125,65.1875,1.6513471603393555,73.42857142857144,95.85714285714283,38.731170654296875,71.1875,-0.07737054892058197,79.2751693725586,56.12783432006836,71.625,0.0752265653143581,1.7785234451293945,46.1875,0.16964563604024552,40.57355499267578,52.5,-0.2249960449295997,23.73961639404297,68.125,-0.07344632768361584,3.5033557415008545,1.1677852869033813,0.3229824273457787,64.4375,77.0,-9.726234436035156,0.28739994764328003,0.0
-34.597007751464844,95.25000000000001,-0.018867086619138718,50.8125,0.22747374952009802,44.071428571428584,105.92857142857143,522.2350463867188,44.28571428571429,39.717676648657594,27.815015318156306,54.500000000000014,68.125,1012.153076171875,61.85714285714287,26.37472152709961,77.5625,-0.00016882554336916655,55.214285714285715,0.7508792281150818,171.43482971191406,56.64285714285715,0.331644207239151,81.07142857142858,58.625,30.92852210998535,60.92857142857144,0.21969742441138657,49.0,33.940731048583984,75.71428571428574,0.11035237481284305,0.15436241030693054,47.42857142857143,0.10646519531968779,17.678064346313477,51.71428571428572,0.06381668719006889,43.33100128173828,83.28571428571429,-0.09450423692569974,1.5503355264663696,10.442953109741211,0.38519248006438844,70.78571428571429,68.64285714285717,-0.5455209612846375,1.7625492811203003,0.0
468.62786865234375,75.42857142857143,0.0664813220500946,72.85714285714285,-0.23143181551231354,119.54166666666666,56.208333333333336,525.6866455078125,62.04166666666668,-3.597369152827551,83.04795051928434,59.66666666666668,65.76190476190476,1485.72607421875,43.916666666666664,45.66260528564453,108.33333333333334,0.0017768704565241933,162.54166666666669,0.6598944664001465,250.8142852783203,75.25,0.6586573123931885,95.80952380952381,102.57142857142858,19.012399673461914,68.66666666666666,-0.1416773789696069,71.71812438964844,39.69228744506836,40.87499999999999,0.43979571480777807,0.08053690940141678,57.041666666666664,-0.026335993124907017,13.921369552612305,54.08333333333333,0.14561213716877597,24.30977439880371,64.50000000000001,0.0960425276951131,0.12751677632331848,0.0,-0.02335024117522634,54.83333333333333,74.0,-6.938934326171875,-2.692866086959839,0.0
408.4237976074219,77.57142857142858,-0.04447152838110924,43.000000000000014,-0.33716500796108073,30.000000000000004,44.428571428571445,890.0239868164062,70.28571428571429,39.94733294404593,60.10847533462961,112.78571428571429,64.14285714285715,2415.02392578125,80.64285714285715,43.82151794433594,86.71428571428572,0.002824514638632536,133.7857142857143,0.3965359628200531,241.8433380126953,87.85714285714288,0.5499045252799988,42.642857142857146,78.92857142857144,23.78915786743164,54.57142857142858,0.12515472611776873,155.57046508789062,54.28550720214844,75.85714285714286,-0.038252266061961165,0.01342281885445118,48.571428571428584,0.4793953877158092,27.8333740234375,62.21428571428573,-0.026829399266956946,32.23381042480469,40.35714285714285,-0.14836800660053978,0.19463087618350983,0.0,0.15658268217749113,76.78571428571429,61.428571428571445,-1.1807690858840942,2.618833065032959,0.0
284.47998046875,93.2857142857143,-0.05046922713518143,52.85714285714285,0.10286726312253806,49.761904761904766,60.619047619047606,362.845947265625,52.28571428571429,-8.600775321808037,99.15215988609795,61.47619047619047,72.85714285714286,941.429443359375,42.8095238095238,40.031070709228516,78.61904761904763,-0.0034527790267020464,80.6190476190476,1.6490514278411865,399.2015380859375,118.47619047619045,0.7307549118995667,70.61904761904762,87.80952380952382,43.57878112792969,60.90476190476192,-0.003778136283078485,65.63758087158203,50.936492919921875,76.90476190476191,0.015354929728943176,0.926174521446228,33.238095238095234,0.22387290987719002,31.97707176208496,56.904761904761905,-0.1251928926607451,24.653419494628906,85.76190476190479,0.09979933920583572,0.9664429426193237,1.852349042892456,-0.08432774200217319,54.76190476190477,73.04761904761904,-4.838379859924316,-9.522080421447754,0.0
-20.533491134643555,82.14285714285715,-0.03138301894068718,71.28571428571428,-0.24329022393104954,67.28571428571429,84.3809523809524,619.4986572265625,71.0,-4.862680225564329,79.30234439564717,78.52380952380952,88.14285714285715,1242.846923828125,65.95238095238095,38.48454284667969,96.47619047619048,0.000723832577932626,74.6190476190476,0.6990426778793335,79.09972381591797,60.45833333333333,0.40862229466438293,60.75000000000002,39.38095238095238,41.477088928222656,49.791666666666664,0.2507019916759945,69.42282104492188,53.22538757324219,68.66666666666667,0.04251070508590523,11.624160766601562,147.04166666666666,-0.47377247227743974,25.255578994750977,41.58333333333333,-0.09243918091126536,36.05520248413086,67.04166666666667,-0.02127659574468085,0.0,1.0536912679672241,-0.3176416088860257,71.95238095238093,61.904761904761905,-4.832640647888184,2.096724033355713,0.0
579.851806640625,101.2142857142857,0.2883623540401459,106.5,-0.60543799514725,80.42857142857144,39.42857142857143,578.7720947265625,107.7857142857143,-7.286892083217234,81.86821989588488,118.07142857142861,113.7857142857143,2103.225341796875,66.14285714285715,42.58250427246094,124.85714285714283,-0.002490800805389881,28.42857142857143,8.249462127685547,319.55511474609375,81.28571428571429,1.8307918310165405,56.85714285714287,93.00000000000001,50.16599655151367,51.500000000000014,0.2841052520597051,66.34228515625,56.94502258300781,76.21428571428574,0.06669098609393856,0.9127516746520996,35.0,-0.05254071473787186,38.146820068359375,50.14285714285715,0.3693759228227877,22.159692764282227,78.00000000000001,-0.27236465110107677,3.261744976043701,0.9664429426193237,0.2891013982073767,74.28571428571429,61.571428571428584,-27.65117645263672,-23.854520797729492,0.0
-0.018303697928786278,28.619047619047617,-0.06043234467506409,16.42857142857143,0.28361627322953276,60.50000000000001,81.50000000000001,617.8331298828125,62.78571428571431,-2.435448740952767,79.33616648644964,103.5,32.07142857142857,9330.048828125,65.00000000000001,40.16212844848633,80.42857142857143,0.0008998207049444318,85.57142857142858,0.6674789786338806,67.43978118896484,85.125,0.5601714253425598,90.1875,44.07142857142857,47.386268615722656,57.9375,0.11200151793162735,56.31543731689453,43.8686408996582,66.125,0.08327604927259166,8.275167465209961,114.6875,-0.36821959732412385,19.164047241210938,86.6875,-0.3028477881137133,37.9592399597168,70.125,-0.0365113810649505,0.0,0.8724831938743591,-0.005932040414799037,71.78571428571429,107.92857142857144,-2.90449857711792,-7.168355464935303,0.0
228.1175994873047,64.14285714285715,0.0259117241948843,42.57142857142858,-0.39399686649624804,47.14285714285715,39.214285714285715,438.9598388671875,65.0,17.76847369148827,60.774994476061664,42.7857142857143,118.85714285714289,16515.80078125,76.21428571428571,39.1082763671875,110.7857142857143,0.0019663311541080475,105.64285714285717,1.4222030639648438,87.52239990234375,47.92857142857142,1.4783252477645874,42.142857142857146,87.21428571428572,67.95846557617188,66.0,-0.005805625763778857,116.31543731689453,92.74313354492188,65.21428571428571,0.5681673158127811,0.0,69.71428571428572,0.0016439148955984843,35.63762664794922,56.50000000000001,0.6692246716617706,51.4525032043457,116.99999999999997,-0.13131492836039013,0.0,0.0,1.0,86.21428571428574,85.71428571428574,-7.289666175842285,10.238290786743164,0.0
79.57215881347656,82.8125,-0.002135177608579397,54.125,-0.3746818073474354,73.07142857142858,116.00000000000001,498.031982421875,117.3571428571429,8.250997220909836,69.36486228161951,77.92857142857143,44.6875,1233.688232421875,64.71428571428572,40.99645233154297,73.6875,0.0004124124825466424,160.2857142857143,1.0854029655456543,244.3261260986328,115.2857142857143,0.7257691025733948,136.35714285714286,103.0,21.781898498535156,67.50000000000001,-0.15036807826474358,93.328857421875,35.41819763183594,79.71428571428572,-0.40110902546969984,0.0,56.5,-0.3236543882427751,22.371593475341797,54.28571428571428,-0.0774517379003445,33.82460021972656,92.50000000000001,-0.14557880123387124,0.16107381880283356,6.281879425048828,-0.037037037037037035,70.00000000000001,83.07142857142858,0.5023006796836853,4.70478630065918,0.0
631.3092651367188,81.50000000000001,-0.4804283082485199,77.80952380952382,-0.5220071355156325,65.66666666666666,92.80952380952381,1009.3387451171875,118.14285714285715,4.4471345779879785,42.69888182262889,72.9047619047619,49.85714285714285,8330.3037109375,130.23809523809524,37.982906341552734,128.38095238095238,0.0006200462230481207,164.90476190476193,5.371700286865234,50.711456298828125,167.0,1.1902316808700562,170.09523809523807,163.14285714285717,79.89883422851562,106.14285714285715,-0.05018814556678841,24.90604019165039,42.30908203125,34.76190476190476,-0.16705772971385932,5.684563636779785,132.38095238095235,-0.4309553314170657,48.768226623535156,73.47619047619045,0.34049760584466465,64.43089294433594,129.0,-0.12305799107829564,0.0,0.899328887462616,-0.33644231803031915,122.33333333333333,165.52380952380958,40.563148498535156,-25.846988677978516,0.0
196.52340698242188,43.4375,0.2839225232601166,72.1875,0.33852025287944726,63.375,56.0625,579.6823120117188,72.9375,-9.444715979915337,107.35236507676429,81.875,40.375,798.6578369140625,109.4375,45.53266906738281,80.875,0.0005875207716599107,59.625,1.3203840255737305,266.9421081542969,106.71428571428574,0.5551624298095703,76.42857142857144,110.14285714285717,50.423885345458984,45.0,-0.14550520896077437,64.91946411132812,50.747764587402344,69.07142857142858,-0.058306180806749874,5.939597129821777,55.5,-0.05145569050883113,16.507741928100586,67.35714285714286,0.21233423607768329,26.275127410888672,91.5714285714286,-0.06909211689135886,0.463087260723114,0.0,-0.24780065302351256,72.25,100.4375,-0.9974928498268127,-2.786512613296509,0.0
265.0261535644531,42.125,-0.1689458042383194,102.3125,-0.7243658492389621,100.21428571428574,99.85714285714286,1010.8466796875,31.428571428571438,19.70672199550091,40.235044312129205,78.42857142857144,88.3125,2343.711669921875,58.78571428571429,18.305328369140625,107.125,0.0008783682715147734,55.857142857142875,1.2585495710372925,77.84349822998047,73.71428571428572,0.16828805208206177,68.42857142857144,54.0625,41.82545852661133,73.07142857142858,-0.2597702515055432,84.16778564453125,63.8297233581543,86.07142857142857,-0.31849345466866685,0.791946291923523,53.35714285714286,0.14000837336027092,42.15043258666992,79.00000000000001,-0.5476070065744104,26.299022674560547,63.642857142857146,-0.21433221327825144,0.0,0.26174497604370117,-0.6633012125806147,95.57142857142858,57.21428571428572,5.448047161102295,0.04854414612054825,0.0
161.5633087158203,74.57142857142857,-0.04043217748403549,74.42857142857142,-0.4437942137300524,76.28571428571429,70.21428571428572,403.60784912109375,78.42857142857144,9.088856209144497,65.30787435111813,69.00000000000001,88.71428571428572,17833.966796875,93.35714285714283,35.66507339477539,73.0,0.0018894110107794404,112.28571428571428,1.2664529085159302,66.24458312988281,88.85714285714285,0.8988224864006042,91.9375,92.07142857142857,64.64852142333984,97.875,-0.15078002216416644,79.0536880493164,63.91550827026367,89.6875,0.2229876175027304,0.0,109.0625,-0.3393211324449991,31.52091407775879,98.6875,-0.569442314801335,56.924407958984375,112.0625,0.31542047361551373,0.0,0.0,-0.03225806451612903,125.35714285714288,115.14285714285715,-9.249940872192383,5.108978271484375,0.0
484.02496337890625,64.5,0.0074804238975048065,75.3125,-0.24739531865777578,82.35714285714288,43.42857142857144,555.6787719726562,75.28571428571429,-1.1334899363901791,81.94459518921309,70.42857142857143,92.0625,1546.0142822265625,45.78571428571429,46.368404388427734,105.875,0.0017522041453048587,205.2142857142857,0.5773559212684631,236.5596923828125,91.7857142857143,0.9324750900268555,78.42857142857144,64.3125,20.348100662231445,68.85714285714288,-0.11430759463015205,81.54362487792969,47.84292984008789,65.64285714285714,-0.1307484295470615,0.08053690940141678,53.85714285714286,-0.038906362012738116,14.601676940917969,54.071428571428584,-0.1624757933235742,27.675128936767578,98.0714285714286,-0.10538412174094729,0.8859060406684875,0.0,-0.08913742507856803,97.00000000000003,83.2857142857143,-5.241946697235107,-6.659550189971924,0.0
541.2908325195312,63.375,0.08554276823997498,55.375,0.15625686900107238,59.0625,80.6875,649.165283203125,114.625,-13.296274775326651,97.83699115230336,81.8125,54.0,1672.9884033203125,55.1875,44.473121643066406,77.9375,0.0024577754084020853,179.5,0.40502479672431946,208.14163208007812,75.07142857142858,0.6060823798179626,54.19047619047619,63.85714285714286,23.469730377197266,66.92857142857143,0.4228261702781792,113.9328842163086,61.67284393310547,46.28571428571429,0.4725498650296623,0.29530200362205505,58.28571428571429,0.12769287912554386,14.902533531188965,57.571428571428584,0.17457470337450415,27.457996368408203,63.857142857142875,-0.06307430392470913,0.3288590610027313,0.0,-0.21324888692165492,71.41666666666666,77.0,-2.076507568359375,1.5999690294265747,0.0
62.495243072509766,66.21428571428572,-0.09261097759008408,82.21428571428572,-0.4546186223594141,89.07142857142856,71.92857142857144,592.0013427734375,16.785714285714285,78.05657616557691,105.74766500836493,61.785714285714285,43.071428571428584,1451.0758056640625,78.85714285714286,17.514446258544922,93.50000000000003,0.0019555818289518356,89.50000000000001,0.989473283290863,176.2729949951172,70.07142857142858,0.28021353483200073,67.625,51.28571428571429,19.24751853942871,76.35714285714286,-0.36496870969755496,132.8053741455078,42.005859375,68.92857142857142,-0.23405800625485468,0.0,78.64285714285717,-0.2833306033901087,15.719551086425781,72.14285714285714,-0.29162592817694155,26.7783203125,56.71428571428571,-0.06877885634737663,2.7583892345428467,0.0,1.0,59.428571428571445,76.71428571428572,0.5381484031677246,0.15324437618255615,0.0
587.4815063476562,69.0,0.06994412839412689,74.35714285714288,0.12093480893590364,87.375,51.0,636.3636474609375,94.625,-24.840537493360923,79.87355851092514,97.75,90.57142857142857,1714.9271240234375,50.0,45.31172561645508,80.78571428571429,0.002511603757739067,147.07142857142858,0.5721426010131836,237.75047302246094,136.5625,0.6423505544662476,136.6875,101.57142857142858,22.332307815551758,53.375,0.5228758520868506,93.44966125488281,45.38373947143555,66.75,-0.35282889846885684,0.0,72.1875,-0.30252058564646445,14.755037307739258,83.9375,-0.25992591771055007,22.528675079345703,83.3125,-0.2707581227436823,0.2751677930355072,0.0,-0.05734762854119896,39.142857142857146,92.35714285714289,-3.955383777618408,6.479043006896973,0.0
-86.6736068725586,96.92857142857144,-0.010014127008616924,71.90476190476193,0.027434246607761878,63.52380952380953,93.52380952380952,436.28753662109375,94.14285714285714,29.292074566719517,88.98778152887354,78.9047619047619,25.61904761904762,17835.86328125,61.57142857142856,39.64644241333008,95.0952380952381,-0.0003465996705926955,133.33333333333334,3.2652525901794434,436.14453125,185.42857142857142,1.2636078596115112,78.9047619047619,144.5714285714286,53.730960845947266,74.23809523809524,-0.24954506780836225,63.45637512207031,56.770286560058594,67.76190476190476,-0.19245309353883952,0.06711409240961075,73.57142857142857,-0.17255130247457973,33.86757278442383,63.904761904761905,-0.4701874409516633,60.06174087524414,100.33333333333333,-0.029908523064665227,0.19463087618350983,0.0,-0.20362589310038323,67.28571428571429,33.80952380952381,7.4305877685546875,10.703842163085938,0.0
178.06375122070312,88.0625,0.054529812186956406,70.29166666666667,-0.2079347504563802,61.714285714285715,68.80952380952381,454.18218994140625,72.95238095238095,-24.591423288687764,88.22214279717092,57.95238095238095,95.83333333333333,1040.311279296875,77.52380952380953,43.5089225769043,100.83333333333334,5.411947859101929e-05,71.61904761904762,1.233397126197815,352.25616455078125,59.142857142857146,0.41861188411712646,68.57142857142858,60.5,44.169803619384766,64.95238095238095,0.059370001819696774,43.16778564453125,39.972373962402344,68.4761904761905,-0.08101799404589405,1.3355704545974731,73.52380952380953,-0.28759667244881554,16.99490737915039,68.0,-0.5475894159345192,23.19060516357422,66.28571428571429,0.3350644169015534,0.463087260723114,0.07382550090551376,-0.031520550879475744,50.90476190476191,46.42857142857143,-9.639500617980957,-14.108660697937012,0.0
384.647705078125,103.4375,0.6745070815086365,83.4375,-0.33151337764720334,84.2857142857143,85.14285714285715,821.7362670898438,124.57142857142858,-8.603848364529194,103.36060468448248,118.28571428571428,117.9375,958.6784057617188,141.3571428571429,42.820587158203125,106.4375,0.0006218136404640973,73.57142857142858,0.42271363735198975,337.1522216796875,75.57142857142857,0.4397309720516205,62.78571428571428,63.625,57.21577072143555,95.78571428571429,-0.1469050220214779,28.919462203979492,37.70648193359375,106.35714285714286,-0.30321347601850845,3.9194631576538086,67.0,0.1147556548858067,20.192840576171875,46.285714285714285,0.415871211558894,19.382415771484375,83.42857142857144,0.003285870755750297,2.597315549850464,1.147650957107544,0.4799468830047385,71.21428571428571,92.2857142857143,-7.7622809410095215,-12.363378524780273,0.0
550.8427124023438,116.5,-0.009021295234560966,117.35714285714288,-0.5728539519511873,108.35714285714288,76.14285714285715,736.6261596679688,103.92857142857143,12.582302338324936,74.84525494199886,110.21428571428574,132.78571428571428,1877.5196533203125,54.142857142857146,43.29691696166992,144.5714285714286,-0.0016755685210227966,38.21428571428572,1.3311063051223755,140.49583435058594,134.14285714285717,0.9284258484840393,153.07142857142858,114.28571428571429,44.01523971557617,66.14285714285714,0.12727572687395675,99.25503540039062,62.976524353027344,78.21428571428572,-0.22922490635043402,1.4093959331512451,71.42857142857143,0.06852669039145905,42.8873176574707,41.92857142857143,-0.4259065155123195,18.833663940429688,75.28571428571429,-0.19793276828651613,1.0201342105865479,0.16107381880283356,-0.626087407330603,106.71428571428574,107.7857142857143,-7.409925937652588,-19.29380226135254,0.0
298.5541076660156,36.92857142857144,-0.10372158139944077,75.85714285714286,0.12088793765411728,110.21428571428572,103.71428571428574,639.8338623046875,66.35714285714285,26.95388642733529,45.704381091011385,75.57142857142858,47.85714285714286,5589.54296875,53.14285714285715,32.926612854003906,68.07142857142858,-0.0004887665854766965,36.142857142857146,3.9306681156158447,113.53085327148438,91.7857142857143,1.0030136108398438,96.85714285714288,79.7857142857143,46.4747200012207,71.78571428571428,-0.4069251624304274,100.20805358886719,53.53895568847656,65.92857142857144,0.14288401571442008,0.020134227350354195,49.714285714285715,-0.01984296510171914,48.920188903808594,41.57142857142858,0.46389769043612117,13.15249252319336,95.21428571428572,-0.13772151898734175,2.879194736480713,0.0,0.9647365751096525,36.42857142857143,59.35714285714287,29.595460891723633,-5.094013214111328,0.0
554.6583862304688,59.42857142857144,0.2411806434392929,55.3125,0.5306486289796669,94.625,83.125,658.0738525390625,58.5,-29.68352127805252,77.08694827863363,87.6875,40.625,1683.8690185546875,53.375,47.54719924926758,60.5,0.0024351554457098246,111.8125,0.6879827976226807,262.8094177246094,92.85714285714288,0.6221519708633423,115.21428571428575,87.14285714285717,23.901540756225586,65.92857142857143,0.27833647163401476,78.77181243896484,41.99442672729492,69.42857142857144,-0.4837368795863394,0.2751677930355072,75.14285714285714,-0.07028340289512504,14.160470008850098,82.0714285714286,-0.20541055779167228,23.524065017700195,68.85714285714286,-0.15951544133223525,0.2214765101671219,0.10738255083560944,-0.10755535424977791,52.625,105.5,-2.3387303352355957,0.352003276348114,0.0
-19.13753890991211,132.64285714285717,-0.018254216760396957,68.64285714285715,-0.3750038158747171,44.78571428571429,73.78571428571429,519.1898193359375,82.7857142857143,65.0881155449272,40.50041357109433,95.57142857142857,115.0,1045.231201171875,65.85714285714286,30.51464080810547,101.21428571428572,-0.00010778402065625414,143.92857142857144,0.7961665391921997,164.25070190429688,81.50000000000001,0.31394490599632263,93.3125,113.14285714285714,27.722034454345703,39.1875,-0.09851799434722643,60.65100860595703,35.98674774169922,77.1875,-0.019782890156939487,0.25503355264663696,46.5,0.2886470984231929,19.341190338134766,65.25,-0.16020007403686637,42.55802536010742,63.6875,-0.09505703422053231,1.4496644735336304,9.335570335388184,-0.15086174018953746,62.64285714285715,136.7857142857143,2.4423646926879883,1.0161352157592773,0.0
35.45188903808594,55.785714285714306,-0.07803145051002502,38.095238095238095,0.5437543350778737,16.428571428571434,23.571428571428577,414.28753662109375,14.285714285714286,24.34111853733959,101.81030988644166,55.64285714285714,14.666666666666666,4667.5234375,26.500000000000004,33.8242301940918,45.0,-0.0012910976074635983,45.71428571428572,10.026593208312988,45.79545974731445,35.142857142857146,1.1913325786590576,44.0,18.285714285714285,60.19724655151367,52.57142857142859,0.3914176536342712,63.54362487792969,76.22208404541016,85.21428571428572,0.10428007668669619,2.161073923110962,63.21428571428574,0.4242354903195971,36.76730728149414,55.642857142857146,0.19168452148729778,17.23423957824707,45.14285714285715,0.4925404457167764,0.00671140942722559,0.3087248206138611,0.463838944307723,67.07142857142858,47.285714285714285,-2.2608561515808105,43.87928009033203,0.0
519.1701049804688,94.09523809523809,0.2908128798007965,64.35714285714286,-0.2228167880899335,75.3125,69.6875,654.408447265625,129.875,-20.266572140307236,87.16528164117507,86.4375,109.0714285714286,1232.5369873046875,31.6875,40.78803634643555,80.64285714285717,0.0012686226982623339,40.214285714285715,1.3553913831710815,292.35986328125,75.0625,0.5643879175186157,98.0,51.5,32.879886627197266,38.5625,-0.07039028100934358,75.87248229980469,43.99150466918945,78.375,-0.19244197152530249,2.597315549850464,66.5625,0.00850760840043749,17.331876754760742,41.5,-0.2874587427593346,22.29766273498535,72.9375,-0.18119403120423308,0.5838926434516907,0.1409395933151245,-0.36177000459221514,90.07142857142857,67.78571428571428,1.2215242385864258,9.310532569885254,0.0
69.52212524414062,58.64285714285716,-0.12191517651081085,39.92857142857143,0.6299325513398337,17.85714285714286,24.35714285714287,459.6300354003906,17.0,25.25768087374284,106.10659291420143,80.92857142857142,16.642857142857146,4324.3271484375,30.428571428571423,35.810218811035156,45.85714285714286,-0.0015068078646436334,53.285714285714285,9.4353609085083,51.49905776977539,37.78571428571429,1.1484274864196777,48.00000000000001,25.142857142857146,61.15907287597656,60.428571428571445,0.2612871844538731,69.74496459960938,75.6996078491211,98.71428571428577,-0.07996744485430647,3.7919464111328125,76.71428571428572,0.20088014252491554,37.72233581542969,68.42857142857143,0.06455600737072084,16.779396057128906,47.07142857142858,0.36896733752128064,0.01342281885445118,0.3087248206138611,0.23690758247850285,74.92857142857144,55.35714285714287,0.48903322219848633,42.19957733154297,0.0
298.5514831542969,33.37499999999999,-0.20986342430114746,50.25,0.1395475336877241,71.64285714285715,66.71428571428572,806.2066040039062,61.14285714285715,41.55171206233486,71.4569813756346,88.92857142857143,38.5625,2072.50390625,81.14285714285714,35.290550231933594,60.875,0.002609060611575842,139.78571428571428,0.556067705154419,156.2738800048828,65.71428571428572,0.566321849822998,61.00000000000001,84.3125,21.532939910888672,64.5,0.015792723000019913,164.49664306640625,53.82492446899414,61.57142857142858,0.3053906719825378,0.0,48.21428571428571,-0.14883725403531167,29.83098602294922,99.00000000000003,-0.46993528939181384,25.400753021240234,55.42857142857143,-0.14567102863591813,0.21476510167121887,0.0,-0.19942551259833372,70.14285714285715,77.64285714285715,-1.260277509689331,1.2700471878051758,0.0
-53.801902770996094,88.80952380952381,-0.01479899138212204,63.8125,-0.3869642659053663,79.4375,89.4375,515.987548828125,92.125,36.00013793994916,59.89843103242923,67.6875,86.9375,939.169189453125,52.9375,41.05891418457031,90.125,-0.0001693035737844184,82.5,0.5839606523513794,439.3354797363281,113.4375,0.5588123202323914,103.35714285714286,144.8571428571429,30.075721740722656,43.50000000000001,0.29091358965681013,48.85906219482422,35.23002624511719,121.85714285714286,-0.6916364309514994,0.33557048439979553,37.92857142857143,0.5940275957024123,17.681249618530273,47.714285714285715,0.26109402823633887,40.58857345581055,69.0714285714286,-0.09783190342888766,2.1140940189361572,0.1879194676876068,1.0,78.625,52.0625,-2.581986904144287,-0.06058276817202568,0.0
341.36041259765625,104.9375,0.047563061118125916,56.29166666666667,0.12998758240126868,61.80952380952381,87.1904761904762,507.70526123046875,92.42857142857142,23.52642716317369,85.73494767879512,99.42857142857142,75.41666666666667,1447.4493408203125,61.333333333333336,44.750579833984375,78.70833333333336,-0.002676673699170351,112.8095238095238,0.7122288346290588,326.0471496582031,103.04761904761905,0.5220123529434204,108.28571428571429,114.79166666666666,44.64542770385742,71.42857142857143,0.04348205589048054,88.43624114990234,62.394535064697266,63.1904761904762,-0.15992187126079455,1.5369127988815308,42.76190476190476,-0.29817081384530075,37.61648941040039,66.23809523809524,0.016725068272165237,21.71438217163086,53.714285714285715,-0.2463385249682814,0.6107382774353027,0.9060402512550354,0.15970835666556193,50.66666666666666,65.52380952380953,-5.795942306518555,0.27745190262794495,0.0
283.7121887207031,64.64285714285715,-0.15428434312343597,49.64285714285715,0.26217376374430756,54.000000000000014,66.92857142857144,639.3563232421875,20.71428571428572,21.809130494626576,73.59742884475398,93.57142857142858,88.14285714285714,1700.5037841796875,56.7857142857143,21.928110122680664,39.50000000000001,-0.00047759251901879907,47.57142857142857,0.9096739888191223,114.4737319946289,86.42857142857143,0.22958487272262573,52.07142857142858,89.75,39.9932975769043,71.14285714285717,0.002495325060106378,111.11409759521484,51.207374572753906,74.64285714285715,-0.133309439133291,0.0,57.35714285714287,-0.2478251400282047,39.95534133911133,89.64285714285715,-0.17858312126282216,14.027963638305664,77.57142857142858,0.3266859473697791,3.825503349304199,0.033557046204805374,-0.07692307692307693,83.85714285714288,78.64285714285715,-11.014349937438965,-0.6570560336112976,0.0
-13.526324272155762,144.78571428571428,-0.024735229089856148,67.38095238095238,-0.014808621866020886,59.57142857142856,69.76190476190476,522.5491943359375,45.761904761904766,64.7894920886763,34.88652296323625,58.0952380952381,121.76190476190476,1083.750732421875,60.57142857142857,27.578092575073242,89.52380952380953,-8.451408939436078e-05,144.38095238095235,0.7766852974891663,164.1697540283203,71.28571428571428,0.4532463848590851,90.58333333333333,98.57142857142857,28.551054000854492,34.75000000000001,0.008447000821692667,67.12751770019531,35.1287727355957,66.79166666666669,0.028350291915210137,0.25503355264663696,27.83333333333333,0.38817727318895373,19.45855712890625,56.125,-0.1826057420412184,39.48436737060547,52.958333333333336,-0.11078286558345643,2.0335569381713867,5.946308612823486,-0.11122224070636622,62.28571428571428,87.23809523809524,2.9237940311431885,0.5654613971710205,0.0
-86.00874328613281,74.6875,-0.19026413559913635,89.625,-0.39927818012730626,123.64285714285717,135.8571428571429,459.0079650878906,154.85714285714286,-15.325248406237403,110.1422669804023,83.28571428571429,73.0625,748.73388671875,160.21428571428572,42.013824462890625,89.4375,0.0009244780521839857,52.875,0.7802854180335999,322.4634704589844,65.28571428571429,0.4192241430282593,116.57142857142856,44.8125,48.98601531982422,37.071428571428584,0.7130290851793635,73.76509857177734,69.41213989257812,66.85714285714286,0.21276439640469427,1.6979866027832031,75.5,-0.2224598867784905,28.849185943603516,58.00000000000001,0.30313650593632474,29.409658432006836,57.571428571428584,-0.0895955462351635,1.0469799041748047,0.38255032896995544,0.1973531107785826,62.0,54.875,-5.686237335205078,-11.237985610961914,0.0
248.20936584472656,104.5,0.005812964867800474,64.71428571428572,-0.44273260759427413,66.14285714285715,68.64285714285715,698.0969848632812,87.00000000000001,20.219985382068877,78.65365034392116,79.2857142857143,94.5,1748.913330078125,95.14285714285712,47.77750778198242,95.92857142857142,0.001207111869007349,56.85714285714286,0.9918292760848999,204.18508911132812,74.8125,0.6720141172409058,72.1875,62.92857142857144,27.775123596191406,60.125,0.22431469190307393,123.18120574951172,56.59903335571289,52.625,0.4563743537588903,0.29530200362205505,73.9375,-0.1688251069621595,22.570871353149414,70.875,-0.37466252313279097,32.31410217285156,65.625,-0.05263157894736842,0.0,0.0,-0.03225806451612903,87.5714285714286,131.3571428571429,-0.2604771554470062,6.527125358581543,0.0
721.9957885742188,72.78571428571428,0.3939827084541321,121.23809523809524,-0.5154531469797057,95.95238095238096,86.57142857142858,816.5758056640625,90.95238095238096,-11.553445008577116,86.1131998781113,75.71428571428574,78.85714285714286,1593.809326171875,47.14285714285715,46.78385543823242,113.66666666666669,-0.0032660614233464003,27.333333333333336,1.0048497915267944,551.4594116210938,89.00000000000001,0.4528420567512512,104.78571428571428,79.33333333333333,42.494171142578125,49.71428571428572,0.23288038570779684,55.395973205566406,55.8190803527832,45.80952380952381,-0.12457371537414443,1.9530200958251953,50.047619047619044,-0.09290505923141255,33.814727783203125,67.95238095238098,0.07508086215048788,31.96455192565918,58.90476190476191,-0.2529164827782539,1.2885905504226685,0.3288590610027313,0.06202306352640258,72.47619047619048,75.42857142857142,-5.7750563621521,3.6113104820251465,0.0
14.40210247039795,18.0,-0.08112221211194992,55.0625,0.5505184064632728,54.00000000000001,31.42857142857143,482.9064636230469,7.428571428571428,8.321245435100273,57.80681688645201,54.642857142857146,4.25,13869.04296875,4.571428571428571,35.6390266418457,13.5,0.000640640442725271,8.428571428571427,3.3701279163360596,41.079368591308594,8.857142857142858,1.05503249168396,12.214285714285715,10.125,66.07540130615234,26.285714285714292,0.8942015299713238,34.255035400390625,40.9173583984375,48.71428571428572,0.39676625889606776,0.5302013158798218,17.07142857142857,0.9747755138605015,42.7905158996582,11.285714285714286,0.869297949580044,47.05637741088867,28.35714285714286,-0.1337883490174284,0.0,0.04026845470070839,-0.037037037037037035,32.92857142857143,15.571428571428571,0.7834087610244751,53.76319885253906,0.0
440.96392822265625,106.99999999999999,0.056927215307950974,43.28571428571429,0.44534262414490394,58.71428571428572,73.57142857142858,770.6318969726562,75.57142857142858,9.144833522354997,90.67077186353843,77.50000000000001,72.42857142857142,1950.93505859375,103.14285714285714,45.247623443603516,48.78571428571429,0.0015689806314185262,21.85714285714286,1.0970975160598755,235.4873046875,131.42857142857142,0.4886789321899414,105.71428571428572,45.42857142857144,26.874324798583984,63.14285714285715,0.0487966813391212,109.57717895507812,53.1341438293457,73.57142857142858,-0.2178692137214391,0.3221476376056671,79.78571428571429,-0.44752974213040153,15.848958969116211,77.92857142857144,-0.732066188763101,26.395526885986328,55.928571428571445,-0.10541471561510053,0.04026845470070839,0.0,-0.1815000909920456,117.85714285714288,105.14285714285717,5.093021392822266,3.9453165531158447,0.0
23.311975479125977,73.42857142857144,-0.02412201091647148,64.71428571428572,0.13757233840809352,105.5,78.5,553.0318603515625,65.64285714285714,52.86316461851133,72.62731226074308,46.85714285714286,80.57142857142858,1261.8048095703125,88.7857142857143,37.438232421875,56.85714285714287,0.0008032983751036227,75.35714285714288,1.1127203702926636,85.71617126464844,47.42857142857144,0.6378629803657532,46.64285714285715,94.35714285714288,42.215763092041016,79.7857142857143,-0.12923853269348048,66.97315216064453,47.75411605834961,50.07142857142858,0.1573749853943892,0.9530201554298401,39.21428571428571,-0.002814488384350751,32.64807891845703,80.85714285714288,-0.06031358118407707,45.21306228637695,53.85714285714287,-0.05297580117724,0.020134227350354195,0.1812080591917038,0.13154219771911935,62.7857142857143,60.42857142857144,-2.5960464477539062,0.1186530590057373,0.0
395.7248840332031,74.0,-0.11737155169248581,64.9375,-0.2800117146789274,84.3125,65.3125,604.5123291015625,39.5625,4.095324719912254,95.29740522172317,82.75,84.0625,1827.1361083984375,59.5,41.144222259521484,93.875,0.0023082299157977104,100.8125,0.22212326526641846,184.9154052734375,111.00000000000001,0.5149090886116028,54.64285714285715,106.50000000000003,21.797090530395508,63.07142857142858,0.01792164708643678,173.73153686523438,61.5929069519043,70.42857142857143,0.028319962261590493,0.0,55.142857142857146,-0.03291700233038814,16.548030853271484,55.5,-0.07989677507562422,28.87436866760254,78.49999999999999,-0.0769230769230769,0.8859060406684875,0.0,1.0,100.0625,46.875,0.36169689893722534,3.0890955924987793,0.0
-3.932103395462036,75.0,-0.02525627613067627,46.42857142857144,0.3938761873470247,85.7857142857143,62.42857142857144,540.091552734375,38.5,-0.6932048963620359,83.57538704524777,63.92857142857144,51.2857142857143,15120.1611328125,63.071428571428584,37.10918045043945,73.42857142857142,0.0007181450491771102,79.21428571428572,0.8563963770866394,59.04281234741211,105.0,0.647301435470581,120.28571428571429,87.14285714285717,55.305484771728516,82.57142857142858,-0.29433659401444096,56.53691101074219,47.23175811767578,65.64285714285717,-0.1623823776382804,6.422818660736084,78.0,0.03002452529645269,16.260602951049805,53.64285714285714,-0.0826070740442461,47.102996826171875,111.14285714285715,-0.03885782932125859,0.0,0.43624159693717957,-0.32799204724316267,89.35714285714288,127.50000000000001,10.884181022644043,-15.862003326416016,0.0
276.76495361328125,25.1875,-0.05038738250732422,25.4375,0.7137903990644696,52.92857142857143,33.07142857142858,358.1006774902344,59.5,-6.166941111519833,73.13585739425547,62.571428571428584,35.5,796.667724609375,41.49999999999999,32.602745056152344,27.9375,-0.001997500890865922,105.5,11.41686725616455,273.24664306640625,18.357142857142854,2.5604028701782227,18.857142857142854,16.8125,52.79743576049805,50.000000000000014,0.598983815270653,44.40268325805664,47.935909271240234,56.571428571428584,0.4031679967633035,1.1140940189361572,17.571428571428577,0.9214091855175948,40.73453140258789,69.92857142857144,0.2530625608616802,30.385601043701172,56.000000000000014,-0.10265265373356447,3.5234899520874023,1.3087248802185059,-0.07588617985486698,42.0,43.428571428571416,-7.319174766540527,-21.46204376220703,0.0
9.84573745727539,82.42857142857142,-0.04528658464550972,17.000000000000004,0.35787593052109173,15.928571428571429,29.85714285714286,303.9232482910156,39.5,16.947051784336168,97.4471990190288,57.64285714285715,21.71428571428572,4468.09765625,14.571428571428571,29.429872512817383,25.142857142857146,-0.0012692124582827091,31.57142857142857,10.67741584777832,37.78520965576172,11.428571428571427,1.1181933879852295,17.142857142857146,10.857142857142858,61.87372589111328,45.85714285714287,0.6109295299477059,53.42953109741211,75.18177032470703,76.28571428571428,-0.024844425442971795,2.1812081336975098,49.07142857142858,0.6465402766684655,34.74356460571289,22.71428571428572,0.756267409470752,16.79363250732422,31.071428571428577,0.5567901872057447,0.0,0.3087248206138611,0.6801049834878969,55.07142857142858,37.0,3.573472738265991,50.71101379394531,0.0
211.99722290039062,27.64285714285715,-0.09720471501350403,48.57142857142857,-0.38193992864549464,68.6875,38.5,519.5157470703125,136.5625,63.210137043223284,86.1140103717483,95.0,110.07142857142858,1138.7857666015625,92.25,38.99481964111328,50.42857142857143,-0.003560251323506236,60.25,1.791573166847229,199.8876953125,29.3125,1.2331873178482056,27.642857142857142,30.071428571428566,49.420738220214844,108.85714285714289,-0.44894894632720517,102.0,66.86589050292969,91.85714285714289,0.0036546496303289104,2.26845645904541,69.5,0.04255490616628209,34.6378059387207,95.14285714285715,-0.5230006301542509,33.480892181396484,27.500000000000004,-0.35424802149690987,2.302013397216797,1.0604026317596436,-0.28090771298653017,61.5,51.75,-8.766552925109863,5.4740095138549805,0.0
141.28903198242188,170.5714285714286,-0.018336068838834763,50.21428571428572,-0.1137671453548563,77.64285714285715,79.21428571428572,255.94827270507812,134.57142857142858,-15.931143083028346,77.84475450917131,35.42857142857142,58.92857142857143,4696.48583984375,172.42857142857142,36.25223922729492,62.64285714285715,-0.001484756707213819,161.78571428571428,10.454111099243164,41.248138427734375,130.71428571428575,0.7699068188667297,119.375,134.07142857142858,60.791831970214844,53.57142857142858,-0.22646860360062934,58.80537033081055,67.12641143798828,129.14285714285717,-0.5819717651185223,0.00671140942722559,178.57142857142858,-0.7048618112855131,36.73677062988281,72.78571428571428,-0.32501361212298646,3.303241014480591,22.78571428571429,-0.09626477165175118,0.3087248206138611,0.0,-0.4260238215666301,85.28571428571429,140.0714285714286,61.64384841918945,15.725971221923828,0.0
590.925537109375,15.071428571428573,-0.45841267704963684,36.71428571428572,0.5867335622457374,35.71428571428572,73.71428571428572,1250.4442138671875,33.78571428571429,34.70592784881592,28.793406269155348,91.92857142857144,85.21428571428574,3053.992431640625,37.92857142857143,11.079059600830078,70.42857142857144,0.0008139120182022452,124.78571428571429,1.3432536125183105,78.89219665527344,67.2857142857143,0.2117837816476822,99.07142857142858,59.71428571428571,62.34012222290039,71.0,-0.26561321633587376,70.48322296142578,69.0921630859375,60.64285714285715,0.421983729508105,5.899328708648682,38.00000000000001,0.44044145064280277,42.67532730102539,51.5,0.3891952095588544,39.79736328125,70.71428571428571,0.46769534006644964,0.0,1.7516778707504272,-0.1556125525540586,56.21428571428573,62.64285714285715,7.733301639556885,0.9288682341575623,0.0
556.8560791015625,41.21428571428572,-0.010705932043492794,64.33333333333334,0.03918703838577425,76.25,74.37499999999999,595.21142578125,55.62500000000001,-20.476158248998175,84.20257978101856,67.04166666666667,93.38095238095241,1632.865478515625,55.20833333333334,45.246360778808594,73.04761904761907,0.0023706709034740925,147.33333333333331,0.6003748774528503,242.44677734375,53.874999999999986,0.5572617650032043,61.23809523809524,67.80952380952381,23.737777709960938,80.14285714285714,0.025047492807779778,85.44295501708984,44.92967987060547,60.476190476190474,-0.31904319128316627,0.04026845470070839,67.85714285714286,-0.21462222273623113,14.23405647277832,51.95238095238095,-0.15251498468649594,22.680471420288086,76.28571428571429,0.007690293512975261,0.24161073565483093,0.10738255083560944,-0.03769800871441951,72.08333333333333,63.37499999999999,-5.086583137512207,5.9219865798950195,0.0
-62.215301513671875,77.14285714285714,-0.007929468527436256,64.78571428571429,-0.0687532948951144,91.875,61.0,509.5771179199219,53.8125,25.240680472962808,73.96819224100284,63.5625,77.21428571428572,916.072265625,59.4375,41.76728820800781,92.78571428571429,-0.0002623729524202645,127.6875,0.5923619866371155,639.5381469726562,106.8125,0.7231594920158386,100.78571428571429,76.42857142857143,34.99293899536133,60.5,0.09034146192947493,46.61745071411133,33.97918701171875,69.9375,-0.17199167776134444,0.3758389353752136,77.9375,0.06782724796589097,23.46904945373535,73.875,-0.5161469933184856,42.59450149536133,86.5625,0.03460217942976564,0.16778524219989777,0.3288590610027313,1.0,67.875,72.1875,-2.0824241638183594,1.2834749221801758,0.0
-34.24177932739258,45.6875,-0.03539004176855087,64.4375,-0.581724257286721,54.6875,43.8125,613.0211181640625,48.625,26.843224754269492,75.70210632900321,81.3125,63.75,1173.19140625,66.8125,37.591827392578125,97.3125,0.0005148329073563218,52.375,0.7367880940437317,73.6440200805664,85.14285714285715,0.4067472219467163,92.07142857142858,62.71428571428572,36.17917251586914,39.5,0.3001960046958381,68.82550048828125,47.78330993652344,87.85714285714286,-0.19193483537593256,8.872483253479004,96.64285714285714,0.0863136149439099,14.850516319274902,55.500000000000014,-0.11670508139434409,36.462059020996094,61.14285714285714,1.0,0.0,0.3959731459617615,0.2613626240117475,58.375,84.5625,-1.993080496788025,2.2907683849334717,0.0
258.3565368652344,53.375,-0.15080007910728455,47.5625,-0.11180874648355453,78.07142857142858,75.78571428571428,542.921142578125,76.85714285714285,-0.25136811541230886,82.85469661579737,42.92857142857142,66.4375,1328.1986083984375,79.78571428571429,44.90008544921875,100.5625,-0.0025710102636367083,111.28571428571435,0.718612551689148,135.64894104003906,61.71428571428572,0.4654673933982849,67.71428571428572,58.875,49.13418197631836,74.21428571428572,-0.16386191340604706,89.91275024414062,56.66810607910156,77.71428571428575,-0.041899530768684703,0.28859061002731323,43.642857142857146,-0.2548477503616496,45.961151123046875,65.78571428571429,0.0821152939424771,24.94409942626953,66.00000000000001,0.23272605496489973,0.14765100181102753,0.1342281848192215,-0.027755718657760005,107.14285714285715,34.07142857142858,-20.19598388671875,-2.797527551651001,0.0
118.17570495605469,60.42857142857144,-0.13709349930286407,48.78571428571429,-0.13848074660810916,40.35714285714286,81.57142857142858,756.7340698242188,58.500000000000014,17.178024555787744,39.25968622354423,88.64285714285715,62.21428571428571,1774.8507080078125,75.50000000000001,24.24458885192871,49.28571428571429,0.0014567194739356637,100.92857142857142,0.5398477911949158,67.58223724365234,83.21428571428572,0.26192930340766907,130.7857142857143,27.214285714285722,33.69990158081055,55.14285714285715,0.2249122756557754,67.10738372802734,41.448463439941406,85.85714285714289,-0.36418899390673565,1.583892583847046,56.21428571428572,-0.0035431279130937257,23.443883895874023,87.57142857142858,-0.5155921919230618,29.252140045166016,47.000000000000014,-0.034440814890182615,0.0,0.00671140942722559,-0.6320028266721857,59.42857142857144,89.0,-1.0679620504379272,-0.6211919784545898,0.0
149.5643310546875,35.92857142857143,-0.16338872909545898,37.85714285714286,0.5576576196319517,61.857142857142854,59.714285714285715,337.8130798339844,39.85714285714286,0.8519649527616949,94.99896861796917,91.0952380952381,43.76190476190476,2401.78662109375,42.0,40.6890869140625,33.8095238095238,-0.002380767837166786,56.14285714285715,6.811287879943848,169.73536682128906,53.0952380952381,0.88084876537323,63.95238095238095,62.142857142857125,51.09309387207031,86.66666666666666,-0.12956933213184774,98.51007080078125,76.94255065917969,88.61904761904762,-0.0023914802354137836,0.5100671052932739,73.09523809523809,-0.04653749467397012,29.34299087524414,90.66666666666669,-0.2962426033405609,20.04758644104004,37.33333333333333,-0.3115084687751496,0.281879186630249,0.16778524219989777,-0.33012757593341097,74.57142857142857,65.66666666666664,34.029449462890625,-35.677825927734375,0.0
524.7913208007812,108.2857142857143,0.34756043553352356,89.14285714285715,-0.7626520569932138,60.47619047619049,40.476190476190474,535.7508544921875,84.14285714285711,-3.8015631904838068,76.90627834162967,107.19047619047618,115.42857142857142,2615.139404296875,81.04761904761904,38.69334030151367,112.52380952380955,-0.0025647233705967665,30.904761904761905,10.697657585144043,281.5218200683594,62.09523809523809,2.236915349960327,74.04761904761904,65.23809523809524,53.382652282714844,80.5714285714286,0.1154115264673315,59.38254928588867,57.32265853881836,82.04761904761904,0.038732586117794794,0.791946291923523,64.38095238095238,0.002177574891557349,39.0918083190918,69.61904761904763,-0.0006074472230270325,20.26084327697754,87.14285714285712,-0.20844625247193324,2.879194736480713,0.6040268540382385,0.23283062624284667,71.95238095238095,68.09523809523812,-26.457340240478516,-33.13336181640625,0.0
151.3944854736328,170.42857142857144,0.0563240572810173,86.42857142857144,-0.00020065563337722493,181.07142857142856,114.64285714285715,210.58103942871094,172.14285714285717,1.5441610809140558,60.6655985715771,78.5,171.3571428571429,1161.7996826171875,189.78571428571433,28.7779598236084,91.57142857142857,-0.001294325920753181,125.14285714285714,12.58395004272461,194.6311492919922,210.71428571428572,3.0211737155914307,199.0,201.7142857142857,56.782859802246094,167.0,-0.8047943934865507,23.48322105407715,38.500518798828125,64.92857142857143,-0.3560446464313062,0.8456375598907471,228.07142857142856,-0.9896851984860079,41.2470588684082,149.14285714285717,-0.771708223352554,36.26814270019531,119.21428571428574,-0.20717330572951545,0.8791946172714233,0.29530200362205505,-0.43640340120548327,77.57142857142858,154.21428571428572,-36.09550094604492,-18.900407791137695,0.0
408.3721008300781,68.09523809523809,-0.0051969680935144424,73.14285714285715,0.007086077814319501,76.7857142857143,51.71428571428572,584.67919921875,47.07142857142857,10.897039283842048,77.74947468067342,79.64285714285717,129.92857142857144,1385.514404296875,83.85714285714288,41.08281707763672,79.42857142857144,-0.0032199677079916,22.142857142857146,1.1279300451278687,417.3908996582031,81.00000000000001,1.428823709487915,40.7857142857143,63.714285714285715,35.57381820678711,74.7857142857143,-0.13298113565942085,85.87919616699219,56.88713836669922,69.21428571428572,-0.14198754506325936,0.8120805621147156,41.14285714285714,0.15097263882422962,40.70014572143555,78.57142857142858,-0.3331002741901319,24.442214965820312,63.78571428571429,-0.00845571827898781,2.744966506958008,1.0536912679672241,-0.049045767585997636,56.00000000000001,37.00000000000001,-7.6584553718566895,-1.4040353298187256,0.0
-36.71903991699219,117.625,-0.011034658178687096,75.9375,0.06388730426812411,123.0,90.14285714285717,255.78366088867188,163.14285714285714,21.85686658882855,29.919516412864525,68.57142857142858,127.4375,28115.330078125,162.85714285714286,32.04570007324219,100.6875,-7.591975736431777e-05,112.0625,6.256807804107666,85.43167114257812,98.71428571428574,1.4751157760620117,129.35714285714286,84.5,64.75533294677734,112.14285714285717,-0.2449851250194851,27.865772247314453,34.335819244384766,130.42857142857144,-0.4799191583482808,0.020134227350354195,151.7857142857143,-0.2740869624914854,37.53914260864258,130.92857142857144,-0.2992662265338078,90.52056121826172,143.28571428571428,1.0,1.0671141147613525,7.966443061828613,1.0,66.4375,103.6875,6.980613708496094,11.576014518737793,0.0
160.97731018066406,100.35714285714286,-0.0039042781572788954,59.71428571428573,-0.10452698932108165,37.35714285714286,29.500000000000004,461.3519287109375,87.07142857142858,-8.328906838525862,91.7795792093075,166.92857142857144,74.5714285714286,849.7129516601562,37.71428571428572,49.7714958190918,124.21428571428572,0.00014075673243496567,64.71428571428572,0.6901862025260925,243.1175537109375,81.92857142857143,0.5667591691017151,94.7857142857143,42.92857142857144,31.266016006469727,66.42857142857144,-0.18777620471565795,153.59732055664062,56.94562530517578,71.14285714285715,-0.1368891690138071,0.06040268391370773,78.0714285714286,-0.5276602474165224,25.446819305419922,78.14285714285717,-0.5064212989913631,34.58247375488281,71.21428571428572,-0.12682162556607213,0.0,0.0,-0.003910101193340011,97.92857142857144,61.28571428571429,-0.6672863960266113,2.777501106262207,0.0
136.07395935058594,43.28571428571429,-0.04780149832367897,68.71428571428572,-0.08705707570143499,84.19047619047618,122.80952380952382,542.831298828125,52.61904761904762,1.6198261376195306,87.67871810206475,69.85714285714285,52.476190476190474,1373.9549560546875,58.380952380952394,34.438270568847656,66.23809523809523,0.0017005804693326354,138.28571428571428,1.1049643754959106,136.5034942626953,76.66666666666666,0.5979770421981812,49.571428571428584,113.85714285714286,23.898466110229492,82.38095238095241,-0.09966018498429444,71.14093780517578,36.407466888427734,57.76190476190475,-0.05131974651390818,0.20805369317531586,68.2857142857143,-0.23179491809476518,18.14248275756836,55.09523809523811,-0.25951416814957007,33.35486602783203,72.57142857142857,0.24144049271616164,0.1342281848192215,0.0,-0.1340890150473588,40.904761904761905,45.61904761904762,-4.326220989227295,-4.610293388366699,0.0
548.387939453125,91.19047619047619,0.14266590774059296,108.71428571428572,-0.5141551824164746,63.85714285714285,69.71428571428572,647.6326293945312,120.57142857142861,-27.38471764046074,90.6492653267698,135.64285714285717,122.35714285714286,732.0524291992188,112.57142857142858,43.981834411621094,114.92857142857142,-0.0038955803029239178,89.14285714285714,0.9961246848106384,668.1511840820312,61.071428571428584,0.39464280009269714,56.071428571428584,75.92857142857143,37.32723617553711,60.92857142857144,-0.2699221960568564,53.22147750854492,49.92556381225586,74.57142857142858,-0.2810688315115994,0.8456375598907471,72.35714285714286,-0.6209255951022781,27.720415115356445,63.000000000000014,-0.13979830242806024,22.0734806060791,76.57142857142858,-0.3603050142759793,1.6241611242294312,0.4429530203342438,0.07453740071120249,108.00000000000003,72.71428571428572,-16.895687103271484,-19.670719146728516,0.0
265.253173828125,32.125,-0.16128545999526978,57.0625,-0.01030709831684709,79.00000000000001,52.642857142857146,546.7592163085938,75.85714285714286,0.7011128431998643,77.85595545424482,90.5,57.75,1353.513427734375,50.2857142857143,38.05496597290039,61.125,-0.00421891687437892,76.64285714285714,1.3742398023605347,274.51458740234375,44.214285714285715,1.1570113897323608,85.14285714285715,48.25,51.553123474121094,75.71428571428572,0.018802224938265433,77.10066986083984,70.39387512207031,46.50000000000001,0.4323241259664114,0.8724831938743591,40.642857142857146,-0.20240066832816586,37.764705657958984,88.35714285714288,-0.6020496993185338,27.498720169067383,88.14285714285715,0.32181573741993397,1.5436241626739502,0.3624161183834076,-0.26968164410793116,68.92857142857143,49.85714285714286,-10.40064525604248,3.346724510192871,0.0
155.3568878173828,166.3571428571429,0.007526391185820103,82.85714285714285,-0.42668156049729133,121.35714285714288,96.78571428571429,239.1700439453125,146.71428571428572,-12.078070271835232,42.12719701889767,54.42857142857144,74.71428571428572,4368.91748046875,138.0,31.336177825927734,84.0,-0.0006568311946466565,55.07142857142857,7.920903205871582,64.72294616699219,122.85714285714288,1.0194675922393799,142.64285714285717,138.64285714285717,65.28434753417969,110.64285714285714,-0.1649483982786211,51.47650909423828,59.55535125732422,103.7857142857143,-0.3597938423468445,0.01342281885445118,150.35714285714283,-0.35268273934463995,40.11046600341797,102.35714285714288,-0.2662109669326782,44.09943389892578,121.92857142857144,1.0,0.10067114233970642,0.00671140942722559,1.0,103.07142857142857,139.71428571428575,-9.054931640625,-12.85339069366455,0.0
168.23931884765625,47.71428571428573,-0.04657826945185661,73.57142857142857,-0.24627885768527516,109.91666666666669,57.125,558.9002075195312,71.16666666666667,6.0761063394930535,77.8299679274883,62.0,55.47619047619048,1501.181396484375,56.20833333333334,41.15907287597656,88.95238095238093,0.0018622605130076408,147.09523809523813,0.9934303164482117,116.39129638671875,81.20833333333331,0.6453989744186401,47.571428571428584,128.66666666666669,22.091184616088867,41.37499999999999,0.07194875386290658,75.92617797851562,38.51228332519531,49.583333333333336,0.08671620262063783,0.17449665069580078,50.66666666666667,0.18039111413290712,19.80279541015625,49.541666666666664,0.1416794699686786,30.630245208740234,60.20833333333334,-0.02848731802760774,0.1342281848192215,0.0,-0.11996277938840845,45.87500000000001,44.54166666666668,-3.761045217514038,-4.944857597351074,0.0
411.68255615234375,66.79166666666667,0.3863062560558319,88.1875,-0.4205228127093745,136.8571428571429,61.000000000000014,702.8414306640625,102.21428571428571,-29.225989722565515,92.27982585278171,66.7857142857143,95.1875,897.724853515625,82.78571428571428,47.42031478881836,88.5,-0.0030474355444312096,73.78571428571429,0.4356124699115753,493.5108947753906,157.7857142857143,0.8531761169433594,69.0,143.75,38.61544418334961,78.14285714285712,-0.048755689301043355,97.53691101074219,66.09608459472656,104.50000000000001,-0.6256348052001347,1.4026845693588257,57.28571428571429,-0.20939920893112085,39.61542510986328,69.42857142857144,0.14637307319904624,31.174747467041016,78.21428571428571,-0.13980667358418442,0.8120805621147156,0.9932885766029358,-0.2970178976761676,48.571428571428584,81.42857142857144,-0.1233745813369751,-9.378769874572754,0.0
241.30148315429688,67.21428571428572,0.1385476291179657,70.07142857142858,-0.49166961850859026,92.14285714285715,68.78571428571429,485.4602966308594,65.42857142857143,-46.31335716719595,87.93599040197242,144.71428571428572,70.28571428571429,1077.7684326171875,39.64285714285715,46.40701675415039,86.42857142857144,0.00035414614831097424,84.7857142857143,0.7631146907806396,193.66482543945312,47.57142857142858,0.5965521931648254,92.71428571428575,40.35714285714286,33.21529006958008,66.28571428571429,-0.21083632935113214,124.19463348388672,59.489967346191406,94.21428571428572,-0.23879310182898078,0.1342281848192215,37.42857142857143,-0.04081826954004502,21.355701446533203,58.642857142857146,0.11759101007883532,27.69514274597168,72.0,0.25663819762876505,0.0,0.0,0.04711434545887061,70.0,69.64285714285714,-7.0466790199279785,0.1061219573020935,0.0
-51.5067024230957,120.0625,-0.01350442972034216,67.52380952380953,-0.13918947954410055,62.57142857142856,81.14285714285712,518.1149291992188,64.8095238095238,39.12320775953715,53.69971313531449,60.42857142857144,68.85714285714285,959.4219360351562,53.80952380952381,35.39741516113281,77.42857142857142,-0.00014675772399641573,69.09523809523809,0.5848990082740784,376.0661315917969,93.42857142857142,0.4622187316417694,101.38095238095238,95.875,27.02383804321289,39.047619047619044,0.13054406494387866,48.21476364135742,34.09256362915039,92.66666666666669,-0.07632465636476611,0.06040268391370773,79.0,-0.020462413802314578,15.215651512145996,48.142857142857146,0.14299846149255016,39.471458435058594,63.19047619047619,-0.07159221238938053,2.3892617225646973,0.08053690940141678,-0.024390243902439015,100.85714285714283,66.00000000000001,-2.7328736782073975,-0.08804316073656082,0.0
503.8075256347656,80.5,0.052103713154792786,101.64285714285717,-0.004125946993448012,49.92857142857144,44.78571428571429,653.92626953125,78.92857142857144,29.244618698254527,56.81965099006035,34.42857142857143,95.35714285714288,1966.79150390625,58.71428571428572,42.98471450805664,123.35714285714283,7.835881115170196e-05,164.07142857142856,0.8291783928871155,140.61862182617188,79.0625,0.8002270460128784,83.25,74.50000000000001,36.83455276489258,46.375,0.2391176025553411,76.90604400634766,48.42919921875,69.3125,-0.09331013848720153,0.3288590610027313,71.1875,0.15835709663656863,28.132471084594727,43.9375,0.23906420334030426,20.19684410095215,42.9375,-0.22000725981691338,0.5570470094680786,0.07382550090551376,-0.07000835500869182,87.64285714285717,110.64285714285715,-17.696374893188477,-10.441173553466797,0.0
153.45640563964844,109.07142857142858,0.12983417510986328,76.92857142857144,-0.6268898001253296,95.85714285714288,128.92857142857147,391.90594482421875,84.57142857142857,-25.296733420567225,92.52105637333062,111.2857142857143,139.2142857142857,781.6823120117188,42.14285714285714,40.9257926940918,85.0,8.134560630423948e-05,18.571428571428573,0.9114149808883667,308.6554260253906,120.7857142857143,0.339915007352829,85.57142857142861,53.928571428571445,35.931793212890625,47.71428571428572,0.008059100067159158,87.671142578125,55.52790451049805,52.57142857142858,0.13805534619720003,0.6845637559890747,70.2857142857143,-0.19313832344338877,20.769357681274414,72.21428571428572,-0.0649744589164908,27.808320999145508,67.85714285714286,-0.49271191387830876,0.17449665069580078,0.0,-0.17947542759525845,56.92857142857145,66.71428571428572,13.650374412536621,-0.7355238199234009,0.0
-55.350128173828125,73.41666666666667,-0.04244965687394142,70.07142857142858,-0.47845863138679073,71.42857142857144,86.07142857142857,536.7677001953125,24.071428571428577,42.38062922106493,72.83544153299721,85.71428571428572,118.49999999999999,14517.03515625,72.64285714285715,31.601879119873047,51.71428571428571,0.00033451346098445356,50.92857142857143,1.4664437770843506,59.26955795288086,73.92857142857143,0.5186827182769775,57.357142857142875,63.875,49.5464973449707,54.57142857142858,0.13054593400630005,58.28858947753906,44.022003173828125,55.28571428571429,0.14979167389161102,3.73154354095459,89.5,0.1356653347659936,7.292562961578369,42.857142857142875,0.21460343901452741,41.74360656738281,52.071428571428584,1.0,0.0,0.34228187799453735,0.0896162486307855,44.92857142857143,61.21428571428572,15.805962562561035,0.5295163989067078,0.0
160.0038299560547,78.14285714285715,-0.14794538915157318,61.64285714285715,-0.10598917945016864,71.64285714285717,93.85714285714286,743.0135498046875,35.50000000000001,36.08921987978404,67.13383736553888,76.57142857142858,112.21428571428572,1788.8995361328125,79.42857142857144,34.33348083496094,83.42857142857144,0.001792092458344996,121.42857142857144,0.7117645740509033,89.91917419433594,85.42857142857144,0.8122143745422363,83.64285714285715,32.875,35.62467956542969,65.14285714285717,-0.08006583335750124,99.41610717773438,72.45995330810547,71.64285714285715,-0.2122945319940794,0.1342281848192215,43.78571428571428,-0.37944028432674803,27.236867904663086,50.642857142857146,-0.04671806626380495,37.13509750366211,36.5,-0.04864558218692384,0.00671140942722559,0.0,-0.037037037037037035,98.21428571428574,70.78571428571429,0.4635976552963257,0.0034021467436105013,0.0
500.6252136230469,56.428571428571445,0.052239350974559784,62.571428571428584,0.13610367352840322,94.28571428571429,87.19047619047619,551.722900390625,52.99999999999999,0.27381315807368134,83.32722941440774,75.09523809523812,57.47619047619047,1576.581298828125,52.80952380952382,45.84129333496094,75.38095238095238,0.0019717819523066282,152.85714285714286,0.6111592054367065,266.3052062988281,103.80952380952384,0.46880072355270386,55.28571428571428,107.00000000000001,19.89657211303711,55.047619047619044,0.009040623233947111,75.53020477294922,44.574432373046875,64.42857142857142,0.2865639179510257,0.06711409240961075,49.714285714285715,0.00846428852833826,12.868035316467285,49.47619047619049,0.4248085144174877,23.048917770385742,71.9047619047619,0.09812068225578503,0.2751677930355072,0.0,-0.17458531194331883,70.42857142857144,86.95238095238095,-5.575011253356934,-0.48144304752349854,0.0
372.0505065917969,39.476190476190474,0.044920168817043304,65.00000000000001,0.28822838719949057,104.2857142857143,82.57142857142858,512.9306640625,70.42857142857143,-17.389376724776405,83.65917648893951,44.92857142857143,60.78571428571429,1271.1881103515625,66.64285714285715,44.25538635253906,67.5,-0.004040310624986887,157.57142857142858,0.5863932967185974,515.4403076171875,90.71428571428571,1.9938803911209106,43.64285714285714,74.50000000000001,44.79150390625,61.71428571428573,-0.03105152150662914,68.91275024414062,57.22062683105469,58.000000000000014,-0.054078343870087996,4.194631099700928,21.85714285714286,-0.41613828053437385,40.604610443115234,57.071428571428584,-0.42007057195118985,18.804903030395508,55.071428571428584,-0.14485044396251903,1.2885905504226685,2.73154354095459,-0.381914136975301,59.21428571428572,67.07142857142858,-7.192651748657227,-9.895713806152344,0.0
730.708984375,64.57142857142858,0.3505326211452484,56.500000000000014,0.0278836563792574,58.85714285714286,33.78571428571428,789.0308227539062,74.35714285714286,-2.264204006267074,82.48425896314389,104.71428571428572,75.71428571428572,1695.239990234375,56.14285714285714,46.164894104003906,65.07142857142858,-0.0020046818535774946,34.92857142857144,1.2485243082046509,350.51751708984375,79.375,0.8413567543029785,74.5,87.57142857142858,46.84998321533203,63.25,-0.031478697767006514,68.41610717773438,69.23698425292969,90.4375,-0.2477487574371128,2.0738255977630615,41.9375,0.11399492364858547,26.867332458496094,69.0,-0.2203526519019798,27.434040069580078,64.3125,-0.23053237675893712,0.3758389353752136,0.20805369317531586,-0.4436142509968961,75.92857142857143,85.71428571428572,-11.303510665893555,-14.20107364654541,0.0
126.7567138671875,34.92857142857144,-0.20693136751651764,49.071428571428584,0.25226557280916545,39.0,61.21428571428573,653.5296630859375,73.5,-5.294568248043125,88.07573845437527,48.85714285714286,80.2857142857143,1503.37548828125,77.85714285714288,38.551231384277344,61.78571428571429,0.0015709467697888613,86.85714285714286,0.7310631275177002,175.9840850830078,63.71428571428573,0.37885597348213196,62.92857142857143,85.7857142857143,22.036149978637695,70.14285714285715,0.1412398173718758,95.95301818847656,43.841590881347656,56.428571428571445,0.30980593238287385,0.16107381880283356,41.71428571428572,0.3046157765301824,16.42750358581543,76.35714285714288,-0.10695785211388167,25.530153274536133,86.21428571428572,-0.037037037037037035,0.463087260723114,0.0,1.0,67.92857142857144,56.42857142857144,2.5144495964050293,3.9898271560668945,0.0
126.04501342773438,46.78571428571429,-0.049858253449201584,64.42857142857143,0.10129075017465661,117.90476190476191,87.52380952380952,532.3250732421875,61.80952380952381,-4.8693092957439035,84.86682838627505,37.42857142857142,60.80952380952381,1349.0732421875,61.71428571428571,34.421966552734375,48.47619047619047,0.001751535921357572,154.28571428571428,1.1270655393600464,138.5561065673828,68.0,0.5571619272232056,50.8095238095238,122.42857142857144,21.76508903503418,71.80952380952381,-0.07366194854377342,75.10066986083984,38.31427001953125,54.33333333333333,-0.10957532676971837,0.1409395933151245,58.9047619047619,0.08286258025240277,16.203163146972656,44.33333333333334,-0.14724529400626293,32.1597785949707,69.42857142857143,-0.054737581470265924,0.15436241030693054,0.0,-0.04974386295643622,49.76190476190476,52.523809523809526,-4.3250412940979,-3.813934564590454,0.0
346.6567077636719,116.28571428571429,-0.23033908009529114,86.14285714285717,-0.35875539821751523,89.2857142857143,92.57142857142858,561.288818359375,145.14285714285717,-3.980018077073274,43.27067021945653,52.571428571428584,173.0,10066.0654296875,163.0,35.1511344909668,124.2857142857143,0.000377588759874925,171.5714285714286,4.572631359100342,34.96805953979492,147.14285714285714,1.129378080368042,147.00000000000003,152.14285714285717,85.11886596679688,145.42857142857144,-0.5102269504663475,26.41666603088379,48.732093811035156,51.28571428571429,-0.26794330988916865,3.8240740299224854,156.0,-0.5495154901227082,47.928409576416016,104.71428571428572,-0.4625545275399052,65.41271209716797,143.71428571428572,-0.07692307692307693,0.0,0.0833333358168602,-0.2552106751205981,122.85714285714289,130.5714285714286,58.760719299316406,-4.215170383453369,0.0
-8.891807556152344,82.57142857142856,-0.02021939679980278,46.64285714285715,-0.19494316511352108,63.5,83.4375,467.7584533691406,45.25,29.5147416203311,49.37384892298638,66.375,49.71428571428572,16689.693359375,44.125,32.42920684814453,61.57142857142859,-0.0001225983287440613,92.75,4.1317338943481445,102.64434051513672,75.0,0.6443822383880615,68.2857142857143,58.57142857142858,47.72465515136719,30.357142857142854,0.3260635581427397,66.04545593261719,33.783145904541016,60.92857142857143,-0.3932025119603024,0.0,45.92857142857144,0.20592851882384527,22.986202239990234,45.50000000000001,0.0656422690229342,49.945167541503906,38.92857142857144,-0.09483450024927924,98.48936462402344,86.18939208984375,0.5279931291153738,51.6875,76.125,-2.1715524196624756,8.622278213500977,0.0
534.3814086914062,79.91666666666669,0.22021634876728058,99.25,-0.1916632763304001,72.0,51.92857142857143,620.121337890625,79.71428571428572,-40.637730634602526,84.48177036435347,79.85714285714286,90.1875,1002.7938842773438,36.214285714285715,41.520362854003906,98.125,-0.0024819253012537956,111.00000000000001,1.4640699625015259,601.3323974609375,154.71428571428572,0.44549888372421265,69.42857142857144,117.5,39.76814270019531,59.85714285714286,-0.04506790689043273,36.583892822265625,28.855833053588867,76.92857142857144,-0.14994813341729432,1.127516746520996,41.785714285714306,0.6290924966629408,26.122098922729492,74.14285714285715,-0.07657031746625287,19.957414627075195,44.35714285714286,-0.30518981492437663,1.154362440109253,0.0,-0.10708893456787875,65.0,99.00000000000001,-23.36161231994629,-10.909568786621094,0.0
714.684814453125,45.857142857142854,0.2901049256324768,56.857142857142854,0.42517232118879233,84.75,72.0625,735.2621459960938,32.0,-2.2883532879336568,87.97340786843428,53.125,71.28571428571429,1401.0098876953125,30.5,45.5342903137207,59.64285714285714,-0.0025251831393688917,76.1875,1.0027093887329102,576.4873657226562,102.8125,0.8272942304611206,76.71428571428574,124.5714285714286,50.774993896484375,75.92857142857142,-0.07462688475909644,49.087249755859375,57.04571533203125,46.57142857142858,0.36971809916487625,2.5302014350891113,67.42857142857143,-0.14898463227222827,25.697904586791992,71.5,-0.006855863382727747,32.47792053222656,80.92857142857144,0.3056768907097775,1.798657774925232,0.19463087618350983,-0.059756166779943255,69.6875,66.5625,-9.957980155944824,-3.3640925884246826,0.0
135.32998657226562,125.71428571428574,0.05673487111926079,62.42857142857143,0.15305234375900348,92.4761904761905,72.04761904761904,390.1031799316406,96.76190476190474,-32.8875565212845,102.97228012313217,54.333333333333336,84.47619047619047,10115.267578125,86.9047619047619,35.13325119018555,70.90476190476191,-0.00021700091019738466,76.80952380952382,4.526796340942383,95.47827911376953,97.52380952380953,1.3133125305175781,101.16666666666666,83.66666666666669,62.07966613769531,98.57142857142858,-0.1879529565733275,74.81208038330078,66.22925567626953,97.23809523809524,-0.2214962032124294,0.1409395933151245,80.09523809523809,0.21506666304247196,56.365726470947266,65.1904761904762,0.5003440678199617,24.274911880493164,122.42857142857142,0.2546846692086049,0.6174496412277222,0.19463087618350983,-0.16805045897750462,89.66666666666667,89.38095238095238,10.338441848754883,36.36082458496094,0.0
395.7626647949219,71.85714285714286,0.07125475257635117,103.28571428571432,-0.17802508700332997,131.8571428571429,101.7857142857143,445.751953125,120.00000000000003,0.7515558732436007,66.82126461416918,53.571428571428584,124.07142857142858,723.197509765625,93.28571428571428,35.87164306640625,98.71428571428572,-0.0021168533712625504,113.28571428571432,9.96501350402832,333.2284851074219,76.21428571428572,1.0793802738189697,68.5,58.714285714285715,61.50654602050781,84.85714285714288,-0.09900333636925635,44.75838851928711,40.894962310791016,83.21428571428571,-0.15203342868312608,0.23489932715892792,89.07142857142858,-0.4273190599547433,40.83956527709961,63.285714285714285,0.40240409207161126,39.206390380859375,111.35714285714288,-0.07692307692307693,0.5570470094680786,0.00671140942722559,1.0,63.85714285714286,108.64285714285715,-18.428077697753906,-21.351173400878906,0.0
221.41819763183594,52.071428571428584,-0.1473795622587204,42.7857142857143,0.48733935130087064,58.92857142857143,90.07142857142858,604.5408935546875,109.5,-14.6913924793269,80.27747278649626,96.71428571428571,107.64285714285715,1315.749267578125,19.428571428571434,43.735286712646484,53.2857142857143,0.0003618916671257466,157.57142857142856,0.6340677738189697,103.14066314697266,75.92857142857143,0.30833908915519714,45.571428571428584,59.85714285714287,36.57145309448242,56.71428571428572,0.3934012260561859,130.9798583984375,56.155521392822266,84.28571428571429,-0.27760709041107307,0.34899330139160156,51.42857142857144,0.1886981451417913,24.6409969329834,54.50000000000001,-0.025067859665766114,16.037490844726562,65.07142857142858,-0.21273747130000095,0.0,0.1879194676876068,0.2887153753130386,89.71428571428572,76.35714285714288,-4.335841655731201,-5.318145751953125,0.0
198.68618774414062,93.42857142857144,0.032641537487506866,21.642857142857146,0.3931290752604103,54.92857142857143,98.35714285714286,314.2475891113281,155.64285714285717,18.24316805961148,74.74617546610037,61.28571428571429,94.92857142857143,1922.7147216796875,166.85714285714283,38.49574279785156,52.21428571428572,-0.0015984378987923265,95.00000000000003,11.395909309387207,234.4542236328125,156.6428571428571,1.8730638027191162,116.07142857142857,133.42857142857142,55.94752883911133,100.92857142857144,-0.09617616144912186,34.583892822265625,42.68144607543945,45.92857142857144,0.5271177371385561,0.449664443731308,149.5714285714286,-0.5020147311423123,44.430938720703125,123.7857142857143,-0.5405179484734091,33.203773498535156,101.50000000000001,-0.2861388216339894,0.7651006579399109,0.6778523325920105,-0.32232383839670475,69.0,100.35714285714286,36.97926330566406,-25.6490478515625,0.0
528.9116821289062,62.125,0.16364960372447968,81.4375,-0.5264724651222358,111.42857142857142,112.42857142857144,608.6168823242188,74.2857142857143,-31.148127923225797,89.34034590565807,105.07142857142858,99.625,1210.0076904296875,61.14285714285716,40.857391357421875,94.125,-0.0022421458270400763,98.0,1.0892966985702515,561.1917114257812,150.00000000000003,0.641925573348999,81.78571428571429,156.625,38.38081359863281,55.42857142857144,0.27427456987907706,38.45637512207031,32.40007400512695,80.28571428571429,0.004306307485395755,1.6174496412277222,56.42857142857143,0.27911653876033715,24.163421630859375,83.85714285714288,-0.22077154216724482,21.788061141967773,40.85714285714286,-0.11025377431029346,2.416107416152954,0.04026845470070839,-0.144011013774202,81.85714285714286,145.85714285714286,-17.58106231689453,-7.614756107330322,0.0
346.4954528808594,118.50000000000001,-0.04108167067170143,74.80952380952381,-0.0728278340174748,70.19047619047618,69.9047619047619,538.397216796875,55.428571428571445,-3.2486739006618524,68.91306763017656,85.66666666666669,61.42857142857142,1484.637939453125,37.142857142857146,44.1455078125,105.80952380952382,-0.0042633553966879845,120.95238095238093,2.332230806350708,390.8028564453125,49.04761904761905,0.9585468173027039,136.7857142857143,49.28571428571429,52.54344177246094,88.85714285714286,-0.10877830027894146,45.919464111328125,55.111907958984375,64.76190476190474,-0.013159569246059401,0.8724831938743591,22.571428571428573,0.014617985586939436,33.86313247680664,64.42857142857143,-0.015663930386757247,23.36083221435547,64.52380952380953,0.43563638309014097,0.791946291923523,0.1409395933151245,0.10825913895574821,72.85714285714285,50.857142857142854,15.405289649963379,-10.764327049255371,0.0
-48.82814407348633,78.78571428571429,-0.04094765707850456,45.85714285714286,0.4942413697771147,47.85714285714286,65.35714285714286,551.3234252929688,42.07142857142858,75.5597079320242,88.25764106806517,58.71428571428572,41.142857142857146,1080.9078369140625,88.57142857142858,34.87909698486328,60.85714285714286,0.00020198729180265218,80.07142857142858,0.8980399370193481,73.84361267089844,78.21428571428572,0.19532744586467743,78.78571428571429,64.42857142857143,31.858963012695312,80.21428571428574,-0.38392975015599495,46.892616271972656,31.821468353271484,69.07142857142856,-0.09619556175606661,2.3557047843933105,59.57142857142857,0.16647849615323568,20.279010772705078,47.42857142857144,0.6714773942397071,18.62601089477539,68.5714285714286,-0.11021719375658658,0.0,1.134228229522705,0.6063834078607082,84.28571428571429,88.14285714285712,-1.7468829154968262,0.656891405582428,0.0
-3.0185742378234863,37.28571428571429,-0.00040619084029458463,38.57142857142858,0.48113999923643713,49.85714285714287,62.85714285714287,504.2798767089844,41.21428571428572,69.4655960766261,83.15578069533402,28.642857142857142,73.21428571428572,1106.4365234375,72.71428571428574,39.20809555053711,58.285714285714285,2.242525079054758e-05,107.21428571428574,0.8779473900794983,345.395751953125,63.71428571428573,0.5762956738471985,82.125,87.14285714285715,21.735036849975586,59.00000000000001,0.22171813349302702,99.47650909423828,45.36660385131836,65.42857142857144,-0.1733997587636122,0.01342281885445118,88.00000000000001,-0.026466506875236523,24.629472732543945,45.071428571428584,0.13812702917927633,33.983211517333984,68.64285714285715,-0.14935288355120968,0.9060402512550354,0.0,-0.037037037037037035,63.000000000000014,55.71428571428573,-0.028582783415913582,0.26885706186294556,0.0
52.51719665527344,89.5,-0.04528427869081497,62.16666666666667,-0.08947105915816043,43.57142857142857,80.85714285714286,349.9200439453125,117.23809523809524,-11.07829986282643,106.18460712131484,116.19047619047619,26.833333333333332,3479.55419921875,100.76190476190476,38.987144470214844,63.58333333333334,5.5108470405684784e-05,60.09523809523811,1.4573103189468384,312.8463134765625,75.85714285714283,0.6440029144287109,73.71428571428574,72.29166666666667,57.86668014526367,72.57142857142858,-0.14690469363963268,61.53020095825195,54.84310531616211,75.76190476190476,-0.22165144987850155,1.1744966506958008,85.85714285714285,-0.15143471595069066,22.656274795532227,64.09523809523809,0.3767677462773086,29.87421226501465,62.571428571428584,-0.0533030492851166,0.4899328947067261,0.0,0.16528726957386247,63.476190476190474,80.80952380952381,-10.71228313446045,-12.282210350036621,0.0
-5.4905171394348145,45.57142857142856,-0.046098493039608,35.714285714285715,0.13519487963921847,66.64285714285715,75.21428571428572,609.554931640625,34.92857142857143,-7.14992557656045,82.90484989764667,93.14285714285717,48.57142857142857,9437.447265625,71.14285714285715,40.17267608642578,60.21428571428573,0.0008337319013662636,83.21428571428572,0.690190315246582,67.485595703125,56.8125,0.4168345630168915,39.25,63.571428571428584,46.54804992675781,59.375,-0.07524270736817122,59.46308898925781,44.61024475097656,45.9375,0.49867360728765203,9.395973205566406,77.1875,0.38577547851773675,19.32596778869629,43.1875,0.06837333395948965,37.9366569519043,50.625,-0.18518518518518517,0.0,0.8724831938743591,0.20889690124702273,43.92857142857143,53.571428571428584,-1.5522210597991943,-7.314826011657715,0.0
163.47450256347656,88.21428571428572,-0.056565213948488235,126.57142857142858,-0.6916512538467918,105.00000000000001,85.71428571428572,415.1321716308594,77.00000000000001,-38.49134731372731,87.21166422176556,115.50000000000003,121.42857142857144,928.9025268554688,26.64285714285715,46.65294647216797,137.71428571428572,0.0003636429028119892,90.85714285714288,0.5672805905342102,414.636474609375,61.28571428571429,0.46496346592903137,71.85714285714289,57.7857142857143,39.506351470947266,43.5,0.000553784984687993,86.97315216064453,59.40577697753906,74.2857142857143,0.0607408289573091,0.5234899520874023,85.07142857142858,-0.43177404359299926,24.922792434692383,67.07142857142858,0.028135167181004037,28.83269500732422,69.85714285714286,0.08735154779674217,0.020134227350354195,0.0,0.4265758486280423,80.85714285714286,87.07142857142858,-2.2096900939941406,2.462618350982666,0.0
325.51904296875,112.50000000000001,0.0452977754175663,72.07142857142857,-0.058680019520119975,69.35714285714288,129.78571428571428,439.97216796875,124.85714285714289,3.487946905145709,87.22656225778358,80.78571428571429,86.5,1159.8392333984375,72.14285714285715,43.33484649658203,79.7857142857143,-0.0041290875524282455,70.14285714285715,1.077853798866272,377.07183837890625,81.64285714285714,1.14019775390625,61.7857142857143,75.71428571428572,45.68278884887695,105.35714285714288,-0.46072324524580693,45.94630813598633,43.046688079833984,96.71428571428572,-0.2143359007331009,3.0939598083496094,58.0,0.4308069062177523,31.657278060913086,55.57142857142858,0.22398001323137232,18.249473571777344,70.64285714285715,-0.201601785597059,3.5033557415008545,1.5503355264663696,0.003973788804983323,78.85714285714288,66.14285714285715,-17.949569702148438,13.795198440551758,0.0
230.1845703125,24.214285714285715,-0.012422672472894192,82.64285714285715,-0.6221653976457768,44.42857142857143,78.50000000000001,389.0374755859375,11.857142857142858,2.315557980697427,68.58005171270185,83.35714285714288,75.57142857142858,6907.38232421875,4.357142857142858,35.861907958984375,88.78571428571432,-0.0007286231266334653,12.071428571428573,8.279803276062012,49.59578323364258,7.928571428571428,1.0449546575546265,17.14285714285714,8.714285714285715,61.60893630981445,57.57142857142858,0.5122650946625067,41.38254928588867,47.82330322265625,69.85714285714288,0.11955724381368796,0.0,11.071428571428573,0.9904699867308783,51.870121002197266,28.214285714285715,0.7454574048300697,16.81243133544922,57.78571428571429,0.5665203289217281,0.15436241030693054,0.0,-0.07515149320939324,67.57142857142858,44.78571428571429,-2.119673728942871,59.430171966552734,0.0
-92.84365844726562,50.92857142857144,-0.013200619257986546,61.71428571428572,-0.017061768425556404,66.64285714285715,65.78571428571429,435.2708740234375,100.85714285714288,33.04123668862669,86.35532969849258,96.21428571428572,21.78571428571428,18414.17578125,51.28571428571429,39.09543991088867,99.71428571428572,-0.000356605916749686,24.0,3.2612545490264893,95.1680679321289,61.071428571428584,1.1038146018981934,51.071428571428584,47.35714285714286,60.283267974853516,57.571428571428584,-0.06493104295635022,48.268455505371094,48.997413635253906,78.5714285714286,-0.33016196497233025,0.818791925907135,37.42857142857142,0.7189250410884361,31.44336700439453,59.85714285714285,0.176348460845959,52.729042053222656,50.42857142857142,0.09192554260048394,0.01342281885445118,0.20134228467941284,-0.09952821670336459,67.85714285714286,57.21428571428572,8.565350532531738,11.585311889648438,0.0
-70.38054656982422,64.92857142857143,-0.009099108166992664,48.00000000000001,0.10652027466228592,51.71428571428572,65.07142857142858,507.58807373046875,125.5,18.144793785658457,76.16093463955107,62.71428571428572,56.500000000000014,890.00830078125,66.71428571428574,42.90635681152344,69.2857142857143,-0.0002834561455529183,107.07142857142858,0.5227351188659668,794.1299438476562,68.21428571428572,0.40969058871269226,78.42857142857144,50.07142857142857,31.219160079956055,93.5,-0.4150566974557234,42.86577224731445,30.684288024902344,84.21428571428572,-0.32912027228581814,0.01342281885445118,84.57142857142858,-0.24068069707395356,14.445463180541992,55.071428571428584,0.08919262939664097,32.441688537597656,62.99999999999999,-0.2028144123377514,1.1006711721420288,0.21476510167121887,-0.25424485278824,86.14285714285714,65.85714285714286,-1.7739108800888062,0.4533037543296814,0.0
1.4084997177124023,81.50000000000001,-0.020418955013155937,44.92857142857144,0.6629127912684267,55.375,27.9375,527.1580200195312,45.4375,49.30983672606065,42.42967450830072,37.4375,60.92857142857144,1104.51171875,57.125,38.45499038696289,18.35714285714286,-6.698662764392793e-05,135.28571428571428,0.7834550142288208,244.81910705566406,66.0625,0.4770956337451935,115.375,55.71428571428574,25.773950576782227,75.0625,-0.20372148935231202,68.24160766601562,36.60686492919922,61.6875,0.18476340714774095,0.12080536782741547,46.125,0.004101737914687555,17.53169059753418,72.125,-0.3319102903394054,41.79912185668945,61.5,-0.06666666666666667,2.691275119781494,0.0939597338438034,1.0,69.7857142857143,72.85714285714286,2.2077198028564453,1.5639973878860474,0.0
208.87173461914062,43.0,-0.03846336528658867,49.50000000000001,-0.0027277673471573674,74.78571428571429,85.85714285714289,220.008544921875,80.85714285714286,-12.831471134352205,66.35365411438731,66.14285714285715,41.35714285714286,741.3848876953125,122.64285714285717,33.297935485839844,64.07142857142858,-0.0014306585071608424,155.14285714285717,12.097590446472168,204.7320098876953,117.99999999999999,2.227132797241211,97.71428571428572,115.5,51.37812042236328,123.5714285714286,-0.25617354098422185,36.09395980834961,48.36318588256836,92.57142857142858,-0.3910059359194891,1.0872483253479004,117.85714285714288,-0.0669809868210248,45.61259460449219,76.71428571428571,0.0248315067948995,32.15035629272461,130.28571428571428,0.5940427576267115,2.6107382774353027,1.9328858852386475,0.05725029242454,59.85714285714286,75.28571428571432,-13.682825088500977,-19.0035400390625,0.0
84.60274505615234,57.92857142857143,-0.0012711422750726342,53.42857142857144,-0.08865933606707238,96.42857142857144,83.71428571428572,478.7639465332031,49.71428571428572,27.366304055156323,70.31884724316447,86.14285714285717,49.785714285714285,11753.8935546875,53.07142857142857,37.00752639770508,109.14285714285717,0.0011566663160920143,170.3571428571429,2.35853910446167,109.01653289794922,179.28571428571428,0.6858229041099548,115.1875,128.21428571428572,33.857200622558594,49.57142857142857,0.3341181578957219,70.25503540039062,32.22554016113281,62.571428571428584,-0.19583534960173898,0.02684563770890236,61.57142857142857,-0.05019946643760375,24.286218643188477,97.14285714285715,-0.3876187126275061,48.39344787597656,64.57142857142858,1.0,0.42953020334243774,22.36912727355957,-0.037037037037037035,73.35714285714286,72.92857142857143,-4.570145606994629,4.894323348999023,0.0
415.154296875,61.07142857142858,-0.038630012422800064,64.35714285714286,-0.16888063613559492,97.57142857142861,104.78571428571432,659.3908081054688,122.50000000000003,23.24119578151895,53.43287626872786,107.42857142857142,51.071428571428584,4130.83349609375,48.2857142857143,36.807132720947266,72.92857142857144,-0.00114922015927732,9.785714285714288,5.341487407684326,115.61143493652344,127.00000000000001,1.021483063697815,99.85714285714286,111.85714285714289,48.98841857910156,69.85714285714288,-0.23333087215321321,94.6107406616211,58.91840744018555,67.57142857142858,0.246882510643258,0.10738255083560944,34.21428571428571,0.11547077979223161,49.2353515625,77.07142857142858,-0.34171587562343675,15.323395729064941,104.07142857142858,-0.1887047178160928,0.8255033493041992,0.0,-0.037037037037037035,78.28571428571429,86.64285714285714,8.071144104003906,26.18279266357422,0.0
-29.552658081054688,47.07142857142858,-0.030628591775894165,63.50000000000001,-0.061748410720844464,59.642857142857146,55.85714285714286,618.0376586914062,63.71428571428572,21.844146678311713,74.97600286645253,86.0,64.28571428571429,1199.5418701171875,72.57142857142858,39.63389205932617,85.92857142857144,0.0005990886711515486,63.35714285714287,0.6947591304779053,75.52378845214844,96.0714285714286,0.408115953207016,111.92857142857144,58.6875,38.37551498413086,42.28571428571429,0.3300292304233086,68.328857421875,47.451629638671875,71.92857142857143,-0.1451038400398565,9.83221435546875,79.28571428571428,0.0930838885406229,18.027637481689453,51.7857142857143,-0.08420663801128382,39.01414489746094,62.2857142857143,-0.037037037037037035,0.0,0.5503355860710144,0.145625093241832,68.07142857142858,98.35714285714286,-1.7444281578063965,1.0012800693511963,0.0
76.99793243408203,101.64285714285717,0.0036289726849645376,59.714285714285715,-0.10094807255506785,69.92857142857143,52.64285714285714,493.3817138671875,44.5,-11.047568337629306,114.59761349836629,114.57142857142858,31.14285714285714,1179.6549072265625,70.28571428571429,43.01457214355469,69.42857142857144,0.00047727584023959935,129.71428571428575,1.11744225025177,355.5726318359375,31.785714285714292,0.8259530663490295,49.14285714285716,52.714285714285715,19.157264709472656,40.21428571428572,0.059179373909090664,98.42282104492188,31.542278289794922,64.92857142857143,0.3220112236209002,0.0,55.2857142857143,-0.16218187552979677,22.961183547973633,53.78571428571428,-0.07741958704754594,32.90231704711914,67.21428571428574,-0.07525427011877793,0.6711409687995911,0.0,1.0,66.21428571428572,56.000000000000014,5.493106365203857,2.0902631282806396,0.0
60.23534393310547,35.64285714285715,-0.13931085169315338,78.92857142857144,-0.5647661948805429,67.35714285714285,87.85714285714286,806.5382690429688,24.42857142857143,14.443633487560605,67.03540912735224,76.5,119.78571428571429,8465.3125,73.28571428571429,23.685001373291016,90.42857142857144,0.00101383903529495,54.85714285714286,2.522815227508545,68.3887939453125,102.7857142857143,0.7138185501098633,41.875,74.07142857142858,49.05503463745117,69.78571428571428,-0.10081207448117462,54.12080383300781,44.983055114746094,99.42857142857142,-0.31572598090564113,1.5167784690856934,37.7857142857143,0.149722553480678,37.842918395996094,42.285714285714285,0.3396050128945225,33.87767028808594,61.00000000000001,0.00879727589137804,0.0,0.3691275119781494,0.4077504544087694,69.7857142857143,73.57142857142858,2.5010757446289062,39.675697326660156,0.0
284.5868225097656,77.21428571428571,0.20833761990070343,83.85714285714288,-0.16389056047333145,89.14285714285715,96.0,430.7922668457031,67.07142857142857,-31.18255277558061,99.10603676314926,76.28571428571429,55.285714285714285,567.80029296875,116.42857142857144,44.3897819519043,87.28571428571428,0.0019421725301072001,31.5,1.1537179946899414,332.1596984863281,95.85714285714288,0.4509322941303253,70.64285714285715,62.57142857142858,39.697021484375,77.85714285714285,-0.2964390311349095,63.9664421081543,38.62040328979492,77.14285714285715,-0.33238310723932735,0.8791946172714233,80.07142857142857,-0.19344315212472926,15.946813583374023,61.357142857142875,-0.16957974793715766,27.115846633911133,63.42857142857143,-0.1968155300949503,0.28859061002731323,0.0,0.08490801472703895,78.64285714285715,47.000000000000014,-4.514331340789795,-5.389687538146973,0.0
545.3329467773438,64.21428571428572,0.2284940630197525,87.125,-0.1387578525728029,87.1875,79.5,776.396484375,51.25,4.468352000085299,92.56952058685687,103.25,105.6875,1973.126708984375,74.5625,43.82612228393555,104.0,0.00285542500205338,57.125,0.50047767162323,389.93157958984375,74.35714285714288,0.4822530746459961,111.71428571428575,73.07142857142858,24.899925231933594,52.857142857142854,0.4293673105359405,106.49664306640625,52.26296615600586,71.7857142857143,-0.14239129735755895,0.268456369638443,53.78571428571429,0.12168229786313563,17.50224494934082,53.71428571428573,0.06450710318318653,34.80158996582031,43.500000000000014,-0.14145383104125736,0.24832214415073395,0.0,-0.006146440435223679,94.6875,69.0625,6.782206058502197,-0.4811782240867615,0.0
456.62982177734375,52.25,-0.10625465214252472,56.5,0.1905378357592231,61.42857142857144,91.35714285714285,669.2535400390625,74.78571428571429,14.120023069765743,55.1506668183639,43.92857142857144,39.8125,1933.2021484375,49.92857142857144,43.491851806640625,70.1875,-0.00038945008418522775,73.14285714285717,0.9986163973808289,124.79344177246094,96.7857142857143,0.7648153305053711,100.35714285714286,96.25,30.514141082763672,40.85714285714286,0.14968037193084407,89.36241912841797,54.57403564453125,66.78571428571429,-0.4831857215425452,0.2214765101671219,46.7857142857143,-0.12119232537320655,42.946556091308594,80.71428571428572,-0.2292664473461999,14.12894344329834,59.50000000000001,-0.471912340822886,0.7248322367668152,0.07382550090551376,-0.11795231320150389,74.64285714285714,97.07142857142858,-4.054591655731201,5.739378452301025,0.0
285.27001953125,64.64285714285715,-0.17938385903835297,71.6190476190476,0.3717095412883687,62.90476190476191,46.9047619047619,785.646728515625,67.76190476190477,20.55762535493646,72.42752465579984,88.14285714285715,52.333333333333336,2095.910888671875,69.66666666666666,28.57106590270996,54.476190476190474,0.0027225122321397066,47.99999999999999,0.540091872215271,196.74853515625,60.71428571428573,0.2422885149717331,74.95238095238095,91.6190476190476,23.58498191833496,74.42857142857143,-0.1854021804607729,124.65771484375,45.017337799072266,62.285714285714285,-0.05724206835952311,0.08724832534790039,51.00000000000001,0.212876391255668,16.72919464111328,41.095238095238095,0.15015347516047636,27.760324478149414,55.99999999999999,-0.12482800866147443,1.5503355264663696,0.0,1.0,78.85714285714285,71.85714285714285,0.7197986841201782,2.030580759048462,0.0
142.9702911376953,179.92857142857144,-0.067393958568573,68.19047619047616,-0.003586067760390066,96.71428571428571,71.14285714285714,353.0118103027344,211.28571428571428,-4.404889178156052,66.84561855400626,75.0952380952381,160.61904761904765,11197.57421875,237.38095238095235,38.56378173828125,98.42857142857142,-0.00025279083638451993,254.23809523809524,5.8125739097595215,130.66357421875,72.61904761904763,1.5215818881988525,204.125,110.85714285714283,61.3467903137207,184.76190476190476,-0.8721123559523477,52.275169372558594,60.452083587646484,128.52380952380952,-0.7163328005859205,0.01342281885445118,236.0,-0.9953128350710222,55.43033218383789,122.28571428571429,-0.8148778614408702,20.686819076538086,81.85714285714288,-0.28376588269181297,1.5234899520874023,0.3624161183834076,-0.02439024390243902,52.714285714285715,146.09523809523807,55.7202033996582,2.858772039413452,0.0
169.12203979492188,28.35714285714286,-0.14321911334991455,76.57142857142858,-0.21575607023914267,63.42857142857143,69.64285714285717,725.4036254882812,49.64285714285714,47.942271589232774,85.94104596668387,103.92857142857142,62.0,1806.4268798828125,76.42857142857144,34.06766891479492,74.35714285714286,0.0023663847241550684,118.00000000000001,0.7215296030044556,157.47235107421875,39.714285714285715,0.45173710584640503,88.125,65.71428571428571,23.34188461303711,45.75,0.4282274918494162,157.50335693359375,56.87117385864258,74.5,-0.01329795948005395,0.0,64.0,0.17514645837031778,30.40798568725586,37.5625,0.0971030245231836,25.32713508605957,60.25,-0.10344827586206896,0.791946291923523,0.0,1.0,47.2857142857143,25.714285714285715,-1.0690299272537231,1.2393648624420166,0.0
351.6630859375,13.333333333333332,-0.22797030210494995,62.85714285714286,-0.25176380595061115,46.85714285714287,88.57142857142858,1080.7711181640625,24.35714285714286,36.18810324060837,43.78101979764053,100.92857142857143,67.92857142857144,2531.14794921875,46.57142857142858,19.887470245361328,41.71428571428572,0.0008609623182564974,64.78571428571429,1.2351371049880981,78.66027069091797,86.875,0.2001924365758896,96.375,66.28571428571428,48.64470291137695,82.0625,-0.445906925961011,110.0,66.04960632324219,59.375,0.36157564121995994,1.4966442584991455,71.3125,-0.21464297905299218,38.81126403808594,69.125,0.2066705990609442,42.206451416015625,78.6875,0.43431706164578393,0.0,0.00671140942722559,-0.14897979244779602,49.00000000000001,77.71428571428571,7.377549648284912,0.6881808042526245,0.0
622.7869873046875,105.07142857142858,0.28440120816230774,66.7857142857143,-0.022834322879727687,99.5,95.0625,651.4883422851562,120.6875,-35.22194785559738,84.93969413870245,93.0625,100.92857142857147,1547.0660400390625,29.6875,42.96377944946289,39.71428571428571,-0.001141464919783175,67.64285714285717,1.4659632444381714,166.47056579589844,35.4375,0.6425086259841919,77.0714285714286,54.14285714285715,50.136810302734375,46.125,0.47635334930709244,56.892616271972656,46.11935806274414,51.6875,0.5021147164201722,3.72483229637146,71.1875,-0.01634729522492226,22.77777099609375,58.5,0.17136417358294925,25.897647857666016,69.0625,-0.11157589318585799,1.436241626739502,0.11409395933151245,0.14666003154685542,51.125,38.1875,-21.41697120666504,-10.35758113861084,0.0
-6.256807327270508,61.42857142857144,-0.023884879425168037,72.85714285714286,-0.35693076690152625,52.5,64.3125,590.2467041015625,77.625,20.536545574265038,98.59218229450991,83.4375,68.00000000000001,1263.9622802734375,69.1875,47.7391471862793,79.35714285714286,0.0009868957567960024,82.8125,0.9390639662742615,92.87586975097656,133.3125,0.4518876373767853,113.0,46.214285714285715,41.21279525756836,48.0625,0.3909483625175911,102.95973205566406,88.23548889160156,121.8125,-0.23047168716542948,3.0872483253479004,77.9375,-0.6819352018587378,37.95655822753906,136.6875,-0.7471219462919495,43.120914459228516,60.875,-0.04758078855690268,0.0,0.5302013158798218,-0.5792361678974879,69.5625,94.8125,-0.3064384162425995,0.5556895136833191,0.0
121.6392593383789,86.85714285714286,-0.00923447497189045,59.42857142857143,-0.08696387596554865,69.875,69.3125,352.7262878417969,60.8125,-6.710789313452356,80.29239552810442,59.125,84.35714285714286,11764.8115234375,52.4375,33.10507583618164,69.07142857142858,-0.0002449427265673876,43.8125,5.305182456970215,105.0536880493164,32.0,1.144880771636963,50.85714285714285,40.78571428571429,55.83081817626953,54.75,0.3310072172105804,39.44966506958008,57.43539810180664,56.875,0.15831871208775178,0.10067114233970642,59.25,0.5489710048060091,40.278987884521484,55.5625,-0.010274832696408217,27.240163803100586,48.1875,-0.10705043990604722,0.8389261960983276,0.5033556818962097,0.18389207260180912,41.0,53.5625,29.41581153869629,40.29201126098633,0.0
386.7227783203125,81.47619047619047,0.04251909628510475,66.85714285714288,0.2813458945749001,127.57142857142858,73.21428571428572,800.8602905273438,32.92857142857143,1.8996689053589866,75.10020954912319,54.57142857142857,56.71428571428571,2172.1435546875,64.07142857142858,42.65022277832031,65.57142857142858,0.002561848144978285,150.3571428571429,0.47161516547203064,149.4538116455078,19.625,0.6071131825447083,38.25,60.42857142857143,30.821216583251953,48.4375,0.5023432078228814,189.94630432128906,64.76760864257812,69.5,-0.2180144212887477,0.0,43.375,0.10465401616888245,40.29656982421875,43.8125,0.7439819095014457,31.94793128967285,66.0625,-0.08352865334555223,0.0,0.02684563770890236,0.9766116847141776,34.21428571428572,28.214285714285715,-1.8174819946289062,1.37690007686615,0.0
492.999267578125,41.14285714285714,0.14478760957717896,65.2857142857143,0.3935428637489885,60.78571428571429,64.21428571428575,838.026123046875,61.142857142857146,7.314122802459154,87.48126427444014,68.92857142857144,52.28571428571429,2232.364013671875,84.2857142857143,41.464542388916016,65.92857142857142,0.0028739303816109896,60.857142857142854,0.43637815117836,350.330810546875,107.21428571428572,0.5560359954833984,53.28571428571429,65.14285714285714,26.196556091308594,69.21428571428572,0.07617851647101605,128.9798583984375,57.30754089355469,76.7142857142857,-0.2266927329025393,0.04026845470070839,85.28571428571429,-0.2088835039291628,23.115602493286133,75.57142857142857,-0.20027773349846112,35.37631607055664,61.928571428571445,-0.20522265926225922,0.00671140942722559,0.0,-0.13192025610720182,66.00000000000001,55.57142857142858,4.208183288574219,2.1127359867095947,0.0
82.17176818847656,68.00000000000001,-0.004308196250349283,58.78571428571429,-0.3058618449435942,57.0625,59.625,497.5195007324219,73.875,-0.07978946170550864,72.28351817417679,76.875,74.0,1243.69384765625,58.6875,40.31049346923828,75.14285714285715,0.0005395543412305415,165.3125,1.0994977951049805,220.9931640625,54.9375,0.6495633721351624,84.78571428571429,65.92857142857146,21.719226837158203,38.5,0.3025539481128263,96.84563446044922,34.49671173095703,93.25,-0.26629565118880727,0.0,72.125,0.003427523171987641,21.98798370361328,23.3125,0.5938901641231215,34.649139404296875,73.25,1.0,0.07382550090551376,7.7785234451293945,1.0,41.4375,55.125,3.1653554439544678,5.093273162841797,0.0
142.40679931640625,94.64285714285714,0.008229277096688747,44.85714285714287,-0.07298665695645014,93.00000000000003,68.85714285714286,211.7437286376953,115.78571428571426,9.438405103731476,83.32949694253746,117.5714285714286,56.14285714285717,9293.58203125,142.2857142857143,33.44148635864258,68.21428571428572,0.0006297767977230251,139.57142857142856,0.4560840427875519,83.69928741455078,127.85714285714285,1.134260654449463,106.16666666666667,142.28571428571428,77.52381134033203,105.35714285714283,-0.22201415185728987,44.395973205566406,44.6009635925293,84.14285714285715,-0.5136443731162619,0.020134227350354195,136.2857142857143,-0.33488326795046414,32.21555709838867,102.14285714285714,-0.28456255245705914,68.31331634521484,113.2857142857143,-0.037037037037037035,0.0,0.0,1.0,74.78571428571429,111.07142857142856,-5.640467166900635,-7.799753665924072,0.0
442.5254821777344,67.78571428571429,-0.3853912353515625,55.1875,0.45136366505903835,50.375,68.9375,851.8135986328125,83.5625,6.84300130444604,52.718259734632944,47.375,114.25,9823.4970703125,103.5625,34.941951751708984,119.0625,0.0006229240680113435,124.875,4.384715557098389,55.68533706665039,108.35714285714285,1.075546383857727,111.00000000000001,87.21428571428572,82.80303955078125,112.0,-0.2100712225966717,53.16891860961914,66.76910400390625,71.85714285714288,-0.41798397060221115,4.25,110.57142857142856,-0.4125737046228167,54.380008697509766,81.57142857142856,-0.016560200467730865,61.86085510253906,78.28571428571429,-0.16892176099160933,0.0,0.45270270109176636,0.5151939541274706,73.8125,100.375,48.946388244628906,-4.0199408531188965,0.0
-63.23223876953125,81.0,-0.013332568109035492,72.14285714285715,-0.08140472461933165,45.0,40.875,513.360107421875,47.4375,46.58663022198133,96.40855125892728,89.5,77.50000000000001,965.9957275390625,69.875,35.4774284362793,81.78571428571429,-0.00016602467803750187,91.875,0.7356246113777161,278.923095703125,24.5625,0.7427330613136292,33.42857142857142,17.35714285714286,24.74323844909668,59.5,-0.02882233233056096,62.3020133972168,36.649200439453125,48.125,0.11661044226424437,0.0,52.5,0.3513017389416339,35.115447998046875,44.8125,0.6391193830353082,35.291133880615234,51.9375,-0.052718456283610306,0.04026845470070839,0.08053690940141678,-0.22517243242040905,40.9375,54.375,0.014119756408035755,1.2849611043930054,0.0
401.8469543457031,92.42857142857144,0.10088368505239487,100.0714285714286,-0.5571234115921387,79.71428571428572,41.71428571428572,743.162109375,95.35714285714289,-8.308281426261736,77.52677735369629,89.7857142857143,85.71428571428572,6257.0126953125,56.42857142857144,45.62101364135742,110.21428571428572,0.000983501086011529,40.357142857142854,1.2329374551773071,95.94427490234375,78.78571428571429,0.950957715511322,52.21428571428572,76.25,44.23834228515625,75.92857142857143,-0.5323043764865557,135.51678466796875,60.90476989746094,75.50000000000001,-0.5720541042014865,0.00671140942722559,62.14285714285714,-0.1004419677171406,33.645320892333984,42.57142857142858,0.42005643731108555,34.317176818847656,52.50000000000001,-0.10732104011390925,0.0,0.0,-0.04705752435458548,61.78571428571429,46.92857142857144,8.891304969787598,10.210723876953125,0.0
61.7816047668457,57.35714285714285,-0.034366413950920105,89.50000000000003,-0.1344014059123915,116.21428571428572,101.07142857142858,365.0229797363281,120.7857142857143,-7.524535745582325,91.21052386216225,109.21428571428574,145.00000000000003,784.7274780273438,85.78571428571426,47.053565979003906,91.35714285714288,0.0007231659255921841,41.78571428571429,0.24085082113742828,320.8034362792969,76.8125,0.4272463619709015,93.625,67.57142857142858,34.490135192871094,47.5625,-0.26830993368254785,117.51677703857422,54.43653869628906,87.0,-0.1860631527663591,0.0469798669219017,17.25,-0.11385305664610207,23.791202545166016,48.0625,-0.15746960780141975,34.465309143066406,100.25,-0.16999420207751512,0.0,0.0,-0.2163871063343776,60.21428571428572,60.000000000000014,-1.6159417629241943,-1.954554557800293,0.0
263.07513427734375,58.8125,0.01928859017789364,57.3125,0.17736041341184952,100.35714285714288,106.92857142857144,456.23333740234375,68.50000000000001,-8.69892756730918,78.13261257939989,101.50000000000001,73.25,5645.10302734375,15.714285714285717,40.8547248840332,73.125,-0.0009474156540818512,48.285714285714285,6.907925605773926,60.708892822265625,59.85714285714286,0.7620523571968079,84.14285714285718,44.6875,58.413482666015625,63.78571428571429,0.2362272818599356,48.28187942504883,45.265968322753906,51.64285714285715,0.49777624597299286,0.04026845470070839,68.92857142857144,-0.031837506671156514,41.23917007446289,47.35714285714287,0.12012278097792692,19.911579132080078,89.21428571428574,0.25088467499834277,0.28859061002731323,0.020134227350354195,0.5620154503800094,91.50000000000001,50.35714285714287,9.3641939163208,54.71454620361328,0.0
239.65892028808594,19.142857142857142,-0.17433077096939087,42.071428571428584,0.34815734954417643,90.78571428571428,105.07142857142858,543.7748413085938,55.642857142857146,14.4098370539262,82.22506762357281,88.92857142857144,25.571428571428573,1292.55419921875,59.00000000000001,35.464683532714844,45.14285714285715,-0.00405380642041564,41.0,1.5067309141159058,250.93031311035156,33.07142857142858,1.2027373313903809,78.07142857142858,43.92857142857143,50.163795471191406,90.42857142857143,-0.10480651526001258,84.87919616699219,73.71266174316406,64.42857142857144,0.3592474640461353,2.2281880378723145,29.285714285714292,-0.05822181500647386,36.99822235107422,57.64285714285716,-0.022022908152576046,28.741596221923828,71.28571428571429,0.016004043597125917,1.771812081336975,0.6912751793861389,-0.2367005379557681,55.57142857142857,34.28571428571429,-10.307130813598633,3.3625335693359375,0.0
100.87698364257812,68.8125,-0.03534889966249466,60.625,0.02096228320863192,90.2857142857143,94.07142857142858,509.94525146484375,62.42857142857143,-23.9523058257647,96.08430370676051,77.14285714285714,49.1875,1253.8743896484375,59.785714285714306,27.2393856048584,60.6875,0.0014868901344016194,191.5,1.169177532196045,139.1541290283203,120.07142857142858,0.5708536505699158,71.07142857142857,61.8125,24.209348678588867,70.57142857142858,0.07260740116429903,71.04026794433594,30.830751419067383,104.57142857142858,-0.5720797357265394,0.11409395933151245,67.50000000000001,-0.41773148325244175,19.283649444580078,56.92857142857143,0.02586183440109127,33.44363784790039,108.28571428571428,-0.03703703703703702,0.20134228467941284,0.0,1.0,81.2857142857143,93.85714285714288,-5.062446117401123,-2.3912644386291504,0.0
109.02197265625,91.09523809523809,-0.24069812893867493,40.28571428571429,0.33773044625333803,27.571428571428577,30.928571428571438,564.0414428710938,27.428571428571434,5.878163942554653,97.86467309878128,61.57142857142857,74.57142857142858,820.6622314453125,84.7857142857143,42.94251251220703,68.71428571428572,-7.213809112727176e-06,159.57142857142856,0.7793859243392944,135.4013671875,64.42857142857144,0.6708791851997375,39.85714285714286,61.64285714285715,31.891983032226562,49.714285714285715,-0.06428292025430396,108.12080383300781,58.2330322265625,58.500000000000014,0.21028334801121232,0.07382550090551376,77.85714285714286,-0.16016793592520376,31.309341430664062,53.21428571428572,0.08180823208323519,11.893510818481445,49.71428571428571,-0.2969620092598465,2.0335569381713867,0.0,-0.1033020796717289,75.35714285714286,51.5,-1.757930040359497,8.220075607299805,0.0
402.3761291503906,82.35714285714288,0.13862855732440948,116.64285714285715,-0.7014213380045773,69.5,61.375,569.0445556640625,77.0,8.243452366566498,99.80226699015854,84.5,115.50000000000003,1359.878662109375,57.25,45.73551559448242,125.35714285714283,0.0002652537077665329,70.35714285714286,0.7261019945144653,212.79505920410156,46.25,0.40625497698783875,38.625,65.42857142857143,42.0429573059082,40.875,0.15490811295383236,77.25503540039062,54.38294982910156,74.0625,-0.11046885262624297,1.147650957107544,45.75,0.4186011569378709,24.021076202392578,101.625,-0.37470710241605476,22.586042404174805,75.0,-0.08151093439363818,0.11409395933151245,0.563758373260498,0.04257568844581617,70.00000000000001,54.0,-2.05080246925354,-2.0633647441864014,0.0
205.72140502929688,98.61904761904762,0.022714611142873764,69.57142857142858,-0.2593750039666774,130.5,109.14285714285715,269.2736511230469,142.92857142857144,-37.113352316337945,74.30075550157245,75.42857142857144,61.00000000000002,1731.8985595703125,111.21428571428575,29.9010009765625,76.85714285714288,-0.0005417756037786603,58.85714285714286,9.547953605651855,172.97547912597656,154.0,0.874428391456604,125.625,143.28571428571428,58.91633987426758,119.4375,-0.28228168186117836,30.89261817932129,36.255271911621094,76.3125,0.08048205469830756,0.033557046204805374,116.9375,-0.03957036286422962,42.01620101928711,118.875,-0.5028278577770915,47.23969268798828,112.6875,-0.13296616837136116,0.0,0.00671140942722559,1.0,83.5,114.42857142857146,-10.134318351745605,-13.048713684082031,0.0
538.6980590820312,89.64285714285715,0.21387727558612823,77.71428571428572,-0.10420411312659168,69.21428571428572,83.64285714285715,593.8375854492188,94.07142857142858,18.426222881614763,83.88821501512702,66.50000000000001,106.14285714285715,2202.380615234375,83.14285714285714,43.17000198364258,82.71428571428571,-0.002688258420675993,73.0,7.942975044250488,305.5336608886719,44.857142857142854,1.7121031284332275,59.285714285714306,32.4375,49.80401611328125,76.28571428571429,-0.22591058758438318,61.52349090576172,56.362632751464844,60.42857142857143,0.043693729545997206,1.2751678228378296,47.64285714285715,0.05458596037785929,43.03192901611328,77.85714285714288,-0.04495201160439826,17.6772403717041,77.0,-0.27430294616180567,2.013422727584839,0.5771812200546265,0.08220206423556946,72.28571428571429,74.5,-20.5925235748291,-34.72969055175781,0.0
-9.771934509277344,38.76190476190476,-0.04816807433962822,40.42857142857144,0.40553669509536033,64.00000000000001,61.14285714285715,634.467529296875,59.28571428571429,-3.6723217410129187,85.44004394030718,86.21428571428571,53.071428571428584,3642.97314453125,72.2857142857143,40.7744140625,52.642857142857146,0.0008270866237580776,71.64285714285715,0.6101425886154175,71.67980194091797,118.14285714285715,0.3798096477985382,91.5,65.35714285714288,40.582340240478516,36.92857142857142,0.297611806359196,65.0067138671875,43.63600158691406,83.42857142857143,-0.16791991178240473,9.778523445129395,79.50000000000001,0.193678440478415,17.09828758239746,24.78571428571429,-0.1084328403921008,37.181339263916016,71.92857142857144,-0.07408400673996973,0.0,0.7046979665756226,-0.2972084384970713,63.78571428571429,101.85714285714286,-0.3932490944862366,-7.4521870613098145,0.0
362.54119873046875,46.5625,0.11384372413158417,69.5,-0.7592844616168094,48.00000000000001,26.42857142857143,468.0977783203125,60.92857142857144,-3.66035324575117,98.3132009583926,79.42857142857143,74.8125,1222.352294921875,54.285714285714285,41.97514724731445,89.8125,0.0013173335464671254,161.85714285714283,0.6800644993782043,151.42742919921875,126.64285714285715,1.0309616327285767,135.5714285714286,133.0625,20.744733810424805,71.85714285714288,-0.004430314731454934,74.20805358886719,30.000286102294922,56.78571428571429,0.21777434709473326,0.08724832534790039,64.35714285714288,0.17595410991474864,21.850440979003906,81.42857142857142,-0.18829086801979866,23.54222297668457,56.64285714285714,-0.14092682861078373,0.00671140942722559,0.0,1.0,75.71428571428572,70.78571428571429,-3.2615435123443604,-2.697721242904663,0.0
382.44000244140625,49.57142857142856,-0.19678618013858795,47.00000000000001,0.2449752586761491,114.42857142857142,75.28571428571428,629.8538818359375,42.952380952380956,30.076015652426136,48.96624590597248,53.0952380952381,40.04761904761904,1868.44189453125,54.2857142857143,39.40208053588867,46.04761904761904,-0.00020462024258449674,108.14285714285714,0.9180212020874023,136.05455017089844,110.42857142857142,0.737400233745575,69.42857142857142,87.57142857142858,30.98792839050293,77.0,-0.1734844402316902,88.76509857177734,52.30850601196289,76.90476190476191,-0.206279249303427,0.23489932715892792,59.619047619047606,4.888942159082901e-05,39.777626037597656,57.85714285714286,-0.04212818734923873,11.630587577819824,67.38095238095237,-0.058650164867428495,0.9597315192222595,0.06711409240961075,-0.04994498675425123,59.33333333333333,82.76190476190477,-1.9233222007751465,1.2207404375076294,0.0
138.0224609375,88.75,-0.21886295080184937,98.08333333333333,-0.6157431556357025,82.7142857142857,73.66666666666666,629.7334594726562,81.61904761904765,5.695662349562517,99.49349665226535,94.61904761904763,91.95833333333333,1560.102783203125,88.42857142857143,38.79857635498047,98.79166666666666,0.0017603908199816942,28.04761904761905,0.7112993597984314,177.08090209960938,91.61904761904762,0.5656431913375854,118.95238095238093,70.20833333333334,23.609668731689453,56.8095238095238,-0.10242135219707339,132.59732055664062,61.68092346191406,94.00000000000001,-0.2717660892439359,0.020134227350354195,75.76190476190476,-0.06676902926664777,20.655452728271484,60.28571428571428,0.04916946418450537,39.83518600463867,123.85714285714285,-0.04968538897363259,0.020134227350354195,0.0,1.0,64.04761904761904,71.66666666666667,-0.8707759976387024,0.7420236468315125,0.0
312.7192687988281,81.50000000000001,-0.004339026287198067,65.21428571428572,0.18145813400365116,87.5,65.3125,524.5824584960938,35.0,4.161991391405963,72.46017805554251,59.9375,63.07142857142859,1396.2750244140625,50.4375,45.178749084472656,77.64285714285714,-0.004230371676385403,54.4375,0.551224410533905,338.78448486328125,72.4375,0.8328223824501038,102.50000000000003,101.2857142857143,49.91918182373047,87.0625,-0.09647828213337052,54.0,57.84288024902344,74.0,-0.08141951964737411,1.3221476078033447,61.5625,-0.02473917706511061,34.157554626464844,57.9375,-0.2510835308883001,27.932247161865234,67.75,-0.10939968446839152,2.006711483001709,0.7852349281311035,-0.3250321535346288,61.25,55.625,-10.984954833984375,4.7636332511901855,0.0
70.13246154785156,77.28571428571429,-0.03872810676693916,85.2857142857143,-0.4760513133569725,78.21428571428572,78.14285714285715,314.1565246582031,150.92857142857144,-12.787120318252768,72.82796115732117,78.42857142857144,163.57142857142858,21701.23828125,163.5714285714286,36.509822845458984,145.64285714285717,0.0013087475672364235,139.92857142857142,1.0339473485946655,76.92726135253906,113.64285714285712,1.1382086277008057,109.57142857142857,137.50000000000003,73.66014862060547,138.8571428571429,-0.5101577203737742,54.3691291809082,52.630577087402344,83.35714285714288,-0.46804051242228406,0.20134228467941284,149.42857142857147,-0.4480239636679872,36.616703033447266,134.0,-0.33121675188280797,79.8363265991211,116.85714285714286,-0.037037037037037035,0.00671140942722559,0.0,1.0,93.14285714285715,133.5714285714286,-12.718839645385742,8.236832618713379,0.0
132.93576049804688,61.42857142857143,-0.20312272012233734,71.92857142857143,-0.11835891641877998,93.42857142857144,91.07142857142858,314.9277648925781,81.35714285714286,11.88564026915787,110.62470497171688,94.57142857142858,44.214285714285715,1673.7833251953125,50.64285714285715,40.883949279785156,97.21428571428572,-0.0026255890261381865,64.92857142857144,4.893172264099121,74.76495361328125,32.57142857142857,0.4831713140010834,68.61904761904762,56.92857142857144,67.77849578857422,55.21428571428572,0.4332502407307886,101.96644592285156,70.75806427001953,88.92857142857144,-0.11985263524234403,0.26174497604370117,66.0,0.36835338005304596,35.56936264038086,77.2857142857143,-0.037407431590251984,6.78280782699585,27.28571428571429,0.41041968162083947,0.0,0.01342281885445118,0.053819219873901536,56.500000000000014,69.64285714285715,12.888957977294922,-11.456565856933594,0.0
75.34452819824219,43.3125,0.015927966684103012,48.5625,0.11766961905137341,57.785714285714285,45.92857142857143,489.837158203125,64.57142857142858,-4.824204856517331,107.2825219198885,90.5,44.9375,1198.21533203125,64.0,39.67722702026367,74.1875,0.00037786897155456245,129.00000000000006,1.0727825164794922,315.942626953125,52.78571428571429,0.8054586052894592,81.28571428571428,45.5625,17.850791931152344,45.78571428571429,0.09641361178004201,100.18791961669922,31.571876525878906,40.42857142857143,0.19948042951160372,0.0,64.07142857142858,-0.32089922761753037,20.78118133544922,61.21428571428573,0.3164291877979034,30.482336044311523,85.57142857142857,-0.037037037037037035,0.3557046949863434,0.0,1.0,100.14285714285712,79.85714285714286,4.456287860870361,3.3493545055389404,0.0
69.28351593017578,64.0,0.0037095663137733936,117.0714285714286,-0.7031037474461951,69.14285714285717,114.35714285714288,498.7182312011719,80.50000000000001,23.891076438378967,67.95148840842842,94.21428571428574,43.57142857142858,1220.4774169921875,60.285714285714285,38.96546173095703,91.5714285714286,0.0002522680733818561,189.9285714285714,1.0337847471237183,255.3529815673828,66.21428571428572,0.7801424860954285,170.99999999999997,94.21428571428572,22.68044090270996,61.50000000000001,-0.16419845518704632,94.43624114990234,36.180442810058594,63.99999999999999,-0.3284242746162372,0.0,40.42857142857143,0.1611935585727818,21.591581344604492,101.0714285714286,-0.28808101965606564,34.96138000488281,124.1428571428572,1.0,0.43624159693717957,6.53691291809082,1.0,86.14285714285715,152.5714285714286,-2.226417064666748,3.933704376220703,0.0
27.542987823486328,103.38095238095238,-0.03403889015316963,41.14285714285714,0.17454385579248186,79.125,60.6875,549.6278686523438,38.0625,63.26299132596726,61.28452149030009,47.875,88.57142857142857,1275.6356201171875,79.0625,36.328956604003906,48.785714285714285,0.0006295102648437023,74.64285714285714,1.0952210426330566,84.70577239990234,49.5,0.41305768489837646,58.8125,64.42857142857144,35.44021224975586,43.125,-0.20791169122009512,59.95302200317383,33.887367248535156,47.0,0.11579068745090407,0.3288590610027313,31.0,0.028231177877285057,27.439987182617188,55.4375,0.4001366252994517,35.383853912353516,58.9375,-0.054466230936819175,0.0,0.0939597338438034,0.6381115209777972,58.14285714285714,51.35714285714287,-2.8536572456359863,-1.289776086807251,0.0
517.615966796875,51.50000000000001,0.16836178302764893,79.21428571428572,-0.30196788192334517,65.14285714285715,33.00000000000001,650.1788940429688,64.85714285714286,4.038392936623336,71.34631668174782,57.28571428571429,87.5,1753.9556884765625,50.000000000000014,36.88715362548828,81.71428571428572,0.00012132387928431854,167.5,0.9044662117958069,126.61669921875,81.21428571428572,0.5226253867149353,38.50000000000001,106.7857142857143,50.52643966674805,45.14285714285714,0.08870445615288444,63.067115783691406,48.16744613647461,65.00000000000001,0.1698075514416994,0.899328887462616,41.28571428571429,0.3319658241621033,28.62537956237793,55.21428571428573,0.07987447310522305,30.886354446411133,73.50000000000001,-0.14407633569252065,0.25503355264663696,0.3959731459617615,-0.21965726086019716,46.35714285714286,80.71428571428572,-13.758750915527344,-10.920554161071777,0.0
-140.50479125976562,25.64285714285714,-0.2829274535179138,27.71428571428572,0.2635806965241546,34.0,49.0,421.729248046875,51.52380952380952,-12.614341898652532,93.91710736712173,75.85714285714285,47.2857142857143,2224.913330078125,84.7142857142857,42.13459396362305,46.35714285714287,0.0011371583677828312,99.33333333333334,2.3425374031066895,203.48150634765625,28.047619047619044,0.8755702972412109,34.142857142857146,68.35714285714286,44.6703987121582,57.047619047619044,0.15917870814178814,142.57717895507812,82.1445083618164,66.85714285714285,0.08717009889800074,1.3020133972167969,62.23809523809523,0.09219622993523835,37.436256408691406,59.38095238095237,0.2595449415478194,34.90047073364258,50.666666666666664,-0.06454849738408848,0.7785235047340393,0.26174497604370117,0.13105759699058994,93.52380952380955,37.714285714285715,-13.347273826599121,-12.224533081054688,0.0
276.5002746582031,34.00000000000001,-0.01552202831953764,55.571428571428584,0.18760461822395808,47.642857142857146,38.92857142857144,371.3614196777344,40.42857142857143,-23.213477582739504,90.15641507901262,70.21428571428572,52.42857142857143,945.33935546875,58.50000000000001,42.37950134277344,69.5,0.0010873315623030066,14.642857142857146,1.446202278137207,285.160400390625,52.21428571428572,0.7700145840644836,83.71428571428572,38.71428571428572,39.9201774597168,46.42857142857144,0.2911372992347313,69.57047271728516,40.06877517700195,77.50000000000003,-0.13003164750771806,2.54362416267395,83.07142857142856,-0.6904708349956559,16.19611358642578,69.71428571428571,-0.41413352346115295,21.29570960998535,53.000000000000014,0.24561936679835988,0.5503355860710144,0.1409395933151245,-0.7380069510239463,54.571428571428584,53.07142857142858,-7.650754451751709,3.6902689933776855,0.0
82.1410903930664,90.14285714285717,0.8399839401245117,79.52380952380953,-0.33038574159769746,106.95238095238096,82.57142857142857,1007.5982666015625,74.23809523809524,-19.791694893932984,102.8456342480686,87.23809523809524,83.42857142857142,2651.875732421875,89.14285714285714,44.033531188964844,108.28571428571428,0.00017107327585108578,169.66666666666669,1.1239219903945923,111.28020477294922,77.80952380952381,0.7327396273612976,60.57142857142857,83.7857142857143,31.63673210144043,42.571428571428584,-0.22009693817236084,123.87919616699219,54.00782012939453,90.23809523809524,-0.2776940355313944,0.06711409240961075,91.14285714285714,-0.3407113478827981,25.88239097595215,70.38095238095238,-0.24234757737211776,15.94088077545166,81.76190476190477,-0.04310452003185204,0.6577181220054626,0.0,-0.11671166556001634,68.85714285714285,62.238095238095234,4.0882439613342285,12.192018508911133,0.0
165.84170532226562,83.14285714285712,0.003752564312890172,62.64285714285716,0.11395369002143783,116.875,69.375,292.8898620605469,94.625,-4.5397994396270525,90.69148752820155,116.875,59.928571428571445,900.7689819335938,37.0625,39.40284729003906,75.35714285714286,-0.0028328115586191416,56.4375,12.412961959838867,260.14764404296875,101.4375,1.8546621799468994,99.28571428571428,102.28571428571429,58.86726760864258,82.92857142857142,-0.29995067476856424,50.65100860595703,49.683013916015625,100.07142857142858,-0.10332303031122075,0.00671140942722559,106.0,-0.15048658760069322,38.62888717651367,77.78571428571429,-0.20157215761627084,31.137582778930664,89.5714285714286,0.26714173899103194,2.8053691387176514,0.26174497604370117,0.05566479171761638,29.125,98.0625,32.9565544128418,-40.23440170288086,0.0
92.9351577758789,111.33333333333333,-0.02591407485306263,37.35714285714286,0.7547518676750417,61.3125,125.6875,507.3417663574219,72.75,-35.386546125347984,123.94409517407348,132.3125,38.142857142857146,1236.02490234375,59.4375,36.633087158203125,75.85714285714288,0.0009732091566547751,156.7857142857143,1.1698124408721924,254.50015258789062,37.25,0.7580526471138,94.75,41.85714285714286,24.284427642822266,51.5,0.17749868102804442,91.2751693725586,35.0083122253418,68.625,-0.3167806930266232,0.00671140942722559,52.3125,0.3762023548776601,21.338729858398438,49.0,0.29154693931748765,32.91826248168945,44.9375,0.27454148951191576,1.2953020334243774,0.0,1.0,85.64285714285715,74.57142857142858,1.3420244455337524,0.2452908754348755,0.0
20.2874698638916,61.0625,-0.020430564880371094,61.25,0.11616220260362113,93.6875,70.8125,553.0318603515625,61.9375,52.86316461851133,72.62731226074308,47.5625,71.3125,1261.8048095703125,81.8125,38.1547737121582,59.625,0.0008032983751036227,69.5625,1.1127203702926636,85.71617126464844,47.42857142857144,0.6378629803657532,46.64285714285715,116.5714285714286,42.215763092041016,79.7857142857143,-0.12923853269348048,66.97315216064453,47.75411605834961,50.07142857142858,0.1573749853943892,0.9530201554298401,39.21428571428571,-0.002814488384350751,32.64807891845703,80.85714285714288,-0.06031358118407707,45.21306228637695,53.85714285714287,-0.05297580117724,0.020134227350354195,0.1812080591917038,0.13154219771911935,63.1875,64.8125,-2.5960464477539062,0.1186530590057373,0.0
76.348388671875,73.57142857142858,-0.009198393672704697,80.71428571428572,-0.46135925518092546,73.14285714285715,142.42857142857144,499.3458557128906,87.64285714285715,8.859216668461793,63.625941844695404,83.42857142857144,61.71428571428572,1221.903564453125,64.14285714285715,40.04050064086914,82.00000000000001,0.00047813376295380294,169.57142857142856,1.1071821451187134,228.4527587890625,89.78571428571428,0.6817312240600586,131.2857142857143,98.875,22.109506607055664,40.14285714285715,0.2825826431571703,96.7248306274414,36.59828186035156,84.92857142857144,-0.39036665892476236,0.0,56.78571428571428,-0.16519062993478273,21.9525089263916,34.714285714285715,-0.019261848844533205,34.61051940917969,75.50000000000001,1.0,0.0,7.697986602783203,1.0,53.57142857142858,54.92857142857144,1.3936742544174194,4.716719627380371,0.0
573.2799682617188,65.07142857142858,0.15498492121696472,82.66666666666667,-0.18035518167883666,60.285714285714285,91.38095238095238,665.1024780273438,89.14285714285715,-31.972336561387817,85.6742564181284,84.57142857142858,79.7142857142857,1853.4146728515625,45.0,46.79646682739258,87.04761904761907,0.002081955084577203,148.57142857142858,0.4381122291088104,221.7538299560547,123.57142857142856,0.5806509852409363,84.9375,129.52380952380952,19.952425003051758,85.58333333333334,-0.12446379162530716,144.4563751220703,65.50592803955078,110.625,-0.35962711707288836,0.0,71.87499999999999,-0.12693375567000942,15.274348258972168,45.083333333333336,0.4361449490549317,25.178796768188477,62.95833333333334,-0.02653075324452882,0.9731543660163879,0.0,-0.09683412182642007,109.61904761904765,128.95238095238093,-0.21651765704154968,-1.8577256202697754,0.0
370.7594909667969,64.04761904761905,0.16192013025283813,90.64285714285717,-0.1983072476119243,57.375,46.9375,667.26025390625,53.8125,-7.5508905061139355,88.87467120008994,100.6875,72.71428571428572,1607.90869140625,50.875,45.833831787109375,100.2857142857143,0.0007210116018541157,58.8125,0.9734605550765991,101.33699798583984,61.5,0.508043646812439,87.92857142857143,59.57142857142858,25.640010833740234,37.9375,0.3159059715097483,144.26174926757812,53.06085968017578,73.75,0.0016262908454142636,0.00671140942722559,18.5625,0.2732284290733583,26.999197006225586,54.4375,0.1287854048801751,25.290193557739258,57.3125,0.14317895639213774,0.0,0.0,0.40807961705648615,61.8125,36.75,-8.013318061828613,-1.4643042087554932,0.0
488.9926452636719,151.92857142857144,0.1607484668493271,96.35714285714286,-0.8403037050021845,56.1875,69.375,534.7828979492188,90.875,-66.65912490333086,75.34680264470492,45.5625,129.42857142857144,1207.1986083984375,78.875,44.57294464111328,117.2857142857143,-0.002553817117586732,58.375,1.2506682872772217,369.51849365234375,92.0625,0.9960814714431763,70.07142857142858,67.2857142857143,58.90879440307617,76.375,0.053198503065530686,44.07382583618164,47.635093688964844,75.0625,-0.3498442215030836,6.2214765548706055,56.3125,0.020845598816085692,25.55105972290039,53.9375,-0.3001801893141988,29.982988357543945,81.6875,-0.0617496644506578,2.27516770362854,1.2483221292495728,-0.5573618138636061,71.9375,74.3125,-12.613697052001953,-4.956995010375977,0.0
-33.72063064575195,114.23809523809526,-0.012425431981682777,52.92857142857144,0.16217885878109684,73.5625,104.625,326.4591979980469,111.4375,21.34324505978933,45.298862205300615,56.1875,160.92857142857144,27628.671875,111.8125,32.72526168823242,54.714285714285715,-3.5254197428002954e-05,78.25,6.590989112854004,63.56580352783203,83.5,1.1364223957061768,90.07142857142858,88.42857142857144,59.520751953125,116.0625,-0.10110289731456211,37.268455505371094,41.662532806396484,102.75,-0.19584036747673822,0.02684563770890236,127.0,-0.2314156571227478,35.6817512512207,133.5625,-0.19485448192059682,71.56066131591797,108.9375,-0.04822542510796826,0.46979865431785583,34.07382583618164,1.0,97.625,127.75,6.123953819274902,8.651341438293457,0.0
6.513350486755371,56.57142857142857,-0.02301834151148796,79.28571428571429,-0.7503928438484774,77.625,75.25,519.8776245117188,67.4375,47.59045932356943,47.80744664359653,125.8125,77.00000000000003,1089.3275146484375,50.375,39.395626068115234,85.14285714285715,0.0009975464781746268,107.9375,1.4891828298568726,122.65323638916016,70.0,0.38562437891960144,30.642857142857153,61.14285714285715,21.41193389892578,37.6875,0.12692932643519803,74.55704498291016,26.765295028686523,62.0625,0.2542396422914502,0.0,49.75,-0.0028044426746966127,21.852134704589844,88.3125,0.19337576551178204,30.92758560180664,51.9375,1.0,54.16778564453125,86.16107177734375,1.0,74.5625,61.375,-0.6994921565055847,1.0412839651107788,0.0
515.0982055664062,70.9375,-0.07221492379903793,79.3125,-0.2952644166767817,73.41666666666666,69.04166666666664,676.2916259765625,91.25,13.914619661817614,53.96512005482184,31.249999999999996,46.4375,1948.8197021484375,48.95833333333335,43.058746337890625,83.5,-0.0003621511277742684,81.66666666666667,0.9990254044532776,124.94522094726562,96.71428571428572,0.8288261890411377,114.76190476190476,87.92857142857147,29.33392906188965,50.666666666666664,0.13167046582345027,86.9395980834961,53.593326568603516,55.57142857142858,-0.19216277317256972,0.38255032896995544,51.428571428571416,-0.06640855146873159,43.150108337402344,56.28571428571429,-0.06298938401707332,14.077360153198242,63.09523809523809,-0.013975753207166207,0.5033556818962097,0.07382550090551376,0.2516968163091615,78.75000000000001,87.45833333333336,-5.896883964538574,3.073765993118286,0.0
291.0914306640625,63.875,0.1245647668838501,70.4375,-0.802606982517683,24.071428571428577,41.5,493.58099365234375,41.35714285714286,3.53456565117676,59.08836907908668,65.35714285714286,68.625,11999.5537109375,4.214285714285714,33.92816925048828,88.5625,0.00044720174628309906,13.125,2.2879891395568848,55.88336181640625,24.928571428571434,1.0675066709518433,19.714285714285715,38.125,67.27548217773438,16.285714285714292,0.9592397980323926,75.24160766601562,79.47129821777344,36.142857142857146,0.6883130437769556,0.0,7.142857142857143,0.9951844815982547,43.33423614501953,34.85714285714286,0.8463345159016272,17.429147720336914,42.785714285714285,0.06328647886123095,0.0,0.0,-0.12676607168063722,43.21428571428572,26.14285714285714,4.422263145446777,32.806640625,0.0
241.39402770996094,45.21428571428572,0.009141744114458561,38.61904761904762,-0.10026638480058511,44.571428571428584,35.714285714285715,578.6930541992188,46.857142857142854,2.2423853468174904,71.43834612278602,60.19047619047618,52.761904761904766,1685.3546142578125,58.61904761904762,44.82567596435547,93.33333333333334,0.001724756439216435,139.6190476190476,0.9616681933403015,124.32420349121094,30.904761904761905,0.5892646908760071,43.57142857142857,59.190476190476176,28.382844924926758,49.9047619047619,-0.23566396219493776,104.82550048828125,67.0386734008789,75.28571428571429,-0.3179820699234084,0.6510066986083984,56.476190476190474,-0.25271808819757996,29.053447723388672,56.9047619047619,0.21448223469885294,32.796321868896484,52.9047619047619,0.09353321544787752,0.0,0.0,-0.06935421214068557,65.38095238095238,50.04761904761904,-0.7919310331344604,-0.23082655668258667,0.0
-22.96150779724121,87.42857142857143,-0.03149816021323204,68.42857142857143,-0.3606533057108401,56.78571428571429,85.28571428571428,617.3734130859375,67.5,9.943959515366778,78.48649158877662,74.14285714285715,92.14285714285715,1218.5628662109375,73.50000000000001,38.673614501953125,97.14285714285718,0.0006597081082873046,76.64285714285715,0.714455246925354,78.8485336303711,79.07142857142857,0.41830089688301086,71.42857142857144,48.714285714285715,42.24006271362305,49.42857142857144,0.3584399817896707,68.54362487792969,52.08285903930664,71.00000000000001,0.08724012774550531,11.261744499206543,128.07142857142858,-0.3850638636980158,24.40137481689453,42.21428571428572,-0.13266744415442916,36.85825729370117,64.42857142857143,1.0,0.0,1.0604026317596436,-0.43309433751940235,93.35714285714286,61.14285714285715,-4.181869029998779,1.8326153755187988,0.0
557.0391235351562,64.71428571428572,-0.2864311635494232,44.57142857142857,0.04069449151437733,99.76190476190476,112.95238095238092,917.4425048828125,127.28571428571429,11.465590866620108,47.25165034032891,47.80952380952381,65.04761904761904,7084.47314453125,155.38095238095238,37.35818862915039,67.90476190476191,0.0005828931462019682,192.23809523809524,6.1095499992370605,44.104736328125,190.95238095238093,1.2896908521652222,172.52380952380955,131.8095238095238,63.329288482666016,128.42857142857142,-0.46613318197169457,16.604026794433594,35.72617721557617,36.71428571428571,-0.2167750142415041,5.073825359344482,187.19047619047626,-0.7537195101837412,40.849525451660156,97.61904761904762,-0.4690399695347615,60.11204528808594,129.61904761904765,-0.12685898408561458,0.0,1.1946308612823486,-0.1570670691613366,115.04761904761905,121.95238095238095,41.17085266113281,-27.70577621459961,0.0
155.93673706054688,78.64285714285715,-0.05026962608098984,71.7857142857143,-0.328971649943045,70.64285714285714,106.42857142857143,560.5596313476562,49.92857142857142,17.588339097547852,83.56126322083831,52.64285714285715,89.00000000000001,1493.7918701171875,66.57142857142858,35.45823287963867,76.35714285714286,0.0015552742406725883,161.42857142857144,1.0566462278366089,162.0731201171875,103.35714285714288,0.5842137932777405,100.64285714285717,90.92857142857144,26.537416458129883,76.78571428571429,-0.26655840085838745,74.48992919921875,37.790061950683594,45.071428571428584,0.36970597778254466,0.34228187799453735,65.78571428571428,-0.026239973414305378,24.560487747192383,46.57142857142857,0.6141744674346039,33.86491394042969,72.35714285714288,-0.12015602822395363,0.19463087618350983,0.0,-0.257094604931647,59.35714285714287,73.7857142857143,-5.601831912994385,-5.841565132141113,0.0
431.88531494140625,60.75,0.10633572936058044,81.5625,-0.4125798924291696,69.64285714285714,83.0,637.5188598632812,59.857142857142875,-10.739120724717242,94.80538060734881,73.35714285714286,59.8125,1553.3599853515625,82.78571428571429,41.277809143066406,114.4375,0.002311161020770669,37.42857142857144,1.012182354927063,307.4354553222656,92.00000000000001,0.5649762749671936,93.78571428571428,87.3125,30.25726890563965,52.85714285714287,0.197202143923946,93.3355712890625,45.38346862792969,58.64285714285715,-0.1289034884993436,0.9060402512550354,71.71428571428572,-0.07859205067381626,14.800046920776367,71.42857142857143,-0.04918457157649496,26.258506774902344,64.00000000000001,-0.10472547232308743,0.4429530203342438,0.0,-0.07666507939794209,86.57142857142858,103.92857142857147,1.8623853921890259,-1.4047136306762695,0.0
271.5255126953125,60.619047619047635,-0.1515897661447525,42.92857142857143,0.38813706124383324,39.0625,41.5,616.0858764648438,15.75,12.73953647941551,83.95644566162566,64.625,89.42857142857144,1638.650390625,49.4375,24.372190475463867,43.21428571428572,-0.0004649966722354293,70.2857142857143,0.8837039470672607,113.51266479492188,102.5625,0.444933146238327,59.6875,118.71428571428572,40.59480667114258,70.375,0.011220490913234462,108.42282104492188,51.89692687988281,62.9375,0.08236638484787678,0.0,57.75,-0.20283668381232722,41.64744567871094,86.5,-0.0829054806518001,15.909180641174316,71.6875,0.30907019506335354,3.73154354095459,0.033557046204805374,-0.08059965107165856,90.0,69.85714285714288,-12.82483959197998,-1.8356585502624512,0.0
329.9637756347656,58.428571428571416,-0.12365824729204178,94.07142857142858,-0.31637696662567666,115.64285714285717,125.35714285714288,692.2293090820312,61.07142857142857,30.19150303154184,35.19155641905881,66.71428571428572,95.28571428571429,1812.544677734375,58.64285714285716,25.980342864990234,49.071428571428584,-0.0005254218704067171,29.35714285714286,0.9831322431564331,121.34727478027344,62.78571428571428,0.23529013991355896,93.50000000000001,56.71428571428571,38.76085662841797,50.42857142857144,-0.15106999114268538,108.81879425048828,46.207740783691406,56.85714285714287,0.26432106896247365,0.1409395933151245,74.07142857142857,0.1027202232536667,39.22407531738281,75.49999999999999,-0.10307042707869021,14.242945671081543,51.28571428571429,-0.09071852800745314,3.0,0.0,0.2010694677414643,77.2857142857143,61.071428571428584,-9.672913551330566,-0.019744770601391792,0.0
-67.1291275024414,86.33333333333333,-0.011491887271404266,48.00000000000001,0.2051705517244278,101.14285714285717,53.71428571428572,484.96661376953125,63.78571428571429,13.818383384871003,72.1738732127267,83.35714285714286,44.57142857142858,12240.05078125,51.142857142857146,39.47975158691406,54.85714285714286,-0.0002031044859904796,102.50000000000004,2.321633815765381,572.0382690429688,15.07142857142857,0.9778040647506714,56.3125,24.14285714285715,36.200355529785156,58.25,-0.10562027183199447,44.771812438964844,34.41537094116211,77.3125,-0.35572549244143875,0.01342281885445118,48.25,0.35745082468183115,21.158613204956055,58.1875,0.25183057359010036,44.53383255004883,50.8125,-0.15984866921834553,1.7046979665756226,0.08724832534790039,-0.03225806451612903,64.57142857142857,75.42857142857143,5.529057502746582,8.752159118652344,0.0
71.22224426269531,41.3125,0.010063434951007366,31.333333333333332,0.29479631985326754,52.61904761904761,60.9047619047619,497.2174987792969,49.90476190476191,23.50321979650715,79.08346206305241,71.33333333333333,37.33333333333333,1195.8404541015625,66.90476190476191,39.25053405761719,56.16666666666668,0.00021167760132811964,139.42857142857142,1.032133936882019,246.7141571044922,93.23809523809526,0.7406906485557556,116.23809523809524,78.83333333333334,19.422277450561523,56.57142857142857,-0.1298438493386469,93.09395599365234,34.75442886352539,62.571428571428584,-0.17974259266029274,0.0,72.28571428571428,-0.1852406712718635,19.045330047607422,71.71428571428571,-0.07288675112896174,38.143470764160156,84.52380952380952,-0.024390243902439022,0.3624161183834076,0.020134227350354195,1.0,116.33333333333334,97.90476190476191,-1.2223515510559082,1.7119609117507935,0.0
217.65512084960938,59.4375,-0.049515336751937866,44.08333333333334,0.20714459173163396,70.8095238095238,68.33333333333333,528.4068603515625,72.47619047619047,-16.558202461708312,112.42726636928205,66.0,48.83333333333333,1459.6966552734375,57.57142857142856,42.205474853515625,52.08333333333334,0.0020945435389876366,62.583333333333336,0.6799478530883789,159.5970001220703,56.57142857142857,0.6354160308837891,73.14285714285714,89.20833333333334,27.42439842224121,37.42857142857142,0.06220064664955854,167.74496459960938,62.09412384033203,74.23809523809524,-0.017593500315332484,0.0,48.61904761904762,-0.23104186282816339,22.325159072875977,57.04761904761906,0.025865925122546277,31.963836669921875,62.95238095238095,-0.09670280303119863,0.25503355264663696,0.0,-0.04272737213526179,52.8095238095238,76.5238095238095,6.1531524658203125,4.620750904083252,0.0
389.9364013671875,46.07142857142857,-0.052976641803979874,33.5,0.8605786766544428,115.78571428571429,82.35714285714286,451.3428649902344,45.357142857142854,-20.50925255421824,75.31378716901554,69.71428571428572,18.142857142857146,1316.79296875,46.78571428571429,50.31625747680664,24.357142857142854,-0.0020164004527032375,89.35714285714288,1.0310808420181274,179.89466857910156,68.9375,0.8309879302978516,76.625,61.78571428571428,23.639808654785156,78.25,-0.46158092971328324,103.0,52.96598815917969,73.9375,-0.2148822480604146,0.0939597338438034,59.5,0.2781410760336828,24.63817024230957,86.0,-0.37841885137202896,40.67411422729492,77.125,-0.11731869556756178,0.19463087618350983,0.0,1.0,85.78571428571429,72.35714285714286,-8.315499305725098,-11.147330284118652,0.0
319.5292663574219,71.8095238095238,-0.08669250458478928,71.92857142857143,0.17544166134100525,86.14285714285717,72.71428571428572,793.3614501953125,65.5,8.183746898334299,83.2237917469338,102.42857142857144,62.35714285714286,2535.945556640625,62.64285714285715,45.05857467651367,101.35714285714288,0.0005812130984850228,44.14285714285715,0.8561487197875977,97.88298034667969,62.71428571428572,0.6542872786521912,38.8125,51.85714285714285,29.411441802978516,83.5625,-0.29114198737698904,133.94630432128906,58.02843475341797,69.9375,-0.34077751974347753,0.033557046204805374,33.625,0.16537088560104302,27.31144142150879,51.375,0.10145159944298902,17.258895874023438,59.6875,-0.09430951905942642,0.0,0.0,0.05812197022839636,71.07142857142858,84.78571428571429,1.0329419374465942,23.538171768188477,0.0
550.64892578125,59.071428571428584,0.10193125158548355,52.38095238095238,-0.011009336666195866,62.16666666666667,72.37500000000001,666.0187377929688,116.41666666666669,4.063159700208062,90.31325713958991,85.5,78.42857142857142,1743.4254150390625,28.791666666666668,44.24808883666992,71.09523809523809,0.00020280780154280365,94.66666666666667,0.6643217206001282,281.0362243652344,74.54166666666667,0.5862804651260376,60.08333333333333,79.85714285714286,51.570438385009766,71.41666666666666,-0.20209491199514232,49.87248229980469,49.32038879394531,41.99999999999999,0.45551680669336725,2.711409330368042,61.50000000000001,0.11052440855205259,22.005626678466797,63.54166666666667,-0.08618475457825768,31.126585006713867,49.54166666666666,0.008580893568697559,0.5100671052932739,1.3087248802185059,0.028186860161781787,35.666666666666664,40.42857142857142,0.8878339529037476,-2.249850034713745,0.0
279.1031799316406,169.47619047619048,-0.05386578291654587,43.85714285714286,0.3486394648829432,96.78571428571432,98.7857142857143,503.2148742675781,187.0714285714286,16.17035278377917,44.112277910561005,78.07142857142858,159.71428571428575,7450.009765625,184.64285714285717,28.976125717163086,69.64285714285715,-0.000544456415809691,144.0,7.354063510894775,85.56912231445312,190.85714285714283,1.6022682189941406,189.8125,195.57142857142856,60.12340545654297,135.0625,-0.7585956691800484,79.02013397216797,65.31877899169922,132.8125,-0.6214327542277129,0.0,194.0625,-0.6832382211849859,62.94158935546875,143.25,-0.7076118570761186,12.519328117370605,60.75,-0.40390045336121944,1.3154362440109253,0.0,-0.03225806451612904,94.00000000000001,162.78571428571433,38.218265533447266,21.276626586914062,0.0
88.53608703613281,128.14285714285714,-0.1268252730369568,82.07142857142858,-0.5214771165089818,94.21428571428572,69.64285714285717,595.46435546875,85.14285714285715,-27.11443222899165,93.90912854703467,108.00000000000001,102.50000000000001,1376.36572265625,91.64285714285714,45.145225524902344,80.64285714285715,0.0016395915299654007,85.78571428571428,0.6055856347084045,175.13912963867188,147.3571428571429,0.4694417119026184,109.50000000000003,43.71428571428572,23.530248641967773,70.92857142857144,-0.07052600324981675,122.61744689941406,54.375972747802734,80.71428571428572,0.052823242492507444,0.0,102.85714285714285,-0.48877256827438137,19.291711807250977,57.28571428571429,0.5171036219849983,41.072078704833984,49.35714285714287,-0.11475409836065575,0.17449665069580078,0.0,1.0,63.928571428571445,118.35714285714288,1.0447733402252197,3.7197585105895996,0.0
318.21343994140625,54.42857142857143,0.020417356863617897,98.85714285714286,-0.2778200069236635,62.64285714285715,86.2857142857143,392.42376708984375,89.5,-17.84552451468154,64.0568332064124,54.50000000000001,89.99999999999999,2596.255126953125,51.142857142857146,48.652523040771484,144.64285714285714,-0.0012446086620911956,47.42857142857142,5.953270435333252,140.66616821289062,102.7857142857143,0.8369726538658142,88.28571428571428,96.7857142857143,47.91632080078125,71.71428571428572,0.21022057124067448,92.328857421875,56.8112907409668,75.14285714285714,-0.4093910270871874,0.0,81.64285714285717,-0.46367165973201874,34.740623474121094,63.571428571428584,0.0035527736042481987,41.76227569580078,42.21428571428571,-0.0770673541429042,0.10738255083560944,0.0,1.0,101.64285714285712,71.2857142857143,-11.079118728637695,-15.025521278381348,0.0
345.95257568359375,103.35714285714286,-0.08977142721414566,79.33333333333333,-0.6663034460963116,80.08333333333333,61.25,401.27239990234375,91.41666666666667,-56.59704502246924,84.44278993566216,111.62500000000001,137.90476190476193,1004.933349609375,67.25,44.50050735473633,111.33333333333337,-0.0024552769027650356,40.9047619047619,1.5903186798095703,270.6186218261719,97.45833333333331,0.8241509199142456,90.14285714285714,156.47619047619048,59.139434814453125,119.75,-0.48311435843924755,64.24160766601562,63.98286819458008,77.08333333333334,-0.40228002960104164,5.899328708648682,66.79166666666669,-0.09863383088830338,27.684349060058594,55.875,0.09886390711705317,34.322265625,79.04166666666666,-0.2950904449526392,2.3624160289764404,1.2483221292495728,-0.02905433831585071,61.625,63.95833333333333,-6.760970115661621,-7.382584095001221,0.0
415.8465576171875,111.42857142857143,0.20585206151008606,58.71428571428571,-0.0044573920775728545,47.41666666666667,69.91666666666669,433.7772521972656,83.20833333333333,-27.36208505153456,83.8134382145475,92.79166666666667,117.71428571428574,2257.168701171875,93.75,37.74613571166992,65.23809523809523,-0.0024520570877939463,54.08333333333333,11.616929054260254,283.2085876464844,74.45833333333334,2.529411792755127,62.142857142857146,91.66666666666667,54.0938835144043,65.28571428571428,0.2805306162585008,57.28858947753906,57.04787826538086,97.14285714285714,-0.1872315037810672,0.8523489832878113,86.5238095238095,-0.40157379536542,39.782073974609375,85.23809523809527,-0.16106531824137071,25.654382705688477,55.95238095238095,-0.18608160215140065,3.0872483253479004,1.127516746520996,0.11831997121121587,57.16666666666667,85.20833333333333,-30.550525665283203,-24.836856842041016,0.0
-26.314868927001953,111.4375,-0.039919644594192505,58.4375,0.0412564131396569,45.92857142857144,65.07142857142858,528.2371215820312,16.857142857142858,98.29968572302953,75.7096612201841,82.07142857142857,63.0,1096.39697265625,77.2857142857143,32.522735595703125,55.375,0.00022837714641354978,79.92857142857144,0.9880133271217346,132.37924194335938,51.35714285714287,0.5621257424354553,45.85714285714286,46.125,27.873159408569336,85.50000000000001,-0.4092728007876314,68.64429473876953,38.05278396606445,32.35714285714286,0.5356213914179238,0.30201342701911926,39.07142857142858,0.09704924023265021,29.404983520507812,52.21428571428572,0.034528214712166404,22.058101654052734,46.28571428571429,1.0,0.1342281848192215,0.05369127541780472,0.09840925182912441,34.785714285714285,33.00000000000001,-0.9715262651443481,-0.8588724136352539,0.0
-21.443099975585938,106.0,-0.01979634165763855,49.07142857142857,-0.11151799999395108,83.3125,82.4375,452.9013366699219,67.6875,33.08223956958814,44.19786879695693,97.25,92.85714285714288,19069.845703125,45.0625,32.29281234741211,67.71428571428574,-0.00013614652561955154,76.625,4.3567423820495605,100.56724548339844,59.75,0.6779055595397949,55.214285714285715,60.714285714285715,49.417110443115234,34.21428571428572,-0.0009068662893475157,61.93939208984375,34.5202522277832,73.35714285714286,0.0015123571586190584,0.0,60.857142857142854,-0.026193745719831248,25.306562423706055,35.42857142857143,0.4169494891670706,51.89426803588867,54.92857142857144,-0.08079680974778364,97.21985626220703,78.24242401123047,0.7532339273007015,71.75,86.25,0.7268574237823486,8.5082368850708,0.0
194.97280883789062,93.57142857142858,0.07277178019285202,86.28571428571429,-0.4619365109583505,86.64285714285715,51.142857142857146,630.5569458007812,76.07142857142857,21.833315779298744,85.08060169092488,107.92857142857146,122.42857142857144,1580.8095703125,84.78571428571429,39.251708984375,117.78571428571428,0.001731308875605464,48.714285714285715,0.24451622366905212,122.12350463867188,91.64285714285714,0.9192041754722595,102.00000000000001,57.14285714285714,44.0394172668457,44.214285714285715,-0.02573150717337842,99.61744689941406,72.68028259277344,122.85714285714286,-0.5175103314552298,0.1342281848192215,78.64285714285715,-0.11172851533103476,27.971622467041016,70.85714285714286,-0.38851718409059266,47.02814483642578,63.42857142857143,-0.31364155737844707,0.00671140942722559,0.0,-0.061719752654299374,56.214285714285715,62.28571428571429,0.03706810623407364,1.523457407951355,0.0
226.0770721435547,32.14285714285715,-0.22282834351062775,70.14285714285715,-0.4056237548032783,57.500000000000014,39.57142857142856,724.3290405273438,45.35714285714287,0.7074259893606173,78.11770347042008,49.35714285714286,37.42857142857143,1717.2476806640625,62.14285714285716,35.1827278137207,62.57142857142858,0.0014597595436498523,70.92857142857144,0.8499582409858704,176.54208374023438,85.0,0.5114536285400391,72.0,37.71428571428572,22.545625686645508,47.57142857142858,0.4617866405884604,101.44966125488281,44.568843841552734,76.85714285714286,-0.18886701288295898,0.00671140942722559,54.42857142857144,0.2967900647988672,16.000595092773438,51.28571428571429,-0.45922007696018485,27.359041213989258,61.50000000000001,-0.04125891550306845,0.30201342701911926,0.0,1.0,53.071428571428584,67.64285714285715,0.5675708055496216,3.4318456649780273,0.0
114.19733428955078,54.38095238095238,-0.22771240770816803,55.071428571428584,-0.6970136578355158,52.35714285714287,38.642857142857146,546.82080078125,55.50000000000001,5.429985385613153,97.5296297560992,77.78571428571429,61.642857142857146,948.1158447265625,84.00000000000003,40.70344924926758,65.50000000000001,-5.0115537305828184e-05,152.71428571428572,0.7889412045478821,139.3250274658203,98.21428571428572,0.6014409065246582,39.21428571428571,76.07142857142858,32.409584045410156,63.99999999999999,-0.41260422173514466,109.2617416381836,61.75730514526367,56.92857142857144,0.3039507116028536,0.07382550090551376,62.78571428571429,-0.08563525585915599,33.79135513305664,50.14285714285715,0.09945094075214227,11.971480369567871,60.64285714285715,-0.3242001088940845,2.0604026317596436,0.0,-0.12413070328323558,57.21428571428572,59.07142857142859,-1.7515312433242798,8.472662925720215,0.0
13.0985746383667,55.64285714285715,-0.04067661613225937,60.7857142857143,0.07943046548540575,64.8125,37.6875,646.6654663085938,43.3125,5.396313019021846,86.63518340046244,80.125,59.5,1358.17138671875,62.375,39.27487564086914,63.07142857142858,0.0011819229694083333,91.9375,0.7262092232704163,70.4006118774414,96.125,0.2894189953804016,97.14285714285717,113.35714285714286,33.45493698120117,68.28571428571429,-0.40616472817684024,92.08724975585938,55.811275482177734,68.57142857142858,-0.15111417538115635,1.9395973682403564,128.71428571428572,-0.1664350967211868,19.485918045043945,111.00000000000001,-0.4747604431703887,30.90970802307129,44.71428571428572,-0.10562551425296114,0.0,0.2751677930355072,-0.26497459337549845,63.375,72.0625,-0.9912702441215515,0.6786842346191406,0.0
282.0976867675781,91.0625,-0.19711534678936005,38.58333333333333,-0.2605603190904966,74.80952380952384,94.99999999999999,787.765625,70.23809523809526,37.08108327252753,77.45987541177121,90.52380952380952,50.79166666666667,2010.0521240234375,75.76190476190476,33.419700622558594,65.41666666666666,0.002708279062062502,85.91666666666667,0.5706570744514465,191.74569702148438,61.047619047619044,0.24575230479240417,53.09523809523811,60.74999999999999,19.650148391723633,76.47619047619048,-0.12228143970173504,130.91275024414062,42.42323303222656,70.6190476190476,-0.2829081344431885,0.0,34.23809523809524,-0.18811233752608755,16.92160987854004,43.476190476190474,0.06715704837535441,23.17751121520996,64.19047619047619,-0.15478277158569384,0.9530201554298401,0.0,1.0,63.54166666666667,58.08333333333332,-1.3058969974517822,1.0270932912826538,0.0
386.80999755859375,42.80952380952381,0.1262347549200058,40.71428571428571,0.14317867947275154,96.4375,84.75,461.5006408691406,41.1875,-28.903935602047298,86.8929992749111,86.625,88.21428571428572,980.3480224609375,21.0,43.5981559753418,64.64285714285715,0.001002803910523653,26.0,1.4409245252609253,288.6463623046875,46.8125,0.7473964691162109,132.92857142857144,96.00000000000001,45.148773193359375,43.125,0.4488599156076593,69.48322296142578,42.252769470214844,69.5625,0.028897204918446953,3.45637583732605,53.6875,-0.014757418659531375,16.993732452392578,73.3125,-0.04797217787268914,22.403179168701172,87.8125,-0.11837655016910936,0.6442952752113342,0.1409395933151245,-0.1845708514838636,61.75,69.375,-5.336812973022461,5.828684329986572,0.0
562.675048828125,49.785714285714306,-0.051075879484415054,68.07142857142858,0.10310523711913787,85.64285714285712,113.42857142857144,1109.7955322265625,81.71428571428574,11.24337655505878,74.59509153063674,79.07142857142858,73.92857142857144,5448.72509765625,80.92857142857144,42.74017333984375,71.42857142857144,0.0006149948458187282,84.35714285714286,6.604802131652832,65.3486099243164,84.5,1.2603274583816528,105.00000000000001,94.78571428571429,55.159236907958984,95.14285714285715,0.12078008811363443,27.10738182067871,41.97796630859375,44.85714285714286,-0.10499494954090871,5.476510047912598,143.92857142857142,-0.441935425315595,34.200626373291016,88.49999999999999,-0.34317027635862724,51.87443923950195,80.07142857142858,0.3441192930317075,0.0,2.3758389949798584,0.1637667081984632,62.57142857142857,82.0,41.975433349609375,-30.73418426513672,0.0
555.8117065429688,102.3125,0.12171686440706253,31.0,0.7906694836005957,77.71428571428572,72.35714285714286,622.9183959960938,66.21428571428571,17.242022256723185,93.05189961962026,70.42857142857142,61.5,1639.912109375,81.14285714285715,46.80569839477539,32.125,-0.0030289047863334417,68.85714285714285,2.300236940383911,336.554443359375,38.285714285714285,1.1474934816360474,90.92857142857146,72.875,43.94198989868164,68.14285714285715,-0.18794340199661477,67.4026870727539,52.40407180786133,87.85714285714288,-0.11726490023262062,1.2550336122512817,42.71428571428572,-0.15398930554805387,41.48591613769531,48.85714285714287,-0.1676509697831171,20.32622528076172,56.28571428571429,-0.12521022558329267,1.8389261960983276,1.3154362440109253,0.24998783618634393,78.64285714285717,44.214285714285715,-3.520704507827759,-19.052135467529297,0.0
-19.117528915405273,57.99999999999999,-0.013270709663629532,40.64285714285715,-0.5609824287697723,44.50000000000001,37.71428571428573,588.76123046875,45.57142857142857,5.673256182830606,99.28196081473095,90.71428571428571,51.071428571428584,1235.7449951171875,73.78571428571428,42.38014602661133,106.7857142857143,0.0007458588224835694,87.71428571428572,0.9011564254760742,76.58136749267578,31.000000000000007,0.23240002989768982,61.1875,94.64285714285717,41.927024841308594,73.42857142857144,-0.15655213467359938,78.85234832763672,61.09376525878906,60.50000000000001,-0.34335327896279966,6.44966459274292,112.07142857142856,-0.22247658396834988,22.219322204589844,44.714285714285715,0.381778880329605,30.3815975189209,82.92857142857143,1.0,0.0,1.8255033493041992,-0.020037398998950566,73.64285714285715,101.21428571428572,-2.00068736076355,-1.0725822448730469,0.0
90.42196655273438,77.21428571428572,0.03482634574174881,69.50000000000001,0.008063945281244884,85.0,56.85714285714286,531.6060791015625,60.428571428571445,-38.033742999970514,107.46364602243354,45.64285714285715,63.92857142857143,1209.5018310546875,90.21428571428574,47.24925994873047,85.0714285714286,0.001760497223585844,47.35714285714286,0.48657992482185364,167.48399353027344,23.35714285714286,0.47974133491516113,72.57142857142858,53.928571428571445,23.309236526489258,72.57142857142858,-0.15350640668523674,162.8053741455078,52.61735534667969,91.50000000000001,-0.3248082132748118,0.0,78.50000000000001,-0.012832103171854735,21.9924373626709,50.50000000000001,0.27121201454781546,36.51783752441406,54.000000000000014,-0.0014185357949076107,0.00671140942722559,0.0,-0.10962648041299725,46.428571428571445,53.928571428571445,1.7993096113204956,0.22215010225772858,0.0
209.73550415039062,82.85714285714288,-0.1101282387971878,59.142857142857146,0.00831887764792281,93.21428571428572,58.35714285714287,483.29534912109375,58.50000000000001,21.376657065929184,74.7932201413107,58.428571428571445,78.64285714285715,1169.024658203125,59.92857142857144,42.46674346923828,79.85714285714289,-0.002911236137151718,51.50000000000001,1.675423502922058,79.24757385253906,98.0714285714286,0.268347829580307,93.42857142857143,61.9375,56.945220947265625,75.57142857142858,-0.049640951829659434,87.41610717773438,53.92277526855469,58.92857142857144,0.26865249939710023,0.1342281848192215,19.571428571428577,-0.08507020727863215,34.26525115966797,73.92857142857144,0.13656441500236632,8.703997611999512,51.000000000000014,0.445820607891089,0.29530200362205505,0.08724832534790039,0.35995556187805255,49.71428571428572,34.42857142857144,-16.077604293823242,-18.996706008911133,0.0
167.6021270751953,52.21428571428572,-0.07901950925588608,72.47619047619048,-0.1573347458033885,73.90476190476191,76.38095238095238,447.46234130859375,89.47619047619048,-16.319845549212207,88.93868572998502,79.42857142857142,87.66666666666666,967.0283203125,40.095238095238095,43.24871826171875,83.00000000000003,-0.0033384880516678095,154.42857142857142,1.1627289056777954,71.10411834716797,65.76190476190477,0.2747105360031128,60.95238095238095,105.52380952380952,66.64244842529297,106.33333333333334,-0.05060447523291545,94.51007080078125,63.01044845581055,81.09523809523809,0.10366010314276167,0.0469798669219017,98.52380952380952,-0.3294200921205158,41.32915115356445,72.8095238095238,-0.008542887222637456,9.065696716308594,23.476190476190474,-0.29337143660464615,0.10067114233970642,0.04026845470070839,-0.1682859011139846,71.14285714285715,74.90476190476191,-30.928363800048828,-6.873952865600586,0.0
288.9534606933594,63.500000000000014,0.014900024980306625,85.28571428571428,0.022733288173306845,130.2857142857143,79.7857142857143,475.9248046875,52.85714285714287,0.3581611108059851,83.35540774963745,123.57142857142858,96.2857142857143,1219.365966796875,60.35714285714286,42.64236068725586,85.57142857142858,-0.004144914913922548,41.785714285714285,0.6791110038757324,375.13348388671875,78.21428571428572,0.55202716588974,59.7857142857143,89.57142857142858,49.17684555053711,68.78571428571429,0.1712264076918667,52.61073684692383,47.37508773803711,56.64285714285715,0.5642313438766371,0.7046979665756226,24.214285714285715,-0.07590608385935323,35.86353302001953,77.50000000000001,-0.09567257494755138,26.517440795898438,52.642857142857146,0.29990395632240024,1.1677852869033813,0.5436241626739502,-0.1418522097126533,52.57142857142856,61.785714285714285,-8.760254859924316,-11.746198654174805,0.0
89.58981323242188,220.85714285714286,-0.011134869419038296,59.64285714285714,-0.0020965612676504745,182.21428571428572,161.14285714285717,395.612060546875,247.42857142857144,27.388192693659125,33.045052399212224,127.35714285714286,195.57142857142856,17258.83203125,241.6428571428571,25.326379776000977,59.64285714285713,0.0008580635767430067,239.57142857142856,0.19385039806365967,42.875179290771484,222.2142857142857,0.9346400499343872,227.2142857142857,223.4285714285714,92.17782592773438,196.4285714285715,-0.9200206717239721,31.006711959838867,42.827030181884766,96.7857142857143,-0.45817386263505777,0.3758389353752136,235.3571428571429,-0.9890592462159713,46.645957946777344,137.35714285714286,-0.7653412156575509,78.15633392333984,151.92857142857144,1.0,0.0,0.0,-0.10037883566606232,183.92857142857147,186.42857142857147,16.75208282470703,-1.847877860069275,0.0
284.5868225097656,77.21428571428571,0.19376052916049957,62.1904761904762,0.20543550199987848,72.09523809523809,84.19047619047618,449.151123046875,53.23809523809524,-26.874398646238667,100.29204757083399,79.28571428571428,42.42857142857143,622.594970703125,111.76190476190476,43.823848724365234,73.52380952380953,0.0019340760773047805,25.619047619047624,1.160491704940796,339.5631408691406,96.85714285714286,0.49421706795692444,94.14285714285714,52.71428571428571,40.749454498291016,69.95238095238096,-0.34236319463231185,63.28858947753906,37.384864807128906,82.33333333333331,-0.3371105578848188,0.6174496412277222,72.95238095238096,-0.07803163353455589,15.764415740966797,53.99999999999999,-0.045791787432914025,25.94288444519043,56.95238095238095,-0.16280314661748352,0.3624161183834076,0.0,0.20085428757519586,75.71428571428572,45.857142857142854,-4.852457046508789,-3.732905626296997,0.0
-63.23223876953125,81.0,-0.012696921825408936,61.66666666666666,0.007914106166991019,47.95238095238096,40.71428571428572,512.7334594726562,44.80952380952381,40.591655275165635,98.43100119405914,105.33333333333334,72.23809523809524,959.609375,73.23809523809524,34.65176773071289,79.0,-0.00017949276661965996,86.38095238095238,0.7273954153060913,234.60174560546875,27.916666666666664,0.7455297112464905,46.95833333333334,27.61904761904762,27.488962173461914,55.70833333333333,-0.04425747710478263,56.46979904174805,37.07122802734375,54.041666666666664,-0.25217980732407824,0.0469798669219017,42.125,0.474912176347255,34.213191986083984,46.75,0.6477171944924083,34.54328536987305,52.37500000000001,-0.0646769262656096,0.04026845470070839,0.1879194676876068,-0.18622113057850959,35.23809523809524,51.666666666666664,-0.15822052955627441,1.3368589878082275,0.0
408.66632080078125,123.80952380952381,0.33422914147377014,85.64285714285715,-0.015929918932676885,83.28571428571429,76.00000000000001,630.4287719726562,107.85714285714286,-18.473374115740693,86.51182615238638,111.07142857142858,93.2857142857143,1617.9423828125,29.500000000000007,40.191524505615234,105.7857142857143,0.0004960374790243804,40.42857142857143,0.848688006401062,101.71749114990234,59.14285714285715,0.3078702986240387,119.07142857142858,64.07142857142858,31.324539184570312,55.42857142857144,0.14786561065036757,106.12751770019531,52.58055877685547,54.35714285714286,0.197826313839568,0.3221476376056671,75.21428571428572,-0.7893984415317993,22.348817825317383,62.28571428571429,0.2555703226762966,16.99289894104004,57.50000000000002,-0.11624441132637853,0.0,0.0,0.32287658618410253,59.14285714285715,77.64285714285715,-5.910315990447998,1.293136477470398,0.0
-26.042673110961914,80.2142857142857,-0.018818842247128487,29.28571428571429,0.17245300451298817,43.35714285714287,22.21428571428572,519.581787109375,41.78571428571429,40.43049099061313,53.17922849454323,73.5,85.21428571428572,1016.3721923828125,69.2857142857143,36.3902702331543,64.00000000000001,-5.625207268167287e-05,84.71428571428572,0.7844266295433044,154.22930908203125,56.85714285714287,0.5342170596122742,78.28571428571428,95.92857142857144,29.00332260131836,65.14285714285715,-0.15793351669486924,87.42952728271484,54.61521911621094,91.7857142857143,-0.3586932897298596,0.2214765101671219,35.50000000000001,-0.5097565025853824,18.539894104003906,62.21428571428571,-0.2159724193379078,38.94782257080078,58.85714285714287,-0.10922840377796601,0.4026845693588257,25.9865779876709,1.0,71.85714285714285,40.14285714285715,1.0308868885040283,3.215280771255493,0.0
327.0724182128906,58.14285714285715,0.012319465167820454,68.92857142857144,0.04444948830482771,67.78571428571429,46.000000000000014,565.48291015625,38.642857142857146,3.0288726101385666,92.26020722248805,96.71428571428574,64.28571428571429,1680.6844482421875,69.14285714285714,44.386741638183594,91.92857142857144,0.0024165210779756308,109.64285714285717,0.2579079270362854,180.81045532226562,59.0,0.7616034150123596,46.125,97.57142857142856,24.068004608154297,65.125,-0.08250507099391481,201.76510620117188,52.34865188598633,49.625,0.253461713371701,0.0,47.125,0.08981380271074454,17.042407989501953,35.8125,-0.2482234973321038,26.954774856567383,75.5,-0.13205013795305504,0.28859061002731323,0.0,1.0,53.214285714285715,70.0,-5.357888221740723,12.981828689575195,0.0
463.3006591796875,80.80952380952381,0.006386192049831152,35.00000000000001,0.547337880484577,57.14285714285715,27.85714285714286,556.3344116210938,75.85714285714286,25.3341164380912,99.3898538582172,114.21428571428574,66.50000000000001,1521.271484375,94.07142857142856,45.64970016479492,61.71428571428573,-0.0027253320440649986,67.07142857142858,1.1185637712478638,345.7239990234375,98.14285714285717,0.9036679267883301,100.14285714285714,109.57142857142858,42.43387985229492,52.71428571428571,0.12012311263039721,58.21476364135742,46.96929931640625,82.57142857142858,-0.32313529070962677,0.9060402512550354,41.857142857142854,0.015206156820463237,43.76629638671875,52.42857142857143,-0.00841271930268579,23.166343688964844,62.000000000000014,-0.23914881803102908,1.0134228467941284,1.4563758373260498,0.13605258639719403,89.42857142857144,95.5714285714286,9.564706802368164,-14.115880012512207,0.0
322.024658203125,46.1875,-0.1420252025127411,71.4375,0.18197189061117053,114.85714285714286,115.21428571428572,679.6605224609375,49.92857142857144,25.086111726376835,54.43339974619737,58.85714285714286,81.8125,1732.311279296875,58.57142857142858,26.009498596191406,41.3125,-0.0005053004715591669,37.785714285714285,0.9542328715324402,121.8082275390625,107.5,0.2190522402524948,128.35714285714283,61.375,36.83490753173828,63.642857142857146,0.00651128566765637,113.46979522705078,49.91342544555664,44.714285714285715,0.2969944859509947,0.020134227350354195,60.35714285714285,-0.2192180124818784,37.36722946166992,82.42857142857144,-0.1109436896979124,14.046248435974121,65.35714285714286,0.14412719483069913,3.3624160289764404,0.0,0.6560649321959169,42.92857142857144,54.78571428571429,-4.1433024406433105,-1.0170965194702148,0.0
-96.49491119384766,51.38095238095238,-0.01241313386708498,33.50000000000001,0.5703164661730754,58.42857142857143,43.35714285714285,408.25213623046875,60.92857142857144,27.42274555823947,92.38527902566058,101.35714285714288,41.2857142857143,20705.900390625,56.14285714285716,39.44044494628906,46.07142857142858,-0.0002901167899835855,53.21428571428572,3.3019700050354004,50.675193786621094,45.50000000000001,0.5056437253952026,50.50000000000001,81.78571428571426,65.15457916259766,58.64285714285715,-0.1532138900864002,47.75838851928711,43.209903717041016,70.50000000000001,-0.06732766770795559,1.080536961555481,58.28571428571427,0.13861345848649678,25.612197875976562,35.85714285714286,0.43034811277586804,59.15324783325195,77.14285714285714,-0.05012709502206901,0.0,0.20134228467941284,-0.07666824420255562,69.71428571428572,64.71428571428572,17.138351440429688,-5.405963897705078,0.0
119.82609558105469,52.85714285714286,0.18669570982456207,71.2857142857143,0.406875977721861,53.57142857142858,85.35714285714286,469.5690002441406,51.785714285714285,-26.865964206273123,105.01878157689696,118.42857142857142,47.7857142857143,677.901611328125,149.57142857142856,46.38945007324219,88.57142857142858,0.00035138140083290637,83.21428571428572,1.300874948501587,267.0179443359375,115.0714285714286,0.527965784072876,95.57142857142858,107.64285714285715,45.7384033203125,69.85714285714286,-0.03887449543472627,56.899330139160156,45.951499938964844,53.785714285714285,-0.20828574041671696,5.0,45.64285714285714,0.4433005438523789,15.482795715332031,76.92857142857144,0.0054856536087666856,25.940963745117188,55.50000000000001,0.2619444446066037,0.2751677930355072,0.0,0.03025652922092535,73.21428571428574,100.50000000000001,-4.6519365310668945,-5.5352654457092285,0.0
-79.51829528808594,80.92857142857142,0.0010867374949157238,75.42857142857143,-0.12225899170128018,111.66666666666669,98.38095238095238,503.7205810546875,78.1904761904762,40.60294881683068,93.84368394042924,53.904761904761905,70.14285714285715,897.1484375,67.95238095238095,41.61300277709961,80.0,-0.00031922917696647346,153.95238095238096,0.5968453884124756,477.7249755859375,45.14285714285714,1.1563849449157715,52.35714285714287,16.333333333333332,34.74345397949219,67.23809523809524,0.15778556625624768,45.13422775268555,32.651023864746094,48.28571428571428,-0.05203459309204005,0.19463087618350983,37.285714285714285,0.5073659165262219,32.1716194152832,60.04761904761904,0.370741999284236,49.265541076660156,45.19047619047618,-0.1661048125887767,0.020134227350354195,0.42953020334243774,-0.009787339573052084,44.476190476190474,34.9047619047619,-1.6089401245117188,1.2030563354492188,0.0
-101.04553985595703,132.71428571428572,-0.010234583169221878,73.00000000000001,-0.05826419625350474,113.14285714285712,71.92857142857142,508.8856506347656,61.428571428571445,28.07885621218073,103.41024381852024,102.35714285714288,124.21428571428572,821.9539794921875,61.71428571428572,40.665504455566406,101.21428571428572,-0.00039144002948887646,74.14285714285715,0.6291104555130005,121.7205581665039,41.285714285714285,0.8121313452720642,28.500000000000004,111.42857142857144,34.18111038208008,66.57142857142858,-0.4695578914909667,55.322147369384766,42.73145294189453,49.92857142857143,-0.5303434348595804,0.7382550239562988,43.35714285714286,-0.043383378948662496,26.41250228881836,44.142857142857146,0.0924245046189732,28.0013484954834,42.64285714285715,-0.12268555839015707,0.11409395933151245,0.02684563770890236,-0.037037037037037035,62.21428571428572,71.28571428571429,-1.1394696235656738,0.5782523155212402,0.0
242.6539764404297,91.50000000000003,0.2658548951148987,79.3333333333333,-0.31526527725426085,92.14285714285714,71.61904761904762,597.2981567382812,86.57142857142857,-12.587368515513887,104.55133965612936,101.33333333333334,103.52380952380953,1147.6224365234375,127.19047619047625,42.092926025390625,96.95238095238093,0.0007758716237731278,56.38095238095239,1.2442173957824707,272.80218505859375,34.714285714285715,0.4430798590183258,65.4375,111.14285714285714,46.50532150268555,54.00000000000002,-0.04806297709923665,76.18120574951172,51.63969421386719,74.42857142857144,0.21752468240471837,3.9328858852386475,64.1904761904762,0.07995643058376461,16.731910705566406,65.66666666666667,-0.05893250961069128,27.993364334106445,40.238095238095234,0.04177561641439216,0.2281879186630249,0.0,-0.32715635330139237,70.85714285714286,56.000000000000014,4.6259636878967285,3.6107492446899414,0.0
102.02165222167969,47.78571428571429,0.016592364758253098,35.85714285714286,0.42689088431689504,53.5,83.5,498.15216064453125,64.6875,-30.677139456240123,123.35908816860483,172.625,32.07142857142858,1274.275390625,72.125,43.437740325927734,54.50000000000001,0.001784474472515285,91.64285714285717,1.0077518224716187,159.23121643066406,36.375,0.7280987501144409,48.625,75.35714285714288,30.128847122192383,76.8125,-0.2954045046441742,131.61744689941406,63.021636962890625,106.625,-0.4954620392490905,0.07382550090551376,61.0,-0.16616445269166832,27.10275650024414,69.375,0.02460542729557247,26.808019638061523,77.0625,0.3849237197603298,0.5771812200546265,0.0,1.0,45.785714285714285,63.71428571428572,-1.5858772993087769,2.2263541221618652,0.0
547.4541625976562,59.333333333333336,0.18072843551635742,81.4375,-0.0743407795878652,71.42857142857144,74.21428571428572,751.4493408203125,48.92857142857143,2.831455022596673,94.02072887288575,104.00000000000003,92.0,1878.5023193359375,80.64285714285714,43.31658935546875,101.5,0.002810634672641754,53.4375,0.5803491473197937,373.17669677734375,58.85714285714286,0.4800540804862976,116.42857142857144,66.8125,24.3441219329834,52.14285714285715,0.3685762915599732,107.7248306274414,50.20292663574219,72.28571428571429,-0.1808991915706471,0.15436241030693054,56.57142857142858,0.12100837515315291,17.247371673583984,57.071428571428584,-0.04806801363175313,31.687339782714844,50.57142857142857,-0.21022685578033162,0.25503355264663696,0.0,-0.006146440435223679,97.85714285714288,63.71428571428573,6.196781635284424,-1.0227270126342773,0.0
506.7385559082031,41.07142857142858,-0.08523648977279663,85.0,-0.4851191402133084,64.42857142857144,86.85714285714286,728.598876953125,40.66666666666667,-11.69280241469809,82.11429086937343,59.47619047619047,67.19047619047618,2242.1435546875,61.61904761904762,43.554779052734375,82.04761904761904,0.002273960504680872,93.85714285714289,0.22156208753585815,178.45790100097656,79.47619047619047,0.6385757923126221,48.47619047619047,53.714285714285715,21.252914428710938,52.47619047619047,0.1356220635566572,158.16107177734375,56.94481658935547,79.38095238095238,-0.3665377667699215,0.01342281885445118,55.190476190476204,-0.10975216348513962,18.64349937438965,53.23809523809523,-0.2881944444444444,28.86758041381836,49.047619047619044,-0.19104477611940301,1.0134228467941284,0.0,-0.10064459592187212,90.19047619047619,58.57142857142857,0.5712757110595703,1.0311119556427002,0.0
304.2480163574219,59.64285714285715,-0.004668273963034153,85.92857142857143,-0.0009951582176421772,123.28571428571433,67.7857142857143,489.0592956542969,48.000000000000014,-1.1296502273754785,79.99882130511799,106.64285714285717,89.35714285714288,1256.3092041015625,58.92857142857143,40.98467254638672,83.92857142857144,-0.0043967352248728275,52.50000000000001,0.6565694212913513,374.7811584472656,78.35714285714288,0.5857263803482056,60.28571428571429,70.5,51.058902740478516,69.00000000000001,0.2514492856165773,50.28187942504883,49.3140983581543,49.21428571428572,0.2940367185471255,0.8657718300819397,24.92857142857143,-0.08228710581361894,34.94859313964844,80.50000000000001,-0.26197842773501084,26.142824172973633,53.14285714285714,0.24825781826427568,1.4496644735336304,0.5234899520874023,-0.28763794798117204,59.57142857142857,57.35714285714287,-8.333015441894531,-6.286409378051758,0.0
322.999267578125,85.85714285714285,0.01776835322380066,90.92857142857142,-0.6677271820432367,84.9375,79.9375,440.428466796875,93.75,1.2780922771300245,97.5802143919888,110.625,89.14285714285715,1144.8570556640625,62.0625,44.95029830932617,97.2857142857143,-0.00438893074169755,83.85714285714285,1.3041805028915405,348.3969421386719,54.9375,1.8957908153533936,73.1875,64.85714285714286,42.39687728881836,82.9375,-0.2528197049643064,58.55704879760742,46.98184585571289,67.75,0.2096600612636018,2.0402684211730957,36.25,0.34746108501827466,41.22837829589844,58.3125,0.020135843575088727,19.46096420288086,90.0,0.1347063234811064,3.986577272415161,1.3154362440109253,-0.2575803385731984,91.50000000000001,64.21428571428572,-17.22760581970215,19.304569244384766,0.0
48.28886795043945,73.875,0.061708323657512665,94.125,-0.7214137925138079,73.125,65.375,296.5414123535156,81.3125,-27.09811899806029,100.29243886470698,117.6875,92.25,3325.19482421875,51.375,42.77605056762695,127.4375,0.0005788595299236476,9.9375,1.231077790260315,306.02313232421875,99.57142857142857,0.6923185586929321,106.28571428571428,75.14285714285714,50.48731994628906,59.35714285714285,-0.3187540088770104,96.79866027832031,59.91962814331055,86.64285714285717,-0.6408182516200153,0.1879194676876068,75.78571428571428,-0.46908653162906183,26.706920623779297,57.14285714285715,-0.5220416832889474,32.42792510986328,54.28571428571429,0.12291794820441662,0.0,0.0,-0.11080453638482315,83.1875,76.8125,3.3724188804626465,-17.208133697509766,0.0
396.16796875,70.00000000000001,-0.07307291030883789,62.904761904761905,-0.11351014977979966,63.476190476190474,78.61904761904762,620.9234619140625,132.3809523809524,12.408025609166831,64.06686390470254,63.76190476190476,81.95238095238098,4075.007080078125,41.38095238095239,39.22194290161133,103.14285714285714,-0.0012425555614754558,6.857142857142857,5.434993267059326,92.2400131225586,55.28571428571428,0.9449008703231812,83.80952380952382,59.714285714285715,48.92440414428711,61.57142857142858,-0.16404010567730223,80.22818756103516,57.22663116455078,108.38095238095237,-0.4005746365177246,0.10067114233970642,59.19047619047619,-0.2368224947817076,47.89054870605469,60.28571428571428,-0.13653017158379308,10.814711570739746,72.52380952380953,-0.14339992296095483,0.563758373260498,0.0,-0.23567046951933385,68.90476190476193,67.0,1.9190088510513306,35.84306335449219,0.0
298.6076354980469,90.0,-0.20379966497421265,55.07142857142858,-0.3939817624757646,71.07142857142858,100.21428571428574,830.4933471679688,109.28571428571433,-8.192048586454968,82.06549239924358,58.42857142857143,56.21428571428573,1731.057373046875,50.64285714285715,36.75863265991211,64.71428571428572,-0.0009665049146860838,101.64285714285715,1.9603835344314575,140.14865112304688,47.85714285714286,1.0072132349014282,96.5625,43.85714285714287,53.742645263671875,94.125,-0.22472062697854644,71.10066986083984,62.39361572265625,85.8125,-0.3099682226020615,1.8926174640655518,31.4375,0.7405822082599579,41.581790924072266,55.1875,0.24144276375934282,29.1119384765625,88.75,-0.38528898539840184,0.15436241030693054,0.17449665069580078,0.21678623658149662,99.2857142857143,102.35714285714288,-4.917723178863525,3.1606807708740234,0.0
-67.19911193847656,56.71428571428572,0.15584859251976013,57.047619047619044,-0.2514948450266555,52.791666666666664,65.04166666666666,548.5762939453125,57.20833333333333,-39.50876022905312,100.91195432224701,93.00000000000001,58.28571428571428,644.747314453125,96.95833333333331,50.01030731201172,79.19047619047618,0.001362674287520349,103.04166666666669,1.050389051437378,229.0518798828125,42.833333333333336,0.8450427651405334,48.38095238095237,65.7142857142857,54.76634216308594,75.87499999999999,-0.11433544418426426,98.6644287109375,81.79739379882812,61.50000000000001,0.47670849804077264,2.3758389949798584,54.29166666666667,0.16700473292765383,32.923641204833984,63.5,0.16710085950666057,35.81513214111328,74.87500000000001,0.36973202303997915,1.63758385181427,0.6711409687995911,0.10055800528779676,58.33333333333333,40.95833333333334,-2.7790653705596924,-14.445956230163574,0.0
361.9053649902344,78.71428571428574,-0.17857426404953003,58.42857142857142,-0.16321780309653683,59.958333333333336,72.0,711.4234619140625,61.25000000000001,44.39316334180384,69.78120902828465,64.29166666666669,83.52380952380953,1793.207763671875,51.083333333333336,40.473777770996094,84.90476190476188,0.0003622249059844762,50.83333333333332,0.7072556018829346,116.4076919555664,41.54166666666667,0.42853087186813354,49.57142857142857,81.42857142857143,39.60062789916992,55.12500000000001,-0.20814629645673643,94.80536651611328,64.03099822998047,45.666666666666664,0.5146528484479143,0.5973154306411743,45.83333333333334,0.1698662390270581,24.52751922607422,64.83333333333333,-0.37366728477020467,22.862018585205078,46.91666666666667,0.24753833952647009,0.08053690940141678,0.4966442883014679,-0.1722151464681101,75.91666666666666,67.08333333333334,1.9235743284225464,0.14890806376934052,0.0
316.1538391113281,40.85714285714286,0.03475358337163925,57.64285714285714,0.044867464165790884,80.35714285714286,104.07142857142858,474.2631530761719,59.285714285714285,8.989109106111847,79.79824111783894,86.14285714285715,48.71428571428572,1269.7701416015625,55.071428571428584,42.45499801635742,61.92857142857144,-0.004101949278265238,36.21428571428572,0.7678375840187073,332.28564453125,115.14285714285717,0.8908271789550781,116.57142857142856,77.7857142857143,45.22711944580078,86.21428571428574,-0.429713396780471,53.87248229980469,45.08355712890625,97.71428571428572,-0.37340436841649577,0.9395973086357117,38.07142857142858,0.06446080235140388,34.44198989868164,87.42857142857143,-0.6049890051402721,27.484960556030273,65.78571428571429,0.23958927352815956,2.8926174640655518,1.080536961555481,-0.3644468845230823,48.57142857142858,51.57142857142857,-10.792280197143555,5.781952857971191,0.0
172.79881286621094,92.25000000000001,-0.020512429997324944,77.92857142857144,-0.15197601668581323,109.21428571428572,82.7857142857143,439.8316345214844,89.78571428571429,-26.941125029285484,87.17357971907704,104.64285714285714,66.21428571428572,1124.40869140625,29.78571428571429,45.3885612487793,84.85714285714289,0.0004538615175988525,138.85714285714286,0.7714805006980896,446.0728759765625,91.85714285714283,0.5253604650497437,62.85714285714286,122.125,41.1937141418457,55.85714285714285,0.09191679011246813,66.04698181152344,56.433170318603516,67.92857142857143,0.03914424809821799,0.7785235047340393,51.57142857142857,-0.09435680043245089,21.650802612304688,59.92857142857143,0.004901839086167009,26.29498863220215,61.57142857142857,0.1462629447469894,0.3758389353752136,0.033557046204805374,-0.20762382473600888,86.00000000000003,60.0,-6.5768938064575195,-7.020037651062012,0.0
-25.087562561035156,77.95238095238095,-0.019380614161491394,47.5,-0.009981647874710356,71.7857142857143,97.57142857142857,407.43756103515625,72.64285714285714,30.32859930226989,30.490799918149012,90.14285714285717,56.35714285714286,23916.375,73.85714285714286,29.60870361328125,45.57142857142857,-0.0004871249839197844,144.6428571428571,6.521163463592529,89.71467590332031,54.21428571428571,0.7637113928794861,42.857142857142854,57.07142857142856,59.67835998535156,67.57142857142857,-0.05488249392006875,54.014183044433594,36.20841598510742,87.28571428571432,-0.35479758921098364,0.0,63.000000000000014,-0.22494780297546788,30.422672271728516,53.000000000000014,0.05360088957488778,60.471248626708984,73.71428571428572,0.11183471335493117,90.56737518310547,67.82978820800781,0.43483569977494607,75.99999999999997,61.49999999999999,3.127770185470581,7.715965270996094,0.0
354.455810546875,74.71428571428572,-0.013198237866163254,54.285714285714285,0.5147794024734399,78.7857142857143,61.85714285714286,427.4988098144531,44.78571428571429,-19.93634479897934,73.21857719745687,81.35714285714286,36.42857142857142,1932.798828125,49.57142857142857,47.07828140258789,62.857142857142854,-0.0017068806337192655,81.71428571428572,4.964804649353027,171.5680389404297,83.21428571428572,0.7785826325416565,123.7857142857143,50.07142857142857,39.05641555786133,89.50000000000003,-0.5247904762676894,89.10066986083984,53.17234802246094,50.14285714285715,-0.4725724709922596,0.020134227350354195,54.28571428571429,0.38339747199596313,28.320167541503906,54.714285714285715,0.3497192950163361,43.54523849487305,52.642857142857146,-0.06486719894334893,0.10738255083560944,0.0,1.0,71.78571428571429,73.14285714285715,-12.132050514221191,-13.81756591796875,0.0
472.77862548828125,56.35714285714286,0.16803482174873352,75.92857142857143,0.33264530378987334,48.85714285714285,46.0,811.5078735351562,63.07142857142859,-2.146635269958701,88.65554623716338,70.64285714285714,77.2857142857143,2041.3211669921875,98.28571428571429,42.97769546508789,97.64285714285715,0.0027819485403597355,49.642857142857146,0.5626950263977051,303.48089599609375,97.25,0.542617917060852,69.875,46.85714285714286,28.230182647705078,69.8125,-0.3304262352648265,132.4698028564453,59.66726303100586,76.125,-0.28889234405825415,0.01342281885445118,81.4375,-0.437091177798271,22.719335556030273,57.125,-0.0044736914867144085,33.7204704284668,56.5625,0.2984270558265904,0.00671140942722559,0.02684563770890236,-0.2027279812938426,70.21428571428572,78.7857142857143,3.086853504180908,2.0680272579193115,0.0
